1755077214.599999905 31.291476873166676 120.756139521 3.429000000 4.000000000 0.000065610 1.000000000 0.000000000 0.000000000 0.000070560 87.000000000 87.000000000 85.000000000 87.000000000
1755077214.799999952 31.29147687133332 120.756139497 3.428500000 4.000000000 0.000065610 1.000000000 0.000000000 0.000000000 0.000070560 87.000000000 87.000000000 85.000000000 87.000000000
1755077215.000000000 31.291476873833332 120.756139499 3.430800000 4.000000000 0.000065610 1.000000000 0.000000000 0.000000000 0.000070560 87.000000000 87.000000000 85.000000000 87.000000000
1755077215.200000048 31.29147686633333 120.756139499 3.433999999 4.000000000 0.000065610 1.000000000 0.000000000 0.000000000 0.000070560 87.000000000 85.000000000 83.000000000 83.000000000
1755077215.400000095 31.2914768685 120.756139504 3.433800001 4.000000000 0.000065610 1.000000000 0.000000000 0.000000000 0.000070560 87.000000000 85.000000000 83.000000000 83.000000000
1755077215.599999905 31.291476833500003 120.756139510 3.424999999 4.000000000 0.000062410 1.000000000 0.000000000 0.000000000 0.000072250 87.000000000 85.000000000 83.000000000 83.000000000
1755077215.799999952 31.291476831333334 120.756139513 3.428699998 4.000000000 0.000062410 1.000000000 0.000000000 0.000000000 0.000072250 87.000000000 85.000000000 83.000000000 83.000000000
1755077216.000000000 31.291476830833325 120.756139514 3.428700000 4.000000000 0.000062410 1.000000000 0.000000000 0.000000000 0.000072250 87.000000000 85.000000000 83.000000000 83.000000000
1755077216.200000048 31.291476836 120.756139517 3.427300000 4.000000000 0.000064000 1.000000000 0.000000000 0.000000000 0.000072250 83.000000000 83.000000000 83.000000000 83.000000000
1755077216.400000095 31.291476826666667 120.756139519 3.429800000 4.000000000 0.000062410 1.000000000 0.000000000 0.000000000 0.000072250 83.000000000 83.000000000 83.000000000 83.000000000
1755077216.599999905 31.291476836666668 120.756139551 3.417600000 4.000000000 0.000060840 1.000000000 0.000000000 0.000000000 0.000070560 83.000000000 83.000000000 83.000000000 83.000000000
1755077216.799999952 31.291476843166667 120.756139519 3.419200001 4.000000000 0.000060840 1.000000000 0.000000000 0.000000000 0.000070560 83.000000000 83.000000000 83.000000000 83.000000000
1755077217.000000000 31.291476854666662 120.756139541 3.416000000 4.000000000 0.000060840 1.000000000 0.000000000 0.000000000 0.000070560 83.000000000 83.000000000 83.000000000 83.000000000
1755077217.200000048 31.291476854000006 120.756139557 3.415800000 4.000000000 0.000060840 1.000000000 0.000000000 0.000000000 0.000070560 87.000000000 85.000000000 83.000000000 83.000000000
1755077217.400000095 31.291476855833334 120.756139563 3.414000000 4.000000000 0.000060840 1.000000000 0.000000000 0.000000000 0.000070560 87.000000000 85.000000000 83.000000000 83.000000000
1755077217.599999905 31.291476835333338 120.756139551 3.420600000 4.000000000 0.000056250 1.000000000 0.000000000 0.000000000 0.000062410 87.000000000 85.000000000 83.000000000 83.000000000
1755077217.799999952 31.29147683716667 120.756139545 3.418400001 4.000000000 0.000056250 1.000000000 0.000000000 0.000000000 0.000062410 87.000000000 85.000000000 83.000000000 83.000000000
1755077218.000000000 31.2914768285 120.756139557 3.416300000 4.000000000 0.000056250 1.000000000 0.000000000 0.000000000 0.000062410 87.000000000 85.000000000 83.000000000 83.000000000
1755077218.200000048 31.291476837999994 120.756139564 3.418700000 4.000000000 0.000056250 1.000000000 0.000000000 0.000000000 0.000062410 91.000000000 87.000000000 83.000000000 83.000000000
1755077218.400000095 31.291476828333334 120.756139570 3.417999999 4.000000000 0.000056250 1.000000000 0.000000000 0.000000000 0.000062410 91.000000000 87.000000000 83.000000000 83.000000000
1755077218.599999905 31.291476833166673 120.756139561 3.420200000 4.000000000 0.000056250 1.000000000 0.000000000 0.000000000 0.000059290 91.000000000 87.000000000 83.000000000 83.000000000
1755077218.799999952 31.291476845166663 120.756139560 3.423000000 4.000000000 0.000056250 1.000000000 0.000000000 0.000000000 0.000059290 91.000000000 87.000000000 83.000000000 83.000000000
1755077219.000000000 31.2914769105 120.756139517 3.420700000 4.000000000 0.000057760 1.000000000 0.000000000 0.000000000 0.000059290 91.000000000 87.000000000 83.000000000 83.000000000
1755077219.200000048 31.29147691116667 120.756139535 3.420100000 4.000000000 0.000056250 1.000000000 0.000000000 0.000000000 0.000057760 91.000000000 87.000000000 83.000000000 83.000000000
1755077219.400000095 31.29147691816667 120.756139543 3.418300000 4.000000000 0.000057760 1.000000000 0.000000000 0.000000000 0.000057760 91.000000000 87.000000000 83.000000000 83.000000000
1755077219.599999905 31.29147688016667 120.756139586 3.413800000 4.000000000 0.000056250 1.000000000 0.000000000 0.000000000 0.000054760 91.000000000 87.000000000 83.000000000 83.000000000
1755077219.799999952 31.291476883833337 120.756139588 3.413400000 4.000000000 0.000056250 1.000000000 0.000000000 0.000000000 0.000056250 91.000000000 87.000000000 83.000000000 83.000000000
1755077220.000000000 31.291476894500004 120.756139586 3.411200000 4.000000000 0.000056250 1.000000000 0.000000000 0.000000000 0.000056250 91.000000000 87.000000000 83.000000000 83.000000000
1755077220.200000048 31.291476897666666 120.756139599 3.409700000 4.000000000 0.000056250 1.000000000 0.000000000 0.000000000 0.000056250 91.000000000 89.000000000 85.000000000 87.000000000
1755077220.400000095 31.291476890833327 120.756139608 3.411100000 4.000000000 0.000056250 1.000000000 0.000000000 0.000000000 0.000056250 91.000000000 89.000000000 85.000000000 87.000000000
1755077220.599999905 31.29147689566667 120.756139515 3.421100000 4.000000000 0.000056250 1.000000000 0.000000000 0.000000000 0.000053290 91.000000000 89.000000000 85.000000000 87.000000000
1755077220.799999952 31.29147688633333 120.756139487 3.421200000 4.000000000 0.000056250 1.000000000 0.000000000 0.000000000 0.000053290 91.000000000 89.000000000 85.000000000 87.000000000
1755077221.000000000 31.291476916333334 120.756139509 3.419900000 4.000000000 0.000056250 1.000000000 0.000000000 0.000000000 0.000053290 91.000000000 89.000000000 85.000000000 87.000000000
1755077221.200000048 31.291476906166665 120.756139512 3.420600000 4.000000000 0.000056250 1.000000000 0.000000000 0.000000000 0.000053290 89.000000000 88.000000000 85.000000000 87.000000000
1755077221.400000095 31.291476898166664 120.756139514 3.424300000 4.000000000 0.000056250 1.000000000 0.000000000 0.000000000 0.000053290 89.000000000 88.000000000 85.000000000 87.000000000
1755077221.599999905 31.291476889500004 120.756139450 3.425600000 4.000000000 0.000053290 1.000000000 0.000000000 0.000000000 0.000051840 89.000000000 88.000000000 85.000000000 87.000000000
1755077221.799999952 31.291476901499994 120.756139453 3.428500000 4.000000000 0.000053290 1.000000000 0.000000000 0.000000000 0.000051840 89.000000000 88.000000000 85.000000000 87.000000000
1755077222.000000000 31.291476892999988 120.756139462 3.433000000 4.000000000 0.000053290 1.000000000 0.000000000 0.000000000 0.000051840 89.000000000 88.000000000 85.000000000 87.000000000
1755077222.200000048 31.291476883166673 120.756139464 3.432000000 4.000000000 0.000053290 1.000000000 0.000000000 0.000000000 0.000051840 89.000000000 87.000000000 84.000000000 85.000000000
1755077222.400000095 31.291476882833326 120.756139452 3.432100000 4.000000000 0.000053290 1.000000000 0.000000000 0.000000000 0.000051840 89.000000000 87.000000000 84.000000000 85.000000000
1755077222.599999905 31.29147690733333 120.756139403 3.429800000 4.000000000 0.000050410 1.000000000 0.000000000 0.000000000 0.000049000 89.000000000 87.000000000 84.000000000 85.000000000
1755077222.799999952 31.291476903333326 120.756139378 3.431400000 4.000000000 0.000050410 1.000000000 0.000000000 0.000000000 0.000049000 89.000000000 87.000000000 84.000000000 85.000000000
1755077223.000000000 31.291476906000007 120.756139379 3.433099998 4.000000000 0.000050410 1.000000000 0.000000000 0.000000000 0.000050410 89.000000000 87.000000000 84.000000000 85.000000000
1755077223.200000048 31.291476892333336 120.756139384 3.432800000 4.000000000 0.000050410 1.000000000 0.000000000 0.000000000 0.000050410 85.000000000 85.000000000 84.000000000 85.000000000
1755077223.400000095 31.291476897499997 120.756139398 3.434800000 4.000000000 0.000050410 1.000000000 0.000000000 0.000000000 0.000050410 85.000000000 85.000000000 84.000000000 85.000000000
1755077223.599999905 31.29147690133333 120.756139395 3.433200001 4.000000000 0.000047610 1.000000000 0.000000000 0.000000000 0.000049000 85.000000000 85.000000000 84.000000000 85.000000000
1755077223.799999952 31.291476909500002 120.756139392 3.441700001 4.000000000 0.000047610 1.000000000 0.000000000 0.000000000 0.000049000 85.000000000 85.000000000 84.000000000 85.000000000
1755077224.000000000 31.291476894000006 120.756139388 3.436600000 4.000000000 0.000047610 1.000000000 0.000000000 0.000000000 0.000049000 85.000000000 85.000000000 84.000000000 85.000000000
1755077224.200000048 31.291476897833327 120.756139390 3.439499999 4.000000000 0.000047610 1.000000000 0.000000000 0.000000000 0.000049000 87.000000000 85.000000000 83.000000000 83.000000000
1755077224.400000095 31.2914769055 120.756139399 3.440300000 4.000000000 0.000047610 1.000000000 0.000000000 0.000000000 0.000049000 87.000000000 85.000000000 83.000000000 83.000000000
1755077224.599999905 31.291476927833337 120.756139379 3.435999999 4.000000000 0.000046240 1.000000000 0.000000000 0.000000000 0.000049000 87.000000000 85.000000000 83.000000000 83.000000000
1755077224.799999952 31.291476909333337 120.756139379 3.440400000 4.000000000 0.000046240 1.000000000 0.000000000 0.000000000 0.000049000 87.000000000 85.000000000 83.000000000 83.000000000
1755077225.000000000 31.291476912166665 120.756139388 3.438600000 4.000000000 0.000046240 1.000000000 0.000000000 0.000000000 0.000049000 87.000000000 85.000000000 83.000000000 83.000000000
1755077225.200000048 31.291476903666666 120.756139388 3.440900000 4.000000000 0.000046240 1.000000000 0.000000000 0.000000000 0.000049000 87.000000000 85.000000000 83.000000000 83.000000000
1755077225.400000095 31.29147691549999 120.756139379 3.440699999 4.000000000 0.000046240 1.000000000 0.000000000 0.000000000 0.000050410 87.000000000 85.000000000 83.000000000 83.000000000
1755077225.599999905 31.29147690216666 120.756139375 3.439600000 4.000000000 0.000044890 1.000000000 0.000000000 0.000000000 0.000050410 87.000000000 85.000000000 83.000000000 83.000000000
1755077225.799999952 31.291476897333336 120.756139379 3.442700000 4.000000000 0.000044890 1.000000000 0.000000000 0.000000000 0.000050410 87.000000000 85.000000000 83.000000000 83.000000000
1755077226.000000000 31.29147691433332 120.756139381 3.442500000 4.000000000 0.000044890 1.000000000 0.000000000 0.000000000 0.000050410 87.000000000 85.000000000 83.000000000 83.000000000
1755077226.200000048 31.291476914166665 120.756139375 3.438899999 4.000000000 0.000044890 1.000000000 0.000000000 0.000000000 0.000049000 85.000000000 85.000000000 84.000000000 85.000000000
1755077226.400000095 31.291476904166668 120.756139388 3.445499999 4.000000000 0.000044890 1.000000000 0.000000000 0.000000000 0.000049000 85.000000000 85.000000000 84.000000000 85.000000000
1755077226.599999905 31.29147689133332 120.756139365 3.441000000 4.000000000 0.000043560 1.000000000 0.000000000 0.000000000 0.000049000 85.000000000 85.000000000 84.000000000 85.000000000
1755077226.799999952 31.291476878500006 120.756139385 3.440300000 4.000000000 0.000043560 1.000000000 0.000000000 0.000000000 0.000049000 85.000000000 85.000000000 84.000000000 85.000000000
1755077227.000000000 31.29147688783332 120.756139369 3.442300001 4.000000000 0.000043560 1.000000000 0.000000000 0.000000000 0.000049000 85.000000000 85.000000000 84.000000000 85.000000000
1755077227.200000048 31.291476887833333 120.756139373 3.442800000 4.000000000 0.000043560 1.000000000 0.000000000 0.000000000 0.000049000 89.000000000 88.000000000 85.000000000 87.000000000
1755077227.400000095 31.291476887 120.756139375 3.442800000 4.000000000 0.000043560 1.000000000 0.000000000 0.000000000 0.000049000 89.000000000 88.000000000 85.000000000 87.000000000
1755077227.599999905 31.29147688666667 120.756139372 3.444599999 4.000000000 0.000043560 1.000000000 0.000000000 0.000000000 0.000047610 89.000000000 88.000000000 85.000000000 87.000000000
1755077227.799999952 31.29147688649999 120.756139376 3.443600002 4.000000000 0.000043560 1.000000000 0.000000000 0.000000000 0.000047610 89.000000000 88.000000000 85.000000000 87.000000000
1755077228.000000000 31.291476889000005 120.756139382 3.442400000 4.000000000 0.000043560 1.000000000 0.000000000 0.000000000 0.000047610 89.000000000 88.000000000 85.000000000 87.000000000
1755077228.200000048 31.29147688666667 120.756139373 3.446400000 4.000000000 0.000043560 1.000000000 0.000000000 0.000000000 0.000049000 89.000000000 89.000000000 86.000000000 89.000000000
1755077228.400000095 31.29147688683333 120.756139373 3.446900001 4.000000000 0.000043560 1.000000000 0.000000000 0.000000000 0.000049000 89.000000000 89.000000000 86.000000000 89.000000000
1755077228.599999905 31.291476892333325 120.756139380 3.447100001 4.000000000 0.000043560 1.000000000 0.000000000 0.000000000 0.000047610 89.000000000 89.000000000 86.000000000 89.000000000
1755077228.799999952 31.291476894000017 120.756139361 3.447999999 4.000000000 0.000043560 1.000000000 0.000000000 0.000000000 0.000047610 89.000000000 89.000000000 86.000000000 89.000000000
1755077229.000000000 31.291476898166664 120.756139380 3.446600000 4.000000000 0.000043560 1.000000000 0.000000000 0.000000000 0.000047610 89.000000000 89.000000000 86.000000000 89.000000000
1755077229.200000048 31.291476888166667 120.756139385 3.448800000 4.000000000 0.000043560 1.000000000 0.000000000 0.000000000 0.000047610 89.000000000 88.000000000 85.000000000 87.000000000
1755077229.400000095 31.291476896999995 120.756139380 3.451700000 4.000000000 0.000043560 1.000000000 0.000000000 0.000000000 0.000047610 89.000000000 88.000000000 85.000000000 87.000000000
1755077229.599999905 31.29147688633333 120.756139376 3.446300000 4.000000000 0.000042250 1.000000000 0.000000000 0.000000000 0.000046240 89.000000000 88.000000000 85.000000000 87.000000000
1755077229.799999952 31.291476903666663 120.756139380 3.442500001 4.000000000 0.000042250 1.000000000 0.000000000 0.000000000 0.000044890 89.000000000 88.000000000 85.000000000 87.000000000
1755077230.000000000 31.29147688750001 120.756139380 3.447600000 4.000000000 0.000042250 1.000000000 0.000000000 0.000000000 0.000046240 89.000000000 88.000000000 85.000000000 87.000000000
1755077230.200000048 31.291476886833333 120.756139375 3.448400000 4.000000000 0.000042250 1.000000000 0.000000000 0.000000000 0.000046240 89.000000000 88.000000000 85.000000000 87.000000000
1755077230.400000095 31.291476879 120.756139381 3.449399999 4.000000000 0.000043560 1.000000000 0.000000000 0.000000000 0.000046240 89.000000000 88.000000000 85.000000000 87.000000000
1755077230.599999905 31.291476875500003 120.756139382 3.443000000 4.000000000 0.000040960 1.000000000 0.000000000 0.000000000 0.000043560 89.000000000 88.000000000 85.000000000 87.000000000
1755077230.799999952 31.29147688666666 120.756139391 3.447700000 4.000000000 0.000042250 1.000000000 0.000000000 0.000000000 0.000043560 89.000000000 88.000000000 85.000000000 87.000000000
1755077231.000000000 31.291476858333343 120.756139341 3.454199999 4.000000000 0.000042250 1.000000000 0.000000000 0.000000000 0.000043560 89.000000000 88.000000000 85.000000000 87.000000000
1755077231.200000048 31.291476853499994 120.756139305 3.452100001 4.000000000 0.000042250 1.000000000 0.000000000 0.000000000 0.000044890 89.000000000 88.000000000 85.000000000 87.000000000
1755077231.400000095 31.2914768495 120.756139310 3.454300000 4.000000000 0.000042250 1.000000000 0.000000000 0.000000000 0.000044890 89.000000000 88.000000000 85.000000000 87.000000000
1755077231.599999905 31.29147688066666 120.756139330 3.445600000 4.000000000 0.000039690 1.000000000 0.000000000 0.000000000 0.000042250 89.000000000 88.000000000 85.000000000 87.000000000
1755077231.799999952 31.29147688333333 120.756139318 3.447100001 4.000000000 0.000039690 1.000000000 0.000000000 0.000000000 0.000042250 89.000000000 88.000000000 85.000000000 87.000000000
1755077232.000000000 31.29147689366666 120.756139316 3.444100000 4.000000000 0.000039690 1.000000000 0.000000000 0.000000000 0.000042250 89.000000000 88.000000000 85.000000000 87.000000000
1755077232.200000048 31.291476893166667 120.756139312 3.444900000 4.000000000 0.000039690 1.000000000 0.000000000 0.000000000 0.000042250 87.000000000 87.000000000 85.000000000 87.000000000
1755077232.400000095 31.291476902666663 120.756139331 3.442800001 4.000000000 0.000039690 1.000000000 0.000000000 0.000000000 0.000042250 87.000000000 87.000000000 85.000000000 87.000000000
1755077232.599999905 31.291476883833337 120.756139361 3.447700000 4.000000000 0.000038440 1.000000000 0.000000000 0.000000000 0.000040960 87.000000000 87.000000000 85.000000000 87.000000000
1755077232.799999952 31.29147689483333 120.756139354 3.444300000 4.000000000 0.000038440 1.000000000 0.000000000 0.000000000 0.000040960 87.000000000 87.000000000 85.000000000 87.000000000
1755077233.000000000 31.291476881333335 120.756139363 3.451000000 4.000000000 0.000038440 1.000000000 0.000000000 0.000000000 0.000040960 87.000000000 87.000000000 85.000000000 87.000000000
1755077233.200000048 31.291476886166663 120.756139352 3.446000000 4.000000000 0.000038440 1.000000000 0.000000000 0.000000000 0.000040960 87.000000000 87.000000000 85.000000000 87.000000000
1755077233.400000095 31.291476883666665 120.756139365 3.449400000 4.000000000 0.000038440 1.000000000 0.000000000 0.000000000 0.000040960 87.000000000 87.000000000 85.000000000 87.000000000
1755077233.599999905 31.291476864000007 120.756139346 3.444800000 4.000000000 0.000037210 1.000000000 0.000000000 0.000000000 0.000038440 87.000000000 87.000000000 85.000000000 87.000000000
1755077233.799999952 31.291476880333335 120.756139339 3.448500001 4.000000000 0.000037210 1.000000000 0.000000000 0.000000000 0.000038440 87.000000000 87.000000000 85.000000000 87.000000000
1755077234.000000000 31.291476871833332 120.756139347 3.451100000 4.000000000 0.000037210 1.000000000 0.000000000 0.000000000 0.000038440 87.000000000 87.000000000 85.000000000 87.000000000
1755077234.200000048 31.29147688016667 120.756139353 3.450300000 4.000000000 0.000037210 1.000000000 0.000000000 0.000000000 0.000039690 87.000000000 87.000000000 85.000000000 87.000000000
1755077234.400000095 31.291476882499992 120.756139363 3.449600000 4.000000000 0.000037210 1.000000000 0.000000000 0.000000000 0.000039690 87.000000000 87.000000000 85.000000000 87.000000000
1755077234.599999905 31.291476894333318 120.756139352 3.451500001 4.000000000 0.000036000 1.000000000 0.000000000 0.000000000 0.000038440 87.000000000 87.000000000 85.000000000 87.000000000
1755077234.799999952 31.291476895666666 120.756139357 3.452099999 4.000000000 0.000036000 1.000000000 0.000000000 0.000000000 0.000038440 87.000000000 87.000000000 85.000000000 87.000000000
1755077235.000000000 31.291476902666666 120.756139357 3.450500000 4.000000000 0.000036000 1.000000000 0.000000000 0.000000000 0.000038440 87.000000000 87.000000000 85.000000000 87.000000000
1755077235.200000048 31.29147689933333 120.756139341 3.453100000 4.000000000 0.000036000 1.000000000 0.000000000 0.000000000 0.000038440 87.000000000 88.000000000 86.000000000 89.000000000
1755077235.400000095 31.29147690283333 120.756139357 3.455000000 4.000000000 0.000036000 1.000000000 0.000000000 0.000000000 0.000038440 87.000000000 88.000000000 86.000000000 89.000000000
1755077235.599999905 31.291476876499992 120.756139354 3.454900000 4.000000000 0.000034810 1.000000000 0.000000000 0.000000000 0.000037210 87.000000000 88.000000000 86.000000000 89.000000000
1755077235.799999952 31.291476888000002 120.756139334 3.454100000 4.000000000 0.000034810 1.000000000 0.000000000 0.000000000 0.000037210 87.000000000 88.000000000 86.000000000 89.000000000
1755077236.000000000 31.29147688199999 120.756139341 3.455600000 4.000000000 0.000034810 1.000000000 0.000000000 0.000000000 0.000037210 87.000000000 88.000000000 86.000000000 89.000000000
1755077236.200000048 31.2914768795 120.756139329 3.456100000 4.000000000 0.000036000 1.000000000 0.000000000 0.000000000 0.000037210 87.000000000 88.000000000 86.000000000 89.000000000
1755077236.400000095 31.29147689050001 120.756139340 3.455800000 4.000000000 0.000036000 1.000000000 0.000000000 0.000000000 0.000037210 87.000000000 88.000000000 86.000000000 89.000000000
1755077236.599999905 31.29147688433334 120.756139313 3.453000000 4.000000000 0.000034810 1.000000000 0.000000000 0.000000000 0.000037210 87.000000000 88.000000000 86.000000000 89.000000000
1755077236.799999952 31.29147688100001 120.756139328 3.451100000 4.000000000 0.000034810 1.000000000 0.000000000 0.000000000 0.000037210 87.000000000 88.000000000 86.000000000 89.000000000
1755077237.000000000 31.29147688733334 120.756139327 3.453200000 4.000000000 0.000034810 1.000000000 0.000000000 0.000000000 0.000037210 87.000000000 88.000000000 86.000000000 89.000000000
1755077237.200000048 31.29147688533333 120.756139320 3.453100000 4.000000000 0.000034810 1.000000000 0.000000000 0.000000000 0.000037210 87.000000000 89.000000000 87.000000000 91.000000000
1755077237.400000095 31.29147688700001 120.756139326 3.450099999 4.000000000 0.000034810 1.000000000 0.000000000 0.000000000 0.000037210 87.000000000 89.000000000 87.000000000 91.000000000
1755077237.599999905 31.291476877666668 120.756139330 3.443800000 4.000000000 0.000034810 1.000000000 0.000000000 0.000000000 0.000037210 87.000000000 89.000000000 87.000000000 91.000000000
1755077237.799999952 31.29147687783333 120.756139330 3.445600000 4.000000000 0.000034810 1.000000000 0.000000000 0.000000000 0.000037210 87.000000000 89.000000000 87.000000000 91.000000000
1755077238.000000000 31.291476884833333 120.756139340 3.442899999 4.000000000 0.000034810 1.000000000 0.000000000 0.000000000 0.000037210 87.000000000 89.000000000 87.000000000 91.000000000
1755077238.200000048 31.291476885333328 120.756139339 3.444600000 4.000000000 0.000034810 1.000000000 0.000000000 0.000000000 0.000037210 87.000000000 88.000000000 86.000000000 89.000000000
1755077238.400000095 31.291476881166673 120.756139336 3.443800000 4.000000000 0.000034810 1.000000000 0.000000000 0.000000000 0.000037210 87.000000000 88.000000000 86.000000000 89.000000000
1755077238.599999905 31.291476891000006 120.756139332 3.443200000 4.000000000 0.000034810 1.000000000 0.000000000 0.000000000 0.000037210 87.000000000 88.000000000 86.000000000 89.000000000
1755077238.799999952 31.291476877999997 120.756139342 3.446200000 4.000000000 0.000034810 1.000000000 0.000000000 0.000000000 0.000037210 87.000000000 88.000000000 86.000000000 89.000000000
1755077239.000000000 31.291476891666676 120.756139348 3.444700000 4.000000000 0.000034810 1.000000000 0.000000000 0.000000000 0.000037210 87.000000000 88.000000000 86.000000000 89.000000000
1755077239.200000048 31.291476894166667 120.756139329 3.445900000 4.000000000 0.000034810 1.000000000 0.000000000 0.000000000 0.000037210 87.000000000 88.000000000 86.000000000 89.000000000
1755077239.400000095 31.291476899999996 120.756139338 3.443800000 4.000000000 0.000034810 1.000000000 0.000000000 0.000000000 0.000037210 87.000000000 88.000000000 86.000000000 89.000000000
1755077239.599999905 31.291476889000005 120.756139324 3.444000000 4.000000000 0.000033640 1.000000000 0.000000000 0.000000000 0.000037210 87.000000000 88.000000000 86.000000000 89.000000000
1755077239.799999952 31.291476887166663 120.756139328 3.444100001 4.000000000 0.000033640 1.000000000 0.000000000 0.000000000 0.000037210 87.000000000 88.000000000 86.000000000 89.000000000
1755077240.000000000 31.29147687366667 120.756139318 3.449600000 4.000000000 0.000033640 1.000000000 0.000000000 0.000000000 0.000037210 87.000000000 88.000000000 86.000000000 89.000000000
1755077240.200000048 31.291476873833332 120.756139334 3.449100000 4.000000000 0.000033640 1.000000000 0.000000000 0.000000000 0.000037210 91.000000000 91.000000000 87.000000000 91.000000000
1755077240.400000095 31.291476871666667 120.756139330 3.447700000 4.000000000 0.000033640 1.000000000 0.000000000 0.000000000 0.000037210 91.000000000 91.000000000 87.000000000 91.000000000
1755077240.599999905 31.291476877499996 120.756139334 3.442399999 4.000000000 0.000033640 1.000000000 0.000000000 0.000000000 0.000036000 91.000000000 91.000000000 87.000000000 91.000000000
1755077240.799999952 31.291476872333334 120.756139328 3.443400001 4.000000000 0.000033640 1.000000000 0.000000000 0.000000000 0.000036000 91.000000000 91.000000000 87.000000000 91.000000000
1755077241.000000000 31.291476873333334 120.756139342 3.446200000 4.000000000 0.000033640 1.000000000 0.000000000 0.000000000 0.000036000 91.000000000 91.000000000 87.000000000 91.000000000
1755077241.200000048 31.291476867500002 120.756139344 3.446100000 4.000000000 0.000033640 1.000000000 0.000000000 0.000000000 0.000036000 91.000000000 90.000000000 86.000000000 89.000000000
1755077241.400000095 31.291476871166658 120.756139344 3.447200000 4.000000000 0.000033640 1.000000000 0.000000000 0.000000000 0.000036000 91.000000000 90.000000000 86.000000000 89.000000000
1755077241.599999905 31.29147686516667 120.756139323 3.447500000 4.000000000 0.000032490 1.000000000 0.000000000 0.000000000 0.000034810 91.000000000 90.000000000 86.000000000 89.000000000
1755077241.799999952 31.291476866666663 120.756139322 3.446199999 4.000000000 0.000032490 1.000000000 0.000000000 0.000000000 0.000034810 91.000000000 90.000000000 86.000000000 89.000000000
1755077242.000000000 31.291476871166665 120.756139318 3.446599999 4.000000000 0.000032490 1.000000000 0.000000000 0.000000000 0.000034810 91.000000000 90.000000000 86.000000000 89.000000000
1755077242.200000048 31.291476858833335 120.756139322 3.446500000 4.000000000 0.000032490 1.000000000 0.000000000 0.000000000 0.000034810 89.000000000 88.000000000 85.000000000 87.000000000
1755077242.400000095 31.291476867500002 120.756139320 3.443100000 4.000000000 0.000032490 1.000000000 0.000000000 0.000000000 0.000036000 89.000000000 88.000000000 85.000000000 87.000000000
1755077242.599999905 31.29147685933333 120.756139299 3.444000000 4.000000000 0.000031360 1.000000000 0.000000000 0.000000000 0.000033640 89.000000000 88.000000000 85.000000000 87.000000000
1755077242.799999952 31.29147685983333 120.756139304 3.443600000 4.000000000 0.000031360 1.000000000 0.000000000 0.000000000 0.000033640 89.000000000 88.000000000 85.000000000 87.000000000
1755077243.000000000 31.291476866333337 120.756139305 3.446200000 4.000000000 0.000031360 1.000000000 0.000000000 0.000000000 0.000033640 89.000000000 88.000000000 85.000000000 87.000000000
1755077243.200000048 31.291476860499998 120.756139315 3.447400001 4.000000000 0.000031360 1.000000000 0.000000000 0.000000000 0.000034810 89.000000000 88.000000000 85.000000000 87.000000000
1755077243.400000095 31.29147685516666 120.756139314 3.448100001 4.000000000 0.000031360 1.000000000 0.000000000 0.000000000 0.000034810 89.000000000 88.000000000 85.000000000 87.000000000
1755077243.599999905 31.291476853333332 120.756139303 3.445700001 4.000000000 0.000030250 1.000000000 0.000000000 0.000000000 0.000033640 89.000000000 88.000000000 85.000000000 87.000000000
1755077243.799999952 31.291476851499997 120.756139292 3.445100000 4.000000000 0.000030250 1.000000000 0.000000000 0.000000000 0.000033640 89.000000000 88.000000000 85.000000000 87.000000000
1755077244.000000000 31.291476853833327 120.756139295 3.446700000 4.000000000 0.000031360 1.000000000 0.000000000 0.000000000 0.000033640 89.000000000 88.000000000 85.000000000 87.000000000
1755077244.200000048 31.291476858833327 120.756139301 3.446300000 4.000000000 0.000031360 1.000000000 0.000000000 0.000000000 0.000033640 89.000000000 90.000000000 87.000000000 91.000000000
1755077244.400000095 31.291476857666662 120.756139289 3.447100000 4.000000000 0.000031360 1.000000000 0.000000000 0.000000000 0.000033640 89.000000000 90.000000000 87.000000000 91.000000000
1755077244.599999905 31.29147685633333 120.756139300 3.443500001 4.000000000 0.000030250 1.000000000 0.000000000 0.000000000 0.000032490 89.000000000 90.000000000 87.000000000 91.000000000
1755077244.799999952 31.291476852666666 120.756139285 3.447200000 4.000000000 0.000030250 1.000000000 0.000000000 0.000000000 0.000032490 89.000000000 90.000000000 87.000000000 91.000000000
1755077245.000000000 31.291476854999996 120.756139281 3.445100000 4.000000000 0.000030250 1.000000000 0.000000000 0.000000000 0.000032490 89.000000000 90.000000000 87.000000000 91.000000000
1755077245.200000048 31.291476846833344 120.756139281 3.447100000 4.000000000 0.000030250 1.000000000 0.000000000 0.000000000 0.000032490 89.000000000 90.000000000 87.000000000 91.000000000
1755077245.400000095 31.291476857666666 120.756139271 3.446600000 4.000000000 0.000030250 1.000000000 0.000000000 0.000000000 0.000032490 89.000000000 90.000000000 87.000000000 91.000000000
1755077245.599999905 31.29147686166666 120.756139256 3.444400000 4.000000000 0.000030250 1.000000000 0.000000000 0.000000000 0.000031360 89.000000000 90.000000000 87.000000000 91.000000000
1755077245.799999952 31.291476856166668 120.756139259 3.443600000 4.000000000 0.000030250 1.000000000 0.000000000 0.000000000 0.000031360 89.000000000 90.000000000 87.000000000 91.000000000
1755077246.000000000 31.291476861999996 120.756139274 3.445100001 4.000000000 0.000030250 1.000000000 0.000000000 0.000000000 0.000031360 89.000000000 90.000000000 87.000000000 91.000000000
1755077246.200000048 31.29147685800001 120.756139267 3.445900000 4.000000000 0.000030250 1.000000000 0.000000000 0.000000000 0.000032490 89.000000000 89.000000000 86.000000000 89.000000000
1755077246.400000095 31.291476860833335 120.756139267 3.445800000 4.000000000 0.000030250 1.000000000 0.000000000 0.000000000 0.000032490 89.000000000 89.000000000 86.000000000 89.000000000
1755077246.599999905 31.2914768575 120.756139264 3.445800000 4.000000000 0.000029160 1.000000000 0.000000000 0.000000000 0.000031360 89.000000000 89.000000000 86.000000000 89.000000000
1755077246.799999952 31.2914768495 120.756139274 3.446700000 4.000000000 0.000030250 1.000000000 0.000000000 0.000000000 0.000031360 89.000000000 89.000000000 86.000000000 89.000000000
1755077247.000000000 31.291476859999992 120.756139289 3.449200000 4.000000000 0.000030250 1.000000000 0.000000000 0.000000000 0.000031360 89.000000000 89.000000000 86.000000000 89.000000000
1755077247.200000048 31.291476862999993 120.756139283 3.449100000 4.000000000 0.000030250 1.000000000 0.000000000 0.000000000 0.000031360 89.000000000 88.000000000 85.000000000 87.000000000
1755077247.400000095 31.291476862333333 120.756139276 3.448900000 4.000000000 0.000030250 1.000000000 0.000000000 0.000000000 0.000031360 89.000000000 88.000000000 85.000000000 87.000000000
1755077247.599999905 31.291476855500004 120.756139274 3.446900000 4.000000000 0.000029160 1.000000000 0.000000000 0.000000000 0.000030250 89.000000000 88.000000000 85.000000000 87.000000000
1755077247.799999952 31.291476857999996 120.756139273 3.445599999 4.000000000 0.000029160 1.000000000 0.000000000 0.000000000 0.000030250 89.000000000 88.000000000 85.000000000 87.000000000
1755077248.000000000 31.29147686133333 120.756139273 3.447000000 4.000000000 0.000029160 1.000000000 0.000000000 0.000000000 0.000030250 89.000000000 88.000000000 85.000000000 87.000000000
1755077248.200000048 31.29147686766666 120.756139278 3.444800001 4.000000000 0.000029160 1.000000000 0.000000000 0.000000000 0.000031360 89.000000000 87.000000000 84.000000000 85.000000000
1755077248.400000095 31.29147685083334 120.756139290 3.445300000 4.000000000 0.000029160 1.000000000 0.000000000 0.000000000 0.000031360 89.000000000 87.000000000 84.000000000 85.000000000
1755077248.599999905 31.291476856500005 120.756139277 3.444800000 4.000000000 0.000029160 1.000000000 0.000000000 0.000000000 0.000030250 89.000000000 87.000000000 84.000000000 85.000000000
1755077248.799999952 31.29147686483333 120.756139272 3.444399999 4.000000000 0.000029160 1.000000000 0.000000000 0.000000000 0.000030250 89.000000000 87.000000000 84.000000000 85.000000000
1755077249.000000000 31.29147686 120.756139284 3.441300000 4.000000000 0.000029160 1.000000000 0.000000000 0.000000000 0.000030250 89.000000000 87.000000000 84.000000000 85.000000000
1755077249.200000048 31.291476855333336 120.756139283 3.444699998 4.000000000 0.000029160 1.000000000 0.000000000 0.000000000 0.000030250 89.000000000 87.000000000 84.000000000 85.000000000
1755077249.400000095 31.2914768665 120.756139298 3.443599999 4.000000000 0.000030250 1.000000000 0.000000000 0.000000000 0.000030250 89.000000000 87.000000000 84.000000000 85.000000000
1755077249.599999905 31.291476853500008 120.756139280 3.451299999 4.000000000 0.000029160 1.000000000 0.000000000 0.000000000 0.000030250 89.000000000 87.000000000 84.000000000 85.000000000
1755077249.799999952 31.291476878000005 120.756139312 3.451200000 4.000000000 0.000029160 1.000000000 0.000000000 0.000000000 0.000030250 89.000000000 87.000000000 84.000000000 85.000000000
1755077250.000000000 31.291476873333334 120.756139306 3.453400000 4.000000000 0.000029160 1.000000000 0.000000000 0.000000000 0.000030250 89.000000000 87.000000000 84.000000000 85.000000000
1755077250.200000048 31.291476871500013 120.756139309 3.451800000 4.000000000 0.000029160 1.000000000 0.000000000 0.000000000 0.000030250 89.000000000 87.000000000 84.000000000 85.000000000
1755077250.400000095 31.291476869666667 120.756139330 3.454400000 4.000000000 0.000029160 1.000000000 0.000000000 0.000000000 0.000030250 89.000000000 87.000000000 84.000000000 85.000000000
1755077250.599999905 31.291476861166664 120.756139283 3.446399999 4.000000000 0.000029160 1.000000000 0.000000000 0.000000000 0.000030250 89.000000000 87.000000000 84.000000000 85.000000000
1755077250.799999952 31.291476868166665 120.756139294 3.446800000 4.000000000 0.000029160 1.000000000 0.000000000 0.000000000 0.000030250 89.000000000 87.000000000 84.000000000 85.000000000
1755077251.000000000 31.29147686916666 120.756139288 3.448900000 4.000000000 0.000029160 1.000000000 0.000000000 0.000000000 0.000030250 89.000000000 87.000000000 84.000000000 85.000000000
1755077251.200000048 31.291476857 120.756139300 3.449700000 4.000000000 0.000030250 1.000000000 0.000000000 0.000000000 0.000030250 89.000000000 88.000000000 85.000000000 87.000000000
1755077251.400000095 31.291476854666666 120.756139295 3.453400000 4.000000000 0.000030250 1.000000000 0.000000000 0.000000000 0.000030250 89.000000000 88.000000000 85.000000000 87.000000000
1755077251.599999905 31.291476852333336 120.756139261 3.447600000 4.000000000 0.000029160 1.000000000 0.000000000 0.000000000 0.000030250 89.000000000 88.000000000 85.000000000 87.000000000
1755077251.799999952 31.29147687066666 120.756139282 3.447500000 4.000000000 0.000029160 1.000000000 0.000000000 0.000000000 0.000030250 89.000000000 88.000000000 85.000000000 87.000000000
1755077252.000000000 31.291476857666666 120.756139296 3.444200001 4.000000000 0.000030250 1.000000000 0.000000000 0.000000000 0.000030250 89.000000000 88.000000000 85.000000000 87.000000000
1755077252.200000048 31.291476847833327 120.756139397 3.435400000 4.000000000 0.000030250 1.000000000 0.000000000 0.000000000 0.000030250 89.000000000 88.000000000 85.000000000 87.000000000
1755077252.400000095 31.291476859 120.756139584 3.429800000 4.000000000 0.000030250 1.000000000 0.000000000 0.000000000 0.000030250 89.000000000 88.000000000 85.000000000 87.000000000
1755077252.599999905 31.291476869666667 120.756139575 3.438200000 4.000000000 0.000030250 1.000000000 0.000000000 0.000000000 0.000030250 89.000000000 88.000000000 85.000000000 87.000000000
1755077252.799999952 31.291476866166654 120.756139545 3.434000000 4.000000000 0.000030250 1.000000000 0.000000000 0.000000000 0.000030250 89.000000000 88.000000000 85.000000000 87.000000000
1755077253.000000000 31.291476847666658 120.756139558 3.439400000 4.000000000 0.000030250 1.000000000 0.000000000 0.000000000 0.000030250 89.000000000 88.000000000 85.000000000 87.000000000
1755077253.200000048 31.291476859500005 120.756139550 3.433999999 4.000000000 0.000030250 1.000000000 0.000000000 0.000000000 0.000030250 87.000000000 88.000000000 86.000000000 89.000000000
1755077253.400000095 31.291476844166663 120.756139543 3.438000000 4.000000000 0.000030250 1.000000000 0.000000000 0.000000000 0.000030250 87.000000000 88.000000000 86.000000000 89.000000000
1755077253.599999905 31.29147685933333 120.756139307 3.443200000 4.000000000 0.000030250 1.000000000 0.000000000 0.000000000 0.000029160 87.000000000 88.000000000 86.000000000 89.000000000
1755077253.799999952 31.29147685366667 120.756139303 3.446000000 4.000000000 0.000030250 1.000000000 0.000000000 0.000000000 0.000029160 87.000000000 88.000000000 86.000000000 89.000000000
1755077254.000000000 31.291476861833335 120.756139300 3.441699998 4.000000000 0.000030250 1.000000000 0.000000000 0.000000000 0.000029160 87.000000000 88.000000000 86.000000000 89.000000000
1755077254.200000048 31.291476860499998 120.756139308 3.442600000 4.000000000 0.000030250 1.000000000 0.000000000 0.000000000 0.000029160 87.000000000 88.000000000 86.000000000 89.000000000
1755077254.400000095 31.29147686816667 120.756139304 3.441600000 4.000000000 0.000030250 1.000000000 0.000000000 0.000000000 0.000029160 87.000000000 88.000000000 86.000000000 89.000000000
1755077254.599999905 31.291476859666663 120.756139366 3.442400000 4.000000000 0.000030250 1.000000000 0.000000000 0.000000000 0.000029160 87.000000000 88.000000000 86.000000000 89.000000000
1755077254.799999952 31.29147687900001 120.756139372 3.439399999 4.000000000 0.000030250 1.000000000 0.000000000 0.000000000 0.000029160 87.000000000 88.000000000 86.000000000 89.000000000
1755077255.000000000 31.291476878666682 120.756139380 3.441500000 4.000000000 0.000030250 1.000000000 0.000000000 0.000000000 0.000029160 87.000000000 88.000000000 86.000000000 89.000000000
1755077255.200000048 31.2914768855 120.756139381 3.441000000 4.000000000 0.000031360 1.000000000 0.000000000 0.000000000 0.000029160 89.000000000 89.000000000 86.000000000 89.000000000
1755077255.400000095 31.291476873333334 120.756139377 3.441900000 4.000000000 0.000031360 1.000000000 0.000000000 0.000000000 0.000030250 89.000000000 89.000000000 86.000000000 89.000000000
1755077255.599999905 31.291476879500006 120.756139388 3.436500000 4.000000000 0.000031360 1.000000000 0.000000000 0.000000000 0.000029160 89.000000000 89.000000000 86.000000000 89.000000000
1755077255.799999952 31.29147687883333 120.756139376 3.438199999 4.000000000 0.000031360 1.000000000 0.000000000 0.000000000 0.000029160 89.000000000 89.000000000 86.000000000 89.000000000
1755077256.000000000 31.291476873333334 120.756139360 3.437300000 4.000000000 0.000031360 1.000000000 0.000000000 0.000000000 0.000029160 89.000000000 89.000000000 86.000000000 89.000000000
1755077256.200000048 31.291476883333342 120.756139365 3.437200001 4.000000000 0.000031360 1.000000000 0.000000000 0.000000000 0.000029160 87.000000000 88.000000000 86.000000000 89.000000000
1755077256.400000095 31.29147688433334 120.756139372 3.436299999 4.000000000 0.000031360 1.000000000 0.000000000 0.000000000 0.000029160 87.000000000 88.000000000 86.000000000 89.000000000
1755077256.599999905 31.291476880500003 120.756139429 3.437199999 4.000000000 0.000032490 1.000000000 0.000000000 0.000000000 0.000030250 87.000000000 88.000000000 86.000000000 89.000000000
1755077256.799999952 31.291476888000002 120.756139427 3.437600000 4.000000000 0.000032490 1.000000000 0.000000000 0.000000000 0.000030250 87.000000000 88.000000000 86.000000000 89.000000000
1755077257.000000000 31.291476898333336 120.756139432 3.434900000 4.000000000 0.000032490 1.000000000 0.000000000 0.000000000 0.000030250 87.000000000 88.000000000 86.000000000 89.000000000
1755077257.200000048 31.29147688633333 120.756139430 3.438799999 4.000000000 0.000032490 1.000000000 0.000000000 0.000000000 0.000030250 89.000000000 89.000000000 86.000000000 89.000000000
1755077257.400000095 31.291476888333335 120.756139437 3.438300000 4.000000000 0.000032490 1.000000000 0.000000000 0.000000000 0.000030250 89.000000000 89.000000000 86.000000000 89.000000000
1755077257.599999905 31.291476879999994 120.756139458 3.439200000 4.000000000 0.000036000 1.000000000 0.000000000 0.000000000 0.000031360 89.000000000 89.000000000 86.000000000 89.000000000
1755077257.799999952 31.29147688233333 120.756139459 3.440000001 4.000000000 0.000036000 1.000000000 0.000000000 0.000000000 0.000031360 89.000000000 89.000000000 86.000000000 89.000000000
1755077258.000000000 31.291476883666665 120.756139461 3.440600000 4.000000000 0.000036000 1.000000000 0.000000000 0.000000000 0.000031360 89.000000000 89.000000000 86.000000000 89.000000000
1755077258.200000048 31.291476898499994 120.756139464 3.439700000 4.000000000 0.000036000 1.000000000 0.000000000 0.000000000 0.000031360 91.000000000 91.000000000 87.000000000 91.000000000
1755077258.400000095 31.291476884833322 120.756139455 3.437500001 4.000000000 0.000036000 1.000000000 0.000000000 0.000000000 0.000031360 91.000000000 91.000000000 87.000000000 91.000000000
1755077258.599999905 31.291476930833326 120.756139467 3.429700001 4.000000000 0.000039690 1.000000000 0.000000000 0.000000000 0.000034810 91.000000000 91.000000000 87.000000000 91.000000000
1755077258.799999952 31.29147679433334 120.756139095 3.459600000 4.000000000 0.000039690 1.000000000 0.000000000 0.000000000 0.000033640 91.000000000 91.000000000 87.000000000 91.000000000
1755077259.000000000 31.291476790000004 120.756139049 3.455000001 4.000000000 0.000039690 1.000000000 0.000000000 0.000000000 0.000033640 91.000000000 91.000000000 87.000000000 91.000000000
1755077259.200000048 31.291476744166665 120.756139083 3.453899999 4.000000000 0.000039690 1.000000000 0.000000000 0.000000000 0.000033640 85.000000000 87.000000000 86.000000000 89.000000000
1755077259.400000095 31.29147672416667 120.756139092 3.458800000 4.000000000 0.000039690 1.000000000 0.000000000 0.000000000 0.000034810 85.000000000 87.000000000 86.000000000 89.000000000
1755077259.599999905 31.291476844166663 120.756139363 3.443200000 4.000000000 0.000043560 1.000000000 0.000000000 0.000000000 0.000037210 85.000000000 87.000000000 86.000000000 89.000000000
1755077259.799999952 31.291476822833328 120.756139376 3.440000000 4.000000000 0.000043560 1.000000000 0.000000000 0.000000000 0.000037210 85.000000000 87.000000000 86.000000000 89.000000000
1755077260.000000000 31.291476810499994 120.756139409 3.436600000 4.000000000 0.000043560 1.000000000 0.000000000 0.000000000 0.000037210 85.000000000 87.000000000 86.000000000 89.000000000
1755077260.200000048 31.291476804000006 120.756139413 3.434999998 4.000000000 0.000043560 1.000000000 0.000000000 0.000000000 0.000037210 85.000000000 86.000000000 85.000000000 87.000000000
1755077260.400000095 31.29147680966668 120.756139410 3.430600000 4.000000000 0.000043560 1.000000000 0.000000000 0.000000000 0.000037210 85.000000000 86.000000000 85.000000000 87.000000000
1755077260.599999905 31.291476836500006 120.756139281 3.435200000 4.000000000 0.000043560 1.000000000 0.000000000 0.000000000 0.000040960 85.000000000 86.000000000 85.000000000 87.000000000
1755077260.799999952 31.291476807666665 120.756139275 3.438100001 4.000000000 0.000043560 1.000000000 0.000000000 0.000000000 0.000040960 85.000000000 86.000000000 85.000000000 87.000000000
1755077261.000000000 31.291476811333347 120.756139276 3.435799999 4.000000000 0.000043560 1.000000000 0.000000000 0.000000000 0.000040960 85.000000000 86.000000000 85.000000000 87.000000000
1755077261.200000048 31.291476803833344 120.756139274 3.436400000 4.000000000 0.000043560 1.000000000 0.000000000 0.000000000 0.000039690 85.000000000 84.000000000 83.000000000 83.000000000
1755077261.400000095 31.29147681283333 120.756139276 3.433900000 4.000000000 0.000043560 1.000000000 0.000000000 0.000000000 0.000039690 85.000000000 84.000000000 83.000000000 83.000000000
1755077261.599999905 31.291476750500003 120.756139222 3.448900000 4.000000000 0.000046240 1.000000000 0.000000000 0.000000000 0.000043560 85.000000000 84.000000000 83.000000000 83.000000000
1755077261.799999952 31.291476776166657 120.756139237 3.446600000 4.000000000 0.000046240 1.000000000 0.000000000 0.000000000 0.000043560 85.000000000 84.000000000 83.000000000 83.000000000
1755077262.000000000 31.291476771833334 120.756139235 3.449800000 4.000000000 0.000046240 1.000000000 0.000000000 0.000000000 0.000043560 85.000000000 84.000000000 83.000000000 83.000000000
1755077262.200000048 31.291476769333336 120.756139231 3.449000000 4.000000000 0.000046240 1.000000000 0.000000000 0.000000000 0.000043560 87.000000000 88.000000000 86.000000000 89.000000000
1755077262.400000095 31.29147675850001 120.756139231 3.453800000 4.000000000 0.000046240 1.000000000 0.000000000 0.000000000 0.000043560 87.000000000 88.000000000 86.000000000 89.000000000
1755077262.599999905 31.291476735999993 120.756139196 3.451500000 4.000000000 0.000050410 1.000000000 0.000000000 0.000000000 0.000049000 87.000000000 88.000000000 86.000000000 89.000000000
1755077262.799999952 31.291476833166673 120.756139118 3.453600001 4.000000000 0.000050410 1.000000000 0.000000000 0.000000000 0.000049000 87.000000000 88.000000000 86.000000000 89.000000000
1755077263.000000000 31.291476894000002 120.756139161 3.451500000 4.000000000 0.000050410 1.000000000 0.000000000 0.000000000 0.000049000 87.000000000 88.000000000 86.000000000 89.000000000
1755077263.200000048 31.291476882499992 120.756139145 3.451900000 4.000000000 0.000050410 1.000000000 0.000000000 0.000000000 0.000049000 89.000000000 88.000000000 85.000000000 87.000000000
1755077263.400000095 31.29147685483333 120.756139163 3.458600000 4.000000000 0.000050410 1.000000000 0.000000000 0.000000000 0.000049000 89.000000000 88.000000000 85.000000000 87.000000000
1755077263.599999905 31.29147677683333 120.756139214 3.446500000 4.000000000 0.000053290 1.000000000 0.000000000 0.000000000 0.000051840 89.000000000 88.000000000 85.000000000 87.000000000
1755077263.799999952 31.291476715999995 120.756139214 3.445700000 4.000000000 0.000053290 1.000000000 0.000000000 0.000000000 0.000051840 89.000000000 88.000000000 85.000000000 87.000000000
1755077264.000000000 31.291476689500005 120.756139236 3.443400000 4.000000000 0.000053290 1.000000000 0.000000000 0.000000000 0.000051840 89.000000000 88.000000000 85.000000000 87.000000000
1755077264.200000048 31.291476683666662 120.756139238 3.444200000 4.000000000 0.000053290 1.000000000 0.000000000 0.000000000 0.000051840 87.000000000 87.000000000 85.000000000 87.000000000
1755077264.400000095 31.29147671533333 120.756139197 3.451900001 4.000000000 0.000053290 1.000000000 0.000000000 0.000000000 0.000051840 87.000000000 87.000000000 85.000000000 87.000000000
1755077264.599999905 31.291476779833335 120.756139219 3.439400000 4.000000000 0.000051840 1.000000000 0.000000000 0.000000000 0.000051840 87.000000000 87.000000000 85.000000000 87.000000000
1755077264.799999952 31.291476817666663 120.756139189 3.443200000 4.000000000 0.000051840 1.000000000 0.000000000 0.000000000 0.000051840 87.000000000 87.000000000 85.000000000 87.000000000
1755077265.000000000 31.291476873000015 120.756139163 3.445299999 4.000000000 0.000051840 1.000000000 0.000000000 0.000000000 0.000051840 87.000000000 87.000000000 85.000000000 87.000000000
1755077265.200000048 31.291476851166664 120.756139165 3.445700000 4.000000000 0.000051840 1.000000000 0.000000000 0.000000000 0.000051840 83.000000000 84.000000000 84.000000000 85.000000000
1755077265.400000095 31.29147688100001 120.756139209 3.443600000 4.000000000 0.000051840 1.000000000 0.000000000 0.000000000 0.000051840 83.000000000 84.000000000 84.000000000 85.000000000
1755077265.599999905 31.29147678266667 120.756139237 3.441699999 4.000000000 0.000051840 1.000000000 0.000000000 0.000000000 0.000050410 83.000000000 84.000000000 84.000000000 85.000000000
1755077265.799999952 31.291476799499996 120.756139236 3.439500001 4.000000000 0.000051840 1.000000000 0.000000000 0.000000000 0.000050410 83.000000000 84.000000000 84.000000000 85.000000000
1755077266.000000000 31.291476788 120.756139245 3.440900000 4.000000000 0.000051840 1.000000000 0.000000000 0.000000000 0.000050410 83.000000000 84.000000000 84.000000000 85.000000000
1755077266.200000048 31.291476726666662 120.756139368 3.441500000 4.000000000 0.000051840 1.000000000 0.000000000 0.000000000 0.000050410 85.000000000 86.000000000 85.000000000 87.000000000
1755077266.400000095 31.291476887833326 120.756139605 3.439900001 4.000000000 0.000051840 1.000000000 0.000000000 0.000000000 0.000050410 85.000000000 86.000000000 85.000000000 87.000000000
1755077266.599999905 31.291476890500007 120.756139466 3.434600001 4.000000000 0.000050410 1.000000000 0.000000000 0.000000000 0.000049000 85.000000000 86.000000000 85.000000000 87.000000000
1755077266.799999952 31.291476792500003 120.756139158 3.451800001 4.000000000 0.000050410 1.000000000 0.000000000 0.000000000 0.000049000 85.000000000 86.000000000 85.000000000 87.000000000
1755077267.000000000 31.29147678133333 120.756139180 3.447500000 4.000000000 0.000050410 1.000000000 0.000000000 0.000000000 0.000049000 85.000000000 86.000000000 85.000000000 87.000000000
1755077267.200000048 31.29147680749999 120.756139172 3.445400001 4.000000000 0.000050410 1.000000000 0.000000000 0.000000000 0.000049000 79.000000000 83.000000000 85.000000000 87.000000000
1755077267.400000095 31.291476801000005 120.756139189 3.446399998 4.000000000 0.000051840 1.000000000 0.000000000 0.000000000 0.000049000 79.000000000 83.000000000 85.000000000 87.000000000
1755077267.599999905 31.291476796499992 120.756139160 3.445100000 4.000000000 0.000051840 1.000000000 0.000000000 0.000000000 0.000047610 79.000000000 83.000000000 85.000000000 87.000000000
1755077267.799999952 31.29147678316666 120.756139170 3.451500000 4.000000000 0.000051840 1.000000000 0.000000000 0.000000000 0.000047610 79.000000000 83.000000000 85.000000000 87.000000000
1755077268.000000000 31.291476943666666 120.756139509 3.428599999 4.000000000 0.000051840 1.000000000 0.000000000 0.000000000 0.000047610 79.000000000 83.000000000 85.000000000 87.000000000
1755077268.200000048 31.29147691733332 120.756139299 3.391200000 4.000000000 0.000051840 1.000000000 0.000000000 0.000000000 0.000047610 85.000000000 84.000000000 83.000000000 83.000000000
1755077268.400000095 31.291476890500007 120.756139210 3.406600000 4.000000000 0.000053290 1.000000000 0.000000000 0.000000000 0.000047610 85.000000000 84.000000000 83.000000000 83.000000000
1755077268.599999905 31.29147681416667 120.756139022 3.418400000 4.000000000 0.000070560 1.000000000 0.000000000 0.000000000 0.000053290 85.000000000 84.000000000 83.000000000 83.000000000
1755077268.799999952 31.291476815333333 120.756139022 3.413600000 4.000000000 0.000070560 1.000000000 0.000000000 0.000000000 0.000053290 85.000000000 84.000000000 83.000000000 83.000000000
1755077269.000000000 31.291476812333332 120.756139061 3.416200000 4.000000000 0.000070560 1.000000000 0.000000000 0.000000000 0.000053290 85.000000000 84.000000000 83.000000000 83.000000000
1755077269.200000048 31.291476826333323 120.756139056 3.412300000 4.000000000 0.000070560 1.000000000 0.000000000 0.000000000 0.000053290 85.000000000 85.000000000 84.000000000 85.000000000
1755077269.400000095 31.291476772833327 120.756139097 3.418100000 4.000000000 0.000070560 1.000000000 0.000000000 0.000000000 0.000053290 85.000000000 85.000000000 84.000000000 85.000000000
1755077269.599999905 31.29147688199999 120.756139309 3.445600000 4.000000000 0.000092160 1.000000000 0.000000000 0.000000000 0.000064000 85.000000000 85.000000000 84.000000000 85.000000000
1755077269.799999952 31.291476874999997 120.756139256 3.438100000 4.000000000 0.000092160 1.000000000 0.000000000 0.000000000 0.000064000 85.000000000 85.000000000 84.000000000 85.000000000
1755077270.000000000 31.291476869833335 120.756139294 3.439200001 4.000000000 0.000092160 1.000000000 0.000000000 0.000000000 0.000064000 85.000000000 85.000000000 84.000000000 85.000000000
1755077270.200000048 31.291476818333326 120.756139299 3.475100000 4.000000000 0.000096040 1.000000000 0.000000000 0.000000000 0.000064000 83.000000000 87.000000000 87.000000000 91.000000000
1755077270.400000095 31.291476826833332 120.756139330 3.472300000 4.000000000 0.000096040 1.000000000 0.000000000 0.000000000 0.000064000 83.000000000 87.000000000 87.000000000 91.000000000
1755077270.599999905 31.291476863333337 120.756139171 3.457200000 4.000000000 0.000098010 1.000000000 0.000000000 0.000000000 0.000070560 83.000000000 87.000000000 87.000000000 91.000000000
1755077270.799999952 31.291476866999997 120.756139166 3.457700000 4.000000000 0.000098010 1.000000000 0.000000000 0.000000000 0.000070560 83.000000000 87.000000000 87.000000000 91.000000000
1755077271.000000000 31.291476865000003 120.756139115 3.459699998 4.000000000 0.000098010 1.000000000 0.000000000 0.000000000 0.000070560 83.000000000 87.000000000 87.000000000 91.000000000
1755077271.200000048 31.291476858666666 120.756139111 3.463100000 4.000000000 0.000096040 1.000000000 0.000000000 0.000000000 0.000070560 87.000000000 85.000000000 83.000000000 83.000000000
1755077271.400000095 31.2914769005 120.756139091 3.468900000 4.000000000 0.000096040 1.000000000 0.000000000 0.000000000 0.000070560 87.000000000 85.000000000 83.000000000 83.000000000
1755077271.599999905 31.291476874999997 120.756139062 3.436600000 4.000000000 0.000094090 1.000000000 0.000000000 0.000000000 0.000070560 87.000000000 85.000000000 83.000000000 83.000000000
1755077271.799999952 31.291476864166665 120.756139081 3.423199999 4.000000000 0.000094090 1.000000000 0.000000000 0.000000000 0.000070560 87.000000000 85.000000000 83.000000000 83.000000000
1755077272.000000000 31.291476893166664 120.756139133 3.417500000 4.000000000 0.000094090 1.000000000 0.000000000 0.000000000 0.000070560 87.000000000 85.000000000 83.000000000 83.000000000
1755077272.200000048 31.291476876 120.756139097 3.419900000 4.000000000 0.000092160 1.000000000 0.000000000 0.000000000 0.000070560 91.000000000 91.000000000 87.000000000 91.000000000
1755077272.400000095 31.291476871166658 120.756139089 3.418900000 4.000000000 0.000092160 1.000000000 0.000000000 0.000000000 0.000070560 91.000000000 91.000000000 87.000000000 91.000000000
1755077272.599999905 31.29147682333333 120.756139194 3.437300000 4.000000000 0.000070560 1.000000000 0.000000000 0.000000000 0.000064000 91.000000000 91.000000000 87.000000000 91.000000000
1755077272.799999952 31.291476825166665 120.756139196 3.442200001 4.000000000 0.000070560 1.000000000 0.000000000 0.000000000 0.000064000 91.000000000 91.000000000 87.000000000 91.000000000
1755077273.000000000 31.291476813500005 120.756139167 3.440000000 4.000000000 0.000070560 1.000000000 0.000000000 0.000000000 0.000064000 91.000000000 91.000000000 87.000000000 91.000000000
1755077273.200000048 31.291476818333326 120.756139177 3.439100000 4.000000000 0.000070560 1.000000000 0.000000000 0.000000000 0.000065610 91.000000000 91.000000000 87.000000000 91.000000000
1755077273.400000095 31.291476813500005 120.756139175 3.437400000 4.000000000 0.000070560 1.000000000 0.000000000 0.000000000 0.000065610 91.000000000 91.000000000 87.000000000 91.000000000
1755077273.599999905 31.29147685716667 120.756139211 3.439499999 4.000000000 0.000059290 1.000000000 0.000000000 0.000000000 0.000060840 91.000000000 91.000000000 87.000000000 91.000000000
1755077273.799999952 31.291476872833332 120.756139197 3.437800000 4.000000000 0.000059290 1.000000000 0.000000000 0.000000000 0.000060840 91.000000000 91.000000000 87.000000000 91.000000000
1755077274.000000000 31.291476847666654 120.756139208 3.439700000 4.000000000 0.000059290 1.000000000 0.000000000 0.000000000 0.000060840 91.000000000 91.000000000 87.000000000 91.000000000
1755077274.200000048 31.291476858999996 120.756139220 3.440699999 4.000000000 0.000059290 1.000000000 0.000000000 0.000000000 0.000062410 91.000000000 91.000000000 87.000000000 91.000000000
1755077274.400000095 31.291476854333332 120.756139199 3.439200000 4.000000000 0.000060840 1.000000000 0.000000000 0.000000000 0.000062410 91.000000000 91.000000000 87.000000000 91.000000000
1755077274.599999905 31.29147686133333 120.756139186 3.442700000 4.000000000 0.000057760 1.000000000 0.000000000 0.000000000 0.000057760 91.000000000 91.000000000 87.000000000 91.000000000
1755077274.799999952 31.291476870333334 120.756139214 3.439800000 4.000000000 0.000057760 1.000000000 0.000000000 0.000000000 0.000057760 91.000000000 91.000000000 87.000000000 91.000000000
1755077275.000000000 31.291476865999993 120.756139209 3.436500000 4.000000000 0.000057760 1.000000000 0.000000000 0.000000000 0.000057760 91.000000000 91.000000000 87.000000000 91.000000000
1755077275.200000048 31.29147685866667 120.756139198 3.439600000 4.000000000 0.000057760 1.000000000 0.000000000 0.000000000 0.000057760 93.000000000 93.000000000 88.000000000 93.000000000
1755077275.400000095 31.291476861999996 120.756139211 3.439000000 4.000000000 0.000057760 1.000000000 0.000000000 0.000000000 0.000057760 93.000000000 93.000000000 88.000000000 93.000000000
1755077275.599999905 31.29147683500001 120.756139211 3.441600000 4.000000000 0.000057760 1.000000000 0.000000000 0.000000000 0.000053290 93.000000000 93.000000000 88.000000000 93.000000000
1755077275.799999952 31.291476848000006 120.756139205 3.448500001 4.000000000 0.000057760 1.000000000 0.000000000 0.000000000 0.000053290 93.000000000 93.000000000 88.000000000 93.000000000
1755077276.000000000 31.291476834333334 120.756139207 3.447000000 4.000000000 0.000057760 1.000000000 0.000000000 0.000000000 0.000053290 93.000000000 93.000000000 88.000000000 93.000000000
1755077276.200000048 31.291476842666672 120.756139211 3.445500000 4.000000000 0.000057760 1.000000000 0.000000000 0.000000000 0.000053290 93.000000000 93.000000000 88.000000000 93.000000000
1755077276.400000095 31.29147683600001 120.756139209 3.446400000 4.000000000 0.000057760 1.000000000 0.000000000 0.000000000 0.000053290 93.000000000 93.000000000 88.000000000 93.000000000
1755077276.599999905 31.29147684633332 120.756139194 3.440700000 4.000000000 0.000053290 1.000000000 0.000000000 0.000000000 0.000050410 93.000000000 93.000000000 88.000000000 93.000000000
1755077276.799999952 31.29147684666667 120.756139204 3.441300001 4.000000000 0.000053290 1.000000000 0.000000000 0.000000000 0.000050410 93.000000000 93.000000000 88.000000000 93.000000000
1755077277.000000000 31.291476850000002 120.756139200 3.442299999 4.000000000 0.000053290 1.000000000 0.000000000 0.000000000 0.000050410 93.000000000 93.000000000 88.000000000 93.000000000
1755077277.200000048 31.291476849833334 120.756139201 3.442700000 4.000000000 0.000053290 1.000000000 0.000000000 0.000000000 0.000050410 93.000000000 93.000000000 88.000000000 93.000000000
1755077277.400000095 31.291476849666665 120.756139215 3.443400000 4.000000000 0.000053290 1.000000000 0.000000000 0.000000000 0.000050410 93.000000000 93.000000000 88.000000000 93.000000000
1755077277.599999905 31.291476843999995 120.756139215 3.444000001 4.000000000 0.000049000 1.000000000 0.000000000 0.000000000 0.000046240 93.000000000 93.000000000 88.000000000 93.000000000
1755077277.799999952 31.291476844166677 120.756139217 3.443799999 4.000000000 0.000049000 1.000000000 0.000000000 0.000000000 0.000046240 93.000000000 93.000000000 88.000000000 93.000000000
1755077278.000000000 31.291476838333324 120.756139217 3.445600000 4.000000000 0.000049000 1.000000000 0.000000000 0.000000000 0.000046240 93.000000000 93.000000000 88.000000000 93.000000000
1755077278.200000048 31.291476838833322 120.756139219 3.446000000 4.000000000 0.000049000 1.000000000 0.000000000 0.000000000 0.000047610 93.000000000 93.000000000 88.000000000 93.000000000
1755077278.400000095 31.291476840999998 120.756139221 3.448600000 4.000000000 0.000049000 1.000000000 0.000000000 0.000000000 0.000046240 93.000000000 93.000000000 88.000000000 93.000000000
1755077278.599999905 31.291476834333345 120.756139194 3.442399999 4.000000000 0.000044890 1.000000000 0.000000000 0.000000000 0.000043560 93.000000000 93.000000000 88.000000000 93.000000000
1755077278.799999952 31.29147683483333 120.756139189 3.443100000 4.000000000 0.000044890 1.000000000 0.000000000 0.000000000 0.000043560 93.000000000 93.000000000 88.000000000 93.000000000
1755077279.000000000 31.291476830166673 120.756139188 3.446600000 4.000000000 0.000044890 1.000000000 0.000000000 0.000000000 0.000043560 93.000000000 93.000000000 88.000000000 93.000000000
1755077279.200000048 31.291476835666668 120.756139196 3.444700000 4.000000000 0.000044890 1.000000000 0.000000000 0.000000000 0.000043560 93.000000000 93.000000000 88.000000000 93.000000000
1755077279.400000095 31.29147683549999 120.756139193 3.445500001 4.000000000 0.000044890 1.000000000 0.000000000 0.000000000 0.000043560 93.000000000 93.000000000 88.000000000 93.000000000
1755077279.599999905 31.291476823333323 120.756139191 3.443600000 4.000000000 0.000042250 1.000000000 0.000000000 0.000000000 0.000040960 93.000000000 93.000000000 88.000000000 93.000000000
1755077279.799999952 31.291476832500003 120.756139180 3.441700000 4.000000000 0.000042250 1.000000000 0.000000000 0.000000000 0.000040960 93.000000000 93.000000000 88.000000000 93.000000000
1755077280.000000000 31.291476823500002 120.756139182 3.443000001 4.000000000 0.000042250 1.000000000 0.000000000 0.000000000 0.000040960 93.000000000 93.000000000 88.000000000 93.000000000
1755077280.200000048 31.291476820333333 120.756139188 3.443900000 4.000000000 0.000042250 1.000000000 0.000000000 0.000000000 0.000040960 93.000000000 93.000000000 88.000000000 93.000000000
1755077280.400000095 31.291476818833342 120.756139188 3.447600000 4.000000000 0.000042250 1.000000000 0.000000000 0.000000000 0.000040960 93.000000000 93.000000000 88.000000000 93.000000000
1755077280.599999905 31.291476822666674 120.756139189 3.443100000 4.000000000 0.000039690 1.000000000 0.000000000 0.000000000 0.000038440 93.000000000 93.000000000 88.000000000 93.000000000
1755077280.799999952 31.29147682266667 120.756139183 3.444200000 4.000000000 0.000039690 1.000000000 0.000000000 0.000000000 0.000038440 93.000000000 93.000000000 88.000000000 93.000000000
1755077281.000000000 31.29147682266667 120.756139182 3.444900000 4.000000000 0.000039690 1.000000000 0.000000000 0.000000000 0.000038440 93.000000000 93.000000000 88.000000000 93.000000000
1755077281.200000048 31.291476831999997 120.756139204 3.443000000 4.000000000 0.000039690 1.000000000 0.000000000 0.000000000 0.000038440 93.000000000 93.000000000 88.000000000 93.000000000
1755077281.400000095 31.29147682550001 120.756139192 3.445200000 4.000000000 0.000039690 1.000000000 0.000000000 0.000000000 0.000039690 93.000000000 93.000000000 88.000000000 93.000000000
1755077281.599999905 31.291476832666664 120.756139199 3.445199999 4.000000000 0.000037210 1.000000000 0.000000000 0.000000000 0.000037210 93.000000000 93.000000000 88.000000000 93.000000000
1755077281.799999952 31.29147683716667 120.756139205 3.446200000 4.000000000 0.000037210 1.000000000 0.000000000 0.000000000 0.000037210 93.000000000 93.000000000 88.000000000 93.000000000
1755077282.000000000 31.29147682383333 120.756139193 3.446400001 4.000000000 0.000037210 1.000000000 0.000000000 0.000000000 0.000037210 93.000000000 93.000000000 88.000000000 93.000000000
1755077282.200000048 31.291476825833335 120.756139216 3.449599998 4.000000000 0.000038440 1.000000000 0.000000000 0.000000000 0.000037210 91.000000000 92.000000000 88.000000000 93.000000000
1755077282.400000095 31.291476821999993 120.756139219 3.449300000 4.000000000 0.000038440 1.000000000 0.000000000 0.000000000 0.000037210 91.000000000 92.000000000 88.000000000 93.000000000
1755077282.599999905 31.291476836500003 120.756139232 3.451500000 4.000000000 0.000036000 1.000000000 0.000000000 0.000000000 0.000034810 91.000000000 92.000000000 88.000000000 93.000000000
1755077282.799999952 31.29147682466667 120.756139222 3.450799999 4.000000000 0.000036000 1.000000000 0.000000000 0.000000000 0.000034810 91.000000000 92.000000000 88.000000000 93.000000000
1755077283.000000000 31.29147682983333 120.756139232 3.451400000 4.000000000 0.000036000 1.000000000 0.000000000 0.000000000 0.000034810 91.000000000 92.000000000 88.000000000 93.000000000
1755077283.200000048 31.2914768305 120.756139246 3.450800000 4.000000000 0.000036000 1.000000000 0.000000000 0.000000000 0.000036000 91.000000000 92.000000000 88.000000000 93.000000000
1755077283.400000095 31.29147683 120.756139242 3.453600000 4.000000000 0.000036000 1.000000000 0.000000000 0.000000000 0.000036000 91.000000000 92.000000000 88.000000000 93.000000000
1755077283.599999905 31.291476828999997 120.756139215 3.449800000 4.000000000 0.000033640 1.000000000 0.000000000 0.000000000 0.000033640 91.000000000 92.000000000 88.000000000 93.000000000
1755077283.799999952 31.291476835333327 120.756139224 3.451100000 4.000000000 0.000033640 1.000000000 0.000000000 0.000000000 0.000033640 91.000000000 92.000000000 88.000000000 93.000000000
1755077284.000000000 31.29147683483333 120.756139239 3.449500000 4.000000000 0.000033640 1.000000000 0.000000000 0.000000000 0.000033640 91.000000000 92.000000000 88.000000000 93.000000000
1755077284.200000048 31.29147684333333 120.756139233 3.450500000 4.000000000 0.000033640 1.000000000 0.000000000 0.000000000 0.000033640 91.000000000 91.000000000 87.000000000 91.000000000
1755077284.400000095 31.291476845333335 120.756139232 3.456700000 4.000000000 0.000033640 1.000000000 0.000000000 0.000000000 0.000033640 91.000000000 91.000000000 87.000000000 91.000000000
1755077284.599999905 31.291476854 120.756139228 3.459600000 4.000000000 0.000032490 1.000000000 0.000000000 0.000000000 0.000032490 91.000000000 91.000000000 87.000000000 91.000000000
1755077284.799999952 31.291476832333334 120.756139342 3.481199999 4.000000000 0.000032490 1.000000000 0.000000000 0.000000000 0.000032490 91.000000000 91.000000000 87.000000000 91.000000000
1755077285.000000000 31.291476817999996 120.756139471 3.488699999 4.000000000 0.000033640 1.000000000 0.000000000 0.000000000 0.000033640 91.000000000 91.000000000 87.000000000 91.000000000
1755077285.200000048 31.291476826833332 120.756139319 3.472200000 4.000000000 0.000033640 1.000000000 0.000000000 0.000000000 0.000033640 85.000000000 84.000000000 83.000000000 83.000000000
1755077285.400000095 31.291476838999998 120.756139262 3.467000000 4.000000000 0.000034810 1.000000000 0.000000000 0.000000000 0.000033640 85.000000000 84.000000000 83.000000000 83.000000000
1755077285.599999905 31.29147686916666 120.756139143 3.429300001 4.000000000 0.000034810 1.000000000 0.000000000 0.000000000 0.000033640 85.000000000 84.000000000 83.000000000 83.000000000
1755077285.799999952 31.291476864000007 120.756139148 3.424000000 4.000000000 0.000034810 1.000000000 0.000000000 0.000000000 0.000033640 85.000000000 84.000000000 83.000000000 83.000000000
1755077286.000000000 31.291476869500002 120.756139191 3.417099999 4.000000000 0.000036000 1.000000000 0.000000000 0.000000000 0.000033640 85.000000000 84.000000000 83.000000000 83.000000000
1755077286.200000048 31.29147681316667 120.756139238 3.425300000 4.000000000 0.000033640 1.000000000 0.000000000 0.000000000 0.000033640 85.000000000 79.000000000 78.000000000 73.000000000
1755077286.400000095 31.291476879833336 120.756139193 3.418300000 4.000000000 0.000033640 1.000000000 0.000000000 0.000000000 0.000033640 85.000000000 79.000000000 78.000000000 73.000000000
1755077286.599999905 31.291476869000007 120.756139260 3.446499999 4.000000000 0.000033640 1.000000000 0.000000000 0.000000000 0.000032490 85.000000000 79.000000000 78.000000000 73.000000000
1755077286.799999952 31.291476822999993 120.756139292 3.443399999 4.000000000 0.000033640 1.000000000 0.000000000 0.000000000 0.000032490 85.000000000 79.000000000 78.000000000 73.000000000
1755077287.000000000 31.291476790166662 120.756139222 3.458100000 4.000000000 0.000033640 1.000000000 0.000000000 0.000000000 0.000032490 85.000000000 79.000000000 78.000000000 73.000000000
1755077287.200000048 31.291476813 120.756139215 3.471400000 4.000000000 0.000033640 1.000000000 0.000000000 0.000000000 0.000032490 85.000000000 87.000000000 86.000000000 89.000000000
1755077287.400000095 31.291476951166672 120.756139080 3.480399999 4.000000000 0.000034810 1.000000000 0.000000000 0.000000000 0.000034810 85.000000000 87.000000000 86.000000000 89.000000000
1755077287.599999905 31.291476946999996 120.756139223 3.434100000 4.000000000 0.000037210 1.000000000 0.000000000 0.000000000 0.000034810 85.000000000 87.000000000 86.000000000 89.000000000
1755077287.799999952 31.29147701933334 120.756139316 3.431000000 4.000000000 0.000037210 1.000000000 0.000000000 0.000000000 0.000033640 85.000000000 87.000000000 86.000000000 89.000000000
1755077288.000000000 31.291476989166668 120.756139279 3.430300000 4.000000000 0.000037210 1.000000000 0.000000000 0.000000000 0.000034810 85.000000000 87.000000000 86.000000000 89.000000000
1755077288.200000048 31.29147696733333 120.756139372 3.430100000 4.000000000 0.000036000 1.000000000 0.000000000 0.000000000 0.000032490 83.000000000 81.000000000 81.000000000 79.000000000
1755077288.400000095 31.29147699 120.756139386 3.425100000 4.000000000 0.000036000 1.000000000 0.000000000 0.000000000 0.000032490 83.000000000 81.000000000 81.000000000 79.000000000
1755077288.599999905 31.291476787166673 120.756139358 3.424800000 4.000000000 0.000038440 1.000000000 0.000000000 0.000000000 0.000032490 83.000000000 81.000000000 81.000000000 79.000000000
1755077288.799999952 31.29147681116666 120.756139375 3.425200000 4.000000000 0.000038440 1.000000000 0.000000000 0.000000000 0.000032490 83.000000000 81.000000000 81.000000000 79.000000000
1755077289.000000000 31.291476776000007 120.756139450 3.426200000 4.000000000 0.000038440 1.000000000 0.000000000 0.000000000 0.000032490 83.000000000 81.000000000 81.000000000 79.000000000
1755077289.200000048 31.291476835999998 120.756139686 3.427800001 4.000000000 0.000037210 1.000000000 0.000000000 0.000000000 0.000031360 91.000000000 91.000000000 87.000000000 91.000000000
1755077289.400000095 31.291476898499994 120.756140013 3.431600000 4.000000000 0.000037210 1.000000000 0.000000000 0.000000000 0.000031360 91.000000000 91.000000000 87.000000000 91.000000000
1755077289.599999905 31.29147696933333 120.756140187 3.426700001 4.000000000 0.000033640 1.000000000 0.000000000 0.000000000 0.000030250 91.000000000 91.000000000 87.000000000 91.000000000
1755077289.799999952 31.291477046 120.756140426 3.425599999 4.000000000 0.000033640 1.000000000 0.000000000 0.000000000 0.000030250 91.000000000 91.000000000 87.000000000 91.000000000
1755077290.000000000 31.291477050999998 120.756140662 3.425700000 4.000000000 0.000033640 1.000000000 0.000000000 0.000000000 0.000030250 91.000000000 91.000000000 87.000000000 91.000000000
1755077290.200000048 31.29147712516665 120.756140920 3.419199999 4.000000000 0.000033640 1.000000000 0.000000000 0.000000000 0.000030250 91.000000000 93.000000000 89.000000000 95.000000000
1755077290.400000095 31.291477214333323 120.756141324 3.407499999 4.000000000 0.000033640 1.000000000 0.000000000 0.000000000 0.000030250 91.000000000 93.000000000 89.000000000 95.000000000
1755077290.599999905 31.291477226166656 120.756141682 3.395000000 4.000000000 0.000054760 1.000000000 0.000000000 0.000000000 0.000057760 91.000000000 93.000000000 89.000000000 95.000000000
1755077290.799999952 31.291477242000003 120.756141863 3.398300000 4.000000000 0.000054760 1.000000000 0.000000000 0.000000000 0.000057760 91.000000000 93.000000000 89.000000000 95.000000000
1755077291.000000000 31.291477290666663 120.756142084 3.395600000 4.000000000 0.000054760 1.000000000 0.000000000 0.000000000 0.000057760 91.000000000 93.000000000 89.000000000 95.000000000
1755077291.200000048 31.291477354666675 120.756142366 3.389800000 4.000000000 0.000056250 1.000000000 0.000000000 0.000000000 0.000057760 93.000000000 93.000000000 88.000000000 93.000000000
1755077291.400000095 31.29147743183334 120.756142701 3.383899999 4.000000000 0.000056250 1.000000000 0.000000000 0.000000000 0.000057760 93.000000000 93.000000000 88.000000000 93.000000000
1755077291.599999905 31.291477467166676 120.756142893 3.393800001 4.000000000 0.000056250 1.000000000 0.000000000 0.000000000 0.000059290 93.000000000 93.000000000 88.000000000 93.000000000
1755077291.799999952 31.291477524500007 120.756143173 3.395200000 4.000000000 0.000056250 1.000000000 0.000000000 0.000000000 0.000059290 93.000000000 93.000000000 88.000000000 93.000000000
1755077292.000000000 31.291477560666667 120.756143375 3.396000000 4.000000000 0.000056250 1.000000000 0.000000000 0.000000000 0.000059290 93.000000000 93.000000000 88.000000000 93.000000000
1755077292.200000048 31.291477606833325 120.756143691 3.396200000 4.000000000 0.000056250 1.000000000 0.000000000 0.000000000 0.000059290 93.000000000 93.000000000 88.000000000 93.000000000
1755077292.400000095 31.29147765566667 120.756143989 3.393400000 4.000000000 0.000056250 1.000000000 0.000000000 0.000000000 0.000059290 93.000000000 93.000000000 88.000000000 93.000000000
1755077292.599999905 31.291477724500005 120.756144333 3.384800000 4.000000000 0.000053290 1.000000000 0.000000000 0.000000000 0.000053290 93.000000000 93.000000000 88.000000000 93.000000000
1755077292.799999952 31.291477778333345 120.756144607 3.383899999 4.000000000 0.000053290 1.000000000 0.000000000 0.000000000 0.000053290 93.000000000 93.000000000 88.000000000 93.000000000
1755077293.000000000 31.291477783666668 120.756144862 3.382500000 4.000000000 0.000053290 1.000000000 0.000000000 0.000000000 0.000053290 93.000000000 93.000000000 88.000000000 93.000000000
1755077293.200000048 31.29147782483333 120.756145191 3.385200000 4.000000000 0.000053290 1.000000000 0.000000000 0.000000000 0.000053290 97.000000000 95.000000000 88.000000000 93.000000000
1755077293.400000095 31.291477861833325 120.756145462 3.384700000 4.000000000 0.000053290 1.000000000 0.000000000 0.000000000 0.000053290 97.000000000 95.000000000 88.000000000 93.000000000
1755077293.599999905 31.291477890333326 120.756145618 3.380100000 4.000000000 0.000050410 1.000000000 0.000000000 0.000000000 0.000050410 97.000000000 95.000000000 88.000000000 93.000000000
1755077293.799999952 31.291477920833326 120.756145849 3.381800001 4.000000000 0.000050410 1.000000000 0.000000000 0.000000000 0.000050410 97.000000000 95.000000000 88.000000000 93.000000000
1755077294.000000000 31.291477942333334 120.756145965 3.383100000 4.000000000 0.000050410 1.000000000 0.000000000 0.000000000 0.000050410 97.000000000 95.000000000 88.000000000 93.000000000
1755077294.200000048 31.29147795900001 120.756146066 3.384600000 4.000000000 0.000051840 1.000000000 0.000000000 0.000000000 0.000050410 100.000000000 96.500000000 88.000000000 93.000000000
1755077294.400000095 31.291477995500003 120.756146212 3.383600000 4.000000000 0.000051840 1.000000000 0.000000000 0.000000000 0.000050410 100.000000000 96.500000000 88.000000000 93.000000000
1755077294.599999905 31.291478037666668 120.756146450 3.381900001 4.000000000 0.000053290 1.000000000 0.000000000 0.000000000 0.000051840 100.000000000 96.500000000 88.000000000 93.000000000
1755077294.799999952 31.29147807249999 120.756146692 3.384099999 4.000000000 0.000053290 1.000000000 0.000000000 0.000000000 0.000051840 100.000000000 96.500000000 88.000000000 93.000000000
1755077295.000000000 31.291478164000004 120.756147031 3.380099999 4.000000000 0.000053290 1.000000000 0.000000000 0.000000000 0.000051840 100.000000000 96.500000000 88.000000000 93.000000000
1755077295.200000048 31.291478213833326 120.756147288 3.382600002 4.000000000 0.000053290 1.000000000 0.000000000 0.000000000 0.000051840 100.000000000 98.500000000 90.000000000 97.000000000
1755077295.400000095 31.291478265833337 120.756147597 3.380700000 4.000000000 0.000053290 1.000000000 0.000000000 0.000000000 0.000051840 100.000000000 98.500000000 90.000000000 97.000000000
1755077295.599999905 31.291478294666668 120.756147862 3.384200000 4.000000000 0.000053290 1.000000000 0.000000000 0.000000000 0.000051840 100.000000000 98.500000000 90.000000000 97.000000000
1755077295.799999952 31.29147833716668 120.756148167 3.386199999 4.000000000 0.000053290 1.000000000 0.000000000 0.000000000 0.000051840 100.000000000 98.500000000 90.000000000 97.000000000
1755077296.000000000 31.291478400166664 120.756148549 3.385700000 4.000000000 0.000053290 1.000000000 0.000000000 0.000000000 0.000053290 100.000000000 98.500000000 90.000000000 97.000000000
1755077296.200000048 31.291478457666663 120.756148889 3.383600000 4.000000000 0.000053290 1.000000000 0.000000000 0.000000000 0.000053290 100.000000000 100.000000000 92.000000000 100.000000000
1755077296.400000095 31.291478506333338 120.756149206 3.385500000 4.000000000 0.000053290 1.000000000 0.000000000 0.000000000 0.000053290 100.000000000 100.000000000 92.000000000 100.000000000
1755077296.599999905 31.2914785425 120.756149523 3.376100000 4.000000000 0.000054760 1.000000000 0.000000000 0.000000000 0.000051840 100.000000000 100.000000000 92.000000000 100.000000000
1755077296.799999952 31.29147861566666 120.756149910 3.375200000 4.000000000 0.000054760 1.000000000 0.000000000 0.000000000 0.000051840 100.000000000 100.000000000 92.000000000 100.000000000
1755077297.000000000 31.29147865616667 120.756150234 3.374600000 4.000000000 0.000054760 1.000000000 0.000000000 0.000000000 0.000051840 100.000000000 100.000000000 92.000000000 100.000000000
1755077297.200000048 31.291478705166675 120.756150570 3.374799999 4.000000000 0.000054760 1.000000000 0.000000000 0.000000000 0.000053290 100.000000000 100.000000000 92.000000000 100.000000000
1755077297.400000095 31.291478758666678 120.756150945 3.374700000 4.000000000 0.000054760 1.000000000 0.000000000 0.000000000 0.000053290 100.000000000 100.000000000 92.000000000 100.000000000
1755077297.599999905 31.291478838833335 120.756151250 3.365499999 4.000000000 0.000053290 1.000000000 0.000000000 0.000000000 0.000050410 100.000000000 100.000000000 92.000000000 100.000000000
1755077297.799999952 31.29147893583333 120.756151620 3.363000000 4.000000000 0.000053290 1.000000000 0.000000000 0.000000000 0.000050410 100.000000000 100.000000000 92.000000000 100.000000000
1755077298.000000000 31.29147900183333 120.756151964 3.362699999 4.000000000 0.000053290 1.000000000 0.000000000 0.000000000 0.000050410 100.000000000 100.000000000 92.000000000 100.000000000
1755077298.200000048 31.2914790635 120.756152300 3.360400000 4.000000000 0.000053290 1.000000000 0.000000000 0.000000000 0.000051840 100.000000000 100.000000000 92.000000000 100.000000000
1755077298.400000095 31.291479065666675 120.756152205 3.358500000 4.000000000 0.000053290 1.000000000 0.000000000 0.000000000 0.000051840 100.000000000 100.000000000 92.000000000 100.000000000
1755077298.599999905 31.291479049833328 120.756152299 3.364399999 4.000000000 0.000051840 1.000000000 0.000000000 0.000000000 0.000050410 100.000000000 100.000000000 92.000000000 100.000000000
1755077298.799999952 31.2914790245 120.756152286 3.371800000 4.000000000 0.000051840 1.000000000 0.000000000 0.000000000 0.000050410 100.000000000 100.000000000 92.000000000 100.000000000
1755077299.000000000 31.291479026666668 120.756152274 3.375400000 4.000000000 0.000051840 1.000000000 0.000000000 0.000000000 0.000050410 100.000000000 100.000000000 92.000000000 100.000000000
1755077299.200000048 31.291479036499997 120.756152282 3.376100000 4.000000000 0.000053290 1.000000000 0.000000000 0.000000000 0.000050410 100.000000000 100.000000000 92.000000000 100.000000000
1755077299.400000095 31.291479196333324 120.756152243 3.374600000 4.000000000 0.000053290 1.000000000 0.000000000 0.000000000 0.000050410 100.000000000 100.000000000 92.000000000 100.000000000
1755077299.599999905 31.291479383666672 120.756152172 3.367000000 4.000000000 0.000056250 1.000000000 0.000000000 0.000000000 0.000054760 100.000000000 100.000000000 92.000000000 100.000000000
1755077299.799999952 31.291479502999994 120.756152144 3.371100000 4.000000000 0.000056250 1.000000000 0.000000000 0.000000000 0.000054760 100.000000000 100.000000000 92.000000000 100.000000000
1755077300.000000000 31.291479602 120.756152105 3.372899998 4.000000000 0.000056250 1.000000000 0.000000000 0.000000000 0.000054760 100.000000000 100.000000000 92.000000000 100.000000000
1755077300.200000048 31.291479746333334 120.756152012 3.369000000 4.000000000 0.000056250 1.000000000 0.000000000 0.000000000 0.000054760 100.000000000 100.000000000 92.000000000 100.000000000
1755077300.400000095 31.291479895166663 120.756151946 3.367300000 4.000000000 0.000056250 1.000000000 0.000000000 0.000000000 0.000054760 100.000000000 100.000000000 92.000000000 100.000000000
1755077300.599999905 31.291479960666656 120.756151770 3.370500000 4.000000000 0.000053290 1.000000000 0.000000000 0.000000000 0.000056250 100.000000000 100.000000000 92.000000000 100.000000000
1755077300.799999952 31.29148010266666 120.756151657 3.370000000 4.000000000 0.000053290 1.000000000 0.000000000 0.000000000 0.000056250 100.000000000 100.000000000 92.000000000 100.000000000
1755077301.000000000 31.291480231333335 120.756151571 3.365400000 4.000000000 0.000053290 1.000000000 0.000000000 0.000000000 0.000056250 100.000000000 100.000000000 92.000000000 100.000000000
1755077301.200000048 31.291480313999998 120.756151505 3.364800000 4.000000000 0.000053290 1.000000000 0.000000000 0.000000000 0.000056250 100.000000000 100.000000000 92.000000000 100.000000000
1755077301.400000095 31.291480304500002 120.756151530 3.366000000 4.000000000 0.000053290 1.000000000 0.000000000 0.000000000 0.000056250 100.000000000 100.000000000 92.000000000 100.000000000
1755077301.599999905 31.291480305500002 120.756151540 3.378899999 4.000000000 0.000050410 1.000000000 0.000000000 0.000000000 0.000054760 100.000000000 100.000000000 92.000000000 100.000000000
1755077301.799999952 31.29148030266667 120.756151525 3.377600000 4.000000000 0.000050410 1.000000000 0.000000000 0.000000000 0.000054760 100.000000000 100.000000000 92.000000000 100.000000000
1755077302.000000000 31.291480299000003 120.756151525 3.377000001 4.000000000 0.000050410 1.000000000 0.000000000 0.000000000 0.000054760 100.000000000 100.000000000 92.000000000 100.000000000
1755077302.200000048 31.291480297166675 120.756151526 3.376399999 4.000000000 0.000050410 1.000000000 0.000000000 0.000000000 0.000054760 97.000000000 97.000000000 90.000000000 97.000000000
1755077302.400000095 31.291480301000004 120.756151534 3.376300000 4.000000000 0.000050410 1.000000000 0.000000000 0.000000000 0.000054760 97.000000000 97.000000000 90.000000000 97.000000000
1755077302.599999905 31.291480329833337 120.756151518 3.372600000 4.000000000 0.000050410 1.000000000 0.000000000 0.000000000 0.000053290 97.000000000 97.000000000 90.000000000 97.000000000
1755077302.799999952 31.29148032666666 120.756151515 3.372100000 4.000000000 0.000050410 1.000000000 0.000000000 0.000000000 0.000053290 97.000000000 97.000000000 90.000000000 97.000000000
1755077303.000000000 31.29148032583333 120.756151524 3.373000000 4.000000000 0.000050410 1.000000000 0.000000000 0.000000000 0.000053290 97.000000000 97.000000000 90.000000000 97.000000000
1755077303.200000048 31.291480319833344 120.756151518 3.375000000 4.000000000 0.000050410 1.000000000 0.000000000 0.000000000 0.000053290 97.000000000 97.000000000 90.000000000 97.000000000
1755077303.400000095 31.291480320666658 120.756151522 3.375899999 4.000000000 0.000050410 1.000000000 0.000000000 0.000000000 0.000053290 97.000000000 97.000000000 90.000000000 97.000000000
1755077303.599999905 31.29148029716666 120.756151528 3.372700000 4.000000000 0.000049000 1.000000000 0.000000000 0.000000000 0.000053290 97.000000000 97.000000000 90.000000000 97.000000000
1755077303.799999952 31.29148029183333 120.756151524 3.373700000 4.000000000 0.000049000 1.000000000 0.000000000 0.000000000 0.000053290 97.000000000 97.000000000 90.000000000 97.000000000
1755077304.000000000 31.291480297 120.756151531 3.375700001 4.000000000 0.000049000 1.000000000 0.000000000 0.000000000 0.000053290 97.000000000 97.000000000 90.000000000 97.000000000
1755077304.200000048 31.291480290333332 120.756151529 3.374900000 4.000000000 0.000049000 1.000000000 0.000000000 0.000000000 0.000053290 97.000000000 97.000000000 90.000000000 97.000000000
1755077304.400000095 31.291480299333333 120.756151529 3.375300000 4.000000000 0.000049000 1.000000000 0.000000000 0.000000000 0.000053290 97.000000000 97.000000000 90.000000000 97.000000000
1755077304.599999905 31.29148029366667 120.756151544 3.371100000 4.000000000 0.000044890 1.000000000 0.000000000 0.000000000 0.000050410 97.000000000 97.000000000 90.000000000 97.000000000
1755077304.799999952 31.291480298666666 120.756151535 3.370100000 4.000000000 0.000044890 1.000000000 0.000000000 0.000000000 0.000050410 97.000000000 97.000000000 90.000000000 97.000000000
1755077305.000000000 31.291480298666666 120.756151545 3.370600000 4.000000000 0.000044890 1.000000000 0.000000000 0.000000000 0.000050410 97.000000000 97.000000000 90.000000000 97.000000000
1755077305.200000048 31.291480297333337 120.756151544 3.370700000 4.000000000 0.000044890 1.000000000 0.000000000 0.000000000 0.000050410 97.000000000 98.500000000 92.000000000 100.000000000
1755077305.400000095 31.29148030716666 120.756151547 3.370500000 4.000000000 0.000044890 1.000000000 0.000000000 0.000000000 0.000050410 97.000000000 98.500000000 92.000000000 100.000000000
1755077305.599999905 31.291480306999993 120.756151545 3.371100001 4.000000000 0.000040960 1.000000000 0.000000000 0.000000000 0.000047610 97.000000000 98.500000000 92.000000000 100.000000000
1755077305.799999952 31.291480310333334 120.756151542 3.370300000 4.000000000 0.000040960 1.000000000 0.000000000 0.000000000 0.000047610 97.000000000 98.500000000 92.000000000 100.000000000
1755077306.000000000 31.291480315000005 120.756151547 3.370800000 4.000000000 0.000040960 1.000000000 0.000000000 0.000000000 0.000047610 97.000000000 98.500000000 92.000000000 100.000000000
1755077306.200000048 31.29148031383334 120.756151547 3.370500000 4.000000000 0.000040960 1.000000000 0.000000000 0.000000000 0.000047610 97.000000000 98.500000000 92.000000000 100.000000000
1755077306.400000095 31.291480316833333 120.756151552 3.372800000 4.000000000 0.000040960 1.000000000 0.000000000 0.000000000 0.000047610 97.000000000 98.500000000 92.000000000 100.000000000
1755077306.599999905 31.291480313166673 120.756151552 3.370399999 4.000000000 0.000038440 1.000000000 0.000000000 0.000000000 0.000044890 97.000000000 98.500000000 92.000000000 100.000000000
1755077306.799999952 31.291480306499995 120.756151566 3.373100000 4.000000000 0.000038440 1.000000000 0.000000000 0.000000000 0.000044890 97.000000000 98.500000000 92.000000000 100.000000000
1755077307.000000000 31.291480315166663 120.756151570 3.368700000 4.000000000 0.000038440 1.000000000 0.000000000 0.000000000 0.000044890 97.000000000 98.500000000 92.000000000 100.000000000
1755077307.200000048 31.29148030183334 120.756151576 3.368800000 4.000000000 0.000039690 1.000000000 0.000000000 0.000000000 0.000044890 97.000000000 97.000000000 90.000000000 97.000000000
1755077307.400000095 31.291480313666664 120.756151555 3.371300001 4.000000000 0.000039690 1.000000000 0.000000000 0.000000000 0.000044890 97.000000000 97.000000000 90.000000000 97.000000000
1755077307.599999905 31.291480298833328 120.756151530 3.366100000 4.000000000 0.000038440 1.000000000 0.000000000 0.000000000 0.000043560 97.000000000 97.000000000 90.000000000 97.000000000
1755077307.799999952 31.291480302666667 120.756151518 3.368300000 4.000000000 0.000038440 1.000000000 0.000000000 0.000000000 0.000043560 97.000000000 97.000000000 90.000000000 97.000000000
1755077308.000000000 31.29148030483333 120.756151514 3.365600000 4.000000000 0.000038440 1.000000000 0.000000000 0.000000000 0.000043560 97.000000000 97.000000000 90.000000000 97.000000000
1755077308.200000048 31.291480314500003 120.756151534 3.362300000 4.000000000 0.000038440 1.000000000 0.000000000 0.000000000 0.000043560 97.000000000 97.000000000 90.000000000 97.000000000
1755077308.400000095 31.29148031366666 120.756151540 3.361200000 4.000000000 0.000038440 1.000000000 0.000000000 0.000000000 0.000043560 97.000000000 97.000000000 90.000000000 97.000000000
1755077308.599999905 31.291480319166663 120.756151542 3.358200000 4.000000000 0.000038440 1.000000000 0.000000000 0.000000000 0.000042250 97.000000000 97.000000000 90.000000000 97.000000000
1755077308.799999952 31.29148032283333 120.756151542 3.359600001 4.000000000 0.000038440 1.000000000 0.000000000 0.000000000 0.000042250 97.000000000 97.000000000 90.000000000 97.000000000
1755077309.000000000 31.29148031850001 120.756151550 3.359700001 4.000000000 0.000038440 1.000000000 0.000000000 0.000000000 0.000042250 97.000000000 97.000000000 90.000000000 97.000000000
1755077309.200000048 31.291480306999993 120.756151542 3.362200000 4.000000000 0.000038440 1.000000000 0.000000000 0.000000000 0.000042250 100.000000000 98.500000000 90.000000000 97.000000000
1755077309.400000095 31.2914803225 120.756151552 3.362500000 4.000000000 0.000038440 1.000000000 0.000000000 0.000000000 0.000042250 100.000000000 98.500000000 90.000000000 97.000000000
1755077309.599999905 31.291480310666664 120.756151505 3.357900000 4.000000000 0.000038440 1.000000000 0.000000000 0.000000000 0.000042250 100.000000000 98.500000000 90.000000000 97.000000000
1755077309.799999952 31.291480305500006 120.756151510 3.357900000 4.000000000 0.000038440 1.000000000 0.000000000 0.000000000 0.000042250 100.000000000 98.500000000 90.000000000 97.000000000
1755077310.000000000 31.29148030966666 120.756151501 3.358400000 4.000000000 0.000038440 1.000000000 0.000000000 0.000000000 0.000042250 100.000000000 98.500000000 90.000000000 97.000000000
1755077310.200000048 31.29148031216666 120.756151503 3.358800000 4.000000000 0.000039690 1.000000000 0.000000000 0.000000000 0.000042250 97.000000000 97.000000000 90.000000000 97.000000000
1755077310.400000095 31.291480316333335 120.756151508 3.359900001 4.000000000 0.000039690 1.000000000 0.000000000 0.000000000 0.000042250 97.000000000 97.000000000 90.000000000 97.000000000
1755077310.599999905 31.29148031933334 120.756151522 3.354499999 4.000000000 0.000042250 1.000000000 0.000000000 0.000000000 0.000043560 97.000000000 97.000000000 90.000000000 97.000000000
1755077310.799999952 31.291480314166666 120.756151504 3.351799999 4.000000000 0.000042250 1.000000000 0.000000000 0.000000000 0.000043560 97.000000000 97.000000000 90.000000000 97.000000000
1755077311.000000000 31.291480320833333 120.756151513 3.352400000 4.000000000 0.000042250 1.000000000 0.000000000 0.000000000 0.000043560 97.000000000 97.000000000 90.000000000 97.000000000
1755077311.200000048 31.29148032266667 120.756151511 3.352400001 4.000000000 0.000042250 1.000000000 0.000000000 0.000000000 0.000043560 100.000000000 98.500000000 90.000000000 97.000000000
1755077311.400000095 31.291480323000002 120.756151513 3.353500000 4.000000000 0.000042250 1.000000000 0.000000000 0.000000000 0.000043560 100.000000000 98.500000000 90.000000000 97.000000000
1755077311.599999905 31.29148032683334 120.756151513 3.353200000 4.000000000 0.000043560 1.000000000 0.000000000 0.000000000 0.000044890 100.000000000 98.500000000 90.000000000 97.000000000
1755077311.799999952 31.291480337666673 120.756151516 3.352200001 4.000000000 0.000043560 1.000000000 0.000000000 0.000000000 0.000044890 100.000000000 98.500000000 90.000000000 97.000000000
1755077312.000000000 31.29148034066666 120.756151511 3.350800000 4.000000000 0.000043560 1.000000000 0.000000000 0.000000000 0.000044890 100.000000000 98.500000000 90.000000000 97.000000000
1755077312.200000048 31.291480331833323 120.756151506 3.352000000 4.000000000 0.000043560 1.000000000 0.000000000 0.000000000 0.000044890 100.000000000 98.500000000 90.000000000 97.000000000
1755077312.400000095 31.291480335000013 120.756151503 3.352999999 4.000000000 0.000044890 1.000000000 0.000000000 0.000000000 0.000044890 100.000000000 98.500000000 90.000000000 97.000000000
1755077312.599999905 31.291480339333337 120.756151507 3.356300000 4.000000000 0.000043560 1.000000000 0.000000000 0.000000000 0.000044890 100.000000000 98.500000000 90.000000000 97.000000000
1755077312.799999952 31.29148033533333 120.756151503 3.358300000 4.000000000 0.000043560 1.000000000 0.000000000 0.000000000 0.000044890 100.000000000 98.500000000 90.000000000 97.000000000
1755077313.000000000 31.29148032616667 120.756151502 3.359299999 4.000000000 0.000043560 1.000000000 0.000000000 0.000000000 0.000044890 100.000000000 98.500000000 90.000000000 97.000000000
1755077313.200000048 31.2914803325 120.756151502 3.360300000 4.000000000 0.000044890 1.000000000 0.000000000 0.000000000 0.000044890 100.000000000 98.500000000 90.000000000 97.000000000
1755077313.400000095 31.291480341166665 120.756151491 3.361100000 4.000000000 0.000044890 1.000000000 0.000000000 0.000000000 0.000044890 100.000000000 98.500000000 90.000000000 97.000000000
1755077313.599999905 31.291480338999996 120.756151498 3.358099999 4.000000000 0.000043560 1.000000000 0.000000000 0.000000000 0.000043560 100.000000000 98.500000000 90.000000000 97.000000000
1755077313.799999952 31.291480341333337 120.756151501 3.359700000 4.000000000 0.000043560 1.000000000 0.000000000 0.000000000 0.000043560 100.000000000 98.500000000 90.000000000 97.000000000
1755077314.000000000 31.29148034216667 120.756151508 3.361800001 4.000000000 0.000043560 1.000000000 0.000000000 0.000000000 0.000043560 100.000000000 98.500000000 90.000000000 97.000000000
1755077314.200000048 31.29148034350001 120.756151507 3.362099998 4.000000000 0.000043560 1.000000000 0.000000000 0.000000000 0.000043560 100.000000000 98.500000000 90.000000000 97.000000000
1755077314.400000095 31.29148033583333 120.756151498 3.366700000 4.000000000 0.000043560 1.000000000 0.000000000 0.000000000 0.000043560 100.000000000 98.500000000 90.000000000 97.000000000
1755077314.599999905 31.29148033633334 120.756151511 3.363600000 4.000000000 0.000040960 1.000000000 0.000000000 0.000000000 0.000042250 100.000000000 98.500000000 90.000000000 97.000000000
1755077314.799999952 31.29148033866666 120.756151504 3.367000001 4.000000000 0.000040960 1.000000000 0.000000000 0.000000000 0.000042250 100.000000000 98.500000000 90.000000000 97.000000000
1755077315.000000000 31.2914803465 120.756151513 3.364100000 4.000000000 0.000040960 1.000000000 0.000000000 0.000000000 0.000042250 100.000000000 98.500000000 90.000000000 97.000000000
1755077315.200000048 31.291480345499995 120.756151513 3.365600000 4.000000000 0.000040960 1.000000000 0.000000000 0.000000000 0.000042250 100.000000000 98.500000000 90.000000000 97.000000000
1755077315.400000095 31.29148034583334 120.756151512 3.364999999 4.000000000 0.000042250 1.000000000 0.000000000 0.000000000 0.000042250 100.000000000 98.500000000 90.000000000 97.000000000
1755077315.599999905 31.291480334833334 120.756151485 3.358800000 4.000000000 0.000039690 1.000000000 0.000000000 0.000000000 0.000040960 100.000000000 98.500000000 90.000000000 97.000000000
1755077315.799999952 31.291480332999996 120.756151470 3.363500000 4.000000000 0.000039690 1.000000000 0.000000000 0.000000000 0.000040960 100.000000000 98.500000000 90.000000000 97.000000000
1755077316.000000000 31.291480356166673 120.756151476 3.365499999 4.000000000 0.000039690 1.000000000 0.000000000 0.000000000 0.000040960 100.000000000 98.500000000 90.000000000 97.000000000
1755077316.200000048 31.291480473500012 120.756151336 3.368700000 4.000000000 0.000039690 1.000000000 0.000000000 0.000000000 0.000040960 100.000000000 98.500000000 90.000000000 97.000000000
1755077316.400000095 31.291480616000005 120.756151181 3.368300001 4.000000000 0.000039690 1.000000000 0.000000000 0.000000000 0.000040960 100.000000000 98.500000000 90.000000000 97.000000000
1755077316.599999905 31.291480739500006 120.756151059 3.359300000 4.000000000 0.000039690 1.000000000 0.000000000 0.000000000 0.000039690 100.000000000 98.500000000 90.000000000 97.000000000
1755077316.799999952 31.291480822666678 120.756150918 3.358900000 4.000000000 0.000039690 1.000000000 0.000000000 0.000000000 0.000039690 100.000000000 98.500000000 90.000000000 97.000000000
1755077317.000000000 31.291480908499988 120.756150778 3.360600000 4.000000000 0.000039690 1.000000000 0.000000000 0.000000000 0.000039690 100.000000000 98.500000000 90.000000000 97.000000000
1755077317.200000048 31.291480965666665 120.756150662 3.362400000 4.000000000 0.000039690 1.000000000 0.000000000 0.000000000 0.000039690 100.000000000 98.500000000 90.000000000 97.000000000
1755077317.400000095 31.2914810185 120.756150499 3.362499999 4.000000000 0.000039690 1.000000000 0.000000000 0.000000000 0.000040960 100.000000000 98.500000000 90.000000000 97.000000000
1755077317.599999905 31.29148105316667 120.756150335 3.365799999 4.000000000 0.000039690 1.000000000 0.000000000 0.000000000 0.000040960 100.000000000 98.500000000 90.000000000 97.000000000
1755077317.799999952 31.291481086666657 120.756150149 3.366500000 4.000000000 0.000039690 1.000000000 0.000000000 0.000000000 0.000040960 100.000000000 98.500000000 90.000000000 97.000000000
1755077318.000000000 31.29148112383332 120.756149942 3.366300001 4.000000000 0.000039690 1.000000000 0.000000000 0.000000000 0.000040960 100.000000000 98.500000000 90.000000000 97.000000000
1755077318.200000048 31.291481145166664 120.756149795 3.363500000 4.000000000 0.000039690 1.000000000 0.000000000 0.000000000 0.000040960 100.000000000 98.500000000 90.000000000 97.000000000
1755077318.400000095 31.291481176166663 120.756149611 3.363700001 4.000000000 0.000039690 1.000000000 0.000000000 0.000000000 0.000040960 100.000000000 98.500000000 90.000000000 97.000000000
1755077318.599999905 31.29148117250001 120.756149449 3.361800000 4.000000000 0.000039690 1.000000000 0.000000000 0.000000000 0.000040960 100.000000000 98.500000000 90.000000000 97.000000000
1755077318.799999952 31.291481166833336 120.756149290 3.361100000 4.000000000 0.000039690 1.000000000 0.000000000 0.000000000 0.000040960 100.000000000 98.500000000 90.000000000 97.000000000
1755077319.000000000 31.291481146500004 120.756149080 3.377900000 4.000000000 0.000073960 1.000000000 0.000000000 0.000000000 0.000073960 100.000000000 98.500000000 90.000000000 97.000000000
1755077319.200000048 31.29148112883333 120.756148905 3.381000000 4.000000000 0.000073960 1.000000000 0.000000000 0.000000000 0.000073960 100.000000000 98.500000000 90.000000000 97.000000000
1755077319.400000095 31.29148110516666 120.756148724 3.381400001 4.000000000 0.000073960 1.000000000 0.000000000 0.000000000 0.000073960 100.000000000 98.500000000 90.000000000 97.000000000
1755077319.599999905 31.2914810025 120.756148592 3.374200000 4.000000000 0.000068890 1.000000000 0.000000000 0.000000000 0.000064000 100.000000000 98.500000000 90.000000000 97.000000000
1755077319.799999952 31.291480980666666 120.756148423 3.374600000 4.000000000 0.000068890 1.000000000 0.000000000 0.000000000 0.000064000 100.000000000 98.500000000 90.000000000 97.000000000
1755077320.000000000 31.291480936000006 120.756148258 3.373799999 4.000000000 0.000068890 1.000000000 0.000000000 0.000000000 0.000064000 100.000000000 98.500000000 90.000000000 97.000000000
1755077320.200000048 31.291480885 120.756148071 3.373300000 4.000000000 0.000068890 1.000000000 0.000000000 0.000000000 0.000064000 100.000000000 98.500000000 90.000000000 97.000000000
1755077320.400000095 31.291480818333334 120.756147883 3.373700000 4.000000000 0.000068890 1.000000000 0.000000000 0.000000000 0.000064000 100.000000000 98.500000000 90.000000000 97.000000000
1755077320.599999905 31.29148073133333 120.756147734 3.371500000 4.000000000 0.000059290 1.000000000 0.000000000 0.000000000 0.000057760 100.000000000 98.500000000 90.000000000 97.000000000
1755077320.799999952 31.291480642500005 120.756147580 3.374300000 4.000000000 0.000059290 1.000000000 0.000000000 0.000000000 0.000057760 100.000000000 98.500000000 90.000000000 97.000000000
1755077321.000000000 31.291480514666667 120.756147361 3.374800001 4.000000000 0.000059290 1.000000000 0.000000000 0.000000000 0.000057760 100.000000000 98.500000000 90.000000000 97.000000000
1755077321.200000048 31.291480418166664 120.756147209 3.375200001 4.000000000 0.000059290 1.000000000 0.000000000 0.000000000 0.000057760 100.000000000 98.500000000 90.000000000 97.000000000
1755077321.400000095 31.291480268333327 120.756147026 3.375500000 4.000000000 0.000059290 1.000000000 0.000000000 0.000000000 0.000057760 100.000000000 98.500000000 90.000000000 97.000000000
1755077321.599999905 31.291480193833333 120.756146939 3.369000000 4.000000000 0.000054760 1.000000000 0.000000000 0.000000000 0.000057760 100.000000000 98.500000000 90.000000000 97.000000000
1755077321.799999952 31.291480055333334 120.756146831 3.369300000 4.000000000 0.000054760 1.000000000 0.000000000 0.000000000 0.000057760 100.000000000 98.500000000 90.000000000 97.000000000
1755077322.000000000 31.291479903666662 120.756146713 3.368300000 4.000000000 0.000054760 1.000000000 0.000000000 0.000000000 0.000057760 100.000000000 98.500000000 90.000000000 97.000000000
1755077322.200000048 31.291479736499998 120.756146593 3.368100000 4.000000000 0.000056250 1.000000000 0.000000000 0.000000000 0.000057760 100.000000000 98.500000000 90.000000000 97.000000000
1755077322.400000095 31.29147958983333 120.756146512 3.366500000 4.000000000 0.000056250 1.000000000 0.000000000 0.000000000 0.000057760 100.000000000 98.500000000 90.000000000 97.000000000
1755077322.599999905 31.291479398833335 120.756146391 3.364500000 4.000000000 0.000056250 1.000000000 0.000000000 0.000000000 0.000057760 100.000000000 98.500000000 90.000000000 97.000000000
1755077322.799999952 31.291479233000004 120.756146284 3.364800000 4.000000000 0.000056250 1.000000000 0.000000000 0.000000000 0.000057760 100.000000000 98.500000000 90.000000000 97.000000000
1755077323.000000000 31.291479044 120.756146243 3.366200000 4.000000000 0.000056250 1.000000000 0.000000000 0.000000000 0.000057760 100.000000000 98.500000000 90.000000000 97.000000000
1755077323.200000048 31.291478862666676 120.756146188 3.364600001 4.000000000 0.000056250 1.000000000 0.000000000 0.000000000 0.000057760 97.000000000 97.000000000 90.000000000 97.000000000
1755077323.400000095 31.291478691833333 120.756146180 3.364699999 4.000000000 0.000056250 1.000000000 0.000000000 0.000000000 0.000057760 97.000000000 97.000000000 90.000000000 97.000000000
1755077323.599999905 31.291478541 120.756146190 3.372000000 4.000000000 0.000054760 1.000000000 0.000000000 0.000000000 0.000054760 97.000000000 97.000000000 90.000000000 97.000000000
1755077323.799999952 31.291478356500015 120.756146198 3.370299999 4.000000000 0.000054760 1.000000000 0.000000000 0.000000000 0.000054760 97.000000000 97.000000000 90.000000000 97.000000000
1755077324.000000000 31.291478187666662 120.756146210 3.373800000 4.000000000 0.000054760 1.000000000 0.000000000 0.000000000 0.000054760 97.000000000 97.000000000 90.000000000 97.000000000
1755077324.200000048 31.291477991166673 120.756146234 3.371499998 4.000000000 0.000054760 1.000000000 0.000000000 0.000000000 0.000054760 100.000000000 98.500000000 90.000000000 97.000000000
1755077324.400000095 31.291477802833334 120.756146270 3.370200000 4.000000000 0.000054760 1.000000000 0.000000000 0.000000000 0.000054760 100.000000000 98.500000000 90.000000000 97.000000000
1755077324.599999905 31.291477606666664 120.756146331 3.365300000 4.000000000 0.000054760 1.000000000 0.000000000 0.000000000 0.000053290 100.000000000 98.500000000 90.000000000 97.000000000
1755077324.799999952 31.29147745066667 120.756146425 3.368100000 4.000000000 0.000054760 1.000000000 0.000000000 0.000000000 0.000053290 100.000000000 98.500000000 90.000000000 97.000000000
1755077325.000000000 31.291477276166674 120.756146516 3.364600000 4.000000000 0.000054760 1.000000000 0.000000000 0.000000000 0.000053290 100.000000000 98.500000000 90.000000000 97.000000000
1755077325.200000048 31.291477127666656 120.756146599 3.363900001 4.000000000 0.000054760 1.000000000 0.000000000 0.000000000 0.000053290 97.000000000 97.000000000 90.000000000 97.000000000
1755077325.400000095 31.291476954833335 120.756146724 3.362600000 4.000000000 0.000054760 1.000000000 0.000000000 0.000000000 0.000053290 97.000000000 97.000000000 90.000000000 97.000000000
1755077325.599999905 31.29147680033333 120.756146872 3.359499999 4.000000000 0.000056250 1.000000000 0.000000000 0.000000000 0.000051840 97.000000000 97.000000000 90.000000000 97.000000000
1755077325.799999952 31.291476625333345 120.756147059 3.359000000 4.000000000 0.000056250 1.000000000 0.000000000 0.000000000 0.000051840 97.000000000 97.000000000 90.000000000 97.000000000
1755077326.000000000 31.291476502833333 120.756147201 3.361899999 4.000000000 0.000056250 1.000000000 0.000000000 0.000000000 0.000051840 97.000000000 97.000000000 90.000000000 97.000000000
1755077326.200000048 31.291476354000004 120.756147399 3.361500000 4.000000000 0.000056250 1.000000000 0.000000000 0.000000000 0.000053290 100.000000000 98.500000000 90.000000000 97.000000000
1755077326.400000095 31.291476233999997 120.756147605 3.362600000 4.000000000 0.000056250 1.000000000 0.000000000 0.000000000 0.000053290 100.000000000 98.500000000 90.000000000 97.000000000
1755077326.599999905 31.291476076333332 120.756147841 3.351000000 4.000000000 0.000054760 1.000000000 0.000000000 0.000000000 0.000051840 100.000000000 98.500000000 90.000000000 97.000000000
1755077326.799999952 31.2914759865 120.756148081 3.349900001 4.000000000 0.000054760 1.000000000 0.000000000 0.000000000 0.000051840 100.000000000 98.500000000 90.000000000 97.000000000
1755077327.000000000 31.291475917166675 120.756148283 3.354200000 4.000000000 0.000054760 1.000000000 0.000000000 0.000000000 0.000051840 100.000000000 98.500000000 90.000000000 97.000000000
1755077327.200000048 31.2914758625 120.756148463 3.360000000 4.000000000 0.000054760 1.000000000 0.000000000 0.000000000 0.000053290 100.000000000 98.500000000 90.000000000 97.000000000
1755077327.400000095 31.291475880666674 120.756148619 3.365900000 4.000000000 0.000054760 1.000000000 0.000000000 0.000000000 0.000053290 100.000000000 98.500000000 90.000000000 97.000000000
1755077327.599999905 31.291475735833334 120.756149027 3.363300000 4.000000000 0.000054760 1.000000000 0.000000000 0.000000000 0.000056250 100.000000000 98.500000000 90.000000000 97.000000000
1755077327.799999952 31.29147574283334 120.756149141 3.364300000 4.000000000 0.000054760 1.000000000 0.000000000 0.000000000 0.000056250 100.000000000 98.500000000 90.000000000 97.000000000
1755077328.000000000 31.29147573733333 120.756149394 3.367100000 4.000000000 0.000054760 1.000000000 0.000000000 0.000000000 0.000056250 100.000000000 98.500000000 90.000000000 97.000000000
1755077328.200000048 31.29147578416666 120.756149619 3.367600000 4.000000000 0.000056250 1.000000000 0.000000000 0.000000000 0.000057760 100.000000000 98.500000000 90.000000000 97.000000000
1755077328.400000095 31.291475808333335 120.756149877 3.366400000 4.000000000 0.000056250 1.000000000 0.000000000 0.000000000 0.000057760 100.000000000 98.500000000 90.000000000 97.000000000
1755077328.599999905 31.291475851166666 120.756150088 3.377500000 4.000000000 0.000054760 1.000000000 0.000000000 0.000000000 0.000056250 100.000000000 98.500000000 90.000000000 97.000000000
1755077328.799999952 31.291475918833328 120.756150321 3.377500001 4.000000000 0.000054760 1.000000000 0.000000000 0.000000000 0.000056250 100.000000000 98.500000000 90.000000000 97.000000000
1755077329.000000000 31.291476002166675 120.756150536 3.376300000 4.000000000 0.000054760 1.000000000 0.000000000 0.000000000 0.000056250 100.000000000 98.500000000 90.000000000 97.000000000
1755077329.200000048 31.291476073500007 120.756150721 3.378800001 4.000000000 0.000054760 1.000000000 0.000000000 0.000000000 0.000056250 100.000000000 97.500000000 89.000000000 95.000000000
1755077329.400000095 31.29147617366668 120.756150922 3.382100000 4.000000000 0.000054760 1.000000000 0.000000000 0.000000000 0.000056250 100.000000000 97.500000000 89.000000000 95.000000000
1755077329.599999905 31.29147631183334 120.756151151 3.382299998 4.000000000 0.000053290 1.000000000 0.000000000 0.000000000 0.000056250 100.000000000 97.500000000 89.000000000 95.000000000
1755077329.799999952 31.291476454333335 120.756151332 3.384999999 4.000000000 0.000053290 1.000000000 0.000000000 0.000000000 0.000056250 100.000000000 97.500000000 89.000000000 95.000000000
1755077330.000000000 31.291476620833336 120.756151505 3.387000000 4.000000000 0.000053290 1.000000000 0.000000000 0.000000000 0.000056250 100.000000000 97.500000000 89.000000000 95.000000000
1755077330.200000048 31.291476781666663 120.756151619 3.388600000 4.000000000 0.000053290 1.000000000 0.000000000 0.000000000 0.000056250 97.000000000 97.000000000 90.000000000 97.000000000
1755077330.400000095 31.291476911000004 120.756151743 3.392500000 4.000000000 0.000053290 1.000000000 0.000000000 0.000000000 0.000056250 97.000000000 97.000000000 90.000000000 97.000000000
1755077330.599999905 31.291477087166662 120.756151932 3.394500000 4.000000000 0.000053290 1.000000000 0.000000000 0.000000000 0.000054760 97.000000000 97.000000000 90.000000000 97.000000000
1755077330.799999952 31.291477267999998 120.756152055 3.394800000 4.000000000 0.000053290 1.000000000 0.000000000 0.000000000 0.000054760 97.000000000 97.000000000 90.000000000 97.000000000
1755077331.000000000 31.291477450499997 120.756152161 3.393100000 4.000000000 0.000053290 1.000000000 0.000000000 0.000000000 0.000054760 97.000000000 97.000000000 90.000000000 97.000000000
1755077331.200000048 31.291477605999997 120.756152229 3.397200000 4.000000000 0.000054760 1.000000000 0.000000000 0.000000000 0.000054760 97.000000000 97.000000000 90.000000000 97.000000000
1755077331.400000095 31.291477822666664 120.756152305 3.401000000 4.000000000 0.000054760 1.000000000 0.000000000 0.000000000 0.000054760 97.000000000 97.000000000 90.000000000 97.000000000
1755077331.599999905 31.291478015166664 120.756152324 3.388500000 4.000000000 0.000054760 1.000000000 0.000000000 0.000000000 0.000054760 97.000000000 97.000000000 90.000000000 97.000000000
1755077331.799999952 31.291478233166664 120.756152353 3.388799999 4.000000000 0.000054760 1.000000000 0.000000000 0.000000000 0.000054760 97.000000000 97.000000000 90.000000000 97.000000000
1755077332.000000000 31.2914784445 120.756152392 3.387200000 4.000000000 0.000054760 1.000000000 0.000000000 0.000000000 0.000054760 97.000000000 97.000000000 90.000000000 97.000000000
1755077332.200000048 31.291478637 120.756152378 3.390000000 4.000000000 0.000054760 1.000000000 0.000000000 0.000000000 0.000054760 97.000000000 97.000000000 90.000000000 97.000000000
1755077332.400000095 31.2914788535 120.756152345 3.388800000 4.000000000 0.000054760 1.000000000 0.000000000 0.000000000 0.000054760 97.000000000 97.000000000 90.000000000 97.000000000
1755077332.599999905 31.291479043333332 120.756152265 3.367299999 4.000000000 0.000054760 1.000000000 0.000000000 0.000000000 0.000056250 97.000000000 97.000000000 90.000000000 97.000000000
1755077332.799999952 31.29147898416666 120.756152273 3.368600000 4.000000000 0.000056250 1.000000000 0.000000000 0.000000000 0.000056250 97.000000000 97.000000000 90.000000000 97.000000000
1755077333.000000000 31.291478990666672 120.756152274 3.368100000 4.000000000 0.000056250 1.000000000 0.000000000 0.000000000 0.000056250 97.000000000 97.000000000 90.000000000 97.000000000
1755077333.200000048 31.291479003500008 120.756152273 3.365699999 4.000000000 0.000056250 1.000000000 0.000000000 0.000000000 0.000056250 97.000000000 97.000000000 90.000000000 97.000000000
1755077333.400000095 31.29147900416666 120.756152281 3.367600001 4.000000000 0.000056250 1.000000000 0.000000000 0.000000000 0.000056250 97.000000000 97.000000000 90.000000000 97.000000000
1755077333.599999905 31.2914792465 120.756152213 3.360699999 4.000000000 0.000056250 1.000000000 0.000000000 0.000000000 0.000057760 97.000000000 97.000000000 90.000000000 97.000000000
1755077333.799999952 31.291479392 120.756152146 3.360900000 4.000000000 0.000057760 1.000000000 0.000000000 0.000000000 0.000057760 97.000000000 97.000000000 90.000000000 97.000000000
1755077334.000000000 31.291479596833327 120.756152029 3.363800000 4.000000000 0.000057760 1.000000000 0.000000000 0.000000000 0.000057760 97.000000000 97.000000000 90.000000000 97.000000000
1755077334.200000048 31.29147980016667 120.756151883 3.363199999 4.000000000 0.000057760 1.000000000 0.000000000 0.000000000 0.000057760 97.000000000 97.000000000 90.000000000 97.000000000
1755077334.400000095 31.29148 120.756151706 3.362800000 4.000000000 0.000057760 1.000000000 0.000000000 0.000000000 0.000057760 97.000000000 97.000000000 90.000000000 97.000000000
1755077334.599999905 31.291480259 120.756151495 3.357700000 4.000000000 0.000056250 1.000000000 0.000000000 0.000000000 0.000056250 97.000000000 97.000000000 90.000000000 97.000000000
1755077334.799999952 31.291480412333332 120.756151291 3.362400000 4.000000000 0.000056250 1.000000000 0.000000000 0.000000000 0.000056250 97.000000000 97.000000000 90.000000000 97.000000000
1755077335.000000000 31.291480632166667 120.756151073 3.359299999 4.000000000 0.000056250 1.000000000 0.000000000 0.000000000 0.000056250 97.000000000 97.000000000 90.000000000 97.000000000
1755077335.200000048 31.291480786 120.756150832 3.357200000 4.000000000 0.000056250 1.000000000 0.000000000 0.000000000 0.000056250 97.000000000 96.000000000 89.000000000 95.000000000
1755077335.400000095 31.291480874166677 120.756150548 3.361000000 4.000000000 0.000056250 1.000000000 0.000000000 0.000000000 0.000056250 97.000000000 96.000000000 89.000000000 95.000000000
1755077335.599999905 31.291480912666668 120.756150254 3.368600000 4.000000000 0.000056250 1.000000000 0.000000000 0.000000000 0.000054760 97.000000000 96.000000000 89.000000000 95.000000000
1755077335.799999952 31.29148098266667 120.756149924 3.368000000 4.000000000 0.000056250 1.000000000 0.000000000 0.000000000 0.000054760 97.000000000 96.000000000 89.000000000 95.000000000
1755077336.000000000 31.291481028166665 120.756149603 3.365700000 4.000000000 0.000056250 1.000000000 0.000000000 0.000000000 0.000054760 97.000000000 96.000000000 89.000000000 95.000000000
1755077336.200000048 31.291480997833332 120.756149326 3.364800000 4.000000000 0.000056250 1.000000000 0.000000000 0.000000000 0.000054760 97.000000000 97.000000000 90.000000000 97.000000000
1755077336.400000095 31.291480965333346 120.756149016 3.367199998 4.000000000 0.000056250 1.000000000 0.000000000 0.000000000 0.000054760 97.000000000 97.000000000 90.000000000 97.000000000
1755077336.599999905 31.291480921499996 120.756148701 3.378200001 4.000000000 0.000054760 1.000000000 0.000000000 0.000000000 0.000054760 97.000000000 97.000000000 90.000000000 97.000000000
1755077336.799999952 31.291480858666667 120.756148366 3.375800000 4.000000000 0.000054760 1.000000000 0.000000000 0.000000000 0.000054760 97.000000000 97.000000000 90.000000000 97.000000000
1755077337.000000000 31.291480768833342 120.756148076 3.377900000 4.000000000 0.000056250 1.000000000 0.000000000 0.000000000 0.000054760 97.000000000 97.000000000 90.000000000 97.000000000
1755077337.200000048 31.291480655333338 120.756147846 3.377800000 4.000000000 0.000056250 1.000000000 0.000000000 0.000000000 0.000054760 97.000000000 97.000000000 90.000000000 97.000000000
1755077337.400000095 31.29148049416666 120.756147616 3.382000000 4.000000000 0.000056250 1.000000000 0.000000000 0.000000000 0.000054760 97.000000000 97.000000000 90.000000000 97.000000000
1755077337.599999905 31.291480291166657 120.756147256 3.376000000 4.000000000 0.000053290 1.000000000 0.000000000 0.000000000 0.000054760 97.000000000 97.000000000 90.000000000 97.000000000
1755077337.799999952 31.29148009799999 120.756147099 3.373200000 4.000000000 0.000053290 1.000000000 0.000000000 0.000000000 0.000054760 97.000000000 97.000000000 90.000000000 97.000000000
1755077338.000000000 31.29147991283333 120.756146897 3.371799999 4.000000000 0.000053290 1.000000000 0.000000000 0.000000000 0.000054760 97.000000000 97.000000000 90.000000000 97.000000000
1755077338.200000048 31.291479668666664 120.756146727 3.369400000 4.000000000 0.000053290 1.000000000 0.000000000 0.000000000 0.000054760 97.000000000 97.000000000 90.000000000 97.000000000
1755077338.400000095 31.291479451333334 120.756146608 3.367800000 4.000000000 0.000053290 1.000000000 0.000000000 0.000000000 0.000054760 97.000000000 97.000000000 90.000000000 97.000000000
1755077338.599999905 31.291479154166673 120.756146448 3.363199999 4.000000000 0.000053290 1.000000000 0.000000000 0.000000000 0.000054760 97.000000000 97.000000000 90.000000000 97.000000000
1755077338.799999952 31.291478904833333 120.756146349 3.367100000 4.000000000 0.000053290 1.000000000 0.000000000 0.000000000 0.000054760 97.000000000 97.000000000 90.000000000 97.000000000
1755077339.000000000 31.291478649666672 120.756146298 3.369600001 4.000000000 0.000053290 1.000000000 0.000000000 0.000000000 0.000054760 97.000000000 97.000000000 90.000000000 97.000000000
1755077339.200000048 31.29147838433333 120.756146286 3.372700000 4.000000000 0.000053290 1.000000000 0.000000000 0.000000000 0.000054760 100.000000000 98.500000000 90.000000000 97.000000000
1755077339.400000095 31.291478106166664 120.756146304 3.373800000 4.000000000 0.000053290 1.000000000 0.000000000 0.000000000 0.000054760 100.000000000 98.500000000 90.000000000 97.000000000
1755077339.599999905 31.291477797666673 120.756146256 3.379500000 4.000000000 0.000053290 1.000000000 0.000000000 0.000000000 0.000054760 100.000000000 98.500000000 90.000000000 97.000000000
1755077339.799999952 31.29147756483334 120.756146321 3.384500001 4.000000000 0.000053290 1.000000000 0.000000000 0.000000000 0.000054760 100.000000000 98.500000000 90.000000000 97.000000000
1755077340.000000000 31.291477297500006 120.756146456 3.386200001 4.000000000 0.000053290 1.000000000 0.000000000 0.000000000 0.000054760 100.000000000 98.500000000 90.000000000 97.000000000
1755077340.200000048 31.29147704350001 120.756146585 3.387900000 4.000000000 0.000053290 1.000000000 0.000000000 0.000000000 0.000054760 95.000000000 96.000000000 90.000000000 97.000000000
1755077340.400000095 31.291476802500004 120.756146756 3.392100000 4.000000000 0.000053290 1.000000000 0.000000000 0.000000000 0.000056250 95.000000000 96.000000000 90.000000000 97.000000000
1755077340.599999905 31.2914765585 120.756146926 3.397900000 4.000000000 0.000056250 1.000000000 0.000000000 0.000000000 0.000056250 95.000000000 96.000000000 90.000000000 97.000000000
1755077340.799999952 31.29147640333333 120.756147127 3.398399999 4.000000000 0.000056250 1.000000000 0.000000000 0.000000000 0.000056250 95.000000000 96.000000000 90.000000000 97.000000000
1755077341.000000000 31.291476216333322 120.756147386 3.400100000 4.000000000 0.000056250 1.000000000 0.000000000 0.000000000 0.000056250 95.000000000 96.000000000 90.000000000 97.000000000
1755077341.200000048 31.291476052166672 120.756147661 3.398700000 4.000000000 0.000056250 1.000000000 0.000000000 0.000000000 0.000056250 100.000000000 97.500000000 89.000000000 95.000000000
1755077341.400000095 31.29147592066667 120.756147951 3.403200000 4.000000000 0.000056250 1.000000000 0.000000000 0.000000000 0.000056250 100.000000000 97.500000000 89.000000000 95.000000000
1755077341.599999905 31.291475805333334 120.756148233 3.396100000 4.000000000 0.000054760 1.000000000 0.000000000 0.000000000 0.000056250 100.000000000 97.500000000 89.000000000 95.000000000
1755077341.799999952 31.29147577333333 120.756148462 3.398100000 4.000000000 0.000054760 1.000000000 0.000000000 0.000000000 0.000056250 100.000000000 97.500000000 89.000000000 95.000000000
1755077342.000000000 31.29147575983333 120.756148759 3.404599999 4.000000000 0.000054760 1.000000000 0.000000000 0.000000000 0.000056250 100.000000000 97.500000000 89.000000000 95.000000000
1755077342.200000048 31.291475638666657 120.756149092 3.394700000 4.000000000 0.000054760 1.000000000 0.000000000 0.000000000 0.000056250 100.000000000 97.500000000 89.000000000 95.000000000
1755077342.400000095 31.291475665333337 120.756149426 3.398600000 4.000000000 0.000054760 1.000000000 0.000000000 0.000000000 0.000056250 100.000000000 97.500000000 89.000000000 95.000000000
1755077342.599999905 31.291475701333336 120.756149684 3.395200000 4.000000000 0.000053290 1.000000000 0.000000000 0.000000000 0.000054760 100.000000000 97.500000000 89.000000000 95.000000000
1755077342.799999952 31.291475749666667 120.756150026 3.396300000 4.000000000 0.000053290 1.000000000 0.000000000 0.000000000 0.000054760 100.000000000 97.500000000 89.000000000 95.000000000
1755077343.000000000 31.291475835499995 120.756150301 3.399699999 4.000000000 0.000053290 1.000000000 0.000000000 0.000000000 0.000054760 100.000000000 97.500000000 89.000000000 95.000000000
1755077343.200000048 31.29147594016666 120.756150591 3.398900001 4.000000000 0.000053290 1.000000000 0.000000000 0.000000000 0.000054760 97.000000000 96.000000000 89.000000000 95.000000000
1755077343.400000095 31.29147606083333 120.756150851 3.395900000 4.000000000 0.000053290 1.000000000 0.000000000 0.000000000 0.000054760 97.000000000 96.000000000 89.000000000 95.000000000
1755077343.599999905 31.291476277833343 120.756151129 3.380600001 4.000000000 0.000051840 1.000000000 0.000000000 0.000000000 0.000054760 97.000000000 96.000000000 89.000000000 95.000000000
1755077343.799999952 31.291476439333337 120.756151364 3.382400000 4.000000000 0.000051840 1.000000000 0.000000000 0.000000000 0.000054760 97.000000000 96.000000000 89.000000000 95.000000000
1755077344.000000000 31.291476631999995 120.756151555 3.387600000 4.000000000 0.000051840 1.000000000 0.000000000 0.000000000 0.000054760 97.000000000 96.000000000 89.000000000 95.000000000
1755077344.200000048 31.291476866500002 120.756151739 3.381900000 4.000000000 0.000051840 1.000000000 0.000000000 0.000000000 0.000054760 97.000000000 96.000000000 89.000000000 95.000000000
1755077344.400000095 31.29147708016667 120.756151912 3.377600000 4.000000000 0.000051840 1.000000000 0.000000000 0.000000000 0.000054760 97.000000000 96.000000000 89.000000000 95.000000000
1755077344.599999905 31.291477304666667 120.756152066 3.384900000 4.000000000 0.000053290 1.000000000 0.000000000 0.000000000 0.000054760 97.000000000 96.000000000 89.000000000 95.000000000
1755077344.799999952 31.291477541499994 120.756152207 3.383700000 4.000000000 0.000053290 1.000000000 0.000000000 0.000000000 0.000054760 97.000000000 96.000000000 89.000000000 95.000000000
1755077345.000000000 31.291477767 120.756152259 3.382500000 4.000000000 0.000053290 1.000000000 0.000000000 0.000000000 0.000054760 97.000000000 96.000000000 89.000000000 95.000000000
1755077345.200000048 31.291478058833334 120.756152312 3.380900000 4.000000000 0.000053290 1.000000000 0.000000000 0.000000000 0.000056250 97.000000000 96.000000000 89.000000000 95.000000000
1755077345.400000095 31.291478352333343 120.756152343 3.378500001 4.000000000 0.000053290 1.000000000 0.000000000 0.000000000 0.000056250 97.000000000 96.000000000 89.000000000 95.000000000
1755077345.599999905 31.291478644 120.756152369 3.371600000 4.000000000 0.000054760 1.000000000 0.000000000 0.000000000 0.000056250 97.000000000 96.000000000 89.000000000 95.000000000
1755077345.799999952 31.291478936833332 120.756152319 3.374500000 4.000000000 0.000054760 1.000000000 0.000000000 0.000000000 0.000056250 97.000000000 96.000000000 89.000000000 95.000000000
1755077346.000000000 31.29147886666667 120.756152333 3.375300000 4.000000000 0.000054760 1.000000000 0.000000000 0.000000000 0.000056250 97.000000000 96.000000000 89.000000000 95.000000000
1755077346.200000048 31.29147887683334 120.756152349 3.375400001 4.000000000 0.000056250 1.000000000 0.000000000 0.000000000 0.000056250 97.000000000 96.000000000 89.000000000 95.000000000
1755077346.400000095 31.29147889050001 120.756152347 3.373900000 4.000000000 0.000056250 1.000000000 0.000000000 0.000000000 0.000056250 97.000000000 96.000000000 89.000000000 95.000000000
1755077346.599999905 31.29147890466666 120.756152340 3.360500000 4.000000000 0.000056250 1.000000000 0.000000000 0.000000000 0.000056250 97.000000000 96.000000000 89.000000000 95.000000000
1755077346.799999952 31.291478899500003 120.756152347 3.362899999 4.000000000 0.000056250 1.000000000 0.000000000 0.000000000 0.000056250 97.000000000 96.000000000 89.000000000 95.000000000
1755077347.000000000 31.291478896 120.756152346 3.362400000 4.000000000 0.000056250 1.000000000 0.000000000 0.000000000 0.000056250 97.000000000 96.000000000 89.000000000 95.000000000
1755077347.200000048 31.291478895500006 120.756152342 3.362600000 4.000000000 0.000056250 1.000000000 0.000000000 0.000000000 0.000056250 97.000000000 96.000000000 89.000000000 95.000000000
1755077347.400000095 31.29147876316665 120.756151953 3.364900000 4.000000000 0.000056250 1.000000000 0.000000000 0.000000000 0.000056250 97.000000000 96.000000000 89.000000000 95.000000000
1755077347.599999905 31.2914787405 120.756151357 3.361500000 4.000000000 0.000056250 1.000000000 0.000000000 0.000000000 0.000056250 97.000000000 96.000000000 89.000000000 95.000000000
1755077347.799999952 31.291478641999998 120.756150767 3.365000000 4.000000000 0.000056250 1.000000000 0.000000000 0.000000000 0.000056250 97.000000000 96.000000000 89.000000000 95.000000000
1755077348.000000000 31.291478600166663 120.756150329 3.367300000 4.000000000 0.000056250 1.000000000 0.000000000 0.000000000 0.000056250 97.000000000 96.000000000 89.000000000 95.000000000
1755077348.200000048 31.291478682999998 120.756150354 3.367800000 4.000000000 0.000056250 1.000000000 0.000000000 0.000000000 0.000056250 97.000000000 96.000000000 89.000000000 95.000000000
1755077348.400000095 31.291478724500006 120.756150433 3.372299999 4.000000000 0.000056250 1.000000000 0.000000000 0.000000000 0.000056250 97.000000000 96.000000000 89.000000000 95.000000000
1755077348.599999905 31.291478767999998 120.756150562 3.374500001 4.000000000 0.000056250 1.000000000 0.000000000 0.000000000 0.000056250 97.000000000 96.000000000 89.000000000 95.000000000
1755077348.799999952 31.291478826833345 120.756150657 3.374900000 4.000000000 0.000056250 1.000000000 0.000000000 0.000000000 0.000056250 97.000000000 96.000000000 89.000000000 95.000000000
1755077349.000000000 31.291478916166668 120.756150759 3.375900000 4.000000000 0.000056250 1.000000000 0.000000000 0.000000000 0.000056250 97.000000000 96.000000000 89.000000000 95.000000000
1755077349.200000048 31.291478943 120.756150795 3.377400000 4.000000000 0.000056250 1.000000000 0.000000000 0.000000000 0.000056250 97.000000000 97.000000000 90.000000000 97.000000000
1755077349.400000095 31.2914789275 120.756150785 3.373700000 4.000000000 0.000056250 1.000000000 0.000000000 0.000000000 0.000056250 97.000000000 97.000000000 90.000000000 97.000000000
1755077349.599999905 31.2914789275 120.756150768 3.382300000 4.000000000 0.000056250 1.000000000 0.000000000 0.000000000 0.000056250 97.000000000 97.000000000 90.000000000 97.000000000
1755077349.799999952 31.29147894916668 120.756150777 3.377400000 4.000000000 0.000056250 1.000000000 0.000000000 0.000000000 0.000056250 97.000000000 97.000000000 90.000000000 97.000000000
1755077350.000000000 31.29147903633334 120.756150755 3.376400000 4.000000000 0.000056250 1.000000000 0.000000000 0.000000000 0.000056250 97.000000000 97.000000000 90.000000000 97.000000000
1755077350.200000048 31.291479262 120.756150675 3.372800000 4.000000000 0.000056250 1.000000000 0.000000000 0.000000000 0.000057760 95.000000000 97.500000000 92.000000000 100.000000000
1755077350.400000095 31.291479262499994 120.756150667 3.376000000 4.000000000 0.000056250 1.000000000 0.000000000 0.000000000 0.000057760 95.000000000 97.500000000 92.000000000 100.000000000
1755077350.599999905 31.29147924800001 120.756150685 3.372500000 4.000000000 0.000056250 1.000000000 0.000000000 0.000000000 0.000056250 95.000000000 97.500000000 92.000000000 100.000000000
1755077350.799999952 31.291479252833327 120.756150688 3.371500000 4.000000000 0.000056250 1.000000000 0.000000000 0.000000000 0.000057760 95.000000000 97.500000000 92.000000000 100.000000000
1755077351.000000000 31.29147927450001 120.756150680 3.370800000 4.000000000 0.000056250 1.000000000 0.000000000 0.000000000 0.000057760 95.000000000 97.500000000 92.000000000 100.000000000
1755077351.200000048 31.291479297166678 120.756150697 3.370699999 4.000000000 0.000056250 1.000000000 0.000000000 0.000000000 0.000057760 97.000000000 98.500000000 92.000000000 100.000000000
1755077351.400000095 31.291479293166677 120.756150695 3.368599999 4.000000000 0.000056250 1.000000000 0.000000000 0.000000000 0.000057760 97.000000000 98.500000000 92.000000000 100.000000000
1755077351.599999905 31.291479295333335 120.756150689 3.369500000 4.000000000 0.000056250 1.000000000 0.000000000 0.000000000 0.000056250 97.000000000 98.500000000 92.000000000 100.000000000
1755077351.799999952 31.291479285166663 120.756150695 3.369300000 4.000000000 0.000056250 1.000000000 0.000000000 0.000000000 0.000056250 97.000000000 98.500000000 92.000000000 100.000000000
1755077352.000000000 31.291479281833336 120.756150698 3.364200000 4.000000000 0.000056250 1.000000000 0.000000000 0.000000000 0.000056250 97.000000000 98.500000000 92.000000000 100.000000000
1755077352.200000048 31.29147928383334 120.756150703 3.366699998 4.000000000 0.000056250 1.000000000 0.000000000 0.000000000 0.000056250 95.000000000 96.000000000 90.000000000 97.000000000
1755077352.400000095 31.291479285666675 120.756150702 3.367000000 4.000000000 0.000056250 1.000000000 0.000000000 0.000000000 0.000056250 95.000000000 96.000000000 90.000000000 97.000000000
1755077352.599999905 31.291479325999994 120.756150703 3.374900000 4.000000000 0.000051840 1.000000000 0.000000000 0.000000000 0.000051840 95.000000000 96.000000000 90.000000000 97.000000000
1755077352.799999952 31.291479645833334 120.756150493 3.378000000 4.000000000 0.000051840 1.000000000 0.000000000 0.000000000 0.000051840 95.000000000 96.000000000 90.000000000 97.000000000
1755077353.000000000 31.29147992916667 120.756150242 3.373700000 4.000000000 0.000051840 1.000000000 0.000000000 0.000000000 0.000051840 95.000000000 96.000000000 90.000000000 97.000000000
1755077353.200000048 31.29148006416666 120.756150100 3.376200001 4.000000000 0.000051840 1.000000000 0.000000000 0.000000000 0.000051840 97.000000000 97.000000000 90.000000000 97.000000000
1755077353.400000095 31.291480273499996 120.756149843 3.376800000 4.000000000 0.000051840 1.000000000 0.000000000 0.000000000 0.000051840 97.000000000 97.000000000 90.000000000 97.000000000
1755077353.599999905 31.291480378333336 120.756149587 3.375400000 4.000000000 0.000051840 1.000000000 0.000000000 0.000000000 0.000053290 97.000000000 97.000000000 90.000000000 97.000000000
1755077353.799999952 31.291480535166666 120.756149305 3.375700000 4.000000000 0.000051840 1.000000000 0.000000000 0.000000000 0.000053290 97.000000000 97.000000000 90.000000000 97.000000000
1755077354.000000000 31.291480630500004 120.756149058 3.380600000 4.000000000 0.000051840 1.000000000 0.000000000 0.000000000 0.000053290 97.000000000 97.000000000 90.000000000 97.000000000
1755077354.200000048 31.291480690333326 120.756148783 3.385899999 4.000000000 0.000051840 1.000000000 0.000000000 0.000000000 0.000054760 100.000000000 98.500000000 90.000000000 97.000000000
1755077354.400000095 31.291480752499993 120.756148494 3.383800000 4.000000000 0.000051840 1.000000000 0.000000000 0.000000000 0.000054760 100.000000000 98.500000000 90.000000000 97.000000000
1755077354.599999905 31.291480777999997 120.756148139 3.364200000 4.000000000 0.000053290 1.000000000 0.000000000 0.000000000 0.000056250 100.000000000 98.500000000 90.000000000 97.000000000
1755077354.799999952 31.29148077033334 120.756147812 3.361100000 4.000000000 0.000053290 1.000000000 0.000000000 0.000000000 0.000056250 100.000000000 98.500000000 90.000000000 97.000000000
1755077355.000000000 31.29148073783334 120.756147588 3.364200000 4.000000000 0.000053290 1.000000000 0.000000000 0.000000000 0.000056250 100.000000000 98.500000000 90.000000000 97.000000000
1755077355.200000048 31.29148067633333 120.756147364 3.365099999 4.000000000 0.000053290 1.000000000 0.000000000 0.000000000 0.000056250 97.000000000 97.000000000 90.000000000 97.000000000
1755077355.400000095 31.291480692666656 120.756147450 3.367700000 4.000000000 0.000053290 1.000000000 0.000000000 0.000000000 0.000056250 97.000000000 97.000000000 90.000000000 97.000000000
1755077355.599999905 31.29148069233334 120.756147508 3.363700000 4.000000000 0.000051840 1.000000000 0.000000000 0.000000000 0.000056250 97.000000000 97.000000000 90.000000000 97.000000000
1755077355.799999952 31.291480228999998 120.756147529 3.362500000 4.000000000 0.000051840 1.000000000 0.000000000 0.000000000 0.000056250 97.000000000 97.000000000 90.000000000 97.000000000
1755077356.000000000 31.291479481166668 120.756147613 3.361500000 4.000000000 0.000051840 1.000000000 0.000000000 0.000000000 0.000056250 97.000000000 97.000000000 90.000000000 97.000000000
1755077356.200000048 31.291478745166675 120.756147791 3.361400001 4.000000000 0.000051840 1.000000000 0.000000000 0.000000000 0.000056250 97.000000000 97.000000000 90.000000000 97.000000000
1755077356.400000095 31.29147805833334 120.756147980 3.362000000 4.000000000 0.000051840 1.000000000 0.000000000 0.000000000 0.000056250 97.000000000 97.000000000 90.000000000 97.000000000
1755077356.599999905 31.291477411666662 120.756148102 3.354000000 4.000000000 0.000053290 1.000000000 0.000000000 0.000000000 0.000056250 97.000000000 97.000000000 90.000000000 97.000000000
1755077356.799999952 31.291476685333336 120.756148196 3.346700000 4.000000000 0.000053290 1.000000000 0.000000000 0.000000000 0.000056250 97.000000000 97.000000000 90.000000000 97.000000000
1755077357.000000000 31.291475938166673 120.756148390 3.350400000 4.000000000 0.000053290 1.000000000 0.000000000 0.000000000 0.000056250 97.000000000 97.000000000 90.000000000 97.000000000
1755077357.200000048 31.291475188499998 120.756148531 3.361100000 4.000000000 0.000053290 1.000000000 0.000000000 0.000000000 0.000056250 100.000000000 98.500000000 90.000000000 97.000000000
1755077357.400000095 31.291474589666677 120.756148664 3.353700000 4.000000000 0.000053290 1.000000000 0.000000000 0.000000000 0.000056250 100.000000000 98.500000000 90.000000000 97.000000000
1755077357.599999905 31.291473785 120.756148834 3.366800000 4.000000000 0.000053290 1.000000000 0.000000000 0.000000000 0.000054760 100.000000000 98.500000000 90.000000000 97.000000000
1755077357.799999952 31.291473184333334 120.756148955 3.358300000 4.000000000 0.000053290 1.000000000 0.000000000 0.000000000 0.000054760 100.000000000 98.500000000 90.000000000 97.000000000
1755077358.000000000 31.29147252683333 120.756149148 3.361000000 4.000000000 0.000053290 1.000000000 0.000000000 0.000000000 0.000054760 100.000000000 98.500000000 90.000000000 97.000000000
1755077358.200000048 31.29147183066667 120.756149347 3.354700000 4.000000000 0.000053290 1.000000000 0.000000000 0.000000000 0.000054760 100.000000000 98.500000000 90.000000000 97.000000000
1755077358.400000095 31.291471105499998 120.756149495 3.357200000 4.000000000 0.000053290 1.000000000 0.000000000 0.000000000 0.000054760 100.000000000 98.500000000 90.000000000 97.000000000
1755077358.599999905 31.291470329499994 120.756149609 3.369800000 4.000000000 0.000051840 1.000000000 0.000000000 0.000000000 0.000054760 100.000000000 98.500000000 90.000000000 97.000000000
1755077358.799999952 31.291469606166668 120.756149730 3.365700000 4.000000000 0.000051840 1.000000000 0.000000000 0.000000000 0.000054760 100.000000000 98.500000000 90.000000000 97.000000000
1755077359.000000000 31.29146892316667 120.756149924 3.357299999 4.000000000 0.000051840 1.000000000 0.000000000 0.000000000 0.000054760 100.000000000 98.500000000 90.000000000 97.000000000
1755077359.200000048 31.291468243833336 120.756150103 3.358700000 4.000000000 0.000051840 1.000000000 0.000000000 0.000000000 0.000054760 97.000000000 97.000000000 90.000000000 97.000000000
1755077359.400000095 31.291467518833326 120.756150269 3.360800000 4.000000000 0.000051840 1.000000000 0.000000000 0.000000000 0.000054760 97.000000000 97.000000000 90.000000000 97.000000000
1755077359.599999905 31.291467607333335 120.756150213 3.373800000 4.000000000 0.000050410 1.000000000 0.000000000 0.000000000 0.000054760 97.000000000 97.000000000 90.000000000 97.000000000
1755077359.799999952 31.291467587166668 120.756150197 3.372200000 4.000000000 0.000050410 1.000000000 0.000000000 0.000000000 0.000054760 97.000000000 97.000000000 90.000000000 97.000000000
1755077360.000000000 31.29146753033333 120.756150079 3.373400000 4.000000000 0.000050410 1.000000000 0.000000000 0.000000000 0.000054760 97.000000000 97.000000000 90.000000000 97.000000000
1755077360.200000048 31.29146743233333 120.756149734 3.376200000 4.000000000 0.000050410 1.000000000 0.000000000 0.000000000 0.000056250 97.000000000 97.000000000 90.000000000 97.000000000
1755077360.400000095 31.291467340500002 120.756149444 3.377800000 4.000000000 0.000050410 1.000000000 0.000000000 0.000000000 0.000056250 97.000000000 97.000000000 90.000000000 97.000000000
1755077360.599999905 31.29146718333333 120.756149136 3.377600000 4.000000000 0.000054760 1.000000000 0.000000000 0.000000000 0.000054760 97.000000000 97.000000000 90.000000000 97.000000000
1755077360.799999952 31.29146704216666 120.756148841 3.377500000 4.000000000 0.000054760 1.000000000 0.000000000 0.000000000 0.000054760 97.000000000 97.000000000 90.000000000 97.000000000
1755077361.000000000 31.29146687283334 120.756148586 3.380700000 4.000000000 0.000054760 1.000000000 0.000000000 0.000000000 0.000054760 97.000000000 97.000000000 90.000000000 97.000000000
1755077361.200000048 31.291466710666672 120.756148393 3.383200001 4.000000000 0.000054760 1.000000000 0.000000000 0.000000000 0.000054760 97.000000000 97.000000000 90.000000000 97.000000000
1755077361.400000095 31.291466479833332 120.756148179 3.386500001 4.000000000 0.000054760 1.000000000 0.000000000 0.000000000 0.000054760 97.000000000 97.000000000 90.000000000 97.000000000
1755077361.599999905 31.291466203833334 120.756148085 3.388500000 4.000000000 0.000056250 1.000000000 0.000000000 0.000000000 0.000054760 97.000000000 97.000000000 90.000000000 97.000000000
1755077361.799999952 31.29146596833333 120.756147958 3.387900000 4.000000000 0.000056250 1.000000000 0.000000000 0.000000000 0.000054760 97.000000000 97.000000000 90.000000000 97.000000000
1755077362.000000000 31.291465733333325 120.756147880 3.394000001 4.000000000 0.000056250 1.000000000 0.000000000 0.000000000 0.000054760 97.000000000 97.000000000 90.000000000 97.000000000
1755077362.200000048 31.29146546616666 120.756147764 3.389800001 4.000000000 0.000056250 1.000000000 0.000000000 0.000000000 0.000054760 95.000000000 96.000000000 90.000000000 97.000000000
1755077362.400000095 31.29146520566667 120.756147728 3.389600000 4.000000000 0.000056250 1.000000000 0.000000000 0.000000000 0.000054760 95.000000000 96.000000000 90.000000000 97.000000000
1755077362.599999905 31.291464931500006 120.756147703 3.394400000 4.000000000 0.000056250 1.000000000 0.000000000 0.000000000 0.000054760 95.000000000 96.000000000 90.000000000 97.000000000
1755077362.799999952 31.291464854499996 120.756147705 3.395800001 4.000000000 0.000056250 1.000000000 0.000000000 0.000000000 0.000054760 95.000000000 96.000000000 90.000000000 97.000000000
1755077363.000000000 31.291464872833338 120.756147705 3.396100000 4.000000000 0.000056250 1.000000000 0.000000000 0.000000000 0.000054760 95.000000000 96.000000000 90.000000000 97.000000000
1755077363.200000048 31.291464863833337 120.756147707 3.395200000 4.000000000 0.000056250 1.000000000 0.000000000 0.000000000 0.000056250 97.000000000 96.000000000 89.000000000 95.000000000
1755077363.400000095 31.291464862333324 120.756147714 3.394800001 4.000000000 0.000056250 1.000000000 0.000000000 0.000000000 0.000056250 97.000000000 96.000000000 89.000000000 95.000000000
1755077363.599999905 31.291464856833333 120.756147918 3.399000000 4.000000000 0.000056250 1.000000000 0.000000000 0.000000000 0.000057760 97.000000000 96.000000000 89.000000000 95.000000000
1755077363.799999952 31.291464798499995 120.756148569 3.405000000 4.000000000 0.000056250 1.000000000 0.000000000 0.000000000 0.000057760 97.000000000 96.000000000 89.000000000 95.000000000
1755077364.000000000 31.29146486366667 120.756149534 3.396199999 4.000000000 0.000056250 1.000000000 0.000000000 0.000000000 0.000057760 97.000000000 96.000000000 89.000000000 95.000000000
1755077364.200000048 31.291464878666677 120.756150339 3.390999999 4.000000000 0.000056250 1.000000000 0.000000000 0.000000000 0.000057760 97.000000000 96.000000000 89.000000000 95.000000000
1755077364.400000095 31.291464907 120.756151188 3.394200001 4.000000000 0.000056250 1.000000000 0.000000000 0.000000000 0.000057760 97.000000000 96.000000000 89.000000000 95.000000000
1755077364.599999905 31.291464924166668 120.756152036 3.376500000 4.000000000 0.000056250 1.000000000 0.000000000 0.000000000 0.000057760 97.000000000 96.000000000 89.000000000 95.000000000
1755077364.799999952 31.291465017 120.756152843 3.371700000 4.000000000 0.000056250 1.000000000 0.000000000 0.000000000 0.000057760 97.000000000 96.000000000 89.000000000 95.000000000
1755077365.000000000 31.291465077500003 120.756153676 3.371200000 4.000000000 0.000056250 1.000000000 0.000000000 0.000000000 0.000057760 97.000000000 96.000000000 89.000000000 95.000000000
1755077365.200000048 31.291465094666666 120.756154523 3.369400000 4.000000000 0.000057760 1.000000000 0.000000000 0.000000000 0.000057760 95.000000000 95.000000000 89.000000000 95.000000000
1755077365.400000095 31.291465100500005 120.756155313 3.365600000 4.000000000 0.000057760 1.000000000 0.000000000 0.000000000 0.000057760 95.000000000 95.000000000 89.000000000 95.000000000
1755077365.599999905 31.291465149999993 120.756156212 3.362200001 4.000000000 0.000056250 1.000000000 0.000000000 0.000000000 0.000056250 95.000000000 95.000000000 89.000000000 95.000000000
1755077365.799999952 31.29146525900001 120.756156999 3.363299999 4.000000000 0.000056250 1.000000000 0.000000000 0.000000000 0.000056250 95.000000000 95.000000000 89.000000000 95.000000000
1755077366.000000000 31.29146532816668 120.756157890 3.368799999 4.000000000 0.000056250 1.000000000 0.000000000 0.000000000 0.000056250 95.000000000 95.000000000 89.000000000 95.000000000
1755077366.200000048 31.29146537299999 120.756158745 3.370600000 4.000000000 0.000056250 1.000000000 0.000000000 0.000000000 0.000056250 97.000000000 97.000000000 90.000000000 97.000000000
1755077366.400000095 31.29146539749999 120.756159552 3.362600000 4.000000000 0.000056250 1.000000000 0.000000000 0.000000000 0.000056250 97.000000000 97.000000000 90.000000000 97.000000000
1755077366.599999905 31.291465409166666 120.756160377 3.361200000 4.000000000 0.000056250 1.000000000 0.000000000 0.000000000 0.000054760 97.000000000 97.000000000 90.000000000 97.000000000
1755077366.799999952 31.291465474666662 120.756161203 3.357700000 4.000000000 0.000056250 1.000000000 0.000000000 0.000000000 0.000054760 97.000000000 97.000000000 90.000000000 97.000000000
1755077367.000000000 31.291465563333333 120.756162000 3.354700001 4.000000000 0.000056250 1.000000000 0.000000000 0.000000000 0.000054760 97.000000000 97.000000000 90.000000000 97.000000000
1755077367.200000048 31.291465652833338 120.756162777 3.352599998 4.000000000 0.000057760 1.000000000 0.000000000 0.000000000 0.000056250 97.000000000 97.000000000 90.000000000 97.000000000
1755077367.400000095 31.291465628500006 120.756163187 3.357400000 4.000000000 0.000057760 1.000000000 0.000000000 0.000000000 0.000056250 97.000000000 97.000000000 90.000000000 97.000000000
1755077367.599999905 31.291465613166668 120.756163087 3.352000000 4.000000000 0.000053290 1.000000000 0.000000000 0.000000000 0.000053290 97.000000000 97.000000000 90.000000000 97.000000000
1755077367.799999952 31.29146561833334 120.756163089 3.353800000 4.000000000 0.000053290 1.000000000 0.000000000 0.000000000 0.000053290 97.000000000 97.000000000 90.000000000 97.000000000
1755077368.000000000 31.291465410500013 120.756163103 3.355700000 4.000000000 0.000053290 1.000000000 0.000000000 0.000000000 0.000053290 97.000000000 97.000000000 90.000000000 97.000000000
1755077368.200000048 31.291465139000003 120.756163133 3.356499999 4.000000000 0.000054760 1.000000000 0.000000000 0.000000000 0.000053290 97.000000000 97.000000000 90.000000000 97.000000000
1755077368.400000095 31.291465188499995 120.756163136 3.356300000 4.000000000 0.000054760 1.000000000 0.000000000 0.000000000 0.000053290 97.000000000 97.000000000 90.000000000 97.000000000
1755077368.599999905 31.291465204 120.756163110 3.352800000 4.000000000 0.000056250 1.000000000 0.000000000 0.000000000 0.000056250 97.000000000 97.000000000 90.000000000 97.000000000
1755077368.799999952 31.29146521933333 120.756163265 3.351299999 4.000000000 0.000056250 1.000000000 0.000000000 0.000000000 0.000056250 97.000000000 97.000000000 90.000000000 97.000000000
1755077369.000000000 31.291465352000007 120.756163879 3.349299999 4.000000000 0.000056250 1.000000000 0.000000000 0.000000000 0.000056250 97.000000000 97.000000000 90.000000000 97.000000000
1755077369.200000048 31.29146552383333 120.756164802 3.350699998 4.000000000 0.000057760 1.000000000 0.000000000 0.000000000 0.000056250 97.000000000 97.000000000 90.000000000 97.000000000
1755077369.400000095 31.291465798666653 120.756165597 3.350900000 4.000000000 0.000057760 1.000000000 0.000000000 0.000000000 0.000056250 97.000000000 97.000000000 90.000000000 97.000000000
1755077369.599999905 31.291465981833333 120.756166384 3.343400000 4.000000000 0.000057760 1.000000000 0.000000000 0.000000000 0.000056250 97.000000000 97.000000000 90.000000000 97.000000000
1755077369.799999952 31.291466126666666 120.756167144 3.341100000 4.000000000 0.000057760 1.000000000 0.000000000 0.000000000 0.000056250 97.000000000 97.000000000 90.000000000 97.000000000
1755077370.000000000 31.29146628650001 120.756167908 3.341199999 4.000000000 0.000057760 1.000000000 0.000000000 0.000000000 0.000056250 97.000000000 97.000000000 90.000000000 97.000000000
1755077370.200000048 31.291466415166663 120.756168686 3.341900000 4.000000000 0.000057760 1.000000000 0.000000000 0.000000000 0.000056250 97.000000000 95.000000000 88.000000000 93.000000000
1755077370.400000095 31.291466551833334 120.756169509 3.342300000 4.000000000 0.000057760 1.000000000 0.000000000 0.000000000 0.000056250 97.000000000 95.000000000 88.000000000 93.000000000
1755077370.599999905 31.291466531500003 120.756170368 3.352600000 4.000000000 0.000057760 1.000000000 0.000000000 0.000000000 0.000056250 97.000000000 95.000000000 88.000000000 93.000000000
1755077370.799999952 31.291466688166665 120.756171222 3.352600001 4.000000000 0.000057760 1.000000000 0.000000000 0.000000000 0.000056250 97.000000000 95.000000000 88.000000000 93.000000000
1755077371.000000000 31.291466884499993 120.756171916 3.351500000 4.000000000 0.000057760 1.000000000 0.000000000 0.000000000 0.000056250 97.000000000 95.000000000 88.000000000 93.000000000
1755077371.200000048 31.29146688066667 120.756172822 3.349499999 4.000000000 0.000059290 1.000000000 0.000000000 0.000000000 0.000057760 97.000000000 95.000000000 88.000000000 93.000000000
1755077371.400000095 31.291466912666678 120.756172825 3.348200000 4.000000000 0.000059290 1.000000000 0.000000000 0.000000000 0.000057760 97.000000000 95.000000000 88.000000000 93.000000000
1755077371.599999905 31.29146692366667 120.756172838 3.354000000 4.000000000 0.000054760 1.000000000 0.000000000 0.000000000 0.000053290 97.000000000 95.000000000 88.000000000 93.000000000
1755077371.799999952 31.291466929500004 120.756172858 3.353300000 4.000000000 0.000054760 1.000000000 0.000000000 0.000000000 0.000053290 97.000000000 95.000000000 88.000000000 93.000000000
1755077372.000000000 31.291466925 120.756172862 3.351500000 4.000000000 0.000054760 1.000000000 0.000000000 0.000000000 0.000053290 97.000000000 95.000000000 88.000000000 93.000000000
1755077372.200000048 31.291466962999994 120.756172871 3.350999999 4.000000000 0.000054760 1.000000000 0.000000000 0.000000000 0.000054760 95.000000000 94.000000000 88.000000000 93.000000000
1755077372.400000095 31.291467130500006 120.756172882 3.352700001 4.000000000 0.000054760 1.000000000 0.000000000 0.000000000 0.000054760 95.000000000 94.000000000 88.000000000 93.000000000
1755077372.599999905 31.291467322499987 120.756172896 3.350200000 4.000000000 0.000056250 1.000000000 0.000000000 0.000000000 0.000053290 95.000000000 94.000000000 88.000000000 93.000000000
1755077372.799999952 31.291467472000004 120.756172961 3.357900000 4.000000000 0.000056250 1.000000000 0.000000000 0.000000000 0.000053290 95.000000000 94.000000000 88.000000000 93.000000000
1755077373.000000000 31.29146769516666 120.756173002 3.356800000 4.000000000 0.000056250 1.000000000 0.000000000 0.000000000 0.000053290 95.000000000 94.000000000 88.000000000 93.000000000
1755077373.200000048 31.29146786300001 120.756173108 3.367200000 4.000000000 0.000056250 1.000000000 0.000000000 0.000000000 0.000054760 97.000000000 96.000000000 89.000000000 95.000000000
1755077373.400000095 31.291468030666685 120.756173166 3.375099999 4.000000000 0.000057760 1.000000000 0.000000000 0.000000000 0.000054760 97.000000000 96.000000000 89.000000000 95.000000000
1755077373.599999905 31.29146826566667 120.756173216 3.361200001 4.000000000 0.000053290 1.000000000 0.000000000 0.000000000 0.000054760 97.000000000 96.000000000 89.000000000 95.000000000
1755077373.799999952 31.2914684145 120.756173322 3.362900000 4.000000000 0.000053290 1.000000000 0.000000000 0.000000000 0.000054760 97.000000000 96.000000000 89.000000000 95.000000000
1755077374.000000000 31.29146856783333 120.756173474 3.363600001 4.000000000 0.000053290 1.000000000 0.000000000 0.000000000 0.000054760 97.000000000 96.000000000 89.000000000 95.000000000
1755077374.200000048 31.29146875799999 120.756173627 3.362200001 4.000000000 0.000053290 1.000000000 0.000000000 0.000000000 0.000054760 97.000000000 96.000000000 89.000000000 95.000000000
1755077374.400000095 31.291468888666667 120.756173798 3.361200000 4.000000000 0.000053290 1.000000000 0.000000000 0.000000000 0.000054760 97.000000000 96.000000000 89.000000000 95.000000000
1755077374.599999905 31.291469085500005 120.756173968 3.346100000 4.000000000 0.000054760 1.000000000 0.000000000 0.000000000 0.000054760 97.000000000 96.000000000 89.000000000 95.000000000
1755077374.799999952 31.29146920883333 120.756174134 3.345799999 4.000000000 0.000054760 1.000000000 0.000000000 0.000000000 0.000054760 97.000000000 96.000000000 89.000000000 95.000000000
1755077375.000000000 31.291469348833335 120.756174328 3.344600000 4.000000000 0.000054760 1.000000000 0.000000000 0.000000000 0.000054760 97.000000000 96.000000000 89.000000000 95.000000000
1755077375.200000048 31.2914694485 120.756174529 3.344400000 4.000000000 0.000054760 1.000000000 0.000000000 0.000000000 0.000056250 97.000000000 96.000000000 89.000000000 95.000000000
1755077375.400000095 31.291469541166666 120.756174765 3.345600000 4.000000000 0.000054760 1.000000000 0.000000000 0.000000000 0.000056250 97.000000000 96.000000000 89.000000000 95.000000000
1755077375.599999905 31.291469603833338 120.756174978 3.329200001 4.000000000 0.000051840 1.000000000 0.000000000 0.000000000 0.000053290 97.000000000 96.000000000 89.000000000 95.000000000
1755077375.799999952 31.29146963566666 120.756175132 3.331300000 4.000000000 0.000051840 1.000000000 0.000000000 0.000000000 0.000053290 97.000000000 96.000000000 89.000000000 95.000000000
1755077376.000000000 31.291469634833337 120.756175079 3.329800000 4.000000000 0.000051840 1.000000000 0.000000000 0.000000000 0.000053290 97.000000000 96.000000000 89.000000000 95.000000000
1755077376.200000048 31.291469620666664 120.756175081 3.331600000 4.000000000 0.000051840 1.000000000 0.000000000 0.000000000 0.000053290 97.000000000 96.000000000 89.000000000 95.000000000
1755077376.400000095 31.291469336833323 120.756175217 3.328200000 4.000000000 0.000051840 1.000000000 0.000000000 0.000000000 0.000053290 97.000000000 96.000000000 89.000000000 95.000000000
1755077376.599999905 31.291468760833332 120.756175449 3.332200001 4.000000000 0.000051840 1.000000000 0.000000000 0.000000000 0.000053290 97.000000000 96.000000000 89.000000000 95.000000000
1755077376.799999952 31.291468039 120.756175611 3.327000000 4.000000000 0.000051840 1.000000000 0.000000000 0.000000000 0.000053290 97.000000000 96.000000000 89.000000000 95.000000000
1755077377.000000000 31.291467357000005 120.756175847 3.329200000 4.000000000 0.000051840 1.000000000 0.000000000 0.000000000 0.000053290 97.000000000 96.000000000 89.000000000 95.000000000
1755077377.200000048 31.291466683666663 120.756175973 3.331300000 4.000000000 0.000051840 1.000000000 0.000000000 0.000000000 0.000054760 97.000000000 97.000000000 90.000000000 97.000000000
1755077377.400000095 31.291465962166654 120.756176140 3.327800002 4.000000000 0.000051840 1.000000000 0.000000000 0.000000000 0.000054760 97.000000000 97.000000000 90.000000000 97.000000000
1755077377.599999905 31.291465266333322 120.756176346 3.347000000 4.000000000 0.000051840 1.000000000 0.000000000 0.000000000 0.000054760 97.000000000 97.000000000 90.000000000 97.000000000
1755077377.799999952 31.291464524999995 120.756176555 3.353100000 4.000000000 0.000051840 1.000000000 0.000000000 0.000000000 0.000054760 97.000000000 97.000000000 90.000000000 97.000000000
1755077378.000000000 31.291463848666663 120.756176793 3.351700000 4.000000000 0.000051840 1.000000000 0.000000000 0.000000000 0.000054760 97.000000000 97.000000000 90.000000000 97.000000000
1755077378.200000048 31.291463110499997 120.756177023 3.343400000 4.000000000 0.000053290 1.000000000 0.000000000 0.000000000 0.000054760 100.000000000 97.500000000 89.000000000 95.000000000
1755077378.400000095 31.291462528999993 120.756177211 3.340100002 4.000000000 0.000053290 1.000000000 0.000000000 0.000000000 0.000054760 100.000000000 97.500000000 89.000000000 95.000000000
1755077378.599999905 31.29146179216668 120.756177449 3.338300000 4.000000000 0.000051840 1.000000000 0.000000000 0.000000000 0.000053290 100.000000000 97.500000000 89.000000000 95.000000000
1755077378.799999952 31.291461086833337 120.756177636 3.348800000 4.000000000 0.000051840 1.000000000 0.000000000 0.000000000 0.000053290 100.000000000 97.500000000 89.000000000 95.000000000
1755077379.000000000 31.29146039333333 120.756177821 3.344000000 4.000000000 0.000051840 1.000000000 0.000000000 0.000000000 0.000053290 100.000000000 97.500000000 89.000000000 95.000000000
1755077379.200000048 31.291459674666662 120.756178067 3.348100000 4.000000000 0.000051840 1.000000000 0.000000000 0.000000000 0.000054760 97.000000000 96.000000000 89.000000000 95.000000000
1755077379.400000095 31.291458974999998 120.756178223 3.355700000 4.000000000 0.000051840 1.000000000 0.000000000 0.000000000 0.000054760 97.000000000 96.000000000 89.000000000 95.000000000
1755077379.599999905 31.29145828666666 120.756178377 3.346300000 4.000000000 0.000049000 1.000000000 0.000000000 0.000000000 0.000049000 97.000000000 96.000000000 89.000000000 95.000000000
1755077379.799999952 31.291457652500007 120.756178592 3.348800000 4.000000000 0.000050410 1.000000000 0.000000000 0.000000000 0.000049000 97.000000000 96.000000000 89.000000000 95.000000000
1755077380.000000000 31.29145692183334 120.756178672 3.353100000 4.000000000 0.000050410 1.000000000 0.000000000 0.000000000 0.000049000 97.000000000 96.000000000 89.000000000 95.000000000
1755077380.200000048 31.291456265833336 120.756178971 3.348100001 4.000000000 0.000050410 1.000000000 0.000000000 0.000000000 0.000049000 97.000000000 95.000000000 88.000000000 93.000000000
1755077380.400000095 31.2914555845 120.756179131 3.342800000 4.000000000 0.000050410 1.000000000 0.000000000 0.000000000 0.000049000 97.000000000 95.000000000 88.000000000 93.000000000
1755077380.599999905 31.291454848333334 120.756179308 3.351900000 4.000000000 0.000050410 1.000000000 0.000000000 0.000000000 0.000049000 97.000000000 95.000000000 88.000000000 93.000000000
1755077380.799999952 31.291454400000003 120.756179345 3.357100000 4.000000000 0.000050410 1.000000000 0.000000000 0.000000000 0.000049000 97.000000000 95.000000000 88.000000000 93.000000000
1755077381.000000000 31.29145453166666 120.756179344 3.353300001 4.000000000 0.000050410 1.000000000 0.000000000 0.000000000 0.000049000 97.000000000 95.000000000 88.000000000 93.000000000
1755077381.200000048 31.29145451666667 120.756179349 3.351900000 4.000000000 0.000050410 1.000000000 0.000000000 0.000000000 0.000049000 95.000000000 94.000000000 88.000000000 93.000000000
1755077381.400000095 31.291454504833336 120.756179367 3.351200001 4.000000000 0.000050410 1.000000000 0.000000000 0.000000000 0.000049000 95.000000000 94.000000000 88.000000000 93.000000000
1755077381.599999905 31.29145451566667 120.756179400 3.358500000 4.000000000 0.000053290 1.000000000 0.000000000 0.000000000 0.000054760 95.000000000 94.000000000 88.000000000 93.000000000
1755077381.799999952 31.291454518500004 120.756179379 3.362500000 4.000000000 0.000053290 1.000000000 0.000000000 0.000000000 0.000054760 95.000000000 94.000000000 88.000000000 93.000000000
1755077382.000000000 31.291454430833326 120.756179118 3.364500000 4.000000000 0.000053290 1.000000000 0.000000000 0.000000000 0.000054760 95.000000000 94.000000000 88.000000000 93.000000000
1755077382.200000048 31.291454306833334 120.756178784 3.369099999 4.000000000 0.000053290 1.000000000 0.000000000 0.000000000 0.000054760 93.000000000 93.000000000 88.000000000 93.000000000
1755077382.400000095 31.291454158666667 120.756178490 3.368300000 4.000000000 0.000053290 1.000000000 0.000000000 0.000000000 0.000054760 93.000000000 93.000000000 88.000000000 93.000000000
1755077382.599999905 31.291454031999997 120.756178203 3.359200001 4.000000000 0.000054760 1.000000000 0.000000000 0.000000000 0.000056250 93.000000000 93.000000000 88.000000000 93.000000000
1755077382.799999952 31.291453867333338 120.756178019 3.364699999 4.000000000 0.000053290 1.000000000 0.000000000 0.000000000 0.000056250 93.000000000 93.000000000 88.000000000 93.000000000
1755077383.000000000 31.2914536515 120.756177794 3.364500000 4.000000000 0.000054760 1.000000000 0.000000000 0.000000000 0.000056250 93.000000000 93.000000000 88.000000000 93.000000000
1755077383.200000048 31.291453424833332 120.756177586 3.363000000 4.000000000 0.000054760 1.000000000 0.000000000 0.000000000 0.000056250 95.000000000 93.000000000 87.000000000 91.000000000
1755077383.400000095 31.29145319033334 120.756177457 3.364300000 4.000000000 0.000054760 1.000000000 0.000000000 0.000000000 0.000056250 95.000000000 93.000000000 87.000000000 91.000000000
1755077383.599999905 31.291452962 120.756177355 3.351700000 4.000000000 0.000053290 1.000000000 0.000000000 0.000000000 0.000056250 95.000000000 93.000000000 87.000000000 91.000000000
1755077383.799999952 31.29145272466668 120.756177252 3.355000000 4.000000000 0.000053290 1.000000000 0.000000000 0.000000000 0.000056250 95.000000000 93.000000000 87.000000000 91.000000000
1755077384.000000000 31.29145245883334 120.756177193 3.353000000 4.000000000 0.000053290 1.000000000 0.000000000 0.000000000 0.000056250 95.000000000 93.000000000 87.000000000 91.000000000
1755077384.200000048 31.291452202000006 120.756177184 3.352500000 4.000000000 0.000054760 1.000000000 0.000000000 0.000000000 0.000056250 95.000000000 93.000000000 87.000000000 91.000000000
1755077384.400000095 31.291451944333335 120.756177133 3.345400000 4.000000000 0.000054760 1.000000000 0.000000000 0.000000000 0.000056250 95.000000000 93.000000000 87.000000000 91.000000000
1755077384.599999905 31.291451932333334 120.756177127 3.337000000 4.000000000 0.000053290 1.000000000 0.000000000 0.000000000 0.000056250 95.000000000 93.000000000 87.000000000 91.000000000
1755077384.799999952 31.291451922833335 120.756177129 3.335600000 4.000000000 0.000053290 1.000000000 0.000000000 0.000000000 0.000056250 95.000000000 93.000000000 87.000000000 91.000000000
1755077385.000000000 31.291451934499985 120.756177129 3.336500001 4.000000000 0.000053290 1.000000000 0.000000000 0.000000000 0.000056250 95.000000000 93.000000000 87.000000000 91.000000000
1755077385.200000048 31.291451889166677 120.756177484 3.336500000 4.000000000 0.000053290 1.000000000 0.000000000 0.000000000 0.000056250 97.000000000 95.000000000 88.000000000 93.000000000
1755077385.400000095 31.291451917166665 120.756178167 3.340100000 4.000000000 0.000053290 1.000000000 0.000000000 0.000000000 0.000056250 97.000000000 95.000000000 88.000000000 93.000000000
1755077385.599999905 31.29145200633332 120.756179063 3.342500000 4.000000000 0.000051840 1.000000000 0.000000000 0.000000000 0.000056250 97.000000000 95.000000000 88.000000000 93.000000000
1755077385.799999952 31.29145205533334 120.756179930 3.344900001 4.000000000 0.000051840 1.000000000 0.000000000 0.000000000 0.000057760 97.000000000 95.000000000 88.000000000 93.000000000
1755077386.000000000 31.291452165333336 120.756180781 3.344699999 4.000000000 0.000051840 1.000000000 0.000000000 0.000000000 0.000056250 97.000000000 95.000000000 88.000000000 93.000000000
1755077386.200000048 31.291452183999997 120.756181692 3.343900000 4.000000000 0.000053290 1.000000000 0.000000000 0.000000000 0.000057760 97.000000000 95.000000000 88.000000000 93.000000000
1755077386.400000095 31.291452226000004 120.756182527 3.346600001 4.000000000 0.000053290 1.000000000 0.000000000 0.000000000 0.000057760 97.000000000 95.000000000 88.000000000 93.000000000
1755077386.599999905 31.29145220516667 120.756183436 3.349000000 4.000000000 0.000051840 1.000000000 0.000000000 0.000000000 0.000056250 97.000000000 95.000000000 88.000000000 93.000000000
1755077386.799999952 31.291452215833328 120.756184165 3.340100000 4.000000000 0.000051840 1.000000000 0.000000000 0.000000000 0.000056250 97.000000000 95.000000000 88.000000000 93.000000000
1755077387.000000000 31.291452246166667 120.756185016 3.333700000 4.000000000 0.000051840 1.000000000 0.000000000 0.000000000 0.000056250 97.000000000 95.000000000 88.000000000 93.000000000
1755077387.200000048 31.29145229983334 120.756185806 3.336300001 4.000000000 0.000053290 1.000000000 0.000000000 0.000000000 0.000056250 95.000000000 95.000000000 89.000000000 95.000000000
1755077387.400000095 31.291452318166662 120.756185651 3.333600000 4.000000000 0.000053290 1.000000000 0.000000000 0.000000000 0.000056250 95.000000000 95.000000000 89.000000000 95.000000000
1755077387.599999905 31.291452347833335 120.756185651 3.330999999 4.000000000 0.000053290 1.000000000 0.000000000 0.000000000 0.000054760 95.000000000 95.000000000 89.000000000 95.000000000
1755077387.799999952 31.29145235933334 120.756185666 3.329900000 4.000000000 0.000053290 1.000000000 0.000000000 0.000000000 0.000054760 95.000000000 95.000000000 89.000000000 95.000000000
1755077388.000000000 31.291452352833335 120.756185672 3.330600000 4.000000000 0.000053290 1.000000000 0.000000000 0.000000000 0.000054760 95.000000000 95.000000000 89.000000000 95.000000000
1755077388.200000048 31.291452358500003 120.756185676 3.330799999 4.000000000 0.000053290 1.000000000 0.000000000 0.000000000 0.000056250 95.000000000 96.000000000 90.000000000 97.000000000
1755077388.400000095 31.291452197166674 120.756185697 3.329299999 4.000000000 0.000053290 1.000000000 0.000000000 0.000000000 0.000056250 95.000000000 96.000000000 90.000000000 97.000000000
1755077388.599999905 31.29145191466666 120.756185757 3.335000000 4.000000000 0.000053290 1.000000000 0.000000000 0.000000000 0.000053290 95.000000000 96.000000000 90.000000000 97.000000000
1755077388.799999952 31.291451685500004 120.756185859 3.338100000 4.000000000 0.000053290 1.000000000 0.000000000 0.000000000 0.000053290 95.000000000 96.000000000 90.000000000 97.000000000
1755077389.000000000 31.291451414833325 120.756185961 3.338400001 4.000000000 0.000053290 1.000000000 0.000000000 0.000000000 0.000053290 95.000000000 96.000000000 90.000000000 97.000000000
1755077389.200000048 31.291451167499993 120.756186098 3.338800000 4.000000000 0.000053290 1.000000000 0.000000000 0.000000000 0.000053290 95.000000000 96.000000000 90.000000000 97.000000000
1755077389.400000095 31.29145090333333 120.756186262 3.341400000 4.000000000 0.000053290 1.000000000 0.000000000 0.000000000 0.000053290 95.000000000 96.000000000 90.000000000 97.000000000
1755077389.599999905 31.291450717000004 120.756186464 3.348800000 4.000000000 0.000054760 1.000000000 0.000000000 0.000000000 0.000054760 95.000000000 96.000000000 90.000000000 97.000000000
1755077389.799999952 31.291450571333332 120.756186687 3.351400000 4.000000000 0.000054760 1.000000000 0.000000000 0.000000000 0.000054760 95.000000000 96.000000000 90.000000000 97.000000000
1755077390.000000000 31.291450424499992 120.756186906 3.356200001 4.000000000 0.000054760 1.000000000 0.000000000 0.000000000 0.000054760 95.000000000 96.000000000 90.000000000 97.000000000
1755077390.200000048 31.291450285166672 120.756187191 3.357500001 4.000000000 0.000054760 1.000000000 0.000000000 0.000000000 0.000054760 97.000000000 97.000000000 90.000000000 97.000000000
1755077390.400000095 31.291450207 120.756187427 3.358500001 4.000000000 0.000054760 1.000000000 0.000000000 0.000000000 0.000054760 97.000000000 97.000000000 90.000000000 97.000000000
1755077390.599999905 31.291450168333334 120.756187579 3.363500000 4.000000000 0.000054760 1.000000000 0.000000000 0.000000000 0.000054760 97.000000000 97.000000000 90.000000000 97.000000000
1755077390.799999952 31.291450164333327 120.756187762 3.360099999 4.000000000 0.000054760 1.000000000 0.000000000 0.000000000 0.000054760 97.000000000 97.000000000 90.000000000 97.000000000
1755077391.000000000 31.291450186666655 120.756187919 3.363500000 4.000000000 0.000054760 1.000000000 0.000000000 0.000000000 0.000054760 97.000000000 97.000000000 90.000000000 97.000000000
1755077391.200000048 31.291450185000002 120.756188154 3.368900000 4.000000000 0.000054760 1.000000000 0.000000000 0.000000000 0.000054760 95.000000000 96.000000000 90.000000000 97.000000000
1755077391.400000095 31.291450153833324 120.756188532 3.372300001 4.000000000 0.000054760 1.000000000 0.000000000 0.000000000 0.000054760 95.000000000 96.000000000 90.000000000 97.000000000
1755077391.599999905 31.291450087333327 120.756188889 3.358300000 4.000000000 0.000054760 1.000000000 0.000000000 0.000000000 0.000054760 95.000000000 96.000000000 90.000000000 97.000000000
1755077391.799999952 31.29145009549999 120.756189205 3.356199999 4.000000000 0.000054760 1.000000000 0.000000000 0.000000000 0.000054760 95.000000000 96.000000000 90.000000000 97.000000000
1755077392.000000000 31.291450129833343 120.756189394 3.356800000 4.000000000 0.000054760 1.000000000 0.000000000 0.000000000 0.000054760 95.000000000 96.000000000 90.000000000 97.000000000
1755077392.200000048 31.291450130333345 120.756189328 3.357100000 4.000000000 0.000054760 1.000000000 0.000000000 0.000000000 0.000054760 95.000000000 96.000000000 90.000000000 97.000000000
1755077392.400000095 31.291450127499996 120.756189341 3.358900000 4.000000000 0.000054760 1.000000000 0.000000000 0.000000000 0.000054760 95.000000000 96.000000000 90.000000000 97.000000000
1755077392.599999905 31.291450306999995 120.756189257 3.344000000 4.000000000 0.000053290 1.000000000 0.000000000 0.000000000 0.000056250 95.000000000 96.000000000 90.000000000 97.000000000
1755077392.799999952 31.2914507975 120.756189061 3.333000000 4.000000000 0.000053290 1.000000000 0.000000000 0.000000000 0.000056250 95.000000000 96.000000000 90.000000000 97.000000000
1755077393.000000000 31.291451467833333 120.756188958 3.329100000 4.000000000 0.000053290 1.000000000 0.000000000 0.000000000 0.000056250 95.000000000 96.000000000 90.000000000 97.000000000
1755077393.200000048 31.291452159666665 120.756188767 3.324799999 4.000000000 0.000053290 1.000000000 0.000000000 0.000000000 0.000056250 97.000000000 97.000000000 90.000000000 97.000000000
1755077393.400000095 31.29145285716667 120.756188577 3.329300000 4.000000000 0.000053290 1.000000000 0.000000000 0.000000000 0.000056250 97.000000000 97.000000000 90.000000000 97.000000000
1755077393.599999905 31.291453551500002 120.756188373 3.325299998 4.000000000 0.000054760 1.000000000 0.000000000 0.000000000 0.000056250 97.000000000 97.000000000 90.000000000 97.000000000
1755077393.799999952 31.291454285999993 120.756188217 3.324600000 4.000000000 0.000054760 1.000000000 0.000000000 0.000000000 0.000056250 97.000000000 97.000000000 90.000000000 97.000000000
1755077394.000000000 31.29145493966665 120.756187977 3.323900000 4.000000000 0.000054760 1.000000000 0.000000000 0.000000000 0.000056250 97.000000000 97.000000000 90.000000000 97.000000000
1755077394.200000048 31.291455665833343 120.756187803 3.324800000 4.000000000 0.000054760 1.000000000 0.000000000 0.000000000 0.000056250 97.000000000 97.000000000 90.000000000 97.000000000
1755077394.400000095 31.29145633883333 120.756187625 3.325900000 4.000000000 0.000054760 1.000000000 0.000000000 0.000000000 0.000056250 97.000000000 97.000000000 90.000000000 97.000000000
1755077394.599999905 31.29145698716666 120.756187403 3.330400000 4.000000000 0.000054760 1.000000000 0.000000000 0.000000000 0.000054760 97.000000000 97.000000000 90.000000000 97.000000000
1755077394.799999952 31.29145770783333 120.756187289 3.333099999 4.000000000 0.000054760 1.000000000 0.000000000 0.000000000 0.000054760 97.000000000 97.000000000 90.000000000 97.000000000
1755077395.000000000 31.29145840133334 120.756187074 3.334899999 4.000000000 0.000054760 1.000000000 0.000000000 0.000000000 0.000054760 97.000000000 97.000000000 90.000000000 97.000000000
1755077395.200000048 31.29145907316667 120.756186927 3.334400001 4.000000000 0.000054760 1.000000000 0.000000000 0.000000000 0.000056250 97.000000000 97.000000000 90.000000000 97.000000000
1755077395.400000095 31.29145977816666 120.756186724 3.339400000 4.000000000 0.000054760 1.000000000 0.000000000 0.000000000 0.000056250 97.000000000 97.000000000 90.000000000 97.000000000
1755077395.599999905 31.291460451 120.756186544 3.332100001 4.000000000 0.000050410 1.000000000 0.000000000 0.000000000 0.000053290 97.000000000 97.000000000 90.000000000 97.000000000
1755077395.799999952 31.291461174166667 120.756186387 3.330300000 4.000000000 0.000050410 1.000000000 0.000000000 0.000000000 0.000053290 97.000000000 97.000000000 90.000000000 97.000000000
1755077396.000000000 31.291461835999993 120.756186153 3.328900000 4.000000000 0.000050410 1.000000000 0.000000000 0.000000000 0.000053290 97.000000000 97.000000000 90.000000000 97.000000000
1755077396.200000048 31.29146249666667 120.756185970 3.331599999 4.000000000 0.000051840 1.000000000 0.000000000 0.000000000 0.000053290 97.000000000 96.000000000 89.000000000 95.000000000
1755077396.400000095 31.291463236333335 120.756185741 3.337100000 4.000000000 0.000051840 1.000000000 0.000000000 0.000000000 0.000053290 97.000000000 96.000000000 89.000000000 95.000000000
1755077396.599999905 31.29146393916667 120.756185513 3.345500001 4.000000000 0.000050410 1.000000000 0.000000000 0.000000000 0.000050410 97.000000000 96.000000000 89.000000000 95.000000000
1755077396.799999952 31.29146470733334 120.756185297 3.343900000 4.000000000 0.000050410 1.000000000 0.000000000 0.000000000 0.000050410 97.000000000 96.000000000 89.000000000 95.000000000
1755077397.000000000 31.291465352999985 120.756185092 3.348800000 4.000000000 0.000050410 1.000000000 0.000000000 0.000000000 0.000050410 97.000000000 96.000000000 89.000000000 95.000000000
1755077397.200000048 31.291466069000002 120.756184843 3.349000000 4.000000000 0.000050410 1.000000000 0.000000000 0.000000000 0.000050410 95.000000000 95.000000000 89.000000000 95.000000000
1755077397.400000095 31.291466760833337 120.756184681 3.348200000 4.000000000 0.000050410 1.000000000 0.000000000 0.000000000 0.000050410 95.000000000 95.000000000 89.000000000 95.000000000
1755077397.599999905 31.29146711466667 120.756184525 3.329700000 4.000000000 0.000049000 1.000000000 0.000000000 0.000000000 0.000047610 95.000000000 95.000000000 89.000000000 95.000000000
1755077397.799999952 31.291467037500006 120.756184541 3.327899999 4.000000000 0.000049000 1.000000000 0.000000000 0.000000000 0.000047610 95.000000000 95.000000000 89.000000000 95.000000000
1755077398.000000000 31.29146704483334 120.756184531 3.326800000 4.000000000 0.000049000 1.000000000 0.000000000 0.000000000 0.000047610 95.000000000 95.000000000 89.000000000 95.000000000
1755077398.200000048 31.291467051500003 120.756184529 3.327400000 4.000000000 0.000049000 1.000000000 0.000000000 0.000000000 0.000047610 95.000000000 95.000000000 89.000000000 95.000000000
1755077398.400000095 31.291467053833344 120.756184531 3.329100000 4.000000000 0.000049000 1.000000000 0.000000000 0.000000000 0.000047610 95.000000000 95.000000000 89.000000000 95.000000000
1755077398.599999905 31.291466998833336 120.756184444 3.331300000 4.000000000 0.000053290 1.000000000 0.000000000 0.000000000 0.000054760 95.000000000 95.000000000 89.000000000 95.000000000
1755077398.799999952 31.291466976166667 120.756184217 3.333500000 4.000000000 0.000053290 1.000000000 0.000000000 0.000000000 0.000054760 95.000000000 95.000000000 89.000000000 95.000000000
1755077399.000000000 31.29146694850001 120.756183980 3.333800000 4.000000000 0.000053290 1.000000000 0.000000000 0.000000000 0.000054760 95.000000000 95.000000000 89.000000000 95.000000000
1755077399.200000048 31.29146695816666 120.756183633 3.335500000 4.000000000 0.000053290 1.000000000 0.000000000 0.000000000 0.000054760 97.000000000 96.000000000 89.000000000 95.000000000
1755077399.400000095 31.291466958500003 120.756183355 3.335500000 4.000000000 0.000053290 1.000000000 0.000000000 0.000000000 0.000054760 97.000000000 96.000000000 89.000000000 95.000000000
1755077399.599999905 31.291466984833335 120.756183093 3.341500000 4.000000000 0.000053290 1.000000000 0.000000000 0.000000000 0.000054760 97.000000000 96.000000000 89.000000000 95.000000000
1755077399.799999952 31.29146705016666 120.756182771 3.339200000 4.000000000 0.000053290 1.000000000 0.000000000 0.000000000 0.000053290 97.000000000 96.000000000 89.000000000 95.000000000
1755077400.000000000 31.291467155999992 120.756182500 3.339300000 4.000000000 0.000053290 1.000000000 0.000000000 0.000000000 0.000054760 97.000000000 96.000000000 89.000000000 95.000000000
1755077400.200000048 31.291467275500004 120.756182226 3.340100000 4.000000000 0.000054760 1.000000000 0.000000000 0.000000000 0.000054760 97.000000000 96.000000000 89.000000000 95.000000000
1755077400.400000095 31.29146742549999 120.756181947 3.341300000 4.000000000 0.000054760 1.000000000 0.000000000 0.000000000 0.000054760 97.000000000 96.000000000 89.000000000 95.000000000
1755077400.599999905 31.291467591166672 120.756181684 3.339699999 4.000000000 0.000053290 1.000000000 0.000000000 0.000000000 0.000053290 97.000000000 96.000000000 89.000000000 95.000000000
1755077400.799999952 31.291467792166653 120.756181498 3.341700001 4.000000000 0.000053290 1.000000000 0.000000000 0.000000000 0.000053290 97.000000000 96.000000000 89.000000000 95.000000000
1755077401.000000000 31.29146798533334 120.756181318 3.340100001 4.000000000 0.000053290 1.000000000 0.000000000 0.000000000 0.000053290 97.000000000 96.000000000 89.000000000 95.000000000
1755077401.200000048 31.291468224333336 120.756181141 3.340499999 4.000000000 0.000053290 1.000000000 0.000000000 0.000000000 0.000053290 100.000000000 97.500000000 89.000000000 95.000000000
1755077401.400000095 31.291468425999998 120.756181011 3.342300000 4.000000000 0.000053290 1.000000000 0.000000000 0.000000000 0.000053290 100.000000000 97.500000000 89.000000000 95.000000000
1755077401.599999905 31.291468627000004 120.756180905 3.341600000 4.000000000 0.000051840 1.000000000 0.000000000 0.000000000 0.000053290 100.000000000 97.500000000 89.000000000 95.000000000
1755077401.799999952 31.2914688805 120.756180847 3.342500000 4.000000000 0.000051840 1.000000000 0.000000000 0.000000000 0.000053290 100.000000000 97.500000000 89.000000000 95.000000000
1755077402.000000000 31.29146890299999 120.756180851 3.340200000 4.000000000 0.000051840 1.000000000 0.000000000 0.000000000 0.000053290 100.000000000 97.500000000 89.000000000 95.000000000
1755077402.200000048 31.291468898166666 120.756180854 3.343200000 4.000000000 0.000051840 1.000000000 0.000000000 0.000000000 0.000053290 100.000000000 97.500000000 89.000000000 95.000000000
1755077402.400000095 31.29146889066667 120.756180926 3.342500000 4.000000000 0.000051840 1.000000000 0.000000000 0.000000000 0.000053290 100.000000000 97.500000000 89.000000000 95.000000000
1755077402.599999905 31.291469030333324 120.756181308 3.336999999 4.000000000 0.000051840 1.000000000 0.000000000 0.000000000 0.000053290 100.000000000 97.500000000 89.000000000 95.000000000
1755077402.799999952 31.291469214333333 120.756182106 3.336700000 4.000000000 0.000051840 1.000000000 0.000000000 0.000000000 0.000053290 100.000000000 97.500000000 89.000000000 95.000000000
1755077403.000000000 31.29146935416666 120.756182931 3.335500001 4.000000000 0.000051840 1.000000000 0.000000000 0.000000000 0.000053290 100.000000000 97.500000000 89.000000000 95.000000000
1755077403.200000048 31.29146950016666 120.756183768 3.337300000 4.000000000 0.000051840 1.000000000 0.000000000 0.000000000 0.000053290 100.000000000 98.500000000 90.000000000 97.000000000
1755077403.400000095 31.291469689000003 120.756184560 3.331800000 4.000000000 0.000051840 1.000000000 0.000000000 0.000000000 0.000053290 100.000000000 98.500000000 90.000000000 97.000000000
1755077403.599999905 31.291469992666666 120.756185353 3.352500000 4.000000000 0.000051840 1.000000000 0.000000000 0.000000000 0.000054760 100.000000000 98.500000000 90.000000000 97.000000000
1755077403.799999952 31.29147024983333 120.756186015 3.349000000 4.000000000 0.000051840 1.000000000 0.000000000 0.000000000 0.000054760 100.000000000 98.500000000 90.000000000 97.000000000
1755077404.000000000 31.29147045450001 120.756186870 3.348100000 4.000000000 0.000051840 1.000000000 0.000000000 0.000000000 0.000054760 100.000000000 98.500000000 90.000000000 97.000000000
1755077404.200000048 31.291470491999995 120.756187680 3.340100000 4.000000000 0.000051840 1.000000000 0.000000000 0.000000000 0.000054760 100.000000000 97.500000000 89.000000000 95.000000000
1755077404.400000095 31.291470618833337 120.756188489 3.341000001 4.000000000 0.000051840 1.000000000 0.000000000 0.000000000 0.000054760 100.000000000 97.500000000 89.000000000 95.000000000
1755077404.599999905 31.291470675666666 120.756189403 3.319799999 4.000000000 0.000054760 1.000000000 0.000000000 0.000000000 0.000056250 100.000000000 97.500000000 89.000000000 95.000000000
1755077404.799999952 31.291470797833345 120.756190197 3.322600000 4.000000000 0.000054760 1.000000000 0.000000000 0.000000000 0.000056250 100.000000000 97.500000000 89.000000000 95.000000000
1755077405.000000000 31.291470926499994 120.756191049 3.319100000 4.000000000 0.000054760 1.000000000 0.000000000 0.000000000 0.000056250 100.000000000 97.500000000 89.000000000 95.000000000
1755077405.200000048 31.291471082166662 120.756191880 3.318400000 4.000000000 0.000054760 1.000000000 0.000000000 0.000000000 0.000056250 97.000000000 96.000000000 89.000000000 95.000000000
1755077405.400000095 31.291471224833334 120.756192757 3.317700000 4.000000000 0.000054760 1.000000000 0.000000000 0.000000000 0.000056250 97.000000000 96.000000000 89.000000000 95.000000000
1755077405.599999905 31.291471336833332 120.756193577 3.319100000 4.000000000 0.000053290 1.000000000 0.000000000 0.000000000 0.000056250 97.000000000 96.000000000 89.000000000 95.000000000
1755077405.799999952 31.291471532666666 120.756194360 3.319100000 4.000000000 0.000053290 1.000000000 0.000000000 0.000000000 0.000056250 97.000000000 96.000000000 89.000000000 95.000000000
1755077406.000000000 31.291471664499998 120.756195185 3.315699999 4.000000000 0.000053290 1.000000000 0.000000000 0.000000000 0.000056250 97.000000000 96.000000000 89.000000000 95.000000000
1755077406.200000048 31.291471768166662 120.756195978 3.315800000 4.000000000 0.000054760 1.000000000 0.000000000 0.000000000 0.000056250 93.000000000 94.000000000 89.000000000 95.000000000
1755077406.400000095 31.291471927000003 120.756196813 3.315300001 4.000000000 0.000054760 1.000000000 0.000000000 0.000000000 0.000056250 93.000000000 94.000000000 89.000000000 95.000000000
1755077406.599999905 31.291472064333334 120.756197647 3.312400000 4.000000000 0.000050410 1.000000000 0.000000000 0.000000000 0.000053290 93.000000000 94.000000000 89.000000000 95.000000000
1755077406.799999952 31.291472182333337 120.756198450 3.312200000 4.000000000 0.000050410 1.000000000 0.000000000 0.000000000 0.000053290 93.000000000 94.000000000 89.000000000 95.000000000
1755077407.000000000 31.29147232933333 120.756199261 3.314200000 4.000000000 0.000050410 1.000000000 0.000000000 0.000000000 0.000053290 93.000000000 94.000000000 89.000000000 95.000000000
1755077407.200000048 31.29147245966666 120.756200070 3.315700000 4.000000000 0.000050410 1.000000000 0.000000000 0.000000000 0.000053290 93.000000000 94.000000000 89.000000000 95.000000000
1755077407.400000095 31.291472544333327 120.756200941 3.316500000 4.000000000 0.000050410 1.000000000 0.000000000 0.000000000 0.000053290 93.000000000 94.000000000 89.000000000 95.000000000
1755077407.599999905 31.291472735499994 120.756201689 3.324600001 4.000000000 0.000046240 1.000000000 0.000000000 0.000000000 0.000053290 93.000000000 94.000000000 89.000000000 95.000000000
1755077407.799999952 31.291472903499997 120.756202479 3.323000001 4.000000000 0.000046240 1.000000000 0.000000000 0.000000000 0.000053290 93.000000000 94.000000000 89.000000000 95.000000000
1755077408.000000000 31.291473049833332 120.756203368 3.325000000 4.000000000 0.000046240 1.000000000 0.000000000 0.000000000 0.000053290 93.000000000 94.000000000 89.000000000 95.000000000
1755077408.200000048 31.29147313033333 120.756204161 3.325600000 4.000000000 0.000046240 1.000000000 0.000000000 0.000000000 0.000053290 95.000000000 95.000000000 89.000000000 95.000000000
1755077408.400000095 31.2914733095 120.756204955 3.322200000 4.000000000 0.000046240 1.000000000 0.000000000 0.000000000 0.000053290 95.000000000 95.000000000 89.000000000 95.000000000
1755077408.599999905 31.291473458833334 120.756205728 3.311100000 4.000000000 0.000044890 1.000000000 0.000000000 0.000000000 0.000050410 95.000000000 95.000000000 89.000000000 95.000000000
1755077408.799999952 31.291473657666653 120.756206555 3.311400000 4.000000000 0.000044890 1.000000000 0.000000000 0.000000000 0.000050410 95.000000000 95.000000000 89.000000000 95.000000000
1755077409.000000000 31.29147378683333 120.756207358 3.312600000 4.000000000 0.000044890 1.000000000 0.000000000 0.000000000 0.000050410 95.000000000 95.000000000 89.000000000 95.000000000
1755077409.200000048 31.29147392233333 120.756208189 3.308800000 4.000000000 0.000044890 1.000000000 0.000000000 0.000000000 0.000050410 95.000000000 95.000000000 89.000000000 95.000000000
1755077409.400000095 31.291474048999998 120.756208934 3.305900000 4.000000000 0.000044890 1.000000000 0.000000000 0.000000000 0.000050410 95.000000000 95.000000000 89.000000000 95.000000000
1755077409.599999905 31.291474182499986 120.756209819 3.312400001 4.000000000 0.000046240 1.000000000 0.000000000 0.000000000 0.000050410 95.000000000 95.000000000 89.000000000 95.000000000
1755077409.799999952 31.29147435416667 120.756210599 3.310900000 4.000000000 0.000046240 1.000000000 0.000000000 0.000000000 0.000050410 95.000000000 95.000000000 89.000000000 95.000000000
1755077410.000000000 31.291474529499997 120.756211453 3.315700000 4.000000000 0.000046240 1.000000000 0.000000000 0.000000000 0.000050410 95.000000000 95.000000000 89.000000000 95.000000000
1755077410.200000048 31.291474663333332 120.756212299 3.312700000 4.000000000 0.000046240 1.000000000 0.000000000 0.000000000 0.000050410 95.000000000 95.000000000 89.000000000 95.000000000
1755077410.400000095 31.291474813333327 120.756213090 3.309300002 4.000000000 0.000046240 1.000000000 0.000000000 0.000000000 0.000050410 95.000000000 95.000000000 89.000000000 95.000000000
1755077410.599999905 31.29147498283333 120.756213932 3.302000000 4.000000000 0.000049000 1.000000000 0.000000000 0.000000000 0.000049000 95.000000000 95.000000000 89.000000000 95.000000000
1755077410.799999952 31.291475134666662 120.756214694 3.293700000 4.000000000 0.000049000 1.000000000 0.000000000 0.000000000 0.000049000 95.000000000 95.000000000 89.000000000 95.000000000
1755077411.000000000 31.291475276333333 120.756215494 3.293600000 4.000000000 0.000049000 1.000000000 0.000000000 0.000000000 0.000049000 95.000000000 95.000000000 89.000000000 95.000000000
1755077411.200000048 31.291475428500007 120.756216372 3.293799998 4.000000000 0.000049000 1.000000000 0.000000000 0.000000000 0.000049000 95.000000000 95.000000000 89.000000000 95.000000000
1755077411.400000095 31.29147555366668 120.756217136 3.291999999 4.000000000 0.000049000 1.000000000 0.000000000 0.000000000 0.000049000 95.000000000 95.000000000 89.000000000 95.000000000
1755077411.599999905 31.29147570483333 120.756218024 3.292700000 4.000000000 0.000046240 1.000000000 0.000000000 0.000000000 0.000049000 95.000000000 95.000000000 89.000000000 95.000000000
1755077411.799999952 31.291475886500002 120.756218812 3.296800000 4.000000000 0.000046240 1.000000000 0.000000000 0.000000000 0.000049000 95.000000000 95.000000000 89.000000000 95.000000000
1755077412.000000000 31.29147605633333 120.756219648 3.295300000 4.000000000 0.000046240 1.000000000 0.000000000 0.000000000 0.000049000 95.000000000 95.000000000 89.000000000 95.000000000
1755077412.200000048 31.291476199 120.756220496 3.299000000 4.000000000 0.000046240 1.000000000 0.000000000 0.000000000 0.000049000 95.000000000 95.000000000 89.000000000 95.000000000
1755077412.400000095 31.29147629816666 120.756221311 3.291600000 4.000000000 0.000046240 1.000000000 0.000000000 0.000000000 0.000049000 95.000000000 95.000000000 89.000000000 95.000000000
1755077412.599999905 31.291476455833337 120.756222101 3.284300000 4.000000000 0.000046240 1.000000000 0.000000000 0.000000000 0.000047610 95.000000000 95.000000000 89.000000000 95.000000000
1755077412.799999952 31.291476593500008 120.756222987 3.281600000 4.000000000 0.000046240 1.000000000 0.000000000 0.000000000 0.000047610 95.000000000 95.000000000 89.000000000 95.000000000
1755077413.000000000 31.29147671299999 120.756223760 3.274900001 4.000000000 0.000046240 1.000000000 0.000000000 0.000000000 0.000047610 95.000000000 95.000000000 89.000000000 95.000000000
1755077413.200000048 31.291476846333335 120.756224543 3.274900001 4.000000000 0.000046240 1.000000000 0.000000000 0.000000000 0.000047610 95.000000000 95.000000000 89.000000000 95.000000000
1755077413.400000095 31.291476914666667 120.756224573 3.277300000 4.000000000 0.000046240 1.000000000 0.000000000 0.000000000 0.000047610 95.000000000 95.000000000 89.000000000 95.000000000
1755077413.599999905 31.291476942166668 120.756224600 3.283299999 4.000000000 0.000047610 1.000000000 0.000000000 0.000000000 0.000046240 95.000000000 95.000000000 89.000000000 95.000000000
1755077413.799999952 31.291476940999985 120.756224614 3.283799999 4.000000000 0.000047610 1.000000000 0.000000000 0.000000000 0.000046240 95.000000000 95.000000000 89.000000000 95.000000000
1755077414.000000000 31.291476944166675 120.756224631 3.288100000 4.000000000 0.000047610 1.000000000 0.000000000 0.000000000 0.000046240 95.000000000 95.000000000 89.000000000 95.000000000
1755077414.200000048 31.291476938499994 120.756224633 3.286799999 4.000000000 0.000047610 1.000000000 0.000000000 0.000000000 0.000046240 95.000000000 95.000000000 89.000000000 95.000000000
1755077414.400000095 31.291476766500008 120.756224675 3.289500000 4.000000000 0.000047610 1.000000000 0.000000000 0.000000000 0.000046240 95.000000000 95.000000000 89.000000000 95.000000000
1755077414.599999905 31.291476459666665 120.756224814 3.289900000 4.000000000 0.000054760 1.000000000 0.000000000 0.000000000 0.000053290 95.000000000 95.000000000 89.000000000 95.000000000
1755077414.799999952 31.29147617949999 120.756224938 3.292300000 4.000000000 0.000054760 1.000000000 0.000000000 0.000000000 0.000053290 95.000000000 95.000000000 89.000000000 95.000000000
1755077415.000000000 31.29147595016666 120.756225073 3.289799999 4.000000000 0.000054760 1.000000000 0.000000000 0.000000000 0.000054760 95.000000000 95.000000000 89.000000000 95.000000000
1755077415.200000048 31.291475747499994 120.756225231 3.290300000 4.000000000 0.000054760 1.000000000 0.000000000 0.000000000 0.000054760 93.000000000 94.000000000 89.000000000 95.000000000
1755077415.400000095 31.291475522999995 120.756225467 3.291099999 4.000000000 0.000054760 1.000000000 0.000000000 0.000000000 0.000054760 93.000000000 94.000000000 89.000000000 95.000000000
1755077415.599999905 31.291475349 120.756225594 3.272600000 4.000000000 0.000056250 1.000000000 0.000000000 0.000000000 0.000054760 93.000000000 94.000000000 89.000000000 95.000000000
1755077415.799999952 31.29147518133334 120.756225835 3.273600000 4.000000000 0.000056250 1.000000000 0.000000000 0.000000000 0.000054760 93.000000000 94.000000000 89.000000000 95.000000000
1755077416.000000000 31.291475007666673 120.756226073 3.271500000 4.000000000 0.000056250 1.000000000 0.000000000 0.000000000 0.000054760 93.000000000 94.000000000 89.000000000 95.000000000
1755077416.200000048 31.291474920333332 120.756226356 3.268599999 4.000000000 0.000056250 1.000000000 0.000000000 0.000000000 0.000054760 95.000000000 95.000000000 89.000000000 95.000000000
1755077416.400000095 31.29147485416667 120.756226630 3.272800000 4.000000000 0.000056250 1.000000000 0.000000000 0.000000000 0.000054760 95.000000000 95.000000000 89.000000000 95.000000000
1755077416.599999905 31.29147477283334 120.756226984 3.262099999 4.000000000 0.000054760 1.000000000 0.000000000 0.000000000 0.000054760 95.000000000 95.000000000 89.000000000 95.000000000
1755077416.799999952 31.291474722333334 120.756227286 3.262299999 4.000000000 0.000054760 1.000000000 0.000000000 0.000000000 0.000054760 95.000000000 95.000000000 89.000000000 95.000000000
1755077417.000000000 31.291474709 120.756227587 3.256600000 4.000000000 0.000054760 1.000000000 0.000000000 0.000000000 0.000054760 95.000000000 95.000000000 89.000000000 95.000000000
1755077417.200000048 31.291474719333344 120.756227885 3.253600001 4.000000000 0.000054760 1.000000000 0.000000000 0.000000000 0.000054760 95.000000000 95.000000000 89.000000000 95.000000000
1755077417.400000095 31.29147471783333 120.756227840 3.254400000 4.000000000 0.000054760 1.000000000 0.000000000 0.000000000 0.000054760 95.000000000 95.000000000 89.000000000 95.000000000
1755077417.599999905 31.291474730333334 120.756227845 3.259900000 4.000000000 0.000054760 1.000000000 0.000000000 0.000000000 0.000053290 95.000000000 95.000000000 89.000000000 95.000000000
1755077417.799999952 31.291474730166676 120.756227850 3.257300000 4.000000000 0.000054760 1.000000000 0.000000000 0.000000000 0.000053290 95.000000000 95.000000000 89.000000000 95.000000000
1755077418.000000000 31.291474804833342 120.756227838 3.256800000 4.000000000 0.000054760 1.000000000 0.000000000 0.000000000 0.000053290 95.000000000 95.000000000 89.000000000 95.000000000
1755077418.200000048 31.291475174333332 120.756227781 3.260800000 4.000000000 0.000054760 1.000000000 0.000000000 0.000000000 0.000053290 95.000000000 94.000000000 88.000000000 93.000000000
1755077418.400000095 31.2914757755 120.756227870 3.255000000 4.000000000 0.000054760 1.000000000 0.000000000 0.000000000 0.000053290 95.000000000 94.000000000 88.000000000 93.000000000
1755077418.599999905 31.291476541500003 120.756227695 3.255399999 4.000000000 0.000056250 1.000000000 0.000000000 0.000000000 0.000053290 95.000000000 94.000000000 88.000000000 93.000000000
1755077418.799999952 31.29147726066667 120.756227555 3.257300000 4.000000000 0.000056250 1.000000000 0.000000000 0.000000000 0.000053290 95.000000000 94.000000000 88.000000000 93.000000000
1755077419.000000000 31.291478044833326 120.756227381 3.261500000 4.000000000 0.000056250 1.000000000 0.000000000 0.000000000 0.000053290 95.000000000 94.000000000 88.000000000 93.000000000
1755077419.200000048 31.29147872883334 120.756227306 3.259000000 4.000000000 0.000056250 1.000000000 0.000000000 0.000000000 0.000053290 95.000000000 94.000000000 88.000000000 93.000000000
1755077419.400000095 31.291479409166662 120.756227199 3.262499999 4.000000000 0.000056250 1.000000000 0.000000000 0.000000000 0.000053290 95.000000000 94.000000000 88.000000000 93.000000000
1755077419.599999905 31.291480114000002 120.756227068 3.270400000 4.000000000 0.000054760 1.000000000 0.000000000 0.000000000 0.000053290 95.000000000 94.000000000 88.000000000 93.000000000
1755077419.799999952 31.291480819166672 120.756226932 3.275400001 4.000000000 0.000054760 1.000000000 0.000000000 0.000000000 0.000053290 95.000000000 94.000000000 88.000000000 93.000000000
1755077420.000000000 31.291481552333327 120.756226888 3.277900000 4.000000000 0.000054760 1.000000000 0.000000000 0.000000000 0.000053290 95.000000000 94.000000000 88.000000000 93.000000000
1755077420.200000048 31.29148223033333 120.756226759 3.278600000 4.000000000 0.000054760 1.000000000 0.000000000 0.000000000 0.000053290 95.000000000 95.000000000 89.000000000 95.000000000
1755077420.400000095 31.2914829215 120.756226662 3.276900000 4.000000000 0.000056250 1.000000000 0.000000000 0.000000000 0.000053290 95.000000000 95.000000000 89.000000000 95.000000000
1755077420.599999905 31.291483611833335 120.756226494 3.258900000 4.000000000 0.000054760 1.000000000 0.000000000 0.000000000 0.000053290 95.000000000 95.000000000 89.000000000 95.000000000
1755077420.799999952 31.291484307833326 120.756226383 3.257800000 4.000000000 0.000054760 1.000000000 0.000000000 0.000000000 0.000053290 95.000000000 95.000000000 89.000000000 95.000000000
1755077421.000000000 31.2914849745 120.756226284 3.265600000 4.000000000 0.000054760 1.000000000 0.000000000 0.000000000 0.000053290 95.000000000 95.000000000 89.000000000 95.000000000
1755077421.200000048 31.291485733166663 120.756226208 3.264800000 4.000000000 0.000054760 1.000000000 0.000000000 0.000000000 0.000053290 93.000000000 94.000000000 89.000000000 95.000000000
1755077421.400000095 31.291486440999993 120.756226118 3.265000000 4.000000000 0.000054760 1.000000000 0.000000000 0.000000000 0.000053290 93.000000000 94.000000000 89.000000000 95.000000000
1755077421.599999905 31.291487200500008 120.756226083 3.267000000 4.000000000 0.000050410 1.000000000 0.000000000 0.000000000 0.000053290 93.000000000 94.000000000 89.000000000 95.000000000
1755077421.799999952 31.291487951666664 120.756225955 3.267499999 4.000000000 0.000050410 1.000000000 0.000000000 0.000000000 0.000053290 93.000000000 94.000000000 89.000000000 95.000000000
1755077422.000000000 31.291488583499994 120.756225871 3.267200001 4.000000000 0.000050410 1.000000000 0.000000000 0.000000000 0.000053290 93.000000000 94.000000000 89.000000000 95.000000000
1755077422.200000048 31.29148934166666 120.756225763 3.269099999 4.000000000 0.000050410 1.000000000 0.000000000 0.000000000 0.000053290 93.000000000 93.000000000 88.000000000 93.000000000
1755077422.400000095 31.2914900675 120.756225642 3.265200000 4.000000000 0.000050410 1.000000000 0.000000000 0.000000000 0.000053290 93.000000000 93.000000000 88.000000000 93.000000000
1755077422.599999905 31.291490787333334 120.756225451 3.263700000 4.000000000 0.000050410 1.000000000 0.000000000 0.000000000 0.000053290 93.000000000 93.000000000 88.000000000 93.000000000
1755077422.799999952 31.291491470166665 120.756225414 3.259700000 4.000000000 0.000050410 1.000000000 0.000000000 0.000000000 0.000053290 93.000000000 93.000000000 88.000000000 93.000000000
1755077423.000000000 31.291492200666674 120.756225318 3.258699999 4.000000000 0.000050410 1.000000000 0.000000000 0.000000000 0.000053290 93.000000000 93.000000000 88.000000000 93.000000000
1755077423.200000048 31.291492917500005 120.756225172 3.264799999 4.000000000 0.000050410 1.000000000 0.000000000 0.000000000 0.000053290 95.000000000 95.000000000 89.000000000 95.000000000
1755077423.400000095 31.291493570333333 120.756225011 3.265600001 4.000000000 0.000050410 1.000000000 0.000000000 0.000000000 0.000053290 95.000000000 95.000000000 89.000000000 95.000000000
1755077423.599999905 31.29149428033334 120.756224848 3.258199999 4.000000000 0.000047610 1.000000000 0.000000000 0.000000000 0.000053290 95.000000000 95.000000000 89.000000000 95.000000000
1755077423.799999952 31.291494998666668 120.756224760 3.267300000 4.000000000 0.000047610 1.000000000 0.000000000 0.000000000 0.000053290 95.000000000 95.000000000 89.000000000 95.000000000
1755077424.000000000 31.29149570933334 120.756224645 3.262200000 4.000000000 0.000047610 1.000000000 0.000000000 0.000000000 0.000053290 95.000000000 95.000000000 89.000000000 95.000000000
1755077424.200000048 31.291496386833334 120.756224480 3.260799999 4.000000000 0.000047610 1.000000000 0.000000000 0.000000000 0.000053290 95.000000000 95.000000000 89.000000000 95.000000000
1755077424.400000095 31.291497057999994 120.756224331 3.261100000 4.000000000 0.000047610 1.000000000 0.000000000 0.000000000 0.000053290 95.000000000 95.000000000 89.000000000 95.000000000
1755077424.599999905 31.291497799166663 120.756224220 3.265700001 4.000000000 0.000046240 1.000000000 0.000000000 0.000000000 0.000053290 95.000000000 95.000000000 89.000000000 95.000000000
1755077424.799999952 31.291498532166663 120.756224123 3.259900001 4.000000000 0.000046240 1.000000000 0.000000000 0.000000000 0.000053290 95.000000000 95.000000000 89.000000000 95.000000000
1755077425.000000000 31.291499209499992 120.756223996 3.264300000 4.000000000 0.000046240 1.000000000 0.000000000 0.000000000 0.000053290 95.000000000 95.000000000 89.000000000 95.000000000
1755077425.200000048 31.29149989566667 120.756223862 3.265300000 4.000000000 0.000047610 1.000000000 0.000000000 0.000000000 0.000053290 95.000000000 95.000000000 89.000000000 95.000000000
1755077425.400000095 31.291500601999985 120.756223727 3.265400001 4.000000000 0.000047610 1.000000000 0.000000000 0.000000000 0.000053290 95.000000000 95.000000000 89.000000000 95.000000000
1755077425.599999905 31.291501289666677 120.756223567 3.276800000 4.000000000 0.000046240 1.000000000 0.000000000 0.000000000 0.000054760 95.000000000 95.000000000 89.000000000 95.000000000
1755077425.799999952 31.291501974666662 120.756223448 3.279000001 4.000000000 0.000046240 1.000000000 0.000000000 0.000000000 0.000054760 95.000000000 95.000000000 89.000000000 95.000000000
1755077426.000000000 31.29150270566667 120.756223235 3.282300001 4.000000000 0.000046240 1.000000000 0.000000000 0.000000000 0.000054760 95.000000000 95.000000000 89.000000000 95.000000000
1755077426.200000048 31.291503376666665 120.756223079 3.284800000 4.000000000 0.000047610 1.000000000 0.000000000 0.000000000 0.000056250 95.000000000 95.000000000 89.000000000 95.000000000
1755077426.400000095 31.291504090333333 120.756222974 3.283700000 4.000000000 0.000047610 1.000000000 0.000000000 0.000000000 0.000056250 95.000000000 95.000000000 89.000000000 95.000000000
1755077426.599999905 31.291504739500013 120.756222758 3.272300000 4.000000000 0.000046240 1.000000000 0.000000000 0.000000000 0.000053290 95.000000000 95.000000000 89.000000000 95.000000000
1755077426.799999952 31.291505458166643 120.756222589 3.271500001 4.000000000 0.000046240 1.000000000 0.000000000 0.000000000 0.000053290 95.000000000 95.000000000 89.000000000 95.000000000
1755077427.000000000 31.29150616983332 120.756222418 3.276900001 4.000000000 0.000046240 1.000000000 0.000000000 0.000000000 0.000053290 95.000000000 95.000000000 89.000000000 95.000000000
1755077427.200000048 31.29150684966666 120.756222269 3.274700000 4.000000000 0.000046240 1.000000000 0.000000000 0.000000000 0.000054760 95.000000000 95.000000000 89.000000000 95.000000000
1755077427.400000095 31.291507599999992 120.756222079 3.275700000 4.000000000 0.000046240 1.000000000 0.000000000 0.000000000 0.000054760 95.000000000 95.000000000 89.000000000 95.000000000
1755077427.599999905 31.291508245500005 120.756221900 3.268800000 4.000000000 0.000044890 1.000000000 0.000000000 0.000000000 0.000050410 95.000000000 95.000000000 89.000000000 95.000000000
1755077427.799999952 31.291508934333326 120.756221762 3.277400001 4.000000000 0.000044890 1.000000000 0.000000000 0.000000000 0.000050410 95.000000000 95.000000000 89.000000000 95.000000000
1755077428.000000000 31.291509661166664 120.756221534 3.272100000 4.000000000 0.000044890 1.000000000 0.000000000 0.000000000 0.000050410 95.000000000 95.000000000 89.000000000 95.000000000
1755077428.200000048 31.291510311000003 120.756221382 3.270700000 4.000000000 0.000044890 1.000000000 0.000000000 0.000000000 0.000051840 95.000000000 95.000000000 89.000000000 95.000000000
1755077428.400000095 31.29151098 120.756221161 3.273600000 4.000000000 0.000044890 1.000000000 0.000000000 0.000000000 0.000051840 95.000000000 95.000000000 89.000000000 95.000000000
1755077428.599999905 31.29151169749999 120.756220982 3.276600000 4.000000000 0.000047610 1.000000000 0.000000000 0.000000000 0.000057760 95.000000000 95.000000000 89.000000000 95.000000000
1755077428.799999952 31.29151236866667 120.756220767 3.276300000 4.000000000 0.000047610 1.000000000 0.000000000 0.000000000 0.000057760 95.000000000 95.000000000 89.000000000 95.000000000
1755077429.000000000 31.291513087833337 120.756220626 3.279099999 4.000000000 0.000047610 1.000000000 0.000000000 0.000000000 0.000057760 95.000000000 95.000000000 89.000000000 95.000000000
1755077429.200000048 31.29151371883333 120.756220412 3.276600000 4.000000000 0.000047610 1.000000000 0.000000000 0.000000000 0.000057760 95.000000000 95.000000000 89.000000000 95.000000000
1755077429.400000095 31.291514456166674 120.756220204 3.284899999 4.000000000 0.000047610 1.000000000 0.000000000 0.000000000 0.000057760 95.000000000 95.000000000 89.000000000 95.000000000
1755077429.599999905 31.29151519666666 120.756219964 3.274000000 4.000000000 0.000046240 1.000000000 0.000000000 0.000000000 0.000053290 95.000000000 95.000000000 89.000000000 95.000000000
1755077429.799999952 31.291515807166668 120.756219802 3.272000000 4.000000000 0.000046240 1.000000000 0.000000000 0.000000000 0.000053290 95.000000000 95.000000000 89.000000000 95.000000000
1755077430.000000000 31.291516502500006 120.756219572 3.277099999 4.000000000 0.000046240 1.000000000 0.000000000 0.000000000 0.000053290 95.000000000 95.000000000 89.000000000 95.000000000
1755077430.200000048 31.291517232666664 120.756219362 3.271900000 4.000000000 0.000046240 1.000000000 0.000000000 0.000000000 0.000053290 95.000000000 95.000000000 89.000000000 95.000000000
1755077430.400000095 31.291517891999987 120.756219107 3.273500001 4.000000000 0.000046240 1.000000000 0.000000000 0.000000000 0.000053290 95.000000000 95.000000000 89.000000000 95.000000000
1755077430.599999905 31.291518563666667 120.756218896 3.267600001 4.000000000 0.000044890 1.000000000 0.000000000 0.000000000 0.000050410 95.000000000 95.000000000 89.000000000 95.000000000
1755077430.799999952 31.29151925349999 120.756218676 3.271299998 4.000000000 0.000044890 1.000000000 0.000000000 0.000000000 0.000050410 95.000000000 95.000000000 89.000000000 95.000000000
1755077431.000000000 31.291519975666663 120.756218431 3.269599999 4.000000000 0.000044890 1.000000000 0.000000000 0.000000000 0.000050410 95.000000000 95.000000000 89.000000000 95.000000000
1755077431.200000048 31.291520606666673 120.756218265 3.268000000 4.000000000 0.000044890 1.000000000 0.000000000 0.000000000 0.000050410 95.000000000 95.000000000 89.000000000 95.000000000
1755077431.400000095 31.291521337 120.756218049 3.267200000 4.000000000 0.000044890 1.000000000 0.000000000 0.000000000 0.000050410 95.000000000 95.000000000 89.000000000 95.000000000
1755077431.599999905 31.291521949833335 120.756217832 3.270500000 4.000000000 0.000046240 1.000000000 0.000000000 0.000000000 0.000050410 95.000000000 95.000000000 89.000000000 95.000000000
1755077431.799999952 31.29152263916666 120.756217592 3.268700000 4.000000000 0.000046240 1.000000000 0.000000000 0.000000000 0.000050410 95.000000000 95.000000000 89.000000000 95.000000000
1755077432.000000000 31.29152331366667 120.756217404 3.270300000 4.000000000 0.000046240 1.000000000 0.000000000 0.000000000 0.000051840 95.000000000 95.000000000 89.000000000 95.000000000
1755077432.200000048 31.29152398866666 120.756217191 3.264500001 4.000000000 0.000046240 1.000000000 0.000000000 0.000000000 0.000051840 93.000000000 93.000000000 88.000000000 93.000000000
1755077432.400000095 31.291524668333327 120.756216963 3.267100002 4.000000000 0.000046240 1.000000000 0.000000000 0.000000000 0.000051840 93.000000000 93.000000000 88.000000000 93.000000000
1755077432.599999905 31.291525401666668 120.756216675 3.270800000 4.000000000 0.000044890 1.000000000 0.000000000 0.000000000 0.000051840 93.000000000 93.000000000 88.000000000 93.000000000
1755077432.799999952 31.291526092999995 120.756216410 3.269600000 4.000000000 0.000044890 1.000000000 0.000000000 0.000000000 0.000051840 93.000000000 93.000000000 88.000000000 93.000000000
1755077433.000000000 31.291526727166673 120.756216188 3.269700000 4.000000000 0.000044890 1.000000000 0.000000000 0.000000000 0.000051840 93.000000000 93.000000000 88.000000000 93.000000000
1755077433.200000048 31.291527381166667 120.756215998 3.266800000 4.000000000 0.000044890 1.000000000 0.000000000 0.000000000 0.000051840 93.000000000 94.000000000 89.000000000 95.000000000
1755077433.400000095 31.291527999000003 120.756215536 3.269500000 4.000000000 0.000044890 1.000000000 0.000000000 0.000000000 0.000051840 93.000000000 94.000000000 89.000000000 95.000000000
1755077433.599999905 31.29152860233333 120.756215048 3.272600000 4.000000000 0.000044890 1.000000000 0.000000000 0.000000000 0.000047610 93.000000000 94.000000000 89.000000000 95.000000000
1755077433.799999952 31.29152936366667 120.756214712 3.279500000 4.000000000 0.000044890 1.000000000 0.000000000 0.000000000 0.000047610 93.000000000 94.000000000 89.000000000 95.000000000
1755077434.000000000 31.291529804500012 120.756214341 3.279199999 4.000000000 0.000044890 1.000000000 0.000000000 0.000000000 0.000047610 93.000000000 94.000000000 89.000000000 95.000000000
1755077434.200000048 31.29152980233333 120.756213980 3.282100000 4.000000000 0.000044890 1.000000000 0.000000000 0.000000000 0.000049000 95.000000000 94.000000000 88.000000000 93.000000000
1755077434.400000095 31.291529870333346 120.756213704 3.286499999 4.000000000 0.000044890 1.000000000 0.000000000 0.000000000 0.000049000 95.000000000 94.000000000 88.000000000 93.000000000
1755077434.599999905 31.291529938500013 120.756213481 3.295199999 4.000000000 0.000049000 1.000000000 0.000000000 0.000000000 0.000053290 95.000000000 94.000000000 88.000000000 93.000000000
1755077434.799999952 31.291530038999994 120.756213169 3.294900002 4.000000000 0.000049000 1.000000000 0.000000000 0.000000000 0.000053290 95.000000000 94.000000000 88.000000000 93.000000000
1755077435.000000000 31.291530171666672 120.756212907 3.291300000 4.000000000 0.000049000 1.000000000 0.000000000 0.000000000 0.000053290 95.000000000 94.000000000 88.000000000 93.000000000
1755077435.200000048 31.29153035883333 120.756212678 3.291800000 4.000000000 0.000049000 1.000000000 0.000000000 0.000000000 0.000053290 91.000000000 92.000000000 88.000000000 93.000000000
1755077435.400000095 31.291530582333337 120.756212448 3.289700000 4.000000000 0.000049000 1.000000000 0.000000000 0.000000000 0.000053290 91.000000000 92.000000000 88.000000000 93.000000000
1755077435.599999905 31.291530681833333 120.756212297 3.268799999 4.000000000 0.000050410 1.000000000 0.000000000 0.000000000 0.000054760 91.000000000 92.000000000 88.000000000 93.000000000
1755077435.799999952 31.29153065866667 120.756212335 3.268800000 4.000000000 0.000050410 1.000000000 0.000000000 0.000000000 0.000054760 91.000000000 92.000000000 88.000000000 93.000000000
1755077436.000000000 31.291530684166666 120.756212357 3.275099999 4.000000000 0.000051840 1.000000000 0.000000000 0.000000000 0.000056250 91.000000000 92.000000000 88.000000000 93.000000000
1755077436.200000048 31.291530846500002 120.756212580 3.273700000 4.000000000 0.000051840 1.000000000 0.000000000 0.000000000 0.000056250 93.000000000 94.000000000 89.000000000 95.000000000
1755077436.400000095 31.291531290833326 120.756213148 3.284000000 4.000000000 0.000051840 1.000000000 0.000000000 0.000000000 0.000056250 93.000000000 94.000000000 89.000000000 95.000000000
1755077436.599999905 31.291531679166667 120.756213861 3.278100001 4.000000000 0.000051840 1.000000000 0.000000000 0.000000000 0.000056250 93.000000000 94.000000000 89.000000000 95.000000000
1755077436.799999952 31.291532184999994 120.756214513 3.278000000 4.000000000 0.000051840 1.000000000 0.000000000 0.000000000 0.000056250 93.000000000 94.000000000 89.000000000 95.000000000
1755077437.000000000 31.291532641 120.756215156 3.281299999 4.000000000 0.000051840 1.000000000 0.000000000 0.000000000 0.000056250 93.000000000 94.000000000 89.000000000 95.000000000
1755077437.200000048 31.291533044500014 120.756215807 3.278099999 4.000000000 0.000051840 1.000000000 0.000000000 0.000000000 0.000056250 91.000000000 91.000000000 87.000000000 91.000000000
1755077437.400000095 31.291533491166675 120.756216438 3.279200000 4.000000000 0.000051840 1.000000000 0.000000000 0.000000000 0.000056250 91.000000000 91.000000000 87.000000000 91.000000000
1755077437.599999905 31.291533942499996 120.756217120 3.268400001 4.000000000 0.000051840 1.000000000 0.000000000 0.000000000 0.000054760 91.000000000 91.000000000 87.000000000 91.000000000
1755077437.799999952 31.291534363833335 120.756217795 3.273199999 4.000000000 0.000051840 1.000000000 0.000000000 0.000000000 0.000054760 91.000000000 91.000000000 87.000000000 91.000000000
1755077438.000000000 31.291534771166667 120.756218446 3.273099999 4.000000000 0.000051840 1.000000000 0.000000000 0.000000000 0.000056250 91.000000000 91.000000000 87.000000000 91.000000000
1755077438.200000048 31.291535235500014 120.756219045 3.266599998 4.000000000 0.000051840 1.000000000 0.000000000 0.000000000 0.000056250 95.000000000 93.000000000 87.000000000 91.000000000
1755077438.400000095 31.291535703333327 120.756219745 3.271699999 4.000000000 0.000051840 1.000000000 0.000000000 0.000000000 0.000056250 95.000000000 93.000000000 87.000000000 91.000000000
1755077438.599999905 31.291536290333337 120.756220166 3.261200000 4.000000000 0.000051840 1.000000000 0.000000000 0.000000000 0.000054760 95.000000000 93.000000000 87.000000000 91.000000000
1755077438.799999952 31.291536827999998 120.756220783 3.261100000 4.000000000 0.000051840 1.000000000 0.000000000 0.000000000 0.000054760 95.000000000 93.000000000 87.000000000 91.000000000
1755077439.000000000 31.29153735416666 120.756221424 3.257700001 4.000000000 0.000051840 1.000000000 0.000000000 0.000000000 0.000054760 95.000000000 93.000000000 87.000000000 91.000000000
1755077439.200000048 31.29153774316667 120.756222109 3.257400000 4.000000000 0.000051840 1.000000000 0.000000000 0.000000000 0.000054760 95.000000000 94.000000000 88.000000000 93.000000000
1755077439.400000095 31.2915381045 120.756222861 3.253400000 4.000000000 0.000051840 1.000000000 0.000000000 0.000000000 0.000054760 95.000000000 94.000000000 88.000000000 93.000000000
1755077439.599999905 31.29153840933334 120.756223614 3.250700001 4.000000000 0.000050410 1.000000000 0.000000000 0.000000000 0.000053290 95.000000000 94.000000000 88.000000000 93.000000000
1755077439.799999952 31.291538698500005 120.756224367 3.243000000 4.000000000 0.000050410 1.000000000 0.000000000 0.000000000 0.000053290 95.000000000 94.000000000 88.000000000 93.000000000
1755077440.000000000 31.291539022166653 120.756225009 3.242800000 4.000000000 0.000050410 1.000000000 0.000000000 0.000000000 0.000053290 95.000000000 94.000000000 88.000000000 93.000000000
1755077440.200000048 31.291539280666672 120.756225756 3.240900000 4.000000000 0.000050410 1.000000000 0.000000000 0.000000000 0.000053290 95.000000000 94.000000000 88.000000000 93.000000000
1755077440.400000095 31.291539655500003 120.756226503 3.245599999 4.000000000 0.000050410 1.000000000 0.000000000 0.000000000 0.000053290 95.000000000 94.000000000 88.000000000 93.000000000
1755077440.599999905 31.29153994566667 120.756227240 3.251100000 4.000000000 0.000050410 1.000000000 0.000000000 0.000000000 0.000053290 95.000000000 94.000000000 88.000000000 93.000000000
1755077440.799999952 31.291540329333323 120.756228099 3.251999999 4.000000000 0.000050410 1.000000000 0.000000000 0.000000000 0.000053290 95.000000000 94.000000000 88.000000000 93.000000000
1755077441.000000000 31.29154073166666 120.756228752 3.247800000 4.000000000 0.000050410 1.000000000 0.000000000 0.000000000 0.000053290 95.000000000 94.000000000 88.000000000 93.000000000
1755077441.200000048 31.291541123833337 120.756229439 3.240799999 4.000000000 0.000050410 1.000000000 0.000000000 0.000000000 0.000053290 93.000000000 93.000000000 88.000000000 93.000000000
1755077441.400000095 31.291541586166662 120.756230182 3.245400000 4.000000000 0.000050410 1.000000000 0.000000000 0.000000000 0.000053290 93.000000000 93.000000000 88.000000000 93.000000000
1755077441.599999905 31.291541849833333 120.756230976 3.233900000 4.000000000 0.000050410 1.000000000 0.000000000 0.000000000 0.000053290 93.000000000 93.000000000 88.000000000 93.000000000
1755077441.799999952 31.291541974500003 120.756231652 3.232500000 4.000000000 0.000050410 1.000000000 0.000000000 0.000000000 0.000053290 93.000000000 93.000000000 88.000000000 93.000000000
1755077442.000000000 31.291542185166662 120.756232451 3.232299999 4.000000000 0.000050410 1.000000000 0.000000000 0.000000000 0.000053290 93.000000000 93.000000000 88.000000000 93.000000000
1755077442.200000048 31.29154238983333 120.756233211 3.231000000 4.000000000 0.000051840 1.000000000 0.000000000 0.000000000 0.000053290 93.000000000 93.000000000 88.000000000 93.000000000
1755077442.400000095 31.291542630666655 120.756234008 3.230900000 4.000000000 0.000050410 1.000000000 0.000000000 0.000000000 0.000053290 93.000000000 93.000000000 88.000000000 93.000000000
1755077442.599999905 31.291542850833334 120.756234802 3.242899999 4.000000000 0.000051840 1.000000000 0.000000000 0.000000000 0.000053290 93.000000000 93.000000000 88.000000000 93.000000000
1755077442.799999952 31.291543106499994 120.756235684 3.245199999 4.000000000 0.000051840 1.000000000 0.000000000 0.000000000 0.000053290 93.000000000 93.000000000 88.000000000 93.000000000
1755077443.000000000 31.291543338499995 120.756236406 3.242699999 4.000000000 0.000051840 1.000000000 0.000000000 0.000000000 0.000053290 93.000000000 93.000000000 88.000000000 93.000000000
1755077443.200000048 31.291543671500015 120.756237223 3.249600001 4.000000000 0.000051840 1.000000000 0.000000000 0.000000000 0.000053290 93.000000000 93.000000000 88.000000000 93.000000000
1755077443.400000095 31.29154388683333 120.756238046 3.244500000 4.000000000 0.000051840 1.000000000 0.000000000 0.000000000 0.000053290 93.000000000 93.000000000 88.000000000 93.000000000
1755077443.599999905 31.291544205333338 120.756238813 3.240899999 4.000000000 0.000051840 1.000000000 0.000000000 0.000000000 0.000053290 93.000000000 93.000000000 88.000000000 93.000000000
1755077443.799999952 31.291544580666663 120.756239444 3.235800000 4.000000000 0.000053290 1.000000000 0.000000000 0.000000000 0.000053290 93.000000000 93.000000000 88.000000000 93.000000000
1755077444.000000000 31.29154502166666 120.756240278 3.232700000 4.000000000 0.000053290 1.000000000 0.000000000 0.000000000 0.000053290 93.000000000 93.000000000 88.000000000 93.000000000
1755077444.200000048 31.29154525283333 120.756240964 3.229200000 4.000000000 0.000051840 1.000000000 0.000000000 0.000000000 0.000053290 89.000000000 90.000000000 87.000000000 91.000000000
1755077444.400000095 31.29154527016666 120.756241781 3.228900000 4.000000000 0.000053290 1.000000000 0.000000000 0.000000000 0.000053290 89.000000000 90.000000000 87.000000000 91.000000000
1755077444.599999905 31.2915453725 120.756242682 3.244400000 4.000000000 0.000054760 1.000000000 0.000000000 0.000000000 0.000053290 89.000000000 90.000000000 87.000000000 91.000000000
1755077444.799999952 31.29154543333334 120.756243525 3.236399998 4.000000000 0.000054760 1.000000000 0.000000000 0.000000000 0.000053290 89.000000000 90.000000000 87.000000000 91.000000000
1755077445.000000000 31.29154557033333 120.756244288 3.233000000 4.000000000 0.000054760 1.000000000 0.000000000 0.000000000 0.000053290 89.000000000 90.000000000 87.000000000 91.000000000
1755077445.200000048 31.291545587999995 120.756245145 3.230400001 4.000000000 0.000054760 1.000000000 0.000000000 0.000000000 0.000053290 91.000000000 91.000000000 87.000000000 91.000000000
1755077445.400000095 31.291545661999997 120.756245926 3.229899999 4.000000000 0.000054760 1.000000000 0.000000000 0.000000000 0.000053290 91.000000000 91.000000000 87.000000000 91.000000000
1755077445.599999905 31.291545660833325 120.756246808 3.215600000 4.000000000 0.000054760 1.000000000 0.000000000 0.000000000 0.000053290 91.000000000 91.000000000 87.000000000 91.000000000
1755077445.799999952 31.29154576799999 120.756247586 3.217400000 4.000000000 0.000054760 1.000000000 0.000000000 0.000000000 0.000053290 91.000000000 91.000000000 87.000000000 91.000000000
1755077446.000000000 31.291545932166667 120.756248301 3.218300000 4.000000000 0.000054760 1.000000000 0.000000000 0.000000000 0.000053290 91.000000000 91.000000000 87.000000000 91.000000000
1755077446.200000048 31.291546023666676 120.756249175 3.220900000 4.000000000 0.000054760 1.000000000 0.000000000 0.000000000 0.000053290 91.000000000 92.000000000 88.000000000 93.000000000
1755077446.400000095 31.291546119166664 120.756249955 3.211100000 4.000000000 0.000054760 1.000000000 0.000000000 0.000000000 0.000053290 91.000000000 92.000000000 88.000000000 93.000000000
1755077446.599999905 31.29154612783334 120.756250808 3.202000001 4.000000000 0.000054760 1.000000000 0.000000000 0.000000000 0.000053290 91.000000000 92.000000000 88.000000000 93.000000000
1755077446.799999952 31.291546079333333 120.756251623 3.202500000 4.000000000 0.000054760 1.000000000 0.000000000 0.000000000 0.000053290 91.000000000 92.000000000 88.000000000 93.000000000
1755077447.000000000 31.291546106999995 120.756252500 3.205700000 4.000000000 0.000054760 1.000000000 0.000000000 0.000000000 0.000053290 91.000000000 92.000000000 88.000000000 93.000000000
1755077447.200000048 31.291546181833343 120.756253369 3.211200000 4.000000000 0.000054760 1.000000000 0.000000000 0.000000000 0.000053290 95.000000000 94.000000000 88.000000000 93.000000000
1755077447.400000095 31.291546360833337 120.756254200 3.209500000 4.000000000 0.000054760 1.000000000 0.000000000 0.000000000 0.000053290 95.000000000 94.000000000 88.000000000 93.000000000
1755077447.599999905 31.291546528666668 120.756255008 3.212500000 4.000000000 0.000054760 1.000000000 0.000000000 0.000000000 0.000054760 95.000000000 94.000000000 88.000000000 93.000000000
1755077447.799999952 31.29154670999999 120.756255780 3.215300000 4.000000000 0.000054760 1.000000000 0.000000000 0.000000000 0.000054760 95.000000000 94.000000000 88.000000000 93.000000000
1755077448.000000000 31.291546844833345 120.756256580 3.219999999 4.000000000 0.000054760 1.000000000 0.000000000 0.000000000 0.000054760 95.000000000 94.000000000 88.000000000 93.000000000
1755077448.200000048 31.291547014166664 120.756257368 3.214000001 4.000000000 0.000054760 1.000000000 0.000000000 0.000000000 0.000054760 93.000000000 93.000000000 88.000000000 93.000000000
1755077448.400000095 31.291547154666677 120.756258153 3.207900001 4.000000000 0.000054760 1.000000000 0.000000000 0.000000000 0.000054760 93.000000000 93.000000000 88.000000000 93.000000000
1755077448.599999905 31.29154733466666 120.756258978 3.212399999 4.000000000 0.000053290 1.000000000 0.000000000 0.000000000 0.000051840 93.000000000 93.000000000 88.000000000 93.000000000
1755077448.799999952 31.291547484 120.756259765 3.205800000 4.000000000 0.000053290 1.000000000 0.000000000 0.000000000 0.000051840 93.000000000 93.000000000 88.000000000 93.000000000
1755077449.000000000 31.29154773366666 120.756260575 3.211600000 4.000000000 0.000053290 1.000000000 0.000000000 0.000000000 0.000051840 93.000000000 93.000000000 88.000000000 93.000000000
1755077449.200000048 31.291547911166667 120.756261363 3.207600000 4.000000000 0.000053290 1.000000000 0.000000000 0.000000000 0.000051840 93.000000000 93.000000000 88.000000000 93.000000000
1755077449.400000095 31.291548075333328 120.756262227 3.208099999 4.000000000 0.000053290 1.000000000 0.000000000 0.000000000 0.000051840 93.000000000 93.000000000 88.000000000 93.000000000
1755077449.599999905 31.29154820650001 120.756263001 3.211600001 4.000000000 0.000051840 1.000000000 0.000000000 0.000000000 0.000050410 93.000000000 93.000000000 88.000000000 93.000000000
1755077449.799999952 31.29154845466666 120.756263882 3.211900000 4.000000000 0.000051840 1.000000000 0.000000000 0.000000000 0.000050410 93.000000000 93.000000000 88.000000000 93.000000000
1755077450.000000000 31.291548608999992 120.756264630 3.207699999 4.000000000 0.000051840 1.000000000 0.000000000 0.000000000 0.000050410 93.000000000 93.000000000 88.000000000 93.000000000
1755077450.200000048 31.291548783666666 120.756265516 3.216900000 4.000000000 0.000051840 1.000000000 0.000000000 0.000000000 0.000051840 91.000000000 91.000000000 87.000000000 91.000000000
1755077450.400000095 31.291548952833327 120.756266293 3.212499999 4.000000000 0.000051840 1.000000000 0.000000000 0.000000000 0.000051840 91.000000000 91.000000000 87.000000000 91.000000000
1755077450.599999905 31.2915491635 120.756267033 3.207600000 4.000000000 0.000049000 1.000000000 0.000000000 0.000000000 0.000046240 91.000000000 91.000000000 87.000000000 91.000000000
1755077450.799999952 31.291549287166667 120.756267793 3.203700000 4.000000000 0.000049000 1.000000000 0.000000000 0.000000000 0.000046240 91.000000000 91.000000000 87.000000000 91.000000000
1755077451.000000000 31.29154945899999 120.756268611 3.206700002 4.000000000 0.000049000 1.000000000 0.000000000 0.000000000 0.000046240 91.000000000 91.000000000 87.000000000 91.000000000
1755077451.200000048 31.291549676833327 120.756269446 3.211200001 4.000000000 0.000049000 1.000000000 0.000000000 0.000000000 0.000047610 93.000000000 92.000000000 87.000000000 91.000000000
1755077451.400000095 31.291549828833332 120.756270246 3.206200000 4.000000000 0.000049000 1.000000000 0.000000000 0.000000000 0.000047610 93.000000000 92.000000000 87.000000000 91.000000000
1755077451.599999905 31.291550039999994 120.756271088 3.205700000 4.000000000 0.000050410 1.000000000 0.000000000 0.000000000 0.000049000 93.000000000 92.000000000 87.000000000 91.000000000
1755077451.799999952 31.29155021966666 120.756271960 3.205400000 4.000000000 0.000050410 1.000000000 0.000000000 0.000000000 0.000049000 93.000000000 92.000000000 87.000000000 91.000000000
1755077452.000000000 31.291550413666656 120.756272803 3.203300000 4.000000000 0.000051840 1.000000000 0.000000000 0.000000000 0.000049000 93.000000000 92.000000000 87.000000000 91.000000000
1755077452.200000048 31.291550604 120.756273560 3.194600000 4.000000000 0.000051840 1.000000000 0.000000000 0.000000000 0.000049000 91.000000000 91.000000000 87.000000000 91.000000000
1755077452.400000095 31.2915508245 120.756274300 3.195100000 4.000000000 0.000051840 1.000000000 0.000000000 0.000000000 0.000049000 91.000000000 91.000000000 87.000000000 91.000000000
1755077452.599999905 31.291550928999996 120.756275132 3.194800000 4.000000000 0.000051840 1.000000000 0.000000000 0.000000000 0.000050410 91.000000000 91.000000000 87.000000000 91.000000000
1755077452.799999952 31.2915511165 120.756275960 3.192800001 4.000000000 0.000051840 1.000000000 0.000000000 0.000000000 0.000050410 91.000000000 91.000000000 87.000000000 91.000000000
1755077453.000000000 31.291551320999996 120.756276701 3.186100000 4.000000000 0.000051840 1.000000000 0.000000000 0.000000000 0.000050410 91.000000000 91.000000000 87.000000000 91.000000000
1755077453.200000048 31.291551491833328 120.756277568 3.184900000 4.000000000 0.000051840 1.000000000 0.000000000 0.000000000 0.000050410 91.000000000 91.000000000 87.000000000 91.000000000
1755077453.400000095 31.291551650666662 120.756278372 3.185700000 4.000000000 0.000051840 1.000000000 0.000000000 0.000000000 0.000050410 91.000000000 91.000000000 87.000000000 91.000000000
1755077453.599999905 31.29155186299999 120.756279259 3.188600000 4.000000000 0.000050410 1.000000000 0.000000000 0.000000000 0.000047610 91.000000000 91.000000000 87.000000000 91.000000000
1755077453.799999952 31.291552117166667 120.756280082 3.188299999 4.000000000 0.000050410 1.000000000 0.000000000 0.000000000 0.000047610 91.000000000 91.000000000 87.000000000 91.000000000
1755077454.000000000 31.2915523135 120.756280848 3.183800000 4.000000000 0.000050410 1.000000000 0.000000000 0.000000000 0.000047610 91.000000000 91.000000000 87.000000000 91.000000000
1755077454.200000048 31.291552507166667 120.756281695 3.178999999 4.000000000 0.000050410 1.000000000 0.000000000 0.000000000 0.000047610 91.000000000 91.000000000 87.000000000 91.000000000
1755077454.400000095 31.29155271033334 120.756282440 3.177100000 4.000000000 0.000050410 1.000000000 0.000000000 0.000000000 0.000047610 91.000000000 91.000000000 87.000000000 91.000000000
1755077454.599999905 31.291552835999997 120.756283227 3.161800000 4.000000000 0.000050410 1.000000000 0.000000000 0.000000000 0.000047610 91.000000000 91.000000000 87.000000000 91.000000000
1755077454.799999952 31.291553099999998 120.756283981 3.159800000 4.000000000 0.000050410 1.000000000 0.000000000 0.000000000 0.000047610 91.000000000 91.000000000 87.000000000 91.000000000
1755077455.000000000 31.291553404833333 120.756284676 3.154100001 4.000000000 0.000050410 1.000000000 0.000000000 0.000000000 0.000047610 91.000000000 91.000000000 87.000000000 91.000000000
1755077455.200000048 31.291553667166657 120.756285464 3.154500001 4.000000000 0.000050410 1.000000000 0.000000000 0.000000000 0.000047610 91.000000000 91.000000000 87.000000000 91.000000000
1755077455.400000095 31.29155386566667 120.756286294 3.153200000 4.000000000 0.000050410 1.000000000 0.000000000 0.000000000 0.000047610 91.000000000 91.000000000 87.000000000 91.000000000
1755077455.599999905 31.29155379833333 120.756287057 3.137700000 4.000000000 0.000050410 1.000000000 0.000000000 0.000000000 0.000051840 91.000000000 91.000000000 87.000000000 91.000000000
1755077455.799999952 31.29155385783334 120.756287911 3.138500000 4.000000000 0.000050410 1.000000000 0.000000000 0.000000000 0.000050410 91.000000000 91.000000000 87.000000000 91.000000000
1755077456.000000000 31.2915539235 120.756288727 3.141500000 4.000000000 0.000050410 1.000000000 0.000000000 0.000000000 0.000051840 91.000000000 91.000000000 87.000000000 91.000000000
1755077456.200000048 31.2915539045 120.756289565 3.141400000 4.000000000 0.000050410 1.000000000 0.000000000 0.000000000 0.000051840 93.000000000 92.000000000 87.000000000 91.000000000
1755077456.400000095 31.291553949666664 120.756290418 3.142800000 4.000000000 0.000050410 1.000000000 0.000000000 0.000000000 0.000051840 93.000000000 92.000000000 87.000000000 91.000000000
1755077456.599999905 31.29155399999999 120.756291294 3.132300000 4.000000000 0.000051840 1.000000000 0.000000000 0.000000000 0.000051840 93.000000000 92.000000000 87.000000000 91.000000000
1755077456.799999952 31.291554075333334 120.756292167 3.134000000 4.000000000 0.000051840 1.000000000 0.000000000 0.000000000 0.000051840 93.000000000 92.000000000 87.000000000 91.000000000
1755077457.000000000 31.291554117166672 120.756293014 3.130200000 4.000000000 0.000051840 1.000000000 0.000000000 0.000000000 0.000051840 93.000000000 92.000000000 87.000000000 91.000000000
1755077457.200000048 31.291554196499998 120.756293807 3.133600000 4.000000000 0.000051840 1.000000000 0.000000000 0.000000000 0.000053290 93.000000000 92.000000000 87.000000000 91.000000000
1755077457.400000095 31.29155426716667 120.756294585 3.129100000 4.000000000 0.000051840 1.000000000 0.000000000 0.000000000 0.000053290 93.000000000 92.000000000 87.000000000 91.000000000
1755077457.599999905 31.291554294833336 120.756295392 3.119500000 4.000000000 0.000051840 1.000000000 0.000000000 0.000000000 0.000051840 93.000000000 92.000000000 87.000000000 91.000000000
1755077457.799999952 31.291554338333327 120.756296239 3.122900000 4.000000000 0.000051840 1.000000000 0.000000000 0.000000000 0.000051840 93.000000000 92.000000000 87.000000000 91.000000000
1755077458.000000000 31.291554349000002 120.756297109 3.128900000 4.000000000 0.000051840 1.000000000 0.000000000 0.000000000 0.000051840 93.000000000 92.000000000 87.000000000 91.000000000
1755077458.200000048 31.291554434 120.756297975 3.126800000 4.000000000 0.000053290 1.000000000 0.000000000 0.000000000 0.000053290 91.000000000 91.000000000 87.000000000 91.000000000
1755077458.400000095 31.291554519666665 120.756298768 3.126700000 4.000000000 0.000053290 1.000000000 0.000000000 0.000000000 0.000053290 91.000000000 91.000000000 87.000000000 91.000000000
1755077458.599999905 31.291554544333334 120.756299640 3.128500000 4.000000000 0.000050410 1.000000000 0.000000000 0.000000000 0.000049000 91.000000000 91.000000000 87.000000000 91.000000000
1755077458.799999952 31.29155457783334 120.756300452 3.128900000 4.000000000 0.000050410 1.000000000 0.000000000 0.000000000 0.000049000 91.000000000 91.000000000 87.000000000 91.000000000
1755077459.000000000 31.291554623333322 120.756301272 3.125800000 4.000000000 0.000050410 1.000000000 0.000000000 0.000000000 0.000049000 91.000000000 91.000000000 87.000000000 91.000000000
1755077459.200000048 31.291554675500006 120.756302110 3.132800001 4.000000000 0.000050410 1.000000000 0.000000000 0.000000000 0.000049000 91.000000000 91.000000000 87.000000000 91.000000000
1755077459.400000095 31.291554666 120.756302921 3.130899999 4.000000000 0.000050410 1.000000000 0.000000000 0.000000000 0.000049000 91.000000000 91.000000000 87.000000000 91.000000000
1755077459.599999905 31.291554537 120.756303701 3.122200001 4.000000000 0.000049000 1.000000000 0.000000000 0.000000000 0.000049000 91.000000000 91.000000000 87.000000000 91.000000000
1755077459.799999952 31.291554502666674 120.756304608 3.120200001 4.000000000 0.000049000 1.000000000 0.000000000 0.000000000 0.000049000 91.000000000 91.000000000 87.000000000 91.000000000
1755077460.000000000 31.291554654000006 120.756305428 3.125000001 4.000000000 0.000049000 1.000000000 0.000000000 0.000000000 0.000049000 91.000000000 91.000000000 87.000000000 91.000000000
1755077460.200000048 31.291554825833334 120.756306207 3.130799999 4.000000000 0.000050410 1.000000000 0.000000000 0.000000000 0.000049000 89.000000000 90.000000000 87.000000000 91.000000000
1755077460.400000095 31.291554989999998 120.756307014 3.131499999 4.000000000 0.000050410 1.000000000 0.000000000 0.000000000 0.000049000 89.000000000 90.000000000 87.000000000 91.000000000
1755077460.599999905 31.291555172 120.756307732 3.123500000 4.000000000 0.000047610 1.000000000 0.000000000 0.000000000 0.000049000 89.000000000 90.000000000 87.000000000 91.000000000
1755077460.799999952 31.291555352000007 120.756308458 3.123600000 4.000000000 0.000047610 1.000000000 0.000000000 0.000000000 0.000049000 89.000000000 90.000000000 87.000000000 91.000000000
1755077461.000000000 31.29155551499999 120.756309299 3.118900000 4.000000000 0.000047610 1.000000000 0.000000000 0.000000000 0.000049000 89.000000000 90.000000000 87.000000000 91.000000000
1755077461.200000048 31.29155563433333 120.756310002 3.117900000 4.000000000 0.000047610 1.000000000 0.000000000 0.000000000 0.000049000 91.000000000 90.000000000 86.000000000 89.000000000
1755077461.400000095 31.29155582733333 120.756310835 3.113400000 4.000000000 0.000047610 1.000000000 0.000000000 0.000000000 0.000049000 91.000000000 90.000000000 86.000000000 89.000000000
1755077461.599999905 31.29155588866666 120.756311715 3.109400000 4.000000000 0.000053290 1.000000000 0.000000000 0.000000000 0.000053290 91.000000000 90.000000000 86.000000000 89.000000000
1755077461.799999952 31.29155601 120.756312477 3.108100000 4.000000000 0.000053290 1.000000000 0.000000000 0.000000000 0.000053290 91.000000000 90.000000000 86.000000000 89.000000000
1755077462.000000000 31.291556125333337 120.756313284 3.110400000 4.000000000 0.000053290 1.000000000 0.000000000 0.000000000 0.000053290 91.000000000 90.000000000 86.000000000 89.000000000
1755077462.200000048 31.291556310499992 120.756314057 3.111099999 4.000000000 0.000053290 1.000000000 0.000000000 0.000000000 0.000053290 89.000000000 90.000000000 87.000000000 91.000000000
1755077462.400000095 31.291556425166664 120.756314881 3.113300000 4.000000000 0.000053290 1.000000000 0.000000000 0.000000000 0.000053290 89.000000000 90.000000000 87.000000000 91.000000000
1755077462.599999905 31.291556614500003 120.756315646 3.134099999 4.000000000 0.000054760 1.000000000 0.000000000 0.000000000 0.000054760 89.000000000 90.000000000 87.000000000 91.000000000
1755077462.799999952 31.291556771166672 120.756316430 3.129500001 4.000000000 0.000054760 1.000000000 0.000000000 0.000000000 0.000054760 89.000000000 90.000000000 87.000000000 91.000000000
1755077463.000000000 31.291556916333334 120.756317154 3.128700000 4.000000000 0.000054760 1.000000000 0.000000000 0.000000000 0.000054760 89.000000000 90.000000000 87.000000000 91.000000000
1755077463.200000048 31.291557103999995 120.756317943 3.127000001 4.000000000 0.000054760 1.000000000 0.000000000 0.000000000 0.000054760 91.000000000 91.000000000 87.000000000 91.000000000
1755077463.400000095 31.29155717916666 120.756318476 3.131700000 4.000000000 0.000054760 1.000000000 0.000000000 0.000000000 0.000056250 91.000000000 91.000000000 87.000000000 91.000000000
1755077463.599999905 31.291557130333327 120.756318333 3.136500000 4.000000000 0.000050410 1.000000000 0.000000000 0.000000000 0.000051840 91.000000000 91.000000000 87.000000000 91.000000000
1755077463.799999952 31.29155713716666 120.756318341 3.137700000 4.000000000 0.000050410 1.000000000 0.000000000 0.000000000 0.000051840 91.000000000 91.000000000 87.000000000 91.000000000
1755077464.000000000 31.291557140000002 120.756318358 3.136800000 4.000000000 0.000050410 1.000000000 0.000000000 0.000000000 0.000051840 91.000000000 91.000000000 87.000000000 91.000000000
1755077464.200000048 31.291557134499996 120.756318354 3.137900001 4.000000000 0.000050410 1.000000000 0.000000000 0.000000000 0.000051840 91.000000000 90.000000000 86.000000000 89.000000000
1755077464.400000095 31.291557054500007 120.756318375 3.142700000 4.000000000 0.000050410 1.000000000 0.000000000 0.000000000 0.000051840 91.000000000 90.000000000 86.000000000 89.000000000
1755077464.599999905 31.291556809666666 120.756318502 3.143400000 4.000000000 0.000051840 1.000000000 0.000000000 0.000000000 0.000053290 91.000000000 90.000000000 86.000000000 89.000000000
1755077464.799999952 31.291556502833327 120.756318673 3.147200000 4.000000000 0.000051840 1.000000000 0.000000000 0.000000000 0.000053290 91.000000000 90.000000000 86.000000000 89.000000000
1755077465.000000000 31.291556305500002 120.756318886 3.150700000 4.000000000 0.000051840 1.000000000 0.000000000 0.000000000 0.000053290 91.000000000 90.000000000 86.000000000 89.000000000
1755077465.200000048 31.291556048333334 120.756319046 3.151100001 4.000000000 0.000051840 1.000000000 0.000000000 0.000000000 0.000053290 91.000000000 91.000000000 87.000000000 91.000000000
1755077465.400000095 31.29155588933334 120.756319249 3.158100000 4.000000000 0.000051840 1.000000000 0.000000000 0.000000000 0.000053290 91.000000000 91.000000000 87.000000000 91.000000000
1755077465.599999905 31.29155570833333 120.756319486 3.154200000 4.000000000 0.000051840 1.000000000 0.000000000 0.000000000 0.000053290 91.000000000 91.000000000 87.000000000 91.000000000
1755077465.799999952 31.291555552666658 120.756319735 3.156800000 4.000000000 0.000051840 1.000000000 0.000000000 0.000000000 0.000053290 91.000000000 91.000000000 87.000000000 91.000000000
1755077466.000000000 31.291555432499997 120.756319987 3.155300000 4.000000000 0.000051840 1.000000000 0.000000000 0.000000000 0.000053290 91.000000000 91.000000000 87.000000000 91.000000000
1755077466.200000048 31.29155536683333 120.756320218 3.155700000 4.000000000 0.000051840 1.000000000 0.000000000 0.000000000 0.000053290 91.000000000 91.000000000 87.000000000 91.000000000
1755077466.400000095 31.291555292666672 120.756320503 3.161400001 4.000000000 0.000051840 1.000000000 0.000000000 0.000000000 0.000053290 91.000000000 91.000000000 87.000000000 91.000000000
1755077466.599999905 31.291555227666663 120.756320768 3.144500000 4.000000000 0.000051840 1.000000000 0.000000000 0.000000000 0.000053290 91.000000000 91.000000000 87.000000000 91.000000000
1755077466.799999952 31.29155521983333 120.756321003 3.150800001 4.000000000 0.000051840 1.000000000 0.000000000 0.000000000 0.000053290 91.000000000 91.000000000 87.000000000 91.000000000
1755077467.000000000 31.291555195333324 120.756321328 3.148500001 4.000000000 0.000051840 1.000000000 0.000000000 0.000000000 0.000053290 91.000000000 91.000000000 87.000000000 91.000000000
1755077467.200000048 31.29155519983333 120.756321388 3.145900001 4.000000000 0.000051840 1.000000000 0.000000000 0.000000000 0.000053290 93.000000000 93.000000000 87.000000000 93.000000000
1755077467.400000095 31.291555197499996 120.756321378 3.147499999 4.000000000 0.000051840 1.000000000 0.000000000 0.000000000 0.000053290 93.000000000 93.000000000 87.000000000 93.000000000
1755077467.599999905 31.291555206833323 120.756321391 3.139599998 4.000000000 0.000050410 1.000000000 0.000000000 0.000000000 0.000051840 93.000000000 93.000000000 87.000000000 93.000000000
1755077467.799999952 31.291555211500004 120.756321391 3.140500000 4.000000000 0.000050410 1.000000000 0.000000000 0.000000000 0.000051840 93.000000000 93.000000000 87.000000000 93.000000000
1755077468.000000000 31.29155521383333 120.756321397 3.139600001 4.000000000 0.000050410 1.000000000 0.000000000 0.000000000 0.000051840 93.000000000 93.000000000 87.000000000 93.000000000
1755077468.200000048 31.291555217000006 120.756321401 3.136700000 4.000000000 0.000050410 1.000000000 0.000000000 0.000000000 0.000051840 91.000000000 91.000000000 87.000000000 91.000000000
1755077468.400000095 31.291555549666658 120.756321388 3.136600001 4.000000000 0.000051840 1.000000000 0.000000000 0.000000000 0.000051840 91.000000000 91.000000000 87.000000000 91.000000000
1755077468.599999905 31.291556200833327 120.756321446 3.131600001 4.000000000 0.000051840 1.000000000 0.000000000 0.000000000 0.000051840 91.000000000 91.000000000 87.000000000 91.000000000
1755077468.799999952 31.29155684300001 120.756321419 3.127099999 4.000000000 0.000051840 1.000000000 0.000000000 0.000000000 0.000051840 91.000000000 91.000000000 87.000000000 91.000000000
1755077469.000000000 31.291557485666655 120.756321339 3.127600000 4.000000000 0.000051840 1.000000000 0.000000000 0.000000000 0.000051840 91.000000000 91.000000000 87.000000000 91.000000000
1755077469.200000048 31.291558131 120.756321239 3.125600000 4.000000000 0.000051840 1.000000000 0.000000000 0.000000000 0.000053290 91.000000000 91.000000000 87.000000000 91.000000000
1755077469.400000095 31.29155868366667 120.756321128 3.123000000 4.000000000 0.000051840 1.000000000 0.000000000 0.000000000 0.000053290 91.000000000 91.000000000 87.000000000 91.000000000
1755077469.599999905 31.29155915916667 120.756321061 3.130400001 4.000000000 0.000051840 1.000000000 0.000000000 0.000000000 0.000053290 91.000000000 91.000000000 87.000000000 91.000000000
1755077469.799999952 31.291559661499996 120.756320943 3.131100001 4.000000000 0.000051840 1.000000000 0.000000000 0.000000000 0.000053290 91.000000000 91.000000000 87.000000000 91.000000000
1755077470.000000000 31.291560217500002 120.756320864 3.130700000 4.000000000 0.000051840 1.000000000 0.000000000 0.000000000 0.000053290 91.000000000 91.000000000 87.000000000 91.000000000
1755077470.200000048 31.291560673166668 120.756320670 3.133599999 4.000000000 0.000051840 1.000000000 0.000000000 0.000000000 0.000053290 91.000000000 91.000000000 87.000000000 91.000000000
1755077470.400000095 31.291560560333323 120.756320713 3.131600000 4.000000000 0.000051840 1.000000000 0.000000000 0.000000000 0.000053290 91.000000000 91.000000000 87.000000000 91.000000000
1755077470.599999905 31.29156056500001 120.756320718 3.146100000 4.000000000 0.000050410 1.000000000 0.000000000 0.000000000 0.000053290 91.000000000 91.000000000 87.000000000 91.000000000
1755077470.799999952 31.29156057983334 120.756320715 3.145400000 4.000000000 0.000050410 1.000000000 0.000000000 0.000000000 0.000053290 91.000000000 91.000000000 87.000000000 91.000000000
1755077471.000000000 31.29156058299999 120.756320708 3.147300000 4.000000000 0.000050410 1.000000000 0.000000000 0.000000000 0.000053290 91.000000000 91.000000000 87.000000000 91.000000000
1755077471.200000048 31.29156057816666 120.756320717 3.148799999 4.000000000 0.000050410 1.000000000 0.000000000 0.000000000 0.000053290 91.000000000 91.000000000 87.000000000 91.000000000
1755077471.400000095 31.291560580666665 120.756320714 3.149200001 4.000000000 0.000050410 1.000000000 0.000000000 0.000000000 0.000053290 91.000000000 91.000000000 87.000000000 91.000000000
1755077471.599999905 31.291560558833332 120.756320724 3.145500000 4.000000000 0.000050410 1.000000000 0.000000000 0.000000000 0.000053290 91.000000000 91.000000000 87.000000000 91.000000000
1755077471.799999952 31.291560532333328 120.756320807 3.147600001 4.000000000 0.000050410 1.000000000 0.000000000 0.000000000 0.000053290 91.000000000 91.000000000 87.000000000 91.000000000
1755077472.000000000 31.291560483833337 120.756320870 3.148700000 4.000000000 0.000050410 1.000000000 0.000000000 0.000000000 0.000053290 91.000000000 91.000000000 87.000000000 91.000000000
1755077472.200000048 31.291560468833346 120.756320955 3.148800000 4.000000000 0.000051840 1.000000000 0.000000000 0.000000000 0.000053290 91.000000000 91.000000000 87.000000000 91.000000000
1755077472.400000095 31.291560462166668 120.756321006 3.149400000 4.000000000 0.000051840 1.000000000 0.000000000 0.000000000 0.000053290 91.000000000 91.000000000 87.000000000 91.000000000
1755077472.599999905 31.291560472166662 120.756321017 3.143600000 4.000000000 0.000050410 1.000000000 0.000000000 0.000000000 0.000053290 91.000000000 91.000000000 87.000000000 91.000000000
1755077472.799999952 31.291560455500004 120.756321026 3.144100000 4.000000000 0.000050410 1.000000000 0.000000000 0.000000000 0.000053290 91.000000000 91.000000000 87.000000000 91.000000000
1755077473.000000000 31.291560403999995 120.756321060 3.144199999 4.000000000 0.000050410 1.000000000 0.000000000 0.000000000 0.000053290 91.000000000 91.000000000 87.000000000 91.000000000
1755077473.200000048 31.29156042333334 120.756321059 3.145100000 4.000000000 0.000051840 1.000000000 0.000000000 0.000000000 0.000053290 91.000000000 91.000000000 87.000000000 91.000000000
1755077473.400000095 31.291560436166662 120.756321063 3.144200000 4.000000000 0.000051840 1.000000000 0.000000000 0.000000000 0.000053290 91.000000000 91.000000000 87.000000000 91.000000000
1755077473.599999905 31.291560458833327 120.756321080 3.146700000 4.000000000 0.000047610 1.000000000 0.000000000 0.000000000 0.000051840 91.000000000 91.000000000 87.000000000 91.000000000
1755077473.799999952 31.291560454833338 120.756321083 3.147000000 4.000000000 0.000049000 1.000000000 0.000000000 0.000000000 0.000051840 91.000000000 91.000000000 87.000000000 91.000000000
1755077474.000000000 31.29156050966666 120.756321042 3.145600000 4.000000000 0.000049000 1.000000000 0.000000000 0.000000000 0.000051840 91.000000000 91.000000000 87.000000000 91.000000000
1755077474.200000048 31.291560796333336 120.756321001 3.146600000 4.000000000 0.000049000 1.000000000 0.000000000 0.000000000 0.000051840 91.000000000 91.000000000 87.000000000 91.000000000
1755077474.400000095 31.29156141716667 120.756320790 3.143800000 4.000000000 0.000049000 1.000000000 0.000000000 0.000000000 0.000051840 91.000000000 91.000000000 87.000000000 91.000000000
1755077474.599999905 31.291562087499997 120.756320504 3.137399999 4.000000000 0.000046240 1.000000000 0.000000000 0.000000000 0.000047610 91.000000000 91.000000000 87.000000000 91.000000000
1755077474.799999952 31.291562666166662 120.756320196 3.135000000 4.000000000 0.000046240 1.000000000 0.000000000 0.000000000 0.000047610 91.000000000 91.000000000 87.000000000 91.000000000
1755077475.000000000 31.2915632565 120.756319967 3.143700000 4.000000000 0.000046240 1.000000000 0.000000000 0.000000000 0.000047610 91.000000000 91.000000000 87.000000000 91.000000000
1755077475.200000048 31.29156309199999 120.756320032 3.136700000 4.000000000 0.000046240 1.000000000 0.000000000 0.000000000 0.000047610 91.000000000 91.000000000 87.000000000 91.000000000
1755077475.400000095 31.291563106666665 120.756320022 3.137000000 4.000000000 0.000046240 1.000000000 0.000000000 0.000000000 0.000047610 91.000000000 91.000000000 87.000000000 91.000000000
1755077475.599999905 31.291563131166654 120.756319955 3.139000000 4.000000000 0.000051840 1.000000000 0.000000000 0.000000000 0.000053290 91.000000000 91.000000000 87.000000000 91.000000000
1755077475.799999952 31.29156313466666 120.756319965 3.136100000 4.000000000 0.000051840 1.000000000 0.000000000 0.000000000 0.000053290 91.000000000 91.000000000 87.000000000 91.000000000
1755077476.000000000 31.291563123333336 120.756319957 3.136700000 4.000000000 0.000051840 1.000000000 0.000000000 0.000000000 0.000053290 91.000000000 91.000000000 87.000000000 91.000000000
1755077476.200000048 31.29156313466666 120.756319970 3.139000000 4.000000000 0.000051840 1.000000000 0.000000000 0.000000000 0.000053290 91.000000000 91.000000000 87.000000000 91.000000000
1755077476.400000095 31.291563191166667 120.756320171 3.139099999 4.000000000 0.000051840 1.000000000 0.000000000 0.000000000 0.000053290 91.000000000 91.000000000 87.000000000 91.000000000
1755077476.599999905 31.291563348166665 120.756320458 3.134600001 4.000000000 0.000051840 1.000000000 0.000000000 0.000000000 0.000054760 91.000000000 91.000000000 87.000000000 91.000000000
1755077476.799999952 31.291563396833336 120.756320564 3.132000000 4.000000000 0.000051840 1.000000000 0.000000000 0.000000000 0.000054760 91.000000000 91.000000000 87.000000000 91.000000000
1755077477.000000000 31.291563428666674 120.756320618 3.134400000 4.000000000 0.000051840 1.000000000 0.000000000 0.000000000 0.000056250 91.000000000 91.000000000 87.000000000 91.000000000
1755077477.200000048 31.29156342733333 120.756320681 3.135100000 4.000000000 0.000051840 1.000000000 0.000000000 0.000000000 0.000056250 91.000000000 91.000000000 87.000000000 91.000000000
1755077477.400000095 31.291563428499998 120.756320733 3.134300000 4.000000000 0.000051840 1.000000000 0.000000000 0.000000000 0.000056250 91.000000000 91.000000000 87.000000000 91.000000000
1755077477.599999905 31.29156345716666 120.756320764 3.139000000 4.000000000 0.000051840 1.000000000 0.000000000 0.000000000 0.000056250 91.000000000 91.000000000 87.000000000 91.000000000
1755077477.799999952 31.2915635055 120.756320823 3.143400000 4.000000000 0.000051840 1.000000000 0.000000000 0.000000000 0.000056250 91.000000000 91.000000000 87.000000000 91.000000000
1755077478.000000000 31.291563562000007 120.756320897 3.147100001 4.000000000 0.000051840 1.000000000 0.000000000 0.000000000 0.000056250 91.000000000 91.000000000 87.000000000 91.000000000
1755077478.200000048 31.29156358483333 120.756320911 3.146200001 4.000000000 0.000051840 1.000000000 0.000000000 0.000000000 0.000056250 91.000000000 91.000000000 87.000000000 91.000000000
1755077478.400000095 31.291563583166667 120.756320903 3.147899999 4.000000000 0.000051840 1.000000000 0.000000000 0.000000000 0.000056250 91.000000000 91.000000000 87.000000000 91.000000000
1755077478.599999905 31.291563575166666 120.756320922 3.140400000 4.000000000 0.000051840 1.000000000 0.000000000 0.000000000 0.000057760 91.000000000 91.000000000 87.000000000 91.000000000
1755077478.799999952 31.291563570666664 120.756320924 3.140100000 4.000000000 0.000051840 1.000000000 0.000000000 0.000000000 0.000057760 91.000000000 91.000000000 87.000000000 91.000000000
1755077479.000000000 31.291563589333343 120.756320843 3.144400000 4.000000000 0.000051840 1.000000000 0.000000000 0.000000000 0.000057760 91.000000000 91.000000000 87.000000000 91.000000000
1755077479.200000048 31.291563795499993 120.756320598 3.147300000 4.000000000 0.000051840 1.000000000 0.000000000 0.000000000 0.000057760 89.000000000 90.000000000 87.000000000 91.000000000
1755077479.400000095 31.291564074999997 120.756320193 3.146300000 4.000000000 0.000051840 1.000000000 0.000000000 0.000000000 0.000057760 89.000000000 90.000000000 87.000000000 91.000000000
1755077479.599999905 31.291564340833332 120.756319830 3.139900000 4.000000000 0.000050410 1.000000000 0.000000000 0.000000000 0.000056250 89.000000000 90.000000000 87.000000000 91.000000000
1755077479.799999952 31.29156440249999 120.756319750 3.140099999 4.000000000 0.000050410 1.000000000 0.000000000 0.000000000 0.000056250 89.000000000 90.000000000 87.000000000 91.000000000
1755077480.000000000 31.291564413333333 120.756319739 3.137900000 4.000000000 0.000050410 1.000000000 0.000000000 0.000000000 0.000056250 89.000000000 90.000000000 87.000000000 91.000000000
1755077480.200000048 31.291564412333326 120.756319738 3.140399999 4.000000000 0.000050410 1.000000000 0.000000000 0.000000000 0.000057760 91.000000000 91.000000000 87.000000000 91.000000000
1755077480.400000095 31.291564418166665 120.756319732 3.140900000 4.000000000 0.000050410 1.000000000 0.000000000 0.000000000 0.000057760 91.000000000 91.000000000 87.000000000 91.000000000
1755077480.599999905 31.29156437983333 120.756319766 3.131600000 4.000000000 0.000051840 1.000000000 0.000000000 0.000000000 0.000057760 91.000000000 91.000000000 87.000000000 91.000000000
1755077480.799999952 31.29156437916667 120.756319774 3.131400000 4.000000000 0.000051840 1.000000000 0.000000000 0.000000000 0.000057760 91.000000000 91.000000000 87.000000000 91.000000000
1755077481.000000000 31.291564439333335 120.756319884 3.132700000 4.000000000 0.000051840 1.000000000 0.000000000 0.000000000 0.000057760 91.000000000 91.000000000 87.000000000 91.000000000
1755077481.200000048 31.29156452333333 120.756320052 3.132500000 4.000000000 0.000051840 1.000000000 0.000000000 0.000000000 0.000059290 91.000000000 91.000000000 87.000000000 91.000000000
1755077481.400000095 31.29156459883333 120.756320202 3.133700000 4.000000000 0.000051840 1.000000000 0.000000000 0.000000000 0.000059290 91.000000000 91.000000000 87.000000000 91.000000000
1755077481.599999905 31.291564721833332 120.756320317 3.136300000 4.000000000 0.000051840 1.000000000 0.000000000 0.000000000 0.000056250 91.000000000 91.000000000 87.000000000 91.000000000
1755077481.799999952 31.291564888833335 120.756320501 3.138400001 4.000000000 0.000051840 1.000000000 0.000000000 0.000000000 0.000056250 91.000000000 91.000000000 87.000000000 91.000000000
1755077482.000000000 31.291564978666663 120.756320590 3.140500000 4.000000000 0.000051840 1.000000000 0.000000000 0.000000000 0.000056250 91.000000000 91.000000000 87.000000000 91.000000000
1755077482.200000048 31.291565315666666 120.756320672 3.139000000 4.000000000 0.000051840 1.000000000 0.000000000 0.000000000 0.000056250 91.000000000 91.000000000 87.000000000 91.000000000
1755077482.400000095 31.291565446999996 120.756320781 3.140300000 4.000000000 0.000051840 1.000000000 0.000000000 0.000000000 0.000056250 91.000000000 91.000000000 87.000000000 91.000000000
1755077482.599999905 31.291565586666664 120.756320856 3.139400000 4.000000000 0.000051840 1.000000000 0.000000000 0.000000000 0.000056250 91.000000000 91.000000000 87.000000000 91.000000000
1755077482.799999952 31.29156575766667 120.756320911 3.141700000 4.000000000 0.000051840 1.000000000 0.000000000 0.000000000 0.000056250 91.000000000 91.000000000 87.000000000 91.000000000
1755077483.000000000 31.29156598216667 120.756320923 3.138099999 4.000000000 0.000051840 1.000000000 0.000000000 0.000000000 0.000056250 91.000000000 91.000000000 87.000000000 91.000000000
1755077483.200000048 31.291566184499995 120.756320898 3.137400000 4.000000000 0.000051840 1.000000000 0.000000000 0.000000000 0.000056250 89.000000000 90.000000000 87.000000000 91.000000000
1755077483.400000095 31.29156610666666 120.756320911 3.136700000 4.000000000 0.000051840 1.000000000 0.000000000 0.000000000 0.000056250 89.000000000 90.000000000 87.000000000 91.000000000
1755077483.599999905 31.291566112166667 120.756320930 3.132300000 4.000000000 0.000051840 1.000000000 0.000000000 0.000000000 0.000056250 89.000000000 90.000000000 87.000000000 91.000000000
1755077483.799999952 31.29156606516666 120.756320617 3.128900000 4.000000000 0.000051840 1.000000000 0.000000000 0.000000000 0.000056250 89.000000000 90.000000000 87.000000000 91.000000000
1755077484.000000000 31.291566038833327 120.756319978 3.128400000 4.000000000 0.000051840 1.000000000 0.000000000 0.000000000 0.000056250 89.000000000 90.000000000 87.000000000 91.000000000
1755077484.200000048 31.29156598666667 120.756319431 3.127099999 4.000000000 0.000051840 1.000000000 0.000000000 0.000000000 0.000056250 89.000000000 89.000000000 86.000000000 89.000000000
1755077484.400000095 31.291565936666665 120.756318733 3.125699999 4.000000000 0.000051840 1.000000000 0.000000000 0.000000000 0.000056250 89.000000000 89.000000000 86.000000000 89.000000000
1755077484.599999905 31.29156580416667 120.756318284 3.119800000 4.000000000 0.000051840 1.000000000 0.000000000 0.000000000 0.000054760 89.000000000 89.000000000 86.000000000 89.000000000
1755077484.799999952 31.291565710666667 120.756317712 3.120200000 4.000000000 0.000051840 1.000000000 0.000000000 0.000000000 0.000054760 89.000000000 89.000000000 86.000000000 89.000000000
1755077485.000000000 31.291565615666673 120.756317117 3.115700000 4.000000000 0.000051840 1.000000000 0.000000000 0.000000000 0.000054760 89.000000000 89.000000000 86.000000000 89.000000000
1755077485.200000048 31.291565553833333 120.756316534 3.116899999 4.000000000 0.000051840 1.000000000 0.000000000 0.000000000 0.000056250 91.000000000 90.000000000 86.000000000 89.000000000
1755077485.400000095 31.291565432999995 120.756315946 3.116600000 4.000000000 0.000051840 1.000000000 0.000000000 0.000000000 0.000056250 91.000000000 90.000000000 86.000000000 89.000000000
1755077485.599999905 31.29156530083334 120.756315390 3.107400000 4.000000000 0.000051840 1.000000000 0.000000000 0.000000000 0.000056250 91.000000000 90.000000000 86.000000000 89.000000000
1755077485.799999952 31.291565230500005 120.756314807 3.103799999 4.000000000 0.000051840 1.000000000 0.000000000 0.000000000 0.000056250 91.000000000 90.000000000 86.000000000 89.000000000
1755077486.000000000 31.291565174999995 120.756314266 3.102099999 4.000000000 0.000051840 1.000000000 0.000000000 0.000000000 0.000056250 91.000000000 90.000000000 86.000000000 89.000000000
1755077486.200000048 31.291565068166665 120.756313677 3.100300001 4.000000000 0.000051840 1.000000000 0.000000000 0.000000000 0.000056250 87.000000000 87.000000000 85.000000000 87.000000000
1755077486.400000095 31.291565002 120.756313019 3.104000000 4.000000000 0.000051840 1.000000000 0.000000000 0.000000000 0.000056250 87.000000000 87.000000000 85.000000000 87.000000000
1755077486.599999905 31.291564994500007 120.756312422 3.105400001 4.000000000 0.000051840 1.000000000 0.000000000 0.000000000 0.000051840 87.000000000 87.000000000 85.000000000 87.000000000
1755077486.799999952 31.29156493266667 120.756311815 3.101500000 4.000000000 0.000051840 1.000000000 0.000000000 0.000000000 0.000051840 87.000000000 87.000000000 85.000000000 87.000000000
1755077487.000000000 31.291564815833325 120.756311186 3.112300000 4.000000000 0.000051840 1.000000000 0.000000000 0.000000000 0.000051840 87.000000000 87.000000000 85.000000000 87.000000000
1755077487.200000048 31.29156473966666 120.756310575 3.111600000 4.000000000 0.000051840 1.000000000 0.000000000 0.000000000 0.000053290 87.000000000 87.000000000 85.000000000 87.000000000
1755077487.400000095 31.2915646805 120.756309997 3.110100000 4.000000000 0.000051840 1.000000000 0.000000000 0.000000000 0.000053290 87.000000000 87.000000000 85.000000000 87.000000000
1755077487.599999905 31.29156466450001 120.756310107 3.106000001 4.000000000 0.000047610 1.000000000 0.000000000 0.000000000 0.000051840 87.000000000 87.000000000 85.000000000 87.000000000
1755077487.799999952 31.291564658666662 120.756310097 3.108199999 4.000000000 0.000047610 1.000000000 0.000000000 0.000000000 0.000051840 87.000000000 87.000000000 85.000000000 87.000000000
1755077488.000000000 31.291564663166664 120.756310087 3.107100000 4.000000000 0.000047610 1.000000000 0.000000000 0.000000000 0.000051840 87.000000000 87.000000000 85.000000000 87.000000000
1755077488.200000048 31.291564657166674 120.756310083 3.108699999 4.000000000 0.000047610 1.000000000 0.000000000 0.000000000 0.000051840 87.000000000 88.000000000 86.000000000 89.000000000
1755077488.400000095 31.291564667499987 120.756310087 3.110200000 4.000000000 0.000047610 1.000000000 0.000000000 0.000000000 0.000051840 87.000000000 88.000000000 86.000000000 89.000000000
1755077488.599999905 31.29156465366667 120.756310041 3.107900000 4.000000000 0.000053290 1.000000000 0.000000000 0.000000000 0.000054760 87.000000000 88.000000000 86.000000000 89.000000000
1755077488.799999952 31.291564654833337 120.756310047 3.108600000 4.000000000 0.000053290 1.000000000 0.000000000 0.000000000 0.000054760 87.000000000 88.000000000 86.000000000 89.000000000
1755077489.000000000 31.291564652833337 120.756310050 3.107700000 4.000000000 0.000053290 1.000000000 0.000000000 0.000000000 0.000054760 87.000000000 88.000000000 86.000000000 89.000000000
1755077489.200000048 31.29156465449999 120.756310054 3.107000000 4.000000000 0.000053290 1.000000000 0.000000000 0.000000000 0.000054760 89.000000000 90.000000000 87.000000000 91.000000000
1755077489.400000095 31.291564653500004 120.756310057 3.106100000 4.000000000 0.000053290 1.000000000 0.000000000 0.000000000 0.000054760 89.000000000 90.000000000 87.000000000 91.000000000
1755077489.599999905 31.291564544833324 120.756310074 3.126900000 4.000000000 0.000051840 1.000000000 0.000000000 0.000000000 0.000053290 89.000000000 90.000000000 87.000000000 91.000000000
1755077489.799999952 31.291564265166677 120.756310049 3.127700000 4.000000000 0.000053290 1.000000000 0.000000000 0.000000000 0.000053290 89.000000000 90.000000000 87.000000000 91.000000000
1755077490.000000000 31.291563987833342 120.756310022 3.129600001 4.000000000 0.000053290 1.000000000 0.000000000 0.000000000 0.000053290 89.000000000 90.000000000 87.000000000 91.000000000
1755077490.200000048 31.291563737999997 120.756309964 3.128800000 4.000000000 0.000053290 1.000000000 0.000000000 0.000000000 0.000053290 89.000000000 90.000000000 87.000000000 91.000000000
1755077490.400000095 31.291563457499997 120.756309884 3.128900000 4.000000000 0.000053290 1.000000000 0.000000000 0.000000000 0.000054760 89.000000000 90.000000000 87.000000000 91.000000000
1755077490.599999905 31.291563184833326 120.756309740 3.134600000 4.000000000 0.000051840 1.000000000 0.000000000 0.000000000 0.000053290 89.000000000 90.000000000 87.000000000 91.000000000
1755077490.799999952 31.29156290683333 120.756309584 3.136100000 4.000000000 0.000051840 1.000000000 0.000000000 0.000000000 0.000053290 89.000000000 90.000000000 87.000000000 91.000000000
1755077491.000000000 31.291562726500004 120.756309438 3.141400000 4.000000000 0.000051840 1.000000000 0.000000000 0.000000000 0.000053290 89.000000000 90.000000000 87.000000000 91.000000000
1755077491.200000048 31.29156256783334 120.756309264 3.140000000 4.000000000 0.000051840 1.000000000 0.000000000 0.000000000 0.000053290 91.000000000 91.000000000 87.000000000 91.000000000
1755077491.400000095 31.2915623715 120.756309012 3.142600001 4.000000000 0.000051840 1.000000000 0.000000000 0.000000000 0.000053290 91.000000000 91.000000000 87.000000000 91.000000000
1755077491.599999905 31.29156216866666 120.756308760 3.140100000 4.000000000 0.000051840 1.000000000 0.000000000 0.000000000 0.000053290 91.000000000 91.000000000 87.000000000 91.000000000
1755077491.799999952 31.291562035166674 120.756308518 3.141600001 4.000000000 0.000051840 1.000000000 0.000000000 0.000000000 0.000053290 91.000000000 91.000000000 87.000000000 91.000000000
1755077492.000000000 31.291561885666667 120.756308221 3.138500000 4.000000000 0.000051840 1.000000000 0.000000000 0.000000000 0.000053290 91.000000000 91.000000000 87.000000000 91.000000000
1755077492.200000048 31.291561753666663 120.756307961 3.137600000 4.000000000 0.000051840 1.000000000 0.000000000 0.000000000 0.000053290 91.000000000 91.000000000 87.000000000 91.000000000
1755077492.400000095 31.291561747166664 120.756307949 3.136000000 4.000000000 0.000051840 1.000000000 0.000000000 0.000000000 0.000053290 91.000000000 91.000000000 87.000000000 91.000000000
1755077492.599999905 31.291561752000007 120.756307998 3.130600000 4.000000000 0.000051840 1.000000000 0.000000000 0.000000000 0.000051840 91.000000000 91.000000000 87.000000000 91.000000000
1755077492.799999952 31.291561761166673 120.756307984 3.127999999 4.000000000 0.000051840 1.000000000 0.000000000 0.000000000 0.000051840 91.000000000 91.000000000 87.000000000 91.000000000
1755077493.000000000 31.291562126499997 120.756307895 3.131300000 4.000000000 0.000051840 1.000000000 0.000000000 0.000000000 0.000053290 91.000000000 91.000000000 87.000000000 91.000000000
1755077493.200000048 31.29156263833334 120.756307696 3.133400000 4.000000000 0.000051840 1.000000000 0.000000000 0.000000000 0.000053290 91.000000000 91.000000000 87.000000000 91.000000000
1755077493.400000095 31.291563121833335 120.756307552 3.134900000 4.000000000 0.000051840 1.000000000 0.000000000 0.000000000 0.000053290 91.000000000 91.000000000 87.000000000 91.000000000
1755077493.599999905 31.29156363500001 120.756307318 3.129100000 4.000000000 0.000053290 1.000000000 0.000000000 0.000000000 0.000053290 91.000000000 91.000000000 87.000000000 91.000000000
1755077493.799999952 31.291564119000004 120.756307162 3.127800000 4.000000000 0.000053290 1.000000000 0.000000000 0.000000000 0.000053290 91.000000000 91.000000000 87.000000000 91.000000000
1755077494.000000000 31.29156462316666 120.756306992 3.125399999 4.000000000 0.000053290 1.000000000 0.000000000 0.000000000 0.000053290 91.000000000 91.000000000 87.000000000 91.000000000
1755077494.200000048 31.29156510433333 120.756306826 3.122300000 4.000000000 0.000053290 1.000000000 0.000000000 0.000000000 0.000053290 91.000000000 91.000000000 87.000000000 91.000000000
1755077494.400000095 31.29156558833333 120.756306583 3.119300000 4.000000000 0.000053290 1.000000000 0.000000000 0.000000000 0.000054760 91.000000000 91.000000000 87.000000000 91.000000000
1755077494.599999905 31.291566054000008 120.756306372 3.115700001 4.000000000 0.000051840 1.000000000 0.000000000 0.000000000 0.000053290 91.000000000 91.000000000 87.000000000 91.000000000
1755077494.799999952 31.291566570666664 120.756306227 3.117100002 4.000000000 0.000051840 1.000000000 0.000000000 0.000000000 0.000053290 91.000000000 91.000000000 87.000000000 91.000000000
1755077495.000000000 31.291567070833327 120.756306026 3.117100000 4.000000000 0.000051840 1.000000000 0.000000000 0.000000000 0.000053290 91.000000000 91.000000000 87.000000000 91.000000000
1755077495.200000048 31.291567575666665 120.756305854 3.121700000 4.000000000 0.000053290 1.000000000 0.000000000 0.000000000 0.000053290 91.000000000 91.000000000 87.000000000 91.000000000
1755077495.400000095 31.291568192666674 120.756305622 3.117200000 4.000000000 0.000053290 1.000000000 0.000000000 0.000000000 0.000053290 91.000000000 91.000000000 87.000000000 91.000000000
1755077495.599999905 31.291568881499998 120.756305330 3.120300000 4.000000000 0.000050410 1.000000000 0.000000000 0.000000000 0.000053290 91.000000000 91.000000000 87.000000000 91.000000000
1755077495.799999952 31.291569582333324 120.756305064 3.114500000 4.000000000 0.000050410 1.000000000 0.000000000 0.000000000 0.000053290 91.000000000 91.000000000 87.000000000 91.000000000
1755077496.000000000 31.291570252166665 120.756304813 3.119199999 4.000000000 0.000050410 1.000000000 0.000000000 0.000000000 0.000053290 91.000000000 91.000000000 87.000000000 91.000000000
1755077496.200000048 31.29157092100001 120.756304521 3.119399999 4.000000000 0.000051840 1.000000000 0.000000000 0.000000000 0.000053290 91.000000000 91.000000000 87.000000000 91.000000000
1755077496.400000095 31.291571603999994 120.756304234 3.121700000 4.000000000 0.000051840 1.000000000 0.000000000 0.000000000 0.000053290 91.000000000 91.000000000 87.000000000 91.000000000
1755077496.599999905 31.291572261666673 120.756303990 3.125800000 4.000000000 0.000050410 1.000000000 0.000000000 0.000000000 0.000051840 91.000000000 91.000000000 87.000000000 91.000000000
1755077496.799999952 31.29157294016666 120.756303740 3.119099999 4.000000000 0.000050410 1.000000000 0.000000000 0.000000000 0.000051840 91.000000000 91.000000000 87.000000000 91.000000000
1755077497.000000000 31.29157365183333 120.756303447 3.129400000 4.000000000 0.000050410 1.000000000 0.000000000 0.000000000 0.000051840 91.000000000 91.000000000 87.000000000 91.000000000
1755077497.200000048 31.291574338166658 120.756303195 3.131599999 4.000000000 0.000050410 1.000000000 0.000000000 0.000000000 0.000051840 91.000000000 91.000000000 87.000000000 91.000000000
1755077497.400000095 31.29157498333332 120.756302932 3.129100000 4.000000000 0.000050410 1.000000000 0.000000000 0.000000000 0.000051840 91.000000000 91.000000000 87.000000000 91.000000000
1755077497.599999905 31.291575666499995 120.756302683 3.126300000 4.000000000 0.000050410 1.000000000 0.000000000 0.000000000 0.000054760 91.000000000 91.000000000 87.000000000 91.000000000
1755077497.799999952 31.29157636616666 120.756302401 3.127500001 4.000000000 0.000050410 1.000000000 0.000000000 0.000000000 0.000054760 91.000000000 91.000000000 87.000000000 91.000000000
1755077498.000000000 31.291577056333338 120.756302121 3.129399999 4.000000000 0.000050410 1.000000000 0.000000000 0.000000000 0.000054760 91.000000000 91.000000000 87.000000000 91.000000000
1755077498.200000048 31.29157769566667 120.756301777 3.131799999 4.000000000 0.000050410 1.000000000 0.000000000 0.000000000 0.000054760 91.000000000 91.000000000 87.000000000 91.000000000
1755077498.400000095 31.291578375333327 120.756301584 3.137400000 4.000000000 0.000050410 1.000000000 0.000000000 0.000000000 0.000054760 91.000000000 91.000000000 87.000000000 91.000000000
1755077498.599999905 31.291579068166662 120.756301245 3.125399999 4.000000000 0.000046240 1.000000000 0.000000000 0.000000000 0.000049000 91.000000000 91.000000000 87.000000000 91.000000000
1755077498.799999952 31.291579763499993 120.756300944 3.119700000 4.000000000 0.000046240 1.000000000 0.000000000 0.000000000 0.000049000 91.000000000 91.000000000 87.000000000 91.000000000
1755077499.000000000 31.29158045583333 120.756300696 3.122300001 4.000000000 0.000046240 1.000000000 0.000000000 0.000000000 0.000049000 91.000000000 91.000000000 87.000000000 91.000000000
1755077499.200000048 31.291581107499997 120.756300468 3.125300000 4.000000000 0.000046240 1.000000000 0.000000000 0.000000000 0.000049000 91.000000000 91.000000000 87.000000000 91.000000000
1755077499.400000095 31.291581763000003 120.756300181 3.120400000 4.000000000 0.000046240 1.000000000 0.000000000 0.000000000 0.000049000 91.000000000 91.000000000 87.000000000 91.000000000
1755077499.599999905 31.29158241633333 120.756299925 3.117099999 4.000000000 0.000042250 1.000000000 0.000000000 0.000000000 0.000047610 91.000000000 91.000000000 87.000000000 91.000000000
1755077499.799999952 31.291583100333334 120.756299693 3.115700000 4.000000000 0.000042250 1.000000000 0.000000000 0.000000000 0.000047610 91.000000000 91.000000000 87.000000000 91.000000000
1755077500.000000000 31.291583826833335 120.756299461 3.119700000 4.000000000 0.000042250 1.000000000 0.000000000 0.000000000 0.000047610 91.000000000 91.000000000 87.000000000 91.000000000
1755077500.200000048 31.291584536166674 120.756299217 3.119700000 4.000000000 0.000042250 1.000000000 0.000000000 0.000000000 0.000047610 91.000000000 91.000000000 87.000000000 91.000000000
1755077500.400000095 31.291585193499994 120.756298946 3.115100001 4.000000000 0.000042250 1.000000000 0.000000000 0.000000000 0.000047610 91.000000000 91.000000000 87.000000000 91.000000000
1755077500.599999905 31.291585821833337 120.756298653 3.127900001 4.000000000 0.000046240 1.000000000 0.000000000 0.000000000 0.000050410 91.000000000 91.000000000 87.000000000 91.000000000
1755077500.799999952 31.291586488166658 120.756298368 3.126800000 4.000000000 0.000046240 1.000000000 0.000000000 0.000000000 0.000050410 91.000000000 91.000000000 87.000000000 91.000000000
1755077501.000000000 31.291587138000004 120.756298082 3.128400000 4.000000000 0.000046240 1.000000000 0.000000000 0.000000000 0.000050410 91.000000000 91.000000000 87.000000000 91.000000000
1755077501.200000048 31.29158780399999 120.756297835 3.125200000 4.000000000 0.000046240 1.000000000 0.000000000 0.000000000 0.000050410 93.000000000 92.000000000 87.000000000 91.000000000
1755077501.400000095 31.29158840933333 120.756297526 3.125200000 4.000000000 0.000046240 1.000000000 0.000000000 0.000000000 0.000050410 93.000000000 92.000000000 87.000000000 91.000000000
1755077501.599999905 31.291588360166656 120.756297531 3.125200001 4.000000000 0.000047610 1.000000000 0.000000000 0.000000000 0.000047610 93.000000000 92.000000000 87.000000000 91.000000000
1755077501.799999952 31.29158838366667 120.756297536 3.124900001 4.000000000 0.000047610 1.000000000 0.000000000 0.000000000 0.000047610 93.000000000 92.000000000 87.000000000 91.000000000
1755077502.000000000 31.2915884025 120.756297537 3.124900000 4.000000000 0.000047610 1.000000000 0.000000000 0.000000000 0.000049000 93.000000000 92.000000000 87.000000000 91.000000000
1755077502.200000048 31.291588403166664 120.756297538 3.125000000 4.000000000 0.000047610 1.000000000 0.000000000 0.000000000 0.000049000 93.000000000 93.000000000 88.000000000 93.000000000
1755077502.400000095 31.291588424666664 120.756297604 3.124100000 4.000000000 0.000047610 1.000000000 0.000000000 0.000000000 0.000049000 93.000000000 93.000000000 88.000000000 93.000000000
1755077502.599999905 31.29158849516666 120.756297948 3.117400000 4.000000000 0.000051840 1.000000000 0.000000000 0.000000000 0.000053290 93.000000000 93.000000000 88.000000000 93.000000000
1755077502.799999952 31.291588646666657 120.756298240 3.117300000 4.000000000 0.000051840 1.000000000 0.000000000 0.000000000 0.000053290 93.000000000 93.000000000 88.000000000 93.000000000
1755077503.000000000 31.29158879483333 120.756298462 3.121500000 4.000000000 0.000051840 1.000000000 0.000000000 0.000000000 0.000053290 93.000000000 93.000000000 88.000000000 93.000000000
1755077503.200000048 31.29158899583334 120.756298698 3.121300000 4.000000000 0.000051840 1.000000000 0.000000000 0.000000000 0.000053290 93.000000000 93.000000000 88.000000000 93.000000000
1755077503.400000095 31.29158917366666 120.756298889 3.125200000 4.000000000 0.000051840 1.000000000 0.000000000 0.000000000 0.000053290 93.000000000 93.000000000 88.000000000 93.000000000
1755077503.599999905 31.291589419499996 120.756299046 3.129100000 4.000000000 0.000051840 1.000000000 0.000000000 0.000000000 0.000053290 93.000000000 93.000000000 88.000000000 93.000000000
1755077503.799999952 31.29158966949999 120.756299223 3.126300000 4.000000000 0.000051840 1.000000000 0.000000000 0.000000000 0.000053290 93.000000000 93.000000000 88.000000000 93.000000000
1755077504.000000000 31.291589927333334 120.756299398 3.122500000 4.000000000 0.000051840 1.000000000 0.000000000 0.000000000 0.000053290 93.000000000 93.000000000 88.000000000 93.000000000
1755077504.200000048 31.29159016183333 120.756299481 3.122000000 4.000000000 0.000051840 1.000000000 0.000000000 0.000000000 0.000054760 93.000000000 93.000000000 88.000000000 93.000000000
1755077504.400000095 31.291590375000002 120.756299506 3.124600000 4.000000000 0.000051840 1.000000000 0.000000000 0.000000000 0.000054760 93.000000000 93.000000000 88.000000000 93.000000000
1755077504.599999905 31.29159066233333 120.756299530 3.135300000 4.000000000 0.000050410 1.000000000 0.000000000 0.000000000 0.000053290 93.000000000 93.000000000 88.000000000 93.000000000
1755077504.799999952 31.291590909666667 120.756299521 3.137400000 4.000000000 0.000050410 1.000000000 0.000000000 0.000000000 0.000053290 93.000000000 93.000000000 88.000000000 93.000000000
1755077505.000000000 31.291591161499998 120.756299527 3.135000000 4.000000000 0.000050410 1.000000000 0.000000000 0.000000000 0.000053290 93.000000000 93.000000000 88.000000000 93.000000000
1755077505.200000048 31.291591147166667 120.756299537 3.133999999 4.000000000 0.000051840 1.000000000 0.000000000 0.000000000 0.000053290 93.000000000 93.000000000 88.000000000 93.000000000
1755077505.400000095 31.291591154999992 120.756299531 3.134000001 4.000000000 0.000051840 1.000000000 0.000000000 0.000000000 0.000053290 93.000000000 93.000000000 88.000000000 93.000000000
1755077505.599999905 31.291591178500013 120.756299440 3.124000001 4.000000000 0.000050410 1.000000000 0.000000000 0.000000000 0.000053290 93.000000000 93.000000000 88.000000000 93.000000000
1755077505.799999952 31.291591131333337 120.756299011 3.123600000 4.000000000 0.000050410 1.000000000 0.000000000 0.000000000 0.000053290 93.000000000 93.000000000 88.000000000 93.000000000
1755077506.000000000 31.291591117 120.756298275 3.124800000 4.000000000 0.000050410 1.000000000 0.000000000 0.000000000 0.000053290 93.000000000 93.000000000 88.000000000 93.000000000
1755077506.200000048 31.291590992499998 120.756297460 3.132600000 4.000000000 0.000050410 1.000000000 0.000000000 0.000000000 0.000053290 93.000000000 93.000000000 88.000000000 93.000000000
1755077506.400000095 31.291590846000002 120.756296606 3.132700001 4.000000000 0.000050410 1.000000000 0.000000000 0.000000000 0.000053290 93.000000000 93.000000000 88.000000000 93.000000000
1755077506.599999905 31.291590754 120.756295767 3.119500000 4.000000000 0.000051840 1.000000000 0.000000000 0.000000000 0.000054760 93.000000000 93.000000000 88.000000000 93.000000000
1755077506.799999952 31.2915906805 120.756294951 3.116600000 4.000000000 0.000051840 1.000000000 0.000000000 0.000000000 0.000054760 93.000000000 93.000000000 88.000000000 93.000000000
1755077507.000000000 31.2915905755 120.756294001 3.126100000 4.000000000 0.000051840 1.000000000 0.000000000 0.000000000 0.000054760 93.000000000 93.000000000 88.000000000 93.000000000
1755077507.200000048 31.291590448333334 120.756293171 3.127100000 4.000000000 0.000051840 1.000000000 0.000000000 0.000000000 0.000056250 91.000000000 92.000000000 88.000000000 93.000000000
1755077507.400000095 31.29159034899999 120.756292340 3.124700000 4.000000000 0.000051840 1.000000000 0.000000000 0.000000000 0.000056250 91.000000000 92.000000000 88.000000000 93.000000000
1755077507.599999905 31.291590210666662 120.756291566 3.118400000 4.000000000 0.000051840 1.000000000 0.000000000 0.000000000 0.000054760 91.000000000 92.000000000 88.000000000 93.000000000
1755077507.799999952 31.291590036000006 120.756290809 3.122099999 4.000000000 0.000051840 1.000000000 0.000000000 0.000000000 0.000054760 91.000000000 92.000000000 88.000000000 93.000000000
1755077508.000000000 31.291589949333336 120.756290064 3.116300000 4.000000000 0.000051840 1.000000000 0.000000000 0.000000000 0.000054760 91.000000000 92.000000000 88.000000000 93.000000000
1755077508.200000048 31.291589796333323 120.756289182 3.128100001 4.000000000 0.000051840 1.000000000 0.000000000 0.000000000 0.000056250 91.000000000 92.000000000 88.000000000 93.000000000
1755077508.400000095 31.29158967400001 120.756288346 3.128700000 4.000000000 0.000051840 1.000000000 0.000000000 0.000000000 0.000056250 91.000000000 92.000000000 88.000000000 93.000000000
1755077508.599999905 31.291589546500003 120.756287428 3.139700000 4.000000000 0.000051840 1.000000000 0.000000000 0.000000000 0.000054760 91.000000000 92.000000000 88.000000000 93.000000000
1755077508.799999952 31.291589417166662 120.756286632 3.143900000 4.000000000 0.000051840 1.000000000 0.000000000 0.000000000 0.000054760 91.000000000 92.000000000 88.000000000 93.000000000
1755077509.000000000 31.29158924833333 120.756285890 3.146200000 4.000000000 0.000051840 1.000000000 0.000000000 0.000000000 0.000054760 91.000000000 92.000000000 88.000000000 93.000000000
1755077509.200000048 31.291589141833324 120.756285052 3.142000000 4.000000000 0.000051840 1.000000000 0.000000000 0.000000000 0.000054760 87.000000000 89.000000000 87.000000000 91.000000000
1755077509.400000095 31.2915890385 120.756284201 3.146200000 4.000000000 0.000051840 1.000000000 0.000000000 0.000000000 0.000054760 87.000000000 89.000000000 87.000000000 91.000000000
1755077509.599999905 31.291588899666667 120.756283436 3.132400000 4.000000000 0.000050410 1.000000000 0.000000000 0.000000000 0.000047610 87.000000000 89.000000000 87.000000000 91.000000000
1755077509.799999952 31.291588796499997 120.756282648 3.137300000 4.000000000 0.000051840 1.000000000 0.000000000 0.000000000 0.000049000 87.000000000 89.000000000 87.000000000 91.000000000
1755077510.000000000 31.291588655666665 120.756281803 3.139599999 4.000000000 0.000051840 1.000000000 0.000000000 0.000000000 0.000049000 87.000000000 89.000000000 87.000000000 91.000000000
1755077510.200000048 31.29158854166666 120.756281034 3.137400000 4.000000000 0.000051840 1.000000000 0.000000000 0.000000000 0.000049000 91.000000000 90.000000000 86.000000000 89.000000000
1755077510.400000095 31.291588425833332 120.756280172 3.142200000 4.000000000 0.000051840 1.000000000 0.000000000 0.000000000 0.000049000 91.000000000 90.000000000 86.000000000 89.000000000
1755077510.599999905 31.291588391166677 120.756279320 3.148999999 4.000000000 0.000047610 1.000000000 0.000000000 0.000000000 0.000046240 91.000000000 90.000000000 86.000000000 89.000000000
1755077510.799999952 31.29158824066667 120.756278535 3.152700000 4.000000000 0.000047610 1.000000000 0.000000000 0.000000000 0.000046240 91.000000000 90.000000000 86.000000000 89.000000000
1755077511.000000000 31.29158817166667 120.756277682 3.156700000 4.000000000 0.000047610 1.000000000 0.000000000 0.000000000 0.000046240 91.000000000 90.000000000 86.000000000 89.000000000
1755077511.200000048 31.29158803549999 120.756276920 3.146200001 4.000000000 0.000047610 1.000000000 0.000000000 0.000000000 0.000046240 91.000000000 91.000000000 87.000000000 91.000000000
1755077511.400000095 31.291587904000004 120.756276115 3.150200000 4.000000000 0.000047610 1.000000000 0.000000000 0.000000000 0.000046240 91.000000000 91.000000000 87.000000000 91.000000000
1755077511.599999905 31.29158763549999 120.756275296 3.160600000 4.000000000 0.000047610 1.000000000 0.000000000 0.000000000 0.000047610 91.000000000 91.000000000 87.000000000 91.000000000
1755077511.799999952 31.291587309000004 120.756274444 3.165200001 4.000000000 0.000047610 1.000000000 0.000000000 0.000000000 0.000047610 91.000000000 91.000000000 87.000000000 91.000000000
1755077512.000000000 31.291587163500004 120.756273580 3.168900001 4.000000000 0.000047610 1.000000000 0.000000000 0.000000000 0.000047610 91.000000000 91.000000000 87.000000000 91.000000000
1755077512.200000048 31.291587002333337 120.756272996 3.167800001 4.000000000 0.000049000 1.000000000 0.000000000 0.000000000 0.000049000 89.000000000 90.000000000 87.000000000 91.000000000
1755077512.400000095 31.291586751833332 120.756272872 3.167000000 4.000000000 0.000049000 1.000000000 0.000000000 0.000000000 0.000049000 89.000000000 90.000000000 87.000000000 91.000000000
1755077512.599999905 31.29158653333334 120.756272722 3.165800001 4.000000000 0.000049000 1.000000000 0.000000000 0.000000000 0.000051840 89.000000000 90.000000000 87.000000000 91.000000000
1755077512.799999952 31.291586366833332 120.756272586 3.171300000 4.000000000 0.000049000 1.000000000 0.000000000 0.000000000 0.000051840 89.000000000 90.000000000 87.000000000 91.000000000
1755077513.000000000 31.291586083500004 120.756272402 3.168400000 4.000000000 0.000049000 1.000000000 0.000000000 0.000000000 0.000051840 89.000000000 90.000000000 87.000000000 91.000000000
1755077513.200000048 31.291585901333335 120.756272231 3.167800000 4.000000000 0.000049000 1.000000000 0.000000000 0.000000000 0.000051840 91.000000000 91.000000000 87.000000000 91.000000000
1755077513.400000095 31.29158571366667 120.756272006 3.166199999 4.000000000 0.000049000 1.000000000 0.000000000 0.000000000 0.000051840 91.000000000 91.000000000 87.000000000 91.000000000
1755077513.599999905 31.291585485000006 120.756271818 3.165900000 4.000000000 0.000051840 1.000000000 0.000000000 0.000000000 0.000051840 91.000000000 91.000000000 87.000000000 91.000000000
1755077513.799999952 31.291585369333326 120.756271563 3.163600000 4.000000000 0.000051840 1.000000000 0.000000000 0.000000000 0.000051840 91.000000000 91.000000000 87.000000000 91.000000000
1755077514.000000000 31.291585379999997 120.756271613 3.164500000 4.000000000 0.000051840 1.000000000 0.000000000 0.000000000 0.000053290 91.000000000 91.000000000 87.000000000 91.000000000
1755077514.200000048 31.291585371333337 120.756271601 3.165200000 4.000000000 0.000051840 1.000000000 0.000000000 0.000000000 0.000053290 91.000000000 91.000000000 87.000000000 91.000000000
1755077514.400000095 31.29158546016667 120.756271461 3.162500001 4.000000000 0.000051840 1.000000000 0.000000000 0.000000000 0.000053290 91.000000000 91.000000000 87.000000000 91.000000000
1755077514.599999905 31.291585915666662 120.756271169 3.156300000 4.000000000 0.000051840 1.000000000 0.000000000 0.000000000 0.000053290 91.000000000 91.000000000 87.000000000 91.000000000
1755077514.799999952 31.291586620666667 120.756270760 3.157800000 4.000000000 0.000051840 1.000000000 0.000000000 0.000000000 0.000053290 91.000000000 91.000000000 87.000000000 91.000000000
1755077515.000000000 31.29158720416666 120.756270387 3.159600000 4.000000000 0.000051840 1.000000000 0.000000000 0.000000000 0.000053290 91.000000000 91.000000000 87.000000000 91.000000000
1755077515.200000048 31.291587783500002 120.756270069 3.160199999 4.000000000 0.000053290 1.000000000 0.000000000 0.000000000 0.000053290 91.000000000 91.000000000 87.000000000 91.000000000
1755077515.400000095 31.29158843266668 120.756269754 3.159200000 4.000000000 0.000053290 1.000000000 0.000000000 0.000000000 0.000053290 91.000000000 91.000000000 87.000000000 91.000000000
1755077515.599999905 31.291588978833342 120.756269360 3.148299999 4.000000000 0.000051840 1.000000000 0.000000000 0.000000000 0.000054760 91.000000000 91.000000000 87.000000000 91.000000000
1755077515.799999952 31.291589602000002 120.756269004 3.154600000 4.000000000 0.000051840 1.000000000 0.000000000 0.000000000 0.000054760 91.000000000 91.000000000 87.000000000 91.000000000
1755077516.000000000 31.2915901365 120.756268620 3.151500000 4.000000000 0.000051840 1.000000000 0.000000000 0.000000000 0.000054760 91.000000000 91.000000000 87.000000000 91.000000000
1755077516.200000048 31.29159075783333 120.756268245 3.153000000 4.000000000 0.000053290 1.000000000 0.000000000 0.000000000 0.000054760 93.000000000 92.000000000 87.000000000 91.000000000
1755077516.400000095 31.291591254666663 120.756267829 3.159400000 4.000000000 0.000053290 1.000000000 0.000000000 0.000000000 0.000054760 93.000000000 92.000000000 87.000000000 91.000000000
1755077516.599999905 31.291591875499996 120.756267620 3.157700000 4.000000000 0.000051840 1.000000000 0.000000000 0.000000000 0.000054760 93.000000000 92.000000000 87.000000000 91.000000000
1755077516.799999952 31.29159249033334 120.756267337 3.156500000 4.000000000 0.000051840 1.000000000 0.000000000 0.000000000 0.000054760 93.000000000 92.000000000 87.000000000 91.000000000
1755077517.000000000 31.29159314416666 120.756267012 3.157099999 4.000000000 0.000051840 1.000000000 0.000000000 0.000000000 0.000054760 93.000000000 92.000000000 87.000000000 91.000000000
1755077517.200000048 31.29159368616667 120.756266664 3.159800000 4.000000000 0.000053290 1.000000000 0.000000000 0.000000000 0.000054760 93.000000000 92.000000000 87.000000000 91.000000000
1755077517.400000095 31.29159422083334 120.756266268 3.165700000 4.000000000 0.000053290 1.000000000 0.000000000 0.000000000 0.000054760 93.000000000 92.000000000 87.000000000 91.000000000
1755077517.599999905 31.291594775666663 120.756266008 3.154800000 4.000000000 0.000049000 1.000000000 0.000000000 0.000000000 0.000051840 93.000000000 92.000000000 87.000000000 91.000000000
1755077517.799999952 31.291595405999995 120.756265819 3.154900000 4.000000000 0.000049000 1.000000000 0.000000000 0.000000000 0.000051840 93.000000000 92.000000000 87.000000000 91.000000000
1755077518.000000000 31.291596067500002 120.756265733 3.155300000 4.000000000 0.000049000 1.000000000 0.000000000 0.000000000 0.000051840 93.000000000 92.000000000 87.000000000 91.000000000
1755077518.200000048 31.291596490166675 120.756265734 3.155100000 4.000000000 0.000050410 1.000000000 0.000000000 0.000000000 0.000051840 93.000000000 93.000000000 88.000000000 93.000000000
1755077518.400000095 31.29159664783333 120.756265961 3.154499999 4.000000000 0.000050410 1.000000000 0.000000000 0.000000000 0.000051840 93.000000000 93.000000000 88.000000000 93.000000000
1755077518.599999905 31.291596895833326 120.756266173 3.150600000 4.000000000 0.000050410 1.000000000 0.000000000 0.000000000 0.000051840 93.000000000 93.000000000 88.000000000 93.000000000
1755077518.799999952 31.29159709616667 120.756266315 3.149899999 4.000000000 0.000050410 1.000000000 0.000000000 0.000000000 0.000051840 93.000000000 93.000000000 88.000000000 93.000000000
1755077519.000000000 31.291597297166664 120.756266410 3.151199999 4.000000000 0.000050410 1.000000000 0.000000000 0.000000000 0.000051840 93.000000000 93.000000000 88.000000000 93.000000000
1755077519.200000048 31.29159755616667 120.756266280 3.151000000 4.000000000 0.000050410 1.000000000 0.000000000 0.000000000 0.000053290 93.000000000 93.000000000 88.000000000 93.000000000
1755077519.400000095 31.291597976333318 120.756265815 3.155700001 4.000000000 0.000050410 1.000000000 0.000000000 0.000000000 0.000053290 93.000000000 93.000000000 88.000000000 93.000000000
1755077519.599999905 31.291597997166672 120.756265240 3.173900000 4.000000000 0.000050410 1.000000000 0.000000000 0.000000000 0.000053290 93.000000000 93.000000000 88.000000000 93.000000000
1755077519.799999952 31.291598077166668 120.756264542 3.175600000 4.000000000 0.000050410 1.000000000 0.000000000 0.000000000 0.000053290 93.000000000 93.000000000 88.000000000 93.000000000
1755077520.000000000 31.291598209833346 120.756263839 3.183200000 4.000000000 0.000050410 1.000000000 0.000000000 0.000000000 0.000053290 93.000000000 93.000000000 88.000000000 93.000000000
1755077520.200000048 31.29159839266667 120.756263058 3.182599999 4.000000000 0.000051840 1.000000000 0.000000000 0.000000000 0.000053290 93.000000000 93.000000000 88.000000000 93.000000000
1755077520.400000095 31.291598534333335 120.756262289 3.188500000 4.000000000 0.000051840 1.000000000 0.000000000 0.000000000 0.000053290 93.000000000 93.000000000 88.000000000 93.000000000
1755077520.599999905 31.291598561166666 120.756261568 3.192700000 4.000000000 0.000051840 1.000000000 0.000000000 0.000000000 0.000054760 93.000000000 93.000000000 88.000000000 93.000000000
1755077520.799999952 31.291598668 120.756260909 3.194400000 4.000000000 0.000051840 1.000000000 0.000000000 0.000000000 0.000054760 93.000000000 93.000000000 88.000000000 93.000000000
1755077521.000000000 31.291598830166663 120.756260220 3.193500000 4.000000000 0.000051840 1.000000000 0.000000000 0.000000000 0.000054760 93.000000000 93.000000000 88.000000000 93.000000000
1755077521.200000048 31.291598871666658 120.756259530 3.206200000 4.000000000 0.000051840 1.000000000 0.000000000 0.000000000 0.000054760 93.000000000 93.000000000 88.000000000 93.000000000
1755077521.400000095 31.291599015333336 120.756258784 3.203800001 4.000000000 0.000051840 1.000000000 0.000000000 0.000000000 0.000054760 93.000000000 93.000000000 88.000000000 93.000000000
1755077521.599999905 31.291599118333345 120.756258138 3.212900001 4.000000000 0.000051840 1.000000000 0.000000000 0.000000000 0.000051840 93.000000000 93.000000000 88.000000000 93.000000000
1755077521.799999952 31.291599217333335 120.756257399 3.214300000 4.000000000 0.000051840 1.000000000 0.000000000 0.000000000 0.000051840 93.000000000 93.000000000 88.000000000 93.000000000
1755077522.000000000 31.29159931716666 120.756256750 3.215600000 4.000000000 0.000051840 1.000000000 0.000000000 0.000000000 0.000051840 93.000000000 93.000000000 88.000000000 93.000000000
1755077522.200000048 31.291599398666673 120.756256093 3.214399999 4.000000000 0.000051840 1.000000000 0.000000000 0.000000000 0.000051840 91.000000000 92.000000000 89.000000000 93.000000000
1755077522.400000095 31.29159952599999 120.756255379 3.212000000 4.000000000 0.000051840 1.000000000 0.000000000 0.000000000 0.000051840 91.000000000 92.000000000 89.000000000 93.000000000
1755077522.599999905 31.291599600666668 120.756254618 3.218200000 4.000000000 0.000050410 1.000000000 0.000000000 0.000000000 0.000050410 91.000000000 92.000000000 89.000000000 93.000000000
1755077522.799999952 31.291599699333336 120.756253902 3.223700001 4.000000000 0.000050410 1.000000000 0.000000000 0.000000000 0.000050410 91.000000000 92.000000000 89.000000000 93.000000000
1755077523.000000000 31.29159982416666 120.756253254 3.221800000 4.000000000 0.000050410 1.000000000 0.000000000 0.000000000 0.000050410 91.000000000 92.000000000 89.000000000 93.000000000
1755077523.200000048 31.29160006283333 120.756252579 3.222600000 4.000000000 0.000050410 1.000000000 0.000000000 0.000000000 0.000050410 93.000000000 92.000000000 88.000000000 91.000000000
1755077523.400000095 31.291600278166666 120.756252145 3.223600000 4.000000000 0.000050410 1.000000000 0.000000000 0.000000000 0.000050410 93.000000000 92.000000000 88.000000000 91.000000000
1755077523.599999905 31.291600506500004 120.756252264 3.224200000 4.000000000 0.000047610 1.000000000 0.000000000 0.000000000 0.000046240 93.000000000 92.000000000 88.000000000 91.000000000
1755077523.799999952 31.291600753666664 120.756252223 3.227300000 4.000000000 0.000047610 1.000000000 0.000000000 0.000000000 0.000046240 93.000000000 92.000000000 88.000000000 91.000000000
1755077524.000000000 31.291600997 120.756252128 3.230000000 4.000000000 0.000047610 1.000000000 0.000000000 0.000000000 0.000046240 93.000000000 92.000000000 88.000000000 91.000000000
1755077524.200000048 31.29160095166667 120.756252118 3.229700001 4.000000000 0.000047610 1.000000000 0.000000000 0.000000000 0.000046240 93.000000000 93.000000000 89.000000000 93.000000000
1755077524.400000095 31.29160097933332 120.756252107 3.228100002 4.000000000 0.000047610 1.000000000 0.000000000 0.000000000 0.000046240 93.000000000 93.000000000 89.000000000 93.000000000
1755077524.599999905 31.29160093933333 120.756252062 3.218600000 4.000000000 0.000051840 1.000000000 0.000000000 0.000000000 0.000053290 93.000000000 93.000000000 89.000000000 93.000000000
1755077524.799999952 31.29160082583333 120.756251579 3.222300000 4.000000000 0.000051840 1.000000000 0.000000000 0.000000000 0.000053290 93.000000000 93.000000000 89.000000000 93.000000000
1755077525.000000000 31.291600733666662 120.756251028 3.222100001 4.000000000 0.000051840 1.000000000 0.000000000 0.000000000 0.000053290 93.000000000 93.000000000 89.000000000 93.000000000
1755077525.200000048 31.291600591666672 120.756250481 3.220200000 4.000000000 0.000051840 1.000000000 0.000000000 0.000000000 0.000053290 93.000000000 93.000000000 89.000000000 93.000000000
1755077525.400000095 31.29160045833333 120.756250008 3.223599999 4.000000000 0.000051840 1.000000000 0.000000000 0.000000000 0.000053290 93.000000000 93.000000000 89.000000000 93.000000000
1755077525.599999905 31.291600327333335 120.756249480 3.205500000 4.000000000 0.000051840 1.000000000 0.000000000 0.000000000 0.000054760 93.000000000 93.000000000 89.000000000 93.000000000
1755077525.799999952 31.291600232166672 120.756249017 3.204100000 4.000000000 0.000051840 1.000000000 0.000000000 0.000000000 0.000054760 93.000000000 93.000000000 89.000000000 93.000000000
1755077526.000000000 31.291600151000004 120.756248490 3.207300001 4.000000000 0.000051840 1.000000000 0.000000000 0.000000000 0.000054760 93.000000000 93.000000000 89.000000000 93.000000000
1755077526.200000048 31.291600022666657 120.756248038 3.208700000 4.000000000 0.000053290 1.000000000 0.000000000 0.000000000 0.000054760 93.000000000 93.000000000 89.000000000 93.000000000
1755077526.400000095 31.291599888833343 120.756247562 3.208799999 4.000000000 0.000053290 1.000000000 0.000000000 0.000000000 0.000054760 93.000000000 93.000000000 89.000000000 93.000000000
1755077526.599999905 31.291599742833334 120.756247066 3.200800000 4.000000000 0.000053290 1.000000000 0.000000000 0.000000000 0.000054760 93.000000000 93.000000000 89.000000000 93.000000000
1755077526.799999952 31.29159975016666 120.756246551 3.202900001 4.000000000 0.000053290 1.000000000 0.000000000 0.000000000 0.000054760 93.000000000 93.000000000 89.000000000 93.000000000
1755077527.000000000 31.291599872166675 120.756245982 3.189500000 4.000000000 0.000053290 1.000000000 0.000000000 0.000000000 0.000054760 93.000000000 93.000000000 89.000000000 93.000000000
1755077527.200000048 31.29159993466667 120.756245367 3.191700000 4.000000000 0.000053290 1.000000000 0.000000000 0.000000000 0.000054760 91.000000000 92.000000000 89.000000000 93.000000000
1755077527.400000095 31.291599896333345 120.756244799 3.193599999 4.000000000 0.000053290 1.000000000 0.000000000 0.000000000 0.000054760 91.000000000 92.000000000 89.000000000 93.000000000
1755077527.599999905 31.29159965166667 120.756244388 3.198600000 4.000000000 0.000051840 1.000000000 0.000000000 0.000000000 0.000053290 91.000000000 92.000000000 89.000000000 93.000000000
1755077527.799999952 31.291599396499997 120.756244023 3.200800000 4.000000000 0.000051840 1.000000000 0.000000000 0.000000000 0.000053290 91.000000000 92.000000000 89.000000000 93.000000000
1755077528.000000000 31.291599151 120.756243571 3.201199999 4.000000000 0.000051840 1.000000000 0.000000000 0.000000000 0.000053290 91.000000000 92.000000000 89.000000000 93.000000000
1755077528.200000048 31.291598894833328 120.756243168 3.207199999 4.000000000 0.000051840 1.000000000 0.000000000 0.000000000 0.000053290 93.000000000 93.000000000 89.000000000 93.000000000
1755077528.400000095 31.29159865733333 120.756242790 3.207200001 4.000000000 0.000051840 1.000000000 0.000000000 0.000000000 0.000053290 93.000000000 93.000000000 89.000000000 93.000000000
1755077528.599999905 31.291598422833328 120.756242300 3.203800000 4.000000000 0.000051840 1.000000000 0.000000000 0.000000000 0.000051840 93.000000000 93.000000000 89.000000000 93.000000000
1755077528.799999952 31.29159819316667 120.756241924 3.202200000 4.000000000 0.000051840 1.000000000 0.000000000 0.000000000 0.000051840 93.000000000 93.000000000 89.000000000 93.000000000
1755077529.000000000 31.291597948833335 120.756241477 3.202300000 4.000000000 0.000051840 1.000000000 0.000000000 0.000000000 0.000051840 93.000000000 93.000000000 89.000000000 93.000000000
1755077529.200000048 31.291597720666655 120.756241036 3.206199999 4.000000000 0.000051840 1.000000000 0.000000000 0.000000000 0.000051840 93.000000000 93.000000000 89.000000000 93.000000000
1755077529.400000095 31.291597475333333 120.756240585 3.206000000 4.000000000 0.000051840 1.000000000 0.000000000 0.000000000 0.000051840 93.000000000 93.000000000 89.000000000 93.000000000
1755077529.599999905 31.291597276500003 120.756240063 3.220300000 4.000000000 0.000051840 1.000000000 0.000000000 0.000000000 0.000053290 93.000000000 93.000000000 89.000000000 93.000000000
1755077529.799999952 31.29159705366667 120.756239677 3.217200000 4.000000000 0.000051840 1.000000000 0.000000000 0.000000000 0.000053290 93.000000000 93.000000000 89.000000000 93.000000000
1755077530.000000000 31.29159683500001 120.756239202 3.223400000 4.000000000 0.000051840 1.000000000 0.000000000 0.000000000 0.000053290 93.000000000 93.000000000 89.000000000 93.000000000
1755077530.200000048 31.291596590666664 120.756238686 3.224600000 4.000000000 0.000051840 1.000000000 0.000000000 0.000000000 0.000053290 93.000000000 93.000000000 89.000000000 93.000000000
1755077530.400000095 31.29159635116667 120.756238293 3.223499999 4.000000000 0.000051840 1.000000000 0.000000000 0.000000000 0.000053290 93.000000000 93.000000000 89.000000000 93.000000000
1755077530.599999905 31.291596092833323 120.756237865 3.231700000 4.000000000 0.000050410 1.000000000 0.000000000 0.000000000 0.000050410 93.000000000 93.000000000 89.000000000 93.000000000
1755077530.799999952 31.291595855999997 120.756237437 3.228200000 4.000000000 0.000050410 1.000000000 0.000000000 0.000000000 0.000050410 93.000000000 93.000000000 89.000000000 93.000000000
1755077531.000000000 31.291595655666665 120.756237083 3.222400000 4.000000000 0.000050410 1.000000000 0.000000000 0.000000000 0.000050410 93.000000000 93.000000000 89.000000000 93.000000000
1755077531.200000048 31.291595434833344 120.756236679 3.225799999 4.000000000 0.000050410 1.000000000 0.000000000 0.000000000 0.000050410 93.000000000 92.000000000 88.000000000 91.000000000
1755077531.400000095 31.29159517233334 120.756236260 3.223900000 4.000000000 0.000050410 1.000000000 0.000000000 0.000000000 0.000050410 93.000000000 92.000000000 88.000000000 91.000000000
1755077531.599999905 31.29159489566667 120.756235782 3.220500000 4.000000000 0.000047610 1.000000000 0.000000000 0.000000000 0.000046240 93.000000000 92.000000000 88.000000000 91.000000000
1755077531.799999952 31.291594647666663 120.756235317 3.221800000 4.000000000 0.000047610 1.000000000 0.000000000 0.000000000 0.000047610 93.000000000 92.000000000 88.000000000 91.000000000
1755077532.000000000 31.291594378000003 120.756234948 3.221099999 4.000000000 0.000047610 1.000000000 0.000000000 0.000000000 0.000047610 93.000000000 92.000000000 88.000000000 91.000000000
1755077532.200000048 31.291594111000006 120.756234598 3.220200000 4.000000000 0.000047610 1.000000000 0.000000000 0.000000000 0.000047610 93.000000000 93.000000000 89.000000000 93.000000000
1755077532.400000095 31.291593839333345 120.756234202 3.229300001 4.000000000 0.000047610 1.000000000 0.000000000 0.000000000 0.000047610 93.000000000 93.000000000 89.000000000 93.000000000
1755077532.599999905 31.291593661666667 120.756233650 3.217000000 4.000000000 0.000050410 1.000000000 0.000000000 0.000000000 0.000047610 93.000000000 93.000000000 89.000000000 93.000000000
1755077532.799999952 31.29159368416666 120.756233054 3.211800001 4.000000000 0.000050410 1.000000000 0.000000000 0.000000000 0.000047610 93.000000000 93.000000000 89.000000000 93.000000000
1755077533.000000000 31.291593691833327 120.756232455 3.211300000 4.000000000 0.000050410 1.000000000 0.000000000 0.000000000 0.000047610 93.000000000 93.000000000 89.000000000 93.000000000
1755077533.200000048 31.291593535666667 120.756231776 3.219700000 4.000000000 0.000050410 1.000000000 0.000000000 0.000000000 0.000047610 93.000000000 93.000000000 89.000000000 93.000000000
1755077533.400000095 31.291593334500007 120.756231180 3.218100000 4.000000000 0.000050410 1.000000000 0.000000000 0.000000000 0.000047610 93.000000000 93.000000000 89.000000000 93.000000000
1755077533.599999905 31.29159300033333 120.756230659 3.217400000 4.000000000 0.000054760 1.000000000 0.000000000 0.000000000 0.000053290 93.000000000 93.000000000 89.000000000 93.000000000
1755077533.799999952 31.29159260233333 120.756230506 3.221300000 4.000000000 0.000054760 1.000000000 0.000000000 0.000000000 0.000053290 93.000000000 93.000000000 89.000000000 93.000000000
1755077534.000000000 31.291592185666662 120.756230288 3.223500000 4.000000000 0.000054760 1.000000000 0.000000000 0.000000000 0.000053290 93.000000000 93.000000000 89.000000000 93.000000000
1755077534.200000048 31.291591790166656 120.756230126 3.223000000 4.000000000 0.000054760 1.000000000 0.000000000 0.000000000 0.000053290 95.000000000 94.000000000 89.000000000 93.000000000
1755077534.400000095 31.291591412166667 120.756229950 3.225500001 4.000000000 0.000054760 1.000000000 0.000000000 0.000000000 0.000053290 95.000000000 94.000000000 89.000000000 93.000000000
1755077534.599999905 31.291591016666665 120.756229806 3.218500000 4.000000000 0.000053290 1.000000000 0.000000000 0.000000000 0.000054760 95.000000000 94.000000000 89.000000000 93.000000000
1755077534.799999952 31.291590613999997 120.756229640 3.217800000 4.000000000 0.000053290 1.000000000 0.000000000 0.000000000 0.000054760 95.000000000 94.000000000 89.000000000 93.000000000
1755077535.000000000 31.291590143833336 120.756229459 3.225300000 4.000000000 0.000053290 1.000000000 0.000000000 0.000000000 0.000054760 95.000000000 94.000000000 89.000000000 93.000000000
1755077535.200000048 31.291589747999996 120.756229295 3.225699999 4.000000000 0.000053290 1.000000000 0.000000000 0.000000000 0.000054760 95.000000000 94.000000000 89.000000000 93.000000000
1755077535.400000095 31.29158926566666 120.756229180 3.226200000 4.000000000 0.000053290 1.000000000 0.000000000 0.000000000 0.000054760 95.000000000 94.000000000 89.000000000 93.000000000
1755077535.599999905 31.29158877266666 120.756229023 3.237699999 4.000000000 0.000051840 1.000000000 0.000000000 0.000000000 0.000053290 95.000000000 94.000000000 89.000000000 93.000000000
1755077535.799999952 31.29158835966667 120.756228845 3.233000000 4.000000000 0.000051840 1.000000000 0.000000000 0.000000000 0.000053290 95.000000000 94.000000000 89.000000000 93.000000000
1755077536.000000000 31.29158790283333 120.756228663 3.235400000 4.000000000 0.000051840 1.000000000 0.000000000 0.000000000 0.000053290 95.000000000 94.000000000 89.000000000 93.000000000
1755077536.200000048 31.291587505333336 120.756228429 3.235300000 4.000000000 0.000053290 1.000000000 0.000000000 0.000000000 0.000054760 95.000000000 95.000000000 90.000000000 95.000000000
1755077536.400000095 31.29158709116667 120.756228181 3.230200001 4.000000000 0.000053290 1.000000000 0.000000000 0.000000000 0.000054760 95.000000000 95.000000000 90.000000000 95.000000000
1755077536.599999905 31.291586702666663 120.756227787 3.226400000 4.000000000 0.000051840 1.000000000 0.000000000 0.000000000 0.000053290 95.000000000 95.000000000 90.000000000 95.000000000
1755077536.799999952 31.291586347 120.756227533 3.228100000 4.000000000 0.000051840 1.000000000 0.000000000 0.000000000 0.000053290 95.000000000 95.000000000 90.000000000 95.000000000
1755077537.000000000 31.291585957333332 120.756227195 3.232100000 4.000000000 0.000051840 1.000000000 0.000000000 0.000000000 0.000053290 95.000000000 95.000000000 90.000000000 95.000000000
1755077537.200000048 31.291585775666654 120.756226677 3.237200000 4.000000000 0.000053290 1.000000000 0.000000000 0.000000000 0.000053290 95.000000000 94.000000000 89.000000000 93.000000000
1755077537.400000095 31.29158558916667 120.756226205 3.241500000 4.000000000 0.000053290 1.000000000 0.000000000 0.000000000 0.000053290 95.000000000 94.000000000 89.000000000 93.000000000
1755077537.599999905 31.291585371499995 120.756225800 3.235700000 4.000000000 0.000053290 1.000000000 0.000000000 0.000000000 0.000053290 95.000000000 94.000000000 89.000000000 93.000000000
1755077537.799999952 31.29158521016666 120.756225242 3.241700000 4.000000000 0.000053290 1.000000000 0.000000000 0.000000000 0.000053290 95.000000000 94.000000000 89.000000000 93.000000000
1755077538.000000000 31.29158502450001 120.756224827 3.240100000 4.000000000 0.000053290 1.000000000 0.000000000 0.000000000 0.000053290 95.000000000 94.000000000 89.000000000 93.000000000
1755077538.200000048 31.291584772333334 120.756224372 3.241100000 4.000000000 0.000053290 1.000000000 0.000000000 0.000000000 0.000053290 95.000000000 94.000000000 89.000000000 93.000000000
1755077538.400000095 31.291584561499995 120.756223957 3.238099999 4.000000000 0.000053290 1.000000000 0.000000000 0.000000000 0.000053290 95.000000000 94.000000000 89.000000000 93.000000000
1755077538.599999905 31.29158438316666 120.756223533 3.238300000 4.000000000 0.000053290 1.000000000 0.000000000 0.000000000 0.000053290 95.000000000 94.000000000 89.000000000 93.000000000
1755077538.799999952 31.291584222500003 120.756223071 3.237300001 4.000000000 0.000053290 1.000000000 0.000000000 0.000000000 0.000053290 95.000000000 94.000000000 89.000000000 93.000000000
1755077539.000000000 31.291584006000004 120.756222614 3.238700000 4.000000000 0.000053290 1.000000000 0.000000000 0.000000000 0.000053290 95.000000000 94.000000000 89.000000000 93.000000000
1755077539.200000048 31.291583745500002 120.756222140 3.242800000 4.000000000 0.000053290 1.000000000 0.000000000 0.000000000 0.000053290 95.000000000 94.000000000 89.000000000 93.000000000
1755077539.400000095 31.291583478000003 120.756221678 3.248400000 4.000000000 0.000053290 1.000000000 0.000000000 0.000000000 0.000053290 95.000000000 94.000000000 89.000000000 93.000000000
1755077539.599999905 31.291583187666678 120.756221164 3.252599999 4.000000000 0.000051840 1.000000000 0.000000000 0.000000000 0.000051840 95.000000000 94.000000000 89.000000000 93.000000000
1755077539.799999952 31.29158295333333 120.756220610 3.255700000 4.000000000 0.000051840 1.000000000 0.000000000 0.000000000 0.000051840 95.000000000 94.000000000 89.000000000 93.000000000
1755077540.000000000 31.29158286333333 120.756220142 3.262000000 4.000000000 0.000051840 1.000000000 0.000000000 0.000000000 0.000051840 95.000000000 94.000000000 89.000000000 93.000000000
1755077540.200000048 31.291582787500005 120.756219602 3.259500001 4.000000000 0.000051840 1.000000000 0.000000000 0.000000000 0.000053290 93.000000000 93.000000000 89.000000000 93.000000000
1755077540.400000095 31.291582778333332 120.756219032 3.261400000 4.000000000 0.000051840 1.000000000 0.000000000 0.000000000 0.000053290 93.000000000 93.000000000 89.000000000 93.000000000
1755077540.599999905 31.29158276316667 120.756218535 3.249599999 4.000000000 0.000050410 1.000000000 0.000000000 0.000000000 0.000050410 93.000000000 93.000000000 89.000000000 93.000000000
1755077540.799999952 31.29158272683333 120.756217889 3.252800001 4.000000000 0.000050410 1.000000000 0.000000000 0.000000000 0.000050410 93.000000000 93.000000000 89.000000000 93.000000000
1755077541.000000000 31.291582641000005 120.756217250 3.255199999 4.000000000 0.000050410 1.000000000 0.000000000 0.000000000 0.000050410 93.000000000 93.000000000 89.000000000 93.000000000
1755077541.200000048 31.291582602333335 120.756216615 3.257000000 4.000000000 0.000050410 1.000000000 0.000000000 0.000000000 0.000050410 93.000000000 93.000000000 89.000000000 93.000000000
1755077541.400000095 31.291582598166663 120.756216019 3.255200000 4.000000000 0.000050410 1.000000000 0.000000000 0.000000000 0.000050410 93.000000000 93.000000000 89.000000000 93.000000000
1755077541.599999905 31.291582478833334 120.756215431 3.266700000 4.000000000 0.000051840 1.000000000 0.000000000 0.000000000 0.000050410 93.000000000 93.000000000 89.000000000 93.000000000
1755077541.799999952 31.291582433166663 120.756214834 3.268600000 4.000000000 0.000051840 1.000000000 0.000000000 0.000000000 0.000050410 93.000000000 93.000000000 89.000000000 93.000000000
1755077542.000000000 31.291582364333333 120.756214235 3.264300000 4.000000000 0.000051840 1.000000000 0.000000000 0.000000000 0.000050410 93.000000000 93.000000000 89.000000000 93.000000000
1755077542.200000048 31.291582326500006 120.756213575 3.266700000 4.000000000 0.000051840 1.000000000 0.000000000 0.000000000 0.000050410 93.000000000 94.000000000 90.000000000 95.000000000
1755077542.400000095 31.291582299833333 120.756213008 3.271000000 4.000000000 0.000051840 1.000000000 0.000000000 0.000000000 0.000051840 93.000000000 94.000000000 90.000000000 95.000000000
1755077542.599999905 31.291582266500004 120.756212381 3.274800000 4.000000000 0.000051840 1.000000000 0.000000000 0.000000000 0.000050410 93.000000000 94.000000000 90.000000000 95.000000000
1755077542.799999952 31.291582248999994 120.756211751 3.276600000 4.000000000 0.000051840 1.000000000 0.000000000 0.000000000 0.000050410 93.000000000 94.000000000 90.000000000 95.000000000
1755077543.000000000 31.291582216166663 120.756211196 3.276600000 4.000000000 0.000051840 1.000000000 0.000000000 0.000000000 0.000050410 93.000000000 94.000000000 90.000000000 95.000000000
1755077543.200000048 31.291582155833332 120.756210567 3.279400000 4.000000000 0.000051840 1.000000000 0.000000000 0.000000000 0.000050410 93.000000000 94.000000000 90.000000000 95.000000000
1755077543.400000095 31.291582158500002 120.756209942 3.277900000 4.000000000 0.000051840 1.000000000 0.000000000 0.000000000 0.000050410 93.000000000 94.000000000 90.000000000 95.000000000
1755077543.599999905 31.291582312 120.756209245 3.282500001 4.000000000 0.000050410 1.000000000 0.000000000 0.000000000 0.000049000 93.000000000 94.000000000 90.000000000 95.000000000
1755077543.799999952 31.291582433 120.756208515 3.285600000 4.000000000 0.000050410 1.000000000 0.000000000 0.000000000 0.000049000 93.000000000 94.000000000 90.000000000 95.000000000
1755077544.000000000 31.29158246433333 120.756207980 3.285700001 4.000000000 0.000050410 1.000000000 0.000000000 0.000000000 0.000049000 93.000000000 94.000000000 90.000000000 95.000000000
1755077544.200000048 31.291582444166664 120.756207468 3.293300000 4.000000000 0.000050410 1.000000000 0.000000000 0.000000000 0.000049000 95.000000000 95.000000000 90.000000000 95.000000000
1755077544.400000095 31.291582445000003 120.756206811 3.294700000 4.000000000 0.000050410 1.000000000 0.000000000 0.000000000 0.000049000 95.000000000 95.000000000 90.000000000 95.000000000
1755077544.599999905 31.291582375 120.756206317 3.299899999 4.000000000 0.000049000 1.000000000 0.000000000 0.000000000 0.000049000 95.000000000 95.000000000 90.000000000 95.000000000
1755077544.799999952 31.291582301666672 120.756205800 3.300100000 4.000000000 0.000049000 1.000000000 0.000000000 0.000000000 0.000049000 95.000000000 95.000000000 90.000000000 95.000000000
1755077545.000000000 31.29158218649999 120.756205334 3.301300000 4.000000000 0.000049000 1.000000000 0.000000000 0.000000000 0.000049000 95.000000000 95.000000000 90.000000000 95.000000000
1755077545.200000048 31.291581988666668 120.756204842 3.305600001 4.000000000 0.000049000 1.000000000 0.000000000 0.000000000 0.000050410 95.000000000 95.000000000 90.000000000 95.000000000
1755077545.400000095 31.29158174966666 120.756204340 3.307100000 4.000000000 0.000049000 1.000000000 0.000000000 0.000000000 0.000050410 95.000000000 95.000000000 90.000000000 95.000000000
1755077545.599999905 31.29158152449999 120.756203888 3.296400000 4.000000000 0.000051840 1.000000000 0.000000000 0.000000000 0.000050410 95.000000000 95.000000000 90.000000000 95.000000000
1755077545.799999952 31.291581224500003 120.756203440 3.291600000 4.000000000 0.000051840 1.000000000 0.000000000 0.000000000 0.000050410 95.000000000 95.000000000 90.000000000 95.000000000
1755077546.000000000 31.29158087833334 120.756203109 3.289599999 4.000000000 0.000051840 1.000000000 0.000000000 0.000000000 0.000050410 95.000000000 95.000000000 90.000000000 95.000000000
1755077546.200000048 31.291580477999997 120.756202848 3.289600000 4.000000000 0.000051840 1.000000000 0.000000000 0.000000000 0.000050410 95.000000000 95.000000000 90.000000000 95.000000000
1755077546.400000095 31.291580053833325 120.756202592 3.288699999 4.000000000 0.000051840 1.000000000 0.000000000 0.000000000 0.000050410 95.000000000 95.000000000 90.000000000 95.000000000
1755077546.599999905 31.291579639666658 120.756202443 3.281300000 4.000000000 0.000051840 1.000000000 0.000000000 0.000000000 0.000051840 95.000000000 95.000000000 90.000000000 95.000000000
1755077546.799999952 31.291579282333334 120.756202622 3.282499999 4.000000000 0.000051840 1.000000000 0.000000000 0.000000000 0.000051840 95.000000000 95.000000000 90.000000000 95.000000000
1755077547.000000000 31.291578790833338 120.756202732 3.289100000 4.000000000 0.000051840 1.000000000 0.000000000 0.000000000 0.000051840 95.000000000 95.000000000 90.000000000 95.000000000
1755077547.200000048 31.291578348166663 120.756202850 3.293300000 4.000000000 0.000051840 1.000000000 0.000000000 0.000000000 0.000051840 95.000000000 95.000000000 90.000000000 95.000000000
1755077547.400000095 31.291577974500004 120.756203010 3.294000000 4.000000000 0.000051840 1.000000000 0.000000000 0.000000000 0.000051840 95.000000000 95.000000000 90.000000000 95.000000000
1755077547.599999905 31.291577497500004 120.756203197 3.309300000 4.000000000 0.000051840 1.000000000 0.000000000 0.000000000 0.000053290 95.000000000 95.000000000 90.000000000 95.000000000
1755077547.799999952 31.291577039333333 120.756203394 3.310200000 4.000000000 0.000051840 1.000000000 0.000000000 0.000000000 0.000053290 95.000000000 95.000000000 90.000000000 95.000000000
1755077548.000000000 31.291576582833333 120.756203566 3.310800000 4.000000000 0.000051840 1.000000000 0.000000000 0.000000000 0.000053290 95.000000000 95.000000000 90.000000000 95.000000000
1755077548.200000048 31.291576158833323 120.756203693 3.312500000 4.000000000 0.000051840 1.000000000 0.000000000 0.000000000 0.000053290 95.000000000 95.000000000 90.000000000 95.000000000
1755077548.400000095 31.291575752000007 120.756203822 3.308400000 4.000000000 0.000051840 1.000000000 0.000000000 0.000000000 0.000053290 95.000000000 95.000000000 90.000000000 95.000000000
1755077548.599999905 31.291575269333336 120.756203940 3.322300000 4.000000000 0.000051840 1.000000000 0.000000000 0.000000000 0.000053290 95.000000000 95.000000000 90.000000000 95.000000000
1755077548.799999952 31.291574794833327 120.756204164 3.324500000 4.000000000 0.000051840 1.000000000 0.000000000 0.000000000 0.000053290 95.000000000 95.000000000 90.000000000 95.000000000
1755077549.000000000 31.291574346166666 120.756204366 3.325500000 4.000000000 0.000051840 1.000000000 0.000000000 0.000000000 0.000053290 95.000000000 95.000000000 90.000000000 95.000000000
1755077549.200000048 31.291573945166668 120.756204612 3.326600001 4.000000000 0.000053290 1.000000000 0.000000000 0.000000000 0.000053290 95.000000000 95.000000000 90.000000000 95.000000000
1755077549.400000095 31.2915734715 120.756204835 3.326600000 4.000000000 0.000053290 1.000000000 0.000000000 0.000000000 0.000053290 95.000000000 95.000000000 90.000000000 95.000000000
1755077549.599999905 31.291573072666665 120.756205066 3.313999999 4.000000000 0.000051840 1.000000000 0.000000000 0.000000000 0.000051840 95.000000000 95.000000000 90.000000000 95.000000000
1755077549.799999952 31.291572608999992 120.756205233 3.308400000 4.000000000 0.000051840 1.000000000 0.000000000 0.000000000 0.000051840 95.000000000 95.000000000 90.000000000 95.000000000
1755077550.000000000 31.29157217033333 120.756205369 3.309400000 4.000000000 0.000051840 1.000000000 0.000000000 0.000000000 0.000051840 95.000000000 95.000000000 90.000000000 95.000000000
1755077550.200000048 31.291571733166666 120.756205546 3.305400000 4.000000000 0.000051840 1.000000000 0.000000000 0.000000000 0.000051840 95.000000000 95.000000000 90.000000000 95.000000000
1755077550.400000095 31.29157125666666 120.756205760 3.309600001 4.000000000 0.000051840 1.000000000 0.000000000 0.000000000 0.000051840 95.000000000 95.000000000 90.000000000 95.000000000
1755077550.599999905 31.291570791833326 120.756205882 3.316299999 4.000000000 0.000047610 1.000000000 0.000000000 0.000000000 0.000050410 95.000000000 95.000000000 90.000000000 95.000000000
1755077550.799999952 31.29157030916666 120.756206043 3.318400000 4.000000000 0.000047610 1.000000000 0.000000000 0.000000000 0.000050410 95.000000000 95.000000000 90.000000000 95.000000000
1755077551.000000000 31.29156983716667 120.756206203 3.316600000 4.000000000 0.000047610 1.000000000 0.000000000 0.000000000 0.000050410 95.000000000 95.000000000 90.000000000 95.000000000
1755077551.200000048 31.291569428666673 120.756206375 3.310400000 4.000000000 0.000047610 1.000000000 0.000000000 0.000000000 0.000050410 95.000000000 95.000000000 90.000000000 95.000000000
1755077551.400000095 31.29156893483333 120.756206496 3.312500002 4.000000000 0.000047610 1.000000000 0.000000000 0.000000000 0.000050410 95.000000000 95.000000000 90.000000000 95.000000000
1755077551.599999905 31.291568503 120.756206610 3.306400000 4.000000000 0.000046240 1.000000000 0.000000000 0.000000000 0.000049000 95.000000000 95.000000000 90.000000000 95.000000000
1755077551.799999952 31.291568053166664 120.756206638 3.303500000 4.000000000 0.000046240 1.000000000 0.000000000 0.000000000 0.000049000 95.000000000 95.000000000 90.000000000 95.000000000
1755077552.000000000 31.291567626333325 120.756206626 3.300900000 4.000000000 0.000046240 1.000000000 0.000000000 0.000000000 0.000049000 95.000000000 95.000000000 90.000000000 95.000000000
1755077552.200000048 31.2915672015 120.756206638 3.299199999 4.000000000 0.000046240 1.000000000 0.000000000 0.000000000 0.000049000 95.000000000 95.000000000 90.000000000 95.000000000
1755077552.400000095 31.29156674083333 120.756206622 3.305199999 4.000000000 0.000046240 1.000000000 0.000000000 0.000000000 0.000049000 95.000000000 95.000000000 90.000000000 95.000000000
1755077552.599999905 31.2915662785 120.756206644 3.304400001 4.000000000 0.000050410 1.000000000 0.000000000 0.000000000 0.000050410 95.000000000 95.000000000 90.000000000 95.000000000
1755077552.799999952 31.29156558016667 120.756206680 3.301700001 4.000000000 0.000050410 1.000000000 0.000000000 0.000000000 0.000050410 95.000000000 95.000000000 90.000000000 95.000000000
1755077553.000000000 31.291564867833326 120.756206715 3.297600000 4.000000000 0.000050410 1.000000000 0.000000000 0.000000000 0.000050410 95.000000000 95.000000000 90.000000000 95.000000000
1755077553.200000048 31.291564111000007 120.756206742 3.301200000 4.000000000 0.000050410 1.000000000 0.000000000 0.000000000 0.000051840 95.000000000 95.000000000 90.000000000 95.000000000
1755077553.400000095 31.291563388666667 120.756206726 3.301100000 4.000000000 0.000050410 1.000000000 0.000000000 0.000000000 0.000051840 95.000000000 95.000000000 90.000000000 95.000000000
1755077553.599999905 31.291562687333332 120.756206676 3.297300000 4.000000000 0.000050410 1.000000000 0.000000000 0.000000000 0.000053290 95.000000000 95.000000000 90.000000000 95.000000000
1755077553.799999952 31.29156195516668 120.756206704 3.296699999 4.000000000 0.000050410 1.000000000 0.000000000 0.000000000 0.000053290 95.000000000 95.000000000 90.000000000 95.000000000
1755077554.000000000 31.291561245500002 120.756206778 3.291100000 4.000000000 0.000050410 1.000000000 0.000000000 0.000000000 0.000053290 95.000000000 95.000000000 90.000000000 95.000000000
1755077554.200000048 31.2915605515 120.756206746 3.293199999 4.000000000 0.000050410 1.000000000 0.000000000 0.000000000 0.000053290 95.000000000 94.000000000 89.000000000 93.000000000
1755077554.400000095 31.291559819166665 120.756206811 3.294600000 4.000000000 0.000050410 1.000000000 0.000000000 0.000000000 0.000053290 95.000000000 94.000000000 89.000000000 93.000000000
1755077554.599999905 31.291559078500004 120.756206815 3.279400000 4.000000000 0.000050410 1.000000000 0.000000000 0.000000000 0.000054760 95.000000000 94.000000000 89.000000000 93.000000000
1755077554.799999952 31.29155833766667 120.756206822 3.280500000 4.000000000 0.000050410 1.000000000 0.000000000 0.000000000 0.000054760 95.000000000 94.000000000 89.000000000 93.000000000
1755077555.000000000 31.291557631999996 120.756206853 3.282600001 4.000000000 0.000050410 1.000000000 0.000000000 0.000000000 0.000054760 95.000000000 94.000000000 89.000000000 93.000000000
1755077555.200000048 31.2915569195 120.756206927 3.283300000 4.000000000 0.000050410 1.000000000 0.000000000 0.000000000 0.000054760 95.000000000 94.000000000 89.000000000 93.000000000
1755077555.400000095 31.291556191499996 120.756206905 3.281900000 4.000000000 0.000050410 1.000000000 0.000000000 0.000000000 0.000054760 95.000000000 94.000000000 89.000000000 93.000000000
1755077555.599999905 31.291555523833335 120.756206973 3.278100000 4.000000000 0.000049000 1.000000000 0.000000000 0.000000000 0.000053290 95.000000000 94.000000000 89.000000000 93.000000000
1755077555.799999952 31.29155482016666 120.756207090 3.276300000 4.000000000 0.000049000 1.000000000 0.000000000 0.000000000 0.000053290 95.000000000 94.000000000 89.000000000 93.000000000
1755077556.000000000 31.29155409599999 120.756207251 3.278200000 4.000000000 0.000049000 1.000000000 0.000000000 0.000000000 0.000053290 95.000000000 94.000000000 89.000000000 93.000000000
1755077556.200000048 31.29155337733334 120.756207384 3.280400001 4.000000000 0.000050410 1.000000000 0.000000000 0.000000000 0.000053290 95.000000000 94.000000000 89.000000000 93.000000000
1755077556.400000095 31.29155263366667 120.756207496 3.281700000 4.000000000 0.000050410 1.000000000 0.000000000 0.000000000 0.000053290 95.000000000 94.000000000 89.000000000 93.000000000
1755077556.599999905 31.291551823333336 120.756207515 3.278100000 4.000000000 0.000049000 1.000000000 0.000000000 0.000000000 0.000050410 95.000000000 94.000000000 89.000000000 93.000000000
1755077556.799999952 31.291551065333337 120.756207503 3.272800000 4.000000000 0.000049000 1.000000000 0.000000000 0.000000000 0.000050410 95.000000000 94.000000000 89.000000000 93.000000000
1755077557.000000000 31.291550292833335 120.756207436 3.274900001 4.000000000 0.000049000 1.000000000 0.000000000 0.000000000 0.000050410 95.000000000 94.000000000 89.000000000 93.000000000
1755077557.200000048 31.29154964583333 120.756207384 3.272000000 4.000000000 0.000050410 1.000000000 0.000000000 0.000000000 0.000050410 95.000000000 95.000000000 90.000000000 95.000000000
1755077557.400000095 31.291549411166667 120.756207631 3.271700000 4.000000000 0.000050410 1.000000000 0.000000000 0.000000000 0.000050410 95.000000000 95.000000000 90.000000000 95.000000000
1755077557.599999905 31.291549241333346 120.756207846 3.269399999 4.000000000 0.000051840 1.000000000 0.000000000 0.000000000 0.000053290 95.000000000 95.000000000 90.000000000 95.000000000
1755077557.799999952 31.291549034666662 120.756207997 3.273000002 4.000000000 0.000051840 1.000000000 0.000000000 0.000000000 0.000053290 95.000000000 95.000000000 90.000000000 95.000000000
1755077558.000000000 31.291548786166658 120.756208159 3.271700000 4.000000000 0.000051840 1.000000000 0.000000000 0.000000000 0.000053290 95.000000000 95.000000000 90.000000000 95.000000000
1755077558.200000048 31.291548545333328 120.756208277 3.271399999 4.000000000 0.000051840 1.000000000 0.000000000 0.000000000 0.000053290 95.000000000 95.000000000 90.000000000 95.000000000
1755077558.400000095 31.291548291833344 120.756208352 3.273899999 4.000000000 0.000051840 1.000000000 0.000000000 0.000000000 0.000053290 95.000000000 95.000000000 90.000000000 95.000000000
1755077558.599999905 31.291548088000003 120.756208380 3.277700000 4.000000000 0.000053290 1.000000000 0.000000000 0.000000000 0.000056250 95.000000000 95.000000000 90.000000000 95.000000000
1755077558.799999952 31.2915481385 120.756208354 3.277000000 4.000000000 0.000053290 1.000000000 0.000000000 0.000000000 0.000056250 95.000000000 95.000000000 90.000000000 95.000000000
1755077559.000000000 31.2915481445 120.756208362 3.277999999 4.000000000 0.000053290 1.000000000 0.000000000 0.000000000 0.000056250 95.000000000 95.000000000 90.000000000 95.000000000
1755077559.200000048 31.291548049833334 120.756208040 3.280200000 4.000000000 0.000053290 1.000000000 0.000000000 0.000000000 0.000056250 95.000000000 95.000000000 90.000000000 95.000000000
1755077559.400000095 31.291547837666666 120.756207355 3.277300000 4.000000000 0.000053290 1.000000000 0.000000000 0.000000000 0.000056250 95.000000000 95.000000000 90.000000000 95.000000000
1755077559.599999905 31.291547772500003 120.756206362 3.287300000 4.000000000 0.000054760 1.000000000 0.000000000 0.000000000 0.000057760 95.000000000 95.000000000 90.000000000 95.000000000
1755077559.799999952 31.29154772566667 120.756205562 3.279100000 4.000000000 0.000054760 1.000000000 0.000000000 0.000000000 0.000057760 95.000000000 95.000000000 90.000000000 95.000000000
1755077560.000000000 31.29154762683333 120.756204789 3.277500000 4.000000000 0.000054760 1.000000000 0.000000000 0.000000000 0.000057760 95.000000000 95.000000000 90.000000000 95.000000000
1755077560.200000048 31.29154745933333 120.756204002 3.286700000 4.000000000 0.000054760 1.000000000 0.000000000 0.000000000 0.000057760 93.000000000 93.000000000 89.000000000 93.000000000
1755077560.400000095 31.291547398333325 120.756203145 3.288500000 4.000000000 0.000054760 1.000000000 0.000000000 0.000000000 0.000057760 93.000000000 93.000000000 89.000000000 93.000000000
1755077560.599999905 31.291547270666666 120.756202273 3.296900001 4.000000000 0.000053290 1.000000000 0.000000000 0.000000000 0.000054760 93.000000000 93.000000000 89.000000000 93.000000000
1755077560.799999952 31.291547155833342 120.756201433 3.299400000 4.000000000 0.000053290 1.000000000 0.000000000 0.000000000 0.000054760 93.000000000 93.000000000 89.000000000 93.000000000
1755077561.000000000 31.2915470365 120.756200625 3.296300000 4.000000000 0.000053290 1.000000000 0.000000000 0.000000000 0.000054760 93.000000000 93.000000000 89.000000000 93.000000000
1755077561.200000048 31.29154692583333 120.756199806 3.300000000 4.000000000 0.000053290 1.000000000 0.000000000 0.000000000 0.000054760 93.000000000 92.000000000 88.000000000 91.000000000
1755077561.400000095 31.291546805 120.756198983 3.305999999 4.000000000 0.000053290 1.000000000 0.000000000 0.000000000 0.000054760 93.000000000 92.000000000 88.000000000 91.000000000
1755077561.599999905 31.291546704666676 120.756198187 3.296200000 4.000000000 0.000053290 1.000000000 0.000000000 0.000000000 0.000051840 93.000000000 92.000000000 88.000000000 91.000000000
1755077561.799999952 31.291546596500005 120.756197403 3.295500000 4.000000000 0.000053290 1.000000000 0.000000000 0.000000000 0.000053290 93.000000000 92.000000000 88.000000000 91.000000000
1755077562.000000000 31.291546460833334 120.756196592 3.296899999 4.000000000 0.000053290 1.000000000 0.000000000 0.000000000 0.000053290 93.000000000 92.000000000 88.000000000 91.000000000
1755077562.200000048 31.29154637916667 120.756195776 3.300400000 4.000000000 0.000053290 1.000000000 0.000000000 0.000000000 0.000053290 95.000000000 94.000000000 89.000000000 93.000000000
1755077562.400000095 31.291546235166656 120.756194960 3.296900000 4.000000000 0.000053290 1.000000000 0.000000000 0.000000000 0.000053290 95.000000000 94.000000000 89.000000000 93.000000000
1755077562.599999905 31.29154611566667 120.756194215 3.309800000 4.000000000 0.000051840 1.000000000 0.000000000 0.000000000 0.000049000 95.000000000 94.000000000 89.000000000 93.000000000
1755077562.799999952 31.291545956500002 120.756193417 3.310700000 4.000000000 0.000051840 1.000000000 0.000000000 0.000000000 0.000049000 95.000000000 94.000000000 89.000000000 93.000000000
1755077563.000000000 31.291545820499998 120.756192572 3.313800000 4.000000000 0.000051840 1.000000000 0.000000000 0.000000000 0.000049000 95.000000000 94.000000000 89.000000000 93.000000000
1755077563.200000048 31.291545634500004 120.756191725 3.313000000 4.000000000 0.000051840 1.000000000 0.000000000 0.000000000 0.000049000 91.000000000 91.000000000 88.000000000 91.000000000
1755077563.400000095 31.291545532166673 120.756190920 3.310400000 4.000000000 0.000051840 1.000000000 0.000000000 0.000000000 0.000049000 91.000000000 91.000000000 88.000000000 91.000000000
1755077563.599999905 31.291545441666663 120.756190177 3.304300001 4.000000000 0.000047610 1.000000000 0.000000000 0.000000000 0.000044890 91.000000000 91.000000000 88.000000000 91.000000000
1755077563.799999952 31.291545339333332 120.756189366 3.303000000 4.000000000 0.000047610 1.000000000 0.000000000 0.000000000 0.000044890 91.000000000 91.000000000 88.000000000 91.000000000
1755077564.000000000 31.291545241166666 120.756188509 3.304700000 4.000000000 0.000047610 1.000000000 0.000000000 0.000000000 0.000044890 91.000000000 91.000000000 88.000000000 91.000000000
1755077564.200000048 31.29154525833333 120.756187742 3.312699999 4.000000000 0.000047610 1.000000000 0.000000000 0.000000000 0.000044890 93.000000000 92.000000000 88.000000000 91.000000000
1755077564.400000095 31.29154529166665 120.756186761 3.318300001 4.000000000 0.000047610 1.000000000 0.000000000 0.000000000 0.000044890 93.000000000 92.000000000 88.000000000 91.000000000
1755077564.599999905 31.29154520066667 120.756185902 3.321300000 4.000000000 0.000046240 1.000000000 0.000000000 0.000000000 0.000042250 93.000000000 92.000000000 88.000000000 91.000000000
1755077564.799999952 31.291544858666665 120.756185188 3.319700000 4.000000000 0.000046240 1.000000000 0.000000000 0.000000000 0.000042250 93.000000000 92.000000000 88.000000000 91.000000000
1755077565.000000000 31.29154446550001 120.756184456 3.320900001 4.000000000 0.000046240 1.000000000 0.000000000 0.000000000 0.000042250 93.000000000 92.000000000 88.000000000 91.000000000
1755077565.200000048 31.291544145499998 120.756183721 3.317600000 4.000000000 0.000046240 1.000000000 0.000000000 0.000000000 0.000042250 95.000000000 93.000000000 88.000000000 91.000000000
1755077565.400000095 31.29154381366667 120.756183047 3.322399999 4.000000000 0.000046240 1.000000000 0.000000000 0.000000000 0.000042250 95.000000000 93.000000000 88.000000000 91.000000000
1755077565.599999905 31.291543470499988 120.756182236 3.323800000 4.000000000 0.000051840 1.000000000 0.000000000 0.000000000 0.000051840 95.000000000 93.000000000 88.000000000 91.000000000
1755077565.799999952 31.291543340999997 120.756181394 3.326200000 4.000000000 0.000051840 1.000000000 0.000000000 0.000000000 0.000051840 95.000000000 93.000000000 88.000000000 91.000000000
1755077566.000000000 31.291543203833335 120.756180550 3.322799999 4.000000000 0.000051840 1.000000000 0.000000000 0.000000000 0.000051840 95.000000000 93.000000000 88.000000000 91.000000000
1755077566.200000048 31.291543149000002 120.756179830 3.328500000 4.000000000 0.000051840 1.000000000 0.000000000 0.000000000 0.000051840 95.000000000 94.000000000 89.000000000 93.000000000
1755077566.400000095 31.2915431935 120.756179596 3.330500000 4.000000000 0.000051840 1.000000000 0.000000000 0.000000000 0.000051840 95.000000000 94.000000000 89.000000000 93.000000000
1755077566.599999905 31.29154332733334 120.756179355 3.315200000 4.000000000 0.000051840 1.000000000 0.000000000 0.000000000 0.000053290 95.000000000 94.000000000 89.000000000 93.000000000
1755077566.799999952 31.291543323666662 120.756179340 3.319100000 4.000000000 0.000051840 1.000000000 0.000000000 0.000000000 0.000053290 95.000000000 94.000000000 89.000000000 93.000000000
1755077567.000000000 31.291543315833337 120.756179296 3.324100000 4.000000000 0.000051840 1.000000000 0.000000000 0.000000000 0.000053290 95.000000000 94.000000000 89.000000000 93.000000000
1755077567.200000048 31.291543240333336 120.756179254 3.324100000 4.000000000 0.000051840 1.000000000 0.000000000 0.000000000 0.000054760 95.000000000 94.000000000 89.000000000 93.000000000
1755077567.400000095 31.29154279133333 120.756178937 3.327099999 4.000000000 0.000051840 1.000000000 0.000000000 0.000000000 0.000054760 95.000000000 94.000000000 89.000000000 93.000000000
1755077567.599999905 31.291542062999998 120.756178315 3.339800000 4.000000000 0.000053290 1.000000000 0.000000000 0.000000000 0.000056250 95.000000000 94.000000000 89.000000000 93.000000000
1755077567.799999952 31.29154145266667 120.756177969 3.340900000 4.000000000 0.000053290 1.000000000 0.000000000 0.000000000 0.000056250 95.000000000 94.000000000 89.000000000 93.000000000
1755077568.000000000 31.29154079633334 120.756177539 3.339300000 4.000000000 0.000053290 1.000000000 0.000000000 0.000000000 0.000056250 95.000000000 94.000000000 89.000000000 93.000000000
1755077568.200000048 31.291540377500006 120.756177231 3.338400000 4.000000000 0.000054760 1.000000000 0.000000000 0.000000000 0.000056250 95.000000000 95.000000000 90.000000000 95.000000000
1755077568.400000095 31.29154049183333 120.756177312 3.337800000 4.000000000 0.000054760 1.000000000 0.000000000 0.000000000 0.000056250 95.000000000 95.000000000 90.000000000 95.000000000
1755077568.599999905 31.29154053333333 120.756177357 3.339199999 4.000000000 0.000053290 1.000000000 0.000000000 0.000000000 0.000054760 95.000000000 95.000000000 90.000000000 95.000000000
1755077568.799999952 31.291540537999996 120.756177368 3.336000000 4.000000000 0.000053290 1.000000000 0.000000000 0.000000000 0.000054760 95.000000000 95.000000000 90.000000000 95.000000000
1755077569.000000000 31.29154053916666 120.756177382 3.337100000 4.000000000 0.000053290 1.000000000 0.000000000 0.000000000 0.000054760 95.000000000 95.000000000 90.000000000 95.000000000
1755077569.200000048 31.291540539166665 120.756177387 3.334900000 4.000000000 0.000053290 1.000000000 0.000000000 0.000000000 0.000054760 93.000000000 92.000000000 88.000000000 91.000000000
1755077569.400000095 31.291540533166668 120.756177376 3.331499998 4.000000000 0.000053290 1.000000000 0.000000000 0.000000000 0.000054760 93.000000000 92.000000000 88.000000000 91.000000000
1755077569.599999905 31.29154059083333 120.756177216 3.327900000 4.000000000 0.000054760 1.000000000 0.000000000 0.000000000 0.000056250 93.000000000 92.000000000 88.000000000 91.000000000
1755077569.799999952 31.291540711166665 120.756176888 3.330200000 4.000000000 0.000054760 1.000000000 0.000000000 0.000000000 0.000056250 93.000000000 92.000000000 88.000000000 91.000000000
1755077570.000000000 31.291540776166677 120.756176637 3.333000001 4.000000000 0.000054760 1.000000000 0.000000000 0.000000000 0.000056250 93.000000000 92.000000000 88.000000000 91.000000000
1755077570.200000048 31.291540839833328 120.756176342 3.331500000 4.000000000 0.000054760 1.000000000 0.000000000 0.000000000 0.000056250 93.000000000 92.000000000 88.000000000 91.000000000
1755077570.400000095 31.29154066566667 120.756176251 3.329800000 4.000000000 0.000054760 1.000000000 0.000000000 0.000000000 0.000056250 93.000000000 92.000000000 88.000000000 91.000000000
1755077570.599999905 31.291540231 120.756176112 3.325699999 4.000000000 0.000053290 1.000000000 0.000000000 0.000000000 0.000056250 93.000000000 92.000000000 88.000000000 91.000000000
1755077570.799999952 31.291539701499993 120.756176084 3.318000000 4.000000000 0.000053290 1.000000000 0.000000000 0.000000000 0.000056250 93.000000000 92.000000000 88.000000000 91.000000000
1755077571.000000000 31.291539045499995 120.756175954 3.321500001 4.000000000 0.000053290 1.000000000 0.000000000 0.000000000 0.000056250 93.000000000 92.000000000 88.000000000 91.000000000
1755077571.200000048 31.291538406166666 120.756175848 3.321200001 4.000000000 0.000053290 1.000000000 0.000000000 0.000000000 0.000056250 93.000000000 93.000000000 89.000000000 93.000000000
1755077571.400000095 31.29153776216666 120.756175694 3.320900001 4.000000000 0.000053290 1.000000000 0.000000000 0.000000000 0.000056250 93.000000000 93.000000000 89.000000000 93.000000000
1755077571.599999905 31.291537092500008 120.756175557 3.328400000 4.000000000 0.000051840 1.000000000 0.000000000 0.000000000 0.000054760 93.000000000 93.000000000 89.000000000 93.000000000
1755077571.799999952 31.291536362 120.756175451 3.328400000 4.000000000 0.000051840 1.000000000 0.000000000 0.000000000 0.000054760 93.000000000 93.000000000 89.000000000 93.000000000
1755077572.000000000 31.29153569033332 120.756175351 3.325400000 4.000000000 0.000051840 1.000000000 0.000000000 0.000000000 0.000054760 93.000000000 93.000000000 89.000000000 93.000000000
1755077572.200000048 31.291534923166665 120.756175249 3.334600000 4.000000000 0.000053290 1.000000000 0.000000000 0.000000000 0.000054760 93.000000000 94.000000000 90.000000000 95.000000000
1755077572.400000095 31.29153424916666 120.756175089 3.334900000 4.000000000 0.000053290 1.000000000 0.000000000 0.000000000 0.000054760 93.000000000 94.000000000 90.000000000 95.000000000
1755077572.599999905 31.291533557499996 120.756174972 3.339600001 4.000000000 0.000051840 1.000000000 0.000000000 0.000000000 0.000053290 93.000000000 94.000000000 90.000000000 95.000000000
1755077572.799999952 31.29153282016666 120.756174924 3.340700000 4.000000000 0.000051840 1.000000000 0.000000000 0.000000000 0.000053290 93.000000000 94.000000000 90.000000000 95.000000000
1755077573.000000000 31.291532171499995 120.756174758 3.341899999 4.000000000 0.000051840 1.000000000 0.000000000 0.000000000 0.000053290 93.000000000 94.000000000 90.000000000 95.000000000
1755077573.200000048 31.291531484166672 120.756174567 3.339900000 4.000000000 0.000051840 1.000000000 0.000000000 0.000000000 0.000053290 95.000000000 94.000000000 89.000000000 93.000000000
1755077573.400000095 31.291530784666662 120.756174477 3.340700000 4.000000000 0.000051840 1.000000000 0.000000000 0.000000000 0.000053290 95.000000000 94.000000000 89.000000000 93.000000000
1755077573.599999905 31.291530115333327 120.756174385 3.344900002 4.000000000 0.000050410 1.000000000 0.000000000 0.000000000 0.000051840 95.000000000 94.000000000 89.000000000 93.000000000
1755077573.799999952 31.291529396333324 120.756174259 3.345200000 4.000000000 0.000050410 1.000000000 0.000000000 0.000000000 0.000051840 95.000000000 94.000000000 89.000000000 93.000000000
1755077574.000000000 31.291528686000007 120.756174153 3.345399999 4.000000000 0.000050410 1.000000000 0.000000000 0.000000000 0.000051840 95.000000000 94.000000000 89.000000000 93.000000000
1755077574.200000048 31.291527964999997 120.756174104 3.348300000 4.000000000 0.000050410 1.000000000 0.000000000 0.000000000 0.000053290 95.000000000 95.000000000 90.000000000 95.000000000
1755077574.400000095 31.29152724266666 120.756173931 3.350200000 4.000000000 0.000050410 1.000000000 0.000000000 0.000000000 0.000053290 95.000000000 95.000000000 90.000000000 95.000000000
1755077574.599999905 31.29152653116666 120.756173826 3.354199999 4.000000000 0.000046240 1.000000000 0.000000000 0.000000000 0.000047610 95.000000000 95.000000000 90.000000000 95.000000000
1755077574.799999952 31.29152583016666 120.756173745 3.352800000 4.000000000 0.000046240 1.000000000 0.000000000 0.000000000 0.000047610 95.000000000 95.000000000 90.000000000 95.000000000
1755077575.000000000 31.2915251115 120.756173609 3.352200000 4.000000000 0.000046240 1.000000000 0.000000000 0.000000000 0.000047610 95.000000000 95.000000000 90.000000000 95.000000000
1755077575.200000048 31.2915243715 120.756173469 3.353700000 4.000000000 0.000046240 1.000000000 0.000000000 0.000000000 0.000047610 93.000000000 94.000000000 90.000000000 95.000000000
1755077575.400000095 31.291523697999992 120.756173347 3.353900000 4.000000000 0.000046240 1.000000000 0.000000000 0.000000000 0.000047610 93.000000000 94.000000000 90.000000000 95.000000000
1755077575.599999905 31.291522967166664 120.756173262 3.353400000 4.000000000 0.000046240 1.000000000 0.000000000 0.000000000 0.000044890 93.000000000 94.000000000 90.000000000 95.000000000
1755077575.799999952 31.291522275166663 120.756173156 3.350100000 4.000000000 0.000046240 1.000000000 0.000000000 0.000000000 0.000044890 93.000000000 94.000000000 90.000000000 95.000000000
1755077576.000000000 31.291521598499994 120.756173094 3.355699999 4.000000000 0.000046240 1.000000000 0.000000000 0.000000000 0.000044890 93.000000000 94.000000000 90.000000000 95.000000000
1755077576.200000048 31.291520867999992 120.756172965 3.350800000 4.000000000 0.000046240 1.000000000 0.000000000 0.000000000 0.000044890 95.000000000 95.000000000 90.000000000 95.000000000
1755077576.400000095 31.291520173333343 120.756172879 3.354200000 4.000000000 0.000046240 1.000000000 0.000000000 0.000000000 0.000044890 95.000000000 95.000000000 90.000000000 95.000000000
1755077576.599999905 31.291519448833334 120.756172923 3.348100000 4.000000000 0.000046240 1.000000000 0.000000000 0.000000000 0.000047610 95.000000000 95.000000000 90.000000000 95.000000000
1755077576.799999952 31.29151869983334 120.756172840 3.353300000 4.000000000 0.000046240 1.000000000 0.000000000 0.000000000 0.000047610 95.000000000 95.000000000 90.000000000 95.000000000
1755077577.000000000 31.291517975500003 120.756172819 3.350500000 4.000000000 0.000046240 1.000000000 0.000000000 0.000000000 0.000047610 95.000000000 95.000000000 90.000000000 95.000000000
1755077577.200000048 31.291517230666667 120.756172691 3.353500000 4.000000000 0.000046240 1.000000000 0.000000000 0.000000000 0.000047610 95.000000000 95.000000000 90.000000000 95.000000000
1755077577.400000095 31.29151650800001 120.756172429 3.352399999 4.000000000 0.000046240 1.000000000 0.000000000 0.000000000 0.000047610 95.000000000 95.000000000 90.000000000 95.000000000
1755077577.599999905 31.291515781833326 120.756172089 3.363600000 4.000000000 0.000049000 1.000000000 0.000000000 0.000000000 0.000050410 95.000000000 95.000000000 90.000000000 95.000000000
1755077577.799999952 31.291515114666666 120.756171646 3.364199999 4.000000000 0.000049000 1.000000000 0.000000000 0.000000000 0.000050410 95.000000000 95.000000000 90.000000000 95.000000000
1755077578.000000000 31.2915146655 120.756171031 3.363900000 4.000000000 0.000049000 1.000000000 0.000000000 0.000000000 0.000050410 95.000000000 95.000000000 90.000000000 95.000000000
1755077578.200000048 31.291514189666668 120.756170413 3.368000000 4.000000000 0.000050410 1.000000000 0.000000000 0.000000000 0.000051840 93.000000000 93.000000000 89.000000000 93.000000000
1755077578.400000095 31.291513759333327 120.756169730 3.365000000 4.000000000 0.000050410 1.000000000 0.000000000 0.000000000 0.000050410 93.000000000 93.000000000 89.000000000 93.000000000
1755077578.599999905 31.29151328966666 120.756169152 3.351100000 4.000000000 0.000056250 1.000000000 0.000000000 0.000000000 0.000059290 93.000000000 93.000000000 89.000000000 93.000000000
1755077578.799999952 31.2915126985 120.756168645 3.349300000 4.000000000 0.000056250 1.000000000 0.000000000 0.000000000 0.000059290 93.000000000 93.000000000 89.000000000 93.000000000
1755077579.000000000 31.291512190499997 120.756168071 3.351600000 4.000000000 0.000056250 1.000000000 0.000000000 0.000000000 0.000059290 93.000000000 93.000000000 89.000000000 93.000000000
1755077579.200000048 31.291511732000014 120.756167444 3.353700001 4.000000000 0.000056250 1.000000000 0.000000000 0.000000000 0.000059290 95.000000000 95.000000000 90.000000000 95.000000000
1755077579.400000095 31.291511266166665 120.756166776 3.349700000 4.000000000 0.000056250 1.000000000 0.000000000 0.000000000 0.000059290 95.000000000 95.000000000 90.000000000 95.000000000
1755077579.599999905 31.291510822666666 120.756166146 3.350000000 4.000000000 0.000056250 1.000000000 0.000000000 0.000000000 0.000057760 95.000000000 95.000000000 90.000000000 95.000000000
1755077579.799999952 31.291510250166667 120.756165656 3.352900000 4.000000000 0.000056250 1.000000000 0.000000000 0.000000000 0.000057760 95.000000000 95.000000000 90.000000000 95.000000000
1755077580.000000000 31.291509574833338 120.756165234 3.357200000 4.000000000 0.000056250 1.000000000 0.000000000 0.000000000 0.000057760 95.000000000 95.000000000 90.000000000 95.000000000
1755077580.200000048 31.291508967500004 120.756164645 3.359800000 4.000000000 0.000056250 1.000000000 0.000000000 0.000000000 0.000057760 95.000000000 95.000000000 90.000000000 95.000000000
1755077580.400000095 31.29150853899999 120.756163969 3.356900000 4.000000000 0.000056250 1.000000000 0.000000000 0.000000000 0.000057760 95.000000000 95.000000000 90.000000000 95.000000000
1755077580.599999905 31.2915081545 120.756163220 3.355699999 4.000000000 0.000050410 1.000000000 0.000000000 0.000000000 0.000051840 95.000000000 95.000000000 90.000000000 95.000000000
1755077580.799999952 31.29150800250001 120.756162410 3.357800001 4.000000000 0.000050410 1.000000000 0.000000000 0.000000000 0.000051840 95.000000000 95.000000000 90.000000000 95.000000000
1755077581.000000000 31.29150782883333 120.756161551 3.358900000 4.000000000 0.000051840 1.000000000 0.000000000 0.000000000 0.000051840 95.000000000 95.000000000 90.000000000 95.000000000
1755077581.200000048 31.2915076495 120.756160747 3.360499999 4.000000000 0.000051840 1.000000000 0.000000000 0.000000000 0.000051840 95.000000000 95.000000000 90.000000000 95.000000000
1755077581.400000095 31.291507445166665 120.756159945 3.360500000 4.000000000 0.000051840 1.000000000 0.000000000 0.000000000 0.000051840 95.000000000 95.000000000 90.000000000 95.000000000
1755077581.599999905 31.291507282 120.756159226 3.365200000 4.000000000 0.000050410 1.000000000 0.000000000 0.000000000 0.000050410 95.000000000 95.000000000 90.000000000 95.000000000
1755077581.799999952 31.29150709649999 120.756158415 3.367600000 4.000000000 0.000050410 1.000000000 0.000000000 0.000000000 0.000050410 95.000000000 95.000000000 90.000000000 95.000000000
1755077582.000000000 31.29150694233333 120.756157711 3.363200000 4.000000000 0.000050410 1.000000000 0.000000000 0.000000000 0.000050410 95.000000000 95.000000000 90.000000000 95.000000000
1755077582.200000048 31.291506684333324 120.756156865 3.365300000 4.000000000 0.000051840 1.000000000 0.000000000 0.000000000 0.000051840 95.000000000 95.000000000 90.000000000 95.000000000
1755077582.400000095 31.291506424499996 120.756156151 3.364900000 4.000000000 0.000051840 1.000000000 0.000000000 0.000000000 0.000051840 95.000000000 95.000000000 90.000000000 95.000000000
1755077582.599999905 31.29150614433334 120.756155341 3.385600000 4.000000000 0.000050410 1.000000000 0.000000000 0.000000000 0.000051840 95.000000000 95.000000000 90.000000000 95.000000000
1755077582.799999952 31.29150594716667 120.756154564 3.389700000 4.000000000 0.000050410 1.000000000 0.000000000 0.000000000 0.000051840 95.000000000 95.000000000 90.000000000 95.000000000
1755077583.000000000 31.291505818166662 120.756153769 3.389800000 4.000000000 0.000050410 1.000000000 0.000000000 0.000000000 0.000051840 95.000000000 95.000000000 90.000000000 95.000000000
1755077583.200000048 31.291505654833333 120.756153008 3.393800000 4.000000000 0.000050410 1.000000000 0.000000000 0.000000000 0.000051840 95.000000000 95.000000000 90.000000000 95.000000000
1755077583.400000095 31.291505594666667 120.756152185 3.394100000 4.000000000 0.000050410 1.000000000 0.000000000 0.000000000 0.000051840 95.000000000 95.000000000 90.000000000 95.000000000
1755077583.599999905 31.291505512833332 120.756151381 3.378800000 4.000000000 0.000047610 1.000000000 0.000000000 0.000000000 0.000050410 95.000000000 95.000000000 90.000000000 95.000000000
1755077583.799999952 31.29150533899999 120.756150550 3.389700000 4.000000000 0.000047610 1.000000000 0.000000000 0.000000000 0.000050410 95.000000000 95.000000000 90.000000000 95.000000000
1755077584.000000000 31.291505285666663 120.756149741 3.385700000 4.000000000 0.000047610 1.000000000 0.000000000 0.000000000 0.000050410 95.000000000 95.000000000 90.000000000 95.000000000
1755077584.200000048 31.291505176666668 120.756148903 3.392500000 4.000000000 0.000047610 1.000000000 0.000000000 0.000000000 0.000051840 95.000000000 96.000000000 91.000000000 97.000000000
1755077584.400000095 31.29150509283334 120.756148090 3.396000000 4.000000000 0.000047610 1.000000000 0.000000000 0.000000000 0.000051840 95.000000000 96.000000000 91.000000000 97.000000000
1755077584.599999905 31.291504888666672 120.756147241 3.383300000 4.000000000 0.000046240 1.000000000 0.000000000 0.000000000 0.000051840 95.000000000 96.000000000 91.000000000 97.000000000
1755077584.799999952 31.291504760666662 120.756146452 3.385000001 4.000000000 0.000046240 1.000000000 0.000000000 0.000000000 0.000051840 95.000000000 96.000000000 91.000000000 97.000000000
1755077585.000000000 31.291504778500006 120.756146257 3.387399999 4.000000000 0.000046240 1.000000000 0.000000000 0.000000000 0.000051840 95.000000000 96.000000000 91.000000000 97.000000000
1755077585.200000048 31.29150477033334 120.756146339 3.387700000 4.000000000 0.000047610 1.000000000 0.000000000 0.000000000 0.000051840 95.000000000 95.000000000 90.000000000 95.000000000
1755077585.400000095 31.291504769500005 120.756146326 3.388900000 4.000000000 0.000047610 1.000000000 0.000000000 0.000000000 0.000051840 95.000000000 95.000000000 90.000000000 95.000000000
1755077585.599999905 31.29150476633334 120.756146282 3.379100000 4.000000000 0.000050410 1.000000000 0.000000000 0.000000000 0.000051840 95.000000000 95.000000000 90.000000000 95.000000000
1755077585.799999952 31.291504770666673 120.756146297 3.384199999 4.000000000 0.000050410 1.000000000 0.000000000 0.000000000 0.000051840 95.000000000 95.000000000 90.000000000 95.000000000
1755077586.000000000 31.291504777333326 120.756146304 3.384200001 4.000000000 0.000050410 1.000000000 0.000000000 0.000000000 0.000051840 95.000000000 95.000000000 90.000000000 95.000000000
1755077586.200000048 31.29150478466667 120.756146301 3.385600001 4.000000000 0.000050410 1.000000000 0.000000000 0.000000000 0.000051840 95.000000000 95.000000000 90.000000000 95.000000000
1755077586.400000095 31.291504841999995 120.756146288 3.385800000 4.000000000 0.000050410 1.000000000 0.000000000 0.000000000 0.000051840 95.000000000 95.000000000 90.000000000 95.000000000
1755077586.599999905 31.29150510483333 120.756146167 3.382300000 4.000000000 0.000051840 1.000000000 0.000000000 0.000000000 0.000051840 95.000000000 95.000000000 90.000000000 95.000000000
1755077586.799999952 31.29150540283332 120.756146045 3.379299999 4.000000000 0.000051840 1.000000000 0.000000000 0.000000000 0.000051840 95.000000000 95.000000000 90.000000000 95.000000000
1755077587.000000000 31.291505621666666 120.756145914 3.379600000 4.000000000 0.000051840 1.000000000 0.000000000 0.000000000 0.000051840 95.000000000 95.000000000 90.000000000 95.000000000
1755077587.200000048 31.29150584583333 120.756145731 3.381900000 4.000000000 0.000051840 1.000000000 0.000000000 0.000000000 0.000051840 95.000000000 95.000000000 90.000000000 95.000000000
1755077587.400000095 31.29150602983333 120.756145506 3.382800000 4.000000000 0.000051840 1.000000000 0.000000000 0.000000000 0.000051840 95.000000000 95.000000000 90.000000000 95.000000000
1755077587.599999905 31.291506110666663 120.756144917 3.396500000 4.000000000 0.000051840 1.000000000 0.000000000 0.000000000 0.000054760 95.000000000 95.000000000 90.000000000 95.000000000
1755077587.799999952 31.29150584916666 120.756144385 3.399500000 4.000000000 0.000051840 1.000000000 0.000000000 0.000000000 0.000054760 95.000000000 95.000000000 90.000000000 95.000000000
1755077588.000000000 31.291505522833326 120.756143761 3.402800000 4.000000000 0.000051840 1.000000000 0.000000000 0.000000000 0.000054760 95.000000000 95.000000000 90.000000000 95.000000000
1755077588.200000048 31.291505140666672 120.756143195 3.400200000 4.000000000 0.000051840 1.000000000 0.000000000 0.000000000 0.000054760 95.000000000 95.000000000 90.000000000 95.000000000
1755077588.400000095 31.29150473683334 120.756142639 3.401500001 4.000000000 0.000051840 1.000000000 0.000000000 0.000000000 0.000054760 95.000000000 95.000000000 90.000000000 95.000000000
1755077588.599999905 31.29150425233333 120.756142122 3.404100000 4.000000000 0.000051840 1.000000000 0.000000000 0.000000000 0.000053290 95.000000000 95.000000000 90.000000000 95.000000000
1755077588.799999952 31.2915037355 120.756141743 3.400900000 4.000000000 0.000051840 1.000000000 0.000000000 0.000000000 0.000053290 95.000000000 95.000000000 90.000000000 95.000000000
1755077589.000000000 31.291503122333335 120.756141379 3.402700000 4.000000000 0.000051840 1.000000000 0.000000000 0.000000000 0.000053290 95.000000000 95.000000000 90.000000000 95.000000000
1755077589.200000048 31.291502572333332 120.756141148 3.402100000 4.000000000 0.000051840 1.000000000 0.000000000 0.000000000 0.000053290 95.000000000 95.000000000 90.000000000 95.000000000
1755077589.400000095 31.29150202333333 120.756141285 3.397700000 4.000000000 0.000051840 1.000000000 0.000000000 0.000000000 0.000053290 95.000000000 95.000000000 90.000000000 95.000000000
1755077589.599999905 31.291501405166667 120.756141350 3.400300000 4.000000000 0.000051840 1.000000000 0.000000000 0.000000000 0.000051840 95.000000000 95.000000000 90.000000000 95.000000000
1755077589.799999952 31.29150082516667 120.756141441 3.401200001 4.000000000 0.000051840 1.000000000 0.000000000 0.000000000 0.000051840 95.000000000 95.000000000 90.000000000 95.000000000
1755077590.000000000 31.291500233000004 120.756141464 3.406700000 4.000000000 0.000051840 1.000000000 0.000000000 0.000000000 0.000051840 95.000000000 95.000000000 90.000000000 95.000000000
1755077590.200000048 31.29149957433333 120.756141560 3.401300000 4.000000000 0.000051840 1.000000000 0.000000000 0.000000000 0.000053290 95.000000000 94.000000000 89.000000000 93.000000000
1755077590.400000095 31.291498857500006 120.756141695 3.405300000 4.000000000 0.000051840 1.000000000 0.000000000 0.000000000 0.000053290 95.000000000 94.000000000 89.000000000 93.000000000
1755077590.599999905 31.291498123666656 120.756141735 3.409600000 4.000000000 0.000051840 1.000000000 0.000000000 0.000000000 0.000051840 95.000000000 94.000000000 89.000000000 93.000000000
1755077590.799999952 31.291497399666653 120.756141839 3.409300000 4.000000000 0.000051840 1.000000000 0.000000000 0.000000000 0.000051840 95.000000000 94.000000000 89.000000000 93.000000000
1755077591.000000000 31.291496730666672 120.756141905 3.405299999 4.000000000 0.000051840 1.000000000 0.000000000 0.000000000 0.000053290 95.000000000 94.000000000 89.000000000 93.000000000
1755077591.200000048 31.29149599266666 120.756142022 3.404100000 4.000000000 0.000051840 1.000000000 0.000000000 0.000000000 0.000053290 93.000000000 93.000000000 89.000000000 93.000000000
1755077591.400000095 31.29149524933333 120.756142105 3.401100000 4.000000000 0.000051840 1.000000000 0.000000000 0.000000000 0.000053290 93.000000000 93.000000000 89.000000000 93.000000000
1755077591.599999905 31.291494606333337 120.756142170 3.406100000 4.000000000 0.000051840 1.000000000 0.000000000 0.000000000 0.000053290 93.000000000 93.000000000 89.000000000 93.000000000
1755077591.799999952 31.291493846 120.756142231 3.409499999 4.000000000 0.000051840 1.000000000 0.000000000 0.000000000 0.000053290 93.000000000 93.000000000 89.000000000 93.000000000
1755077592.000000000 31.291493147333338 120.756142356 3.407000000 4.000000000 0.000051840 1.000000000 0.000000000 0.000000000 0.000053290 93.000000000 93.000000000 89.000000000 93.000000000
1755077592.200000048 31.29149246099999 120.756142509 3.408500000 4.000000000 0.000053290 1.000000000 0.000000000 0.000000000 0.000053290 95.000000000 94.000000000 89.000000000 93.000000000
1755077592.400000095 31.291491759499998 120.756142533 3.400200000 4.000000000 0.000053290 1.000000000 0.000000000 0.000000000 0.000053290 95.000000000 94.000000000 89.000000000 93.000000000
1755077592.599999905 31.291491071833335 120.756142560 3.396400000 4.000000000 0.000050410 1.000000000 0.000000000 0.000000000 0.000051840 95.000000000 94.000000000 89.000000000 93.000000000
1755077592.799999952 31.291490376833337 120.756142697 3.395999999 4.000000000 0.000050410 1.000000000 0.000000000 0.000000000 0.000051840 95.000000000 94.000000000 89.000000000 93.000000000
1755077593.000000000 31.291489689500008 120.756142767 3.391300000 4.000000000 0.000050410 1.000000000 0.000000000 0.000000000 0.000051840 95.000000000 94.000000000 89.000000000 93.000000000
1755077593.200000048 31.291488963333336 120.756142909 3.397400000 4.000000000 0.000050410 1.000000000 0.000000000 0.000000000 0.000051840 95.000000000 94.000000000 89.000000000 93.000000000
1755077593.400000095 31.291488240499994 120.756143079 3.399800000 4.000000000 0.000050410 1.000000000 0.000000000 0.000000000 0.000051840 95.000000000 94.000000000 89.000000000 93.000000000
1755077593.599999905 31.291487457500004 120.756143097 3.401400000 4.000000000 0.000046240 1.000000000 0.000000000 0.000000000 0.000047610 95.000000000 94.000000000 89.000000000 93.000000000
1755077593.799999952 31.29148676416667 120.756143111 3.401500000 4.000000000 0.000046240 1.000000000 0.000000000 0.000000000 0.000047610 95.000000000 94.000000000 89.000000000 93.000000000
1755077594.000000000 31.291486139166672 120.756143242 3.403200000 4.000000000 0.000046240 1.000000000 0.000000000 0.000000000 0.000047610 95.000000000 94.000000000 89.000000000 93.000000000
1755077594.200000048 31.291485427499996 120.756143347 3.397300001 4.000000000 0.000046240 1.000000000 0.000000000 0.000000000 0.000047610 95.000000000 95.000000000 90.000000000 95.000000000
1755077594.400000095 31.291484665833327 120.756143407 3.402400000 4.000000000 0.000046240 1.000000000 0.000000000 0.000000000 0.000047610 95.000000000 95.000000000 90.000000000 95.000000000
1755077594.599999905 31.29148396383333 120.756143466 3.394800000 4.000000000 0.000046240 1.000000000 0.000000000 0.000000000 0.000049000 95.000000000 95.000000000 90.000000000 95.000000000
1755077594.799999952 31.291483264 120.756143598 3.391700000 4.000000000 0.000046240 1.000000000 0.000000000 0.000000000 0.000049000 95.000000000 95.000000000 90.000000000 95.000000000
1755077595.000000000 31.291482510999995 120.756143701 3.393500000 4.000000000 0.000046240 1.000000000 0.000000000 0.000000000 0.000049000 95.000000000 95.000000000 90.000000000 95.000000000
1755077595.200000048 31.291481780666665 120.756143803 3.393200000 4.000000000 0.000046240 1.000000000 0.000000000 0.000000000 0.000049000 95.000000000 95.000000000 90.000000000 95.000000000
1755077595.400000095 31.29148105316666 120.756143907 3.400500000 4.000000000 0.000046240 1.000000000 0.000000000 0.000000000 0.000049000 95.000000000 95.000000000 90.000000000 95.000000000
1755077595.599999905 31.291480373166674 120.756143919 3.387700000 4.000000000 0.000046240 1.000000000 0.000000000 0.000000000 0.000049000 95.000000000 95.000000000 90.000000000 95.000000000
1755077595.799999952 31.291479661666664 120.756143997 3.387700001 4.000000000 0.000046240 1.000000000 0.000000000 0.000000000 0.000049000 95.000000000 95.000000000 90.000000000 95.000000000
1755077596.000000000 31.291479010833335 120.756144143 3.385600000 4.000000000 0.000046240 1.000000000 0.000000000 0.000000000 0.000049000 95.000000000 95.000000000 90.000000000 95.000000000
1755077596.200000048 31.291479113166663 120.756144117 3.385900000 4.000000000 0.000046240 1.000000000 0.000000000 0.000000000 0.000049000 95.000000000 95.000000000 90.000000000 95.000000000
1755077596.400000095 31.291479105166665 120.756144120 3.386499999 4.000000000 0.000046240 1.000000000 0.000000000 0.000000000 0.000049000 95.000000000 95.000000000 90.000000000 95.000000000
1755077596.599999905 31.291479072833333 120.756144131 3.382599999 4.000000000 0.000047610 1.000000000 0.000000000 0.000000000 0.000046240 95.000000000 95.000000000 90.000000000 95.000000000
1755077596.799999952 31.29147907016666 120.756144137 3.384900001 4.000000000 0.000047610 1.000000000 0.000000000 0.000000000 0.000046240 95.000000000 95.000000000 90.000000000 95.000000000
1755077597.000000000 31.291479082000006 120.756144310 3.385600000 4.000000000 0.000047610 1.000000000 0.000000000 0.000000000 0.000046240 95.000000000 95.000000000 90.000000000 95.000000000
1755077597.200000048 31.291479086166667 120.756144615 3.385500000 4.000000000 0.000047610 1.000000000 0.000000000 0.000000000 0.000047610 97.000000000 97.000000000 91.000000000 97.000000000
1755077597.400000095 31.291479032666665 120.756144861 3.389400000 4.000000000 0.000047610 1.000000000 0.000000000 0.000000000 0.000047610 97.000000000 97.000000000 91.000000000 97.000000000
1755077597.599999905 31.291478974666674 120.756145175 3.389200001 4.000000000 0.000050410 1.000000000 0.000000000 0.000000000 0.000051840 97.000000000 97.000000000 91.000000000 97.000000000
1755077597.799999952 31.291478860666665 120.756145422 3.391900000 4.000000000 0.000050410 1.000000000 0.000000000 0.000000000 0.000051840 97.000000000 97.000000000 91.000000000 97.000000000
1755077598.000000000 31.291478733500004 120.756145728 3.390100000 4.000000000 0.000050410 1.000000000 0.000000000 0.000000000 0.000051840 97.000000000 97.000000000 91.000000000 97.000000000
1755077598.200000048 31.2914786105 120.756146041 3.385700000 4.000000000 0.000050410 1.000000000 0.000000000 0.000000000 0.000051840 97.000000000 97.000000000 91.000000000 97.000000000
1755077598.400000095 31.291478485000003 120.756146201 3.386100000 4.000000000 0.000050410 1.000000000 0.000000000 0.000000000 0.000051840 97.000000000 97.000000000 91.000000000 97.000000000
1755077598.599999905 31.291478328166658 120.756146448 3.385700000 4.000000000 0.000050410 1.000000000 0.000000000 0.000000000 0.000051840 97.000000000 97.000000000 91.000000000 97.000000000
1755077598.799999952 31.291478173000005 120.756146632 3.383800000 4.000000000 0.000050410 1.000000000 0.000000000 0.000000000 0.000051840 97.000000000 97.000000000 91.000000000 97.000000000
1755077599.000000000 31.291477973666662 120.756146792 3.385600000 4.000000000 0.000050410 1.000000000 0.000000000 0.000000000 0.000051840 97.000000000 97.000000000 91.000000000 97.000000000
1755077599.200000048 31.291477729333334 120.756147009 3.382100000 4.000000000 0.000050410 1.000000000 0.000000000 0.000000000 0.000051840 97.000000000 97.000000000 91.000000000 97.000000000
1755077599.400000095 31.29147748566666 120.756147179 3.380000000 4.000000000 0.000050410 1.000000000 0.000000000 0.000000000 0.000051840 97.000000000 97.000000000 91.000000000 97.000000000
1755077599.599999905 31.29147726516667 120.756147287 3.365900000 4.000000000 0.000050410 1.000000000 0.000000000 0.000000000 0.000051840 97.000000000 97.000000000 91.000000000 97.000000000
1755077599.799999952 31.29147700916667 120.756147355 3.366900000 4.000000000 0.000050410 1.000000000 0.000000000 0.000000000 0.000051840 97.000000000 97.000000000 91.000000000 97.000000000
1755077600.000000000 31.291476733833335 120.756147396 3.367300000 4.000000000 0.000050410 1.000000000 0.000000000 0.000000000 0.000051840 97.000000000 97.000000000 91.000000000 97.000000000
1755077600.200000048 31.291476449499996 120.756147411 3.369100000 4.000000000 0.000050410 1.000000000 0.000000000 0.000000000 0.000051840 97.000000000 97.000000000 91.000000000 97.000000000
1755077600.400000095 31.291476340666666 120.756147434 3.367600000 4.000000000 0.000050410 1.000000000 0.000000000 0.000000000 0.000051840 97.000000000 97.000000000 91.000000000 97.000000000
1755077600.599999905 31.29147640483334 120.756147454 3.374900000 4.000000000 0.000050410 1.000000000 0.000000000 0.000000000 0.000051840 97.000000000 97.000000000 91.000000000 97.000000000
1755077600.799999952 31.291476392500005 120.756147452 3.376999998 4.000000000 0.000050410 1.000000000 0.000000000 0.000000000 0.000051840 97.000000000 97.000000000 91.000000000 97.000000000
1755077601.000000000 31.291476388500005 120.756147460 3.375800000 4.000000000 0.000050410 1.000000000 0.000000000 0.000000000 0.000051840 97.000000000 97.000000000 91.000000000 97.000000000
1755077601.200000048 31.291476384 120.756147463 3.375600000 4.000000000 0.000050410 1.000000000 0.000000000 0.000000000 0.000051840 95.000000000 95.000000000 90.000000000 95.000000000
1755077601.400000095 31.29147639883332 120.756147467 3.374900000 4.000000000 0.000050410 1.000000000 0.000000000 0.000000000 0.000051840 95.000000000 95.000000000 90.000000000 95.000000000
1755077601.599999905 31.291476354166672 120.756147456 3.381100000 4.000000000 0.000050410 1.000000000 0.000000000 0.000000000 0.000051840 95.000000000 95.000000000 90.000000000 95.000000000
1755077601.799999952 31.291476367333342 120.756147457 3.385600000 4.000000000 0.000050410 1.000000000 0.000000000 0.000000000 0.000051840 95.000000000 95.000000000 90.000000000 95.000000000
1755077602.000000000 31.291476369166666 120.756147459 3.381000000 4.000000000 0.000050410 1.000000000 0.000000000 0.000000000 0.000051840 95.000000000 95.000000000 90.000000000 95.000000000
1755077602.200000048 31.291476366166663 120.756147433 3.385400000 4.000000000 0.000050410 1.000000000 0.000000000 0.000000000 0.000051840 95.000000000 95.000000000 90.000000000 95.000000000
1755077602.400000095 31.29147632233333 120.756147418 3.394800000 4.000000000 0.000050410 1.000000000 0.000000000 0.000000000 0.000051840 95.000000000 95.000000000 90.000000000 95.000000000
