1750310088.599999905 31.270506871500004 120.912188574 3.283600000 4.000000000 0.000092160 1.000000000 0.000000000 0.000000000 0.000082810 87.000000000 84.500000000 75.000000000 82.000000000
1750310088.799999952 31.270506850666663 120.912188590 3.287800000 4.000000000 0.000092160 1.000000000 0.000000000 0.000000000 0.000082810 87.000000000 84.500000000 75.000000000 82.000000000
1750310089.000000000 31.270506860833336 120.912188564 3.292700000 4.000000000 0.000092160 1.000000000 0.000000000 0.000000000 0.000081000 87.000000000 84.500000000 75.000000000 82.000000000
1750310089.200000048 31.270506862999994 120.912188594 3.296100000 4.000000000 0.000090250 1.000000000 0.000000000 0.000000000 0.000081000 85.000000000 82.500000000 74.000000000 80.000000000
1750310089.400000095 31.270506889833342 120.912188573 3.272700000 4.000000000 0.000090250 1.000000000 0.000000000 0.000000000 0.000079210 85.000000000 82.500000000 74.000000000 80.000000000
1750310089.599999905 31.270506883500005 120.912188597 3.273600000 4.000000000 0.000090250 1.000000000 0.000000000 0.000000000 0.000079210 85.000000000 82.500000000 74.000000000 80.000000000
1750310089.799999952 31.27050689116666 120.912188589 3.273200000 4.000000000 0.000090250 1.000000000 0.000000000 0.000000000 0.000079210 85.000000000 82.500000000 74.000000000 80.000000000
1750310090.000000000 31.270506868166663 120.912188613 3.283300000 4.000000000 0.000090250 1.000000000 0.000000000 0.000000000 0.000079210 85.000000000 82.500000000 74.000000000 80.000000000
1750310090.200000048 31.270506868333342 120.912188620 3.282400000 4.000000000 0.000090250 1.000000000 0.000000000 0.000000000 0.000079210 85.000000000 83.500000000 75.000000000 82.000000000
1750310090.400000095 31.270506829833337 120.912188592 3.283800000 4.000000000 0.000088360 1.000000000 0.000000000 0.000000000 0.000073960 85.000000000 83.500000000 75.000000000 82.000000000
1750310090.599999905 31.270506845499995 120.912188600 3.279800000 4.000000000 0.000088360 1.000000000 0.000000000 0.000000000 0.000073960 85.000000000 83.500000000 75.000000000 82.000000000
1750310090.799999952 31.270506849166665 120.912188616 3.277800000 4.000000000 0.000088360 1.000000000 0.000000000 0.000000000 0.000073960 85.000000000 83.500000000 75.000000000 82.000000000
1750310091.000000000 31.270506842999993 120.912188600 3.275100000 4.000000000 0.000088360 1.000000000 0.000000000 0.000000000 0.000073960 85.000000000 83.500000000 75.000000000 82.000000000
1750310091.200000048 31.2705068825 120.912188612 3.263000000 4.000000000 0.000090250 1.000000000 0.000000000 0.000000000 0.000075690 85.000000000 83.500000000 75.000000000 82.000000000
1750310091.400000095 31.270506855500003 120.912188604 3.271300000 4.000000000 0.000088360 1.000000000 0.000000000 0.000000000 0.000072250 85.000000000 83.500000000 75.000000000 82.000000000
1750310091.599999905 31.270506884499994 120.912188571 3.267400000 4.000000000 0.000088360 1.000000000 0.000000000 0.000000000 0.000072250 85.000000000 83.500000000 75.000000000 82.000000000
1750310091.799999952 31.270506886333337 120.912188572 3.263500000 4.000000000 0.000088360 1.000000000 0.000000000 0.000000000 0.000072250 85.000000000 83.500000000 75.000000000 82.000000000
1750310092.000000000 31.270506877833327 120.912188588 3.258600000 4.000000000 0.000088360 1.000000000 0.000000000 0.000000000 0.000072250 85.000000000 83.500000000 75.000000000 82.000000000
1750310092.200000048 31.270506878666666 120.912188597 3.260800000 4.000000000 0.000088360 1.000000000 0.000000000 0.000000000 0.000072250 85.000000000 83.500000000 75.000000000 82.000000000
1750310092.400000095 31.270506837 120.912188577 3.286000000 4.000000000 0.000086490 1.000000000 0.000000000 0.000000000 0.000070560 85.000000000 83.500000000 75.000000000 82.000000000
1750310092.599999905 31.270506802833324 120.912188526 3.301400000 4.000000000 0.000086490 1.000000000 0.000000000 0.000000000 0.000070560 85.000000000 83.500000000 75.000000000 82.000000000
1750310092.799999952 31.270506798 120.912188412 3.307100000 4.000000000 0.000086490 1.000000000 0.000000000 0.000000000 0.000070560 85.000000000 83.500000000 75.000000000 82.000000000
1750310093.000000000 31.270506840500005 120.912188429 3.311300000 4.000000000 0.000086490 1.000000000 0.000000000 0.000000000 0.000070560 85.000000000 83.500000000 75.000000000 82.000000000
1750310093.200000048 31.270506775499996 120.912188480 3.336100000 4.000000000 0.000086490 1.000000000 0.000000000 0.000000000 0.000070560 87.000000000 84.500000000 75.000000000 82.000000000
1750310093.400000095 31.270506758500005 120.912188533 3.341100000 4.000000000 0.000086490 1.000000000 0.000000000 0.000000000 0.000070560 87.000000000 84.500000000 75.000000000 82.000000000
1750310093.599999905 31.27050679733334 120.912188618 3.291400000 4.000000000 0.000082810 1.000000000 0.000000000 0.000000000 0.000070560 87.000000000 84.500000000 75.000000000 82.000000000
1750310093.799999952 31.2705068115 120.912188533 3.289600000 4.000000000 0.000082810 1.000000000 0.000000000 0.000000000 0.000070560 87.000000000 84.500000000 75.000000000 82.000000000
1750310094.000000000 31.27050674083334 120.912188209 3.295900000 4.000000000 0.000082810 1.000000000 0.000000000 0.000000000 0.000068890 87.000000000 84.500000000 75.000000000 82.000000000
1750310094.200000048 31.270506587499995 120.912187646 3.302500000 4.000000000 0.000084640 1.000000000 0.000000000 0.000000000 0.000068890 85.000000000 83.500000000 75.000000000 82.000000000
1750310094.400000095 31.270506471000004 120.912186516 3.289600000 4.000000000 0.000086490 1.000000000 0.000000000 0.000000000 0.000068890 85.000000000 83.500000000 75.000000000 82.000000000
1750310094.599999905 31.270506494000003 120.912185755 3.292600000 4.000000000 0.000086490 1.000000000 0.000000000 0.000000000 0.000067240 85.000000000 83.500000000 75.000000000 82.000000000
1750310094.799999952 31.27050646566667 120.912184966 3.270800000 4.000000000 0.000088360 1.000000000 0.000000000 0.000000000 0.000067240 85.000000000 83.500000000 75.000000000 82.000000000
1750310095.000000000 31.2705062645 120.912184006 3.279400000 4.000000000 0.000086490 1.000000000 0.000000000 0.000000000 0.000068890 85.000000000 83.500000000 75.000000000 82.000000000
1750310095.200000048 31.2705060805 120.912183164 3.278600000 4.000000000 0.000082810 1.000000000 0.000000000 0.000000000 0.000065610 80.000000000 71.500000000 66.000000000 63.000000000
1750310095.400000095 31.270505975166657 120.912182423 3.278600000 4.000000000 0.000082810 1.000000000 0.000000000 0.000000000 0.000065610 80.000000000 71.500000000 66.000000000 63.000000000
1750310095.599999905 31.2705058895 120.912181683 3.276000000 4.000000000 0.000082810 1.000000000 0.000000000 0.000000000 0.000065610 80.000000000 71.500000000 66.000000000 63.000000000
1750310095.799999952 31.27050576166667 120.912180869 3.283800000 4.000000000 0.000082810 1.000000000 0.000000000 0.000000000 0.000065610 80.000000000 71.500000000 66.000000000 63.000000000
1750310096.000000000 31.2705057 120.912180212 3.265900000 4.000000000 0.000082810 1.000000000 0.000000000 0.000000000 0.000065610 80.000000000 71.500000000 66.000000000 63.000000000
1750310096.200000048 31.270505598166665 120.912179264 3.262500000 4.000000000 0.000081000 1.000000000 0.000000000 0.000000000 0.000064000 82.000000000 80.000000000 73.000000000 78.000000000
1750310096.400000095 31.270505397666668 120.912178463 3.246300000 4.000000000 0.000081000 1.000000000 0.000000000 0.000000000 0.000064000 82.000000000 80.000000000 73.000000000 78.000000000
1750310096.599999905 31.27050521866667 120.912177707 3.250000000 4.000000000 0.000082810 1.000000000 0.000000000 0.000000000 0.000064000 82.000000000 80.000000000 73.000000000 78.000000000
1750310096.799999952 31.270504994166657 120.912176972 3.250400000 4.000000000 0.000084640 1.000000000 0.000000000 0.000000000 0.000064000 82.000000000 80.000000000 73.000000000 78.000000000
1750310097.000000000 31.270504855500008 120.912176098 3.242200000 4.000000000 0.000084640 1.000000000 0.000000000 0.000000000 0.000064000 82.000000000 80.000000000 73.000000000 78.000000000
1750310097.200000048 31.270504732666666 120.912175318 3.263200000 5.000000000 0.000084640 1.000000000 0.000000000 0.000000000 0.000064000 82.000000000 78.500000000 72.000000000 75.000000000
1750310097.400000095 31.27050462216667 120.912174571 3.250300000 5.000000000 0.000086490 1.000000000 0.000000000 0.000000000 0.000064000 82.000000000 78.500000000 72.000000000 75.000000000
1750310097.599999905 31.270504400666667 120.912173829 3.260000000 5.000000000 0.000086490 1.000000000 0.000000000 0.000000000 0.000064000 82.000000000 78.500000000 72.000000000 75.000000000
1750310097.799999952 31.270504219166668 120.912172855 3.260600000 5.000000000 0.000090250 1.000000000 0.000000000 0.000000000 0.000064000 82.000000000 78.500000000 72.000000000 75.000000000
1750310098.000000000 31.270504253833337 120.912172180 3.236700000 5.000000000 0.000088360 1.000000000 0.000000000 0.000000000 0.000064000 82.000000000 78.500000000 72.000000000 75.000000000
1750310098.200000048 31.270504142333337 120.912171274 3.250500000 5.000000000 0.000086490 1.000000000 0.000000000 0.000000000 0.000064000 78.000000000 58.400000000 68.000000000 68.000000000
1750310098.400000095 31.2705039195 120.912170059 3.255100000 4.000000000 0.000219040 0.000000000 0.000000000 0.000000000 0.000190440 78.000000000 58.400000000 68.000000000 68.000000000
1750310098.599999905 31.270503636 120.912169302 3.246600000 4.000000000 0.000222010 0.000000000 0.000000000 0.000000000 0.000190440 78.000000000 58.400000000 68.000000000 68.000000000
1750310098.799999952 31.270503326833335 120.912168490 3.250300000 4.000000000 0.000225000 0.000000000 0.000000000 0.000000000 0.000190440 78.000000000 58.400000000 68.000000000 68.000000000
1750310099.000000000 31.27050305666667 120.912167630 3.236400000 4.000000000 0.000225000 0.000000000 0.000000000 0.000000000 0.000190440 78.000000000 58.400000000 68.000000000 68.000000000
1750310099.200000048 31.27050267616667 120.912166902 3.251800000 4.000000000 0.000216090 0.000000000 0.000000000 0.000000000 0.000190440 78.000000000 73.000000000 68.000000000 68.000000000
1750310099.400000095 31.270502470833335 120.912165916 3.262000000 4.000000000 0.000196000 0.000000000 0.000000000 0.000000000 0.000176890 78.000000000 73.000000000 68.000000000 68.000000000
1750310099.599999905 31.270502380500005 120.912165223 3.279200000 4.000000000 0.000193210 0.000000000 0.000000000 0.000000000 0.000179560 78.000000000 73.000000000 68.000000000 68.000000000
1750310099.799999952 31.270502538000002 120.912164349 3.263200000 4.000000000 0.000198810 0.000000000 0.000000000 0.000000000 0.000179560 78.000000000 73.000000000 68.000000000 68.000000000
1750310100.000000000 31.270502622166674 120.912163518 3.246400000 4.000000000 0.000198810 0.000000000 0.000000000 0.000000000 0.000179560 78.000000000 73.000000000 68.000000000 68.000000000
1750310100.200000048 31.270502765999993 120.912162779 3.235300000 4.000000000 0.000198810 0.000000000 0.000000000 0.000000000 0.000179560 75.000000000 71.500000000 68.000000000 68.000000000
1750310100.400000095 31.27050303483334 120.912162226 3.229000000 4.000000000 0.000201640 0.000000000 0.000000000 0.000000000 0.000184960 75.000000000 71.500000000 68.000000000 68.000000000
1750310100.599999905 31.270503329500002 120.912162107 3.213800000 4.000000000 0.000201640 0.000000000 0.000000000 0.000000000 0.000187690 75.000000000 71.500000000 68.000000000 68.000000000
1750310100.799999952 31.270503526833338 120.912161939 3.242000000 4.000000000 0.000204490 0.000000000 0.000000000 0.000000000 0.000187690 75.000000000 71.500000000 68.000000000 68.000000000
1750310101.000000000 31.27050349133333 120.912161983 3.239200000 4.000000000 0.000204490 0.000000000 0.000000000 0.000000000 0.000187690 75.000000000 71.500000000 68.000000000 68.000000000
1750310101.200000048 31.2705035205 120.912161986 3.234600000 4.000000000 0.000198810 0.000000000 0.000000000 0.000000000 0.000182250 75.000000000 71.500000000 68.000000000 68.000000000
1750310101.400000095 31.270503410499998 120.912161885 3.241100000 4.000000000 0.000234090 0.000000000 0.000000000 0.000000000 0.000136890 75.000000000 71.500000000 68.000000000 68.000000000
1750310101.599999905 31.270503430000005 120.912161890 3.237700000 4.000000000 0.000234090 0.000000000 0.000000000 0.000000000 0.000136890 75.000000000 71.500000000 68.000000000 68.000000000
1750310101.799999952 31.27050331833334 120.912161908 3.242700000 4.000000000 0.000234090 0.000000000 0.000000000 0.000000000 0.000136890 75.000000000 71.500000000 68.000000000 68.000000000
1750310102.000000000 31.27050318233333 120.912161978 3.236100000 4.000000000 0.000234090 0.000000000 0.000000000 0.000000000 0.000136890 75.000000000 71.500000000 68.000000000 68.000000000
1750310102.200000048 31.270503199833342 120.912161997 3.233700000 4.000000000 0.000234090 1.000000000 0.000000000 0.000000000 0.000136890 80.000000000 77.500000000 72.000000000 75.000000000
1750310102.400000095 31.27050317966666 120.912161996 3.241600000 4.000000000 0.000228010 1.000000000 0.000000000 0.000000000 0.000136890 80.000000000 77.500000000 72.000000000 75.000000000
1750310102.599999905 31.27050319366667 120.912161938 3.221400000 4.000000000 0.000228010 1.000000000 0.000000000 0.000000000 0.000136890 80.000000000 77.500000000 72.000000000 75.000000000
1750310102.799999952 31.270503251833333 120.912161668 3.225000000 4.000000000 0.000231040 1.000000000 0.000000000 0.000000000 0.000136890 80.000000000 77.500000000 72.000000000 75.000000000
1750310103.000000000 31.270503276833324 120.912160959 3.234000000 4.000000000 0.000231040 1.000000000 0.000000000 0.000000000 0.000136890 80.000000000 77.500000000 72.000000000 75.000000000
1750310103.200000048 31.270503105666663 120.912160074 3.249900000 4.000000000 0.000234090 1.000000000 0.000000000 0.000000000 0.000136890 82.000000000 78.500000000 72.000000000 75.000000000
1750310103.400000095 31.270502805333336 120.912159466 3.254900000 4.000000000 0.000249640 1.000000000 0.000000000 0.000000000 0.000141610 82.000000000 78.500000000 72.000000000 75.000000000
1750310103.599999905 31.270502758666666 120.912158986 3.271600000 4.000000000 0.000249640 1.000000000 0.000000000 0.000000000 0.000141610 82.000000000 78.500000000 72.000000000 75.000000000
1750310103.799999952 31.270502819 120.912158861 3.246600000 4.000000000 0.000252810 1.000000000 0.000000000 0.000000000 0.000144000 82.000000000 78.500000000 72.000000000 75.000000000
1750310104.000000000 31.270502769333334 120.912158934 3.264000000 4.000000000 0.000259210 1.000000000 0.000000000 0.000000000 0.000144000 82.000000000 78.500000000 72.000000000 75.000000000
1750310104.200000048 31.27050276766667 120.912158915 3.259700000 4.000000000 0.000259210 1.000000000 0.000000000 0.000000000 0.000146410 68.000000000 68.000000000 68.000000000 68.000000000
1750310104.400000095 31.270502784166666 120.912158458 3.231300000 4.000000000 0.000320410 1.000000000 0.000000000 0.000000000 0.000174240 68.000000000 68.000000000 68.000000000 68.000000000
1750310104.599999905 31.27050256933333 120.912157779 3.230900000 4.000000000 0.000320410 1.000000000 0.000000000 0.000000000 0.000171610 68.000000000 68.000000000 68.000000000 68.000000000
1750310104.799999952 31.270502317333325 120.912156824 3.235600000 4.000000000 0.000327610 1.000000000 0.000000000 0.000000000 0.000174240 68.000000000 68.000000000 68.000000000 68.000000000
1750310105.000000000 31.270502206333333 120.912156447 3.224500000 4.000000000 0.000327610 1.000000000 0.000000000 0.000000000 0.000174240 68.000000000 68.000000000 68.000000000 68.000000000
1750310105.200000048 31.27050224 120.912156542 3.204600000 4.000000000 0.000320410 1.000000000 0.000000000 0.000000000 0.000174240 70.000000000 69.000000000 68.000000000 68.000000000
1750310105.400000095 31.270502207999996 120.912156519 3.206200000 4.000000000 0.000320410 1.000000000 0.000000000 0.000000000 0.000174240 70.000000000 69.000000000 68.000000000 68.000000000
1750310105.599999905 31.27050224433333 120.912156496 3.209500000 4.000000000 0.000320410 1.000000000 0.000000000 0.000000000 0.000174240 70.000000000 69.000000000 68.000000000 68.000000000
1750310105.799999952 31.270502166 120.912156155 3.219000000 4.000000000 0.000320410 1.000000000 0.000000000 0.000000000 0.000174240 70.000000000 69.000000000 68.000000000 68.000000000
1750310106.000000000 31.270501999333334 120.912155499 3.231600000 4.000000000 0.000324000 1.000000000 0.000000000 0.000000000 0.000176890 70.000000000 69.000000000 68.000000000 68.000000000
1750310106.200000048 31.270502134166662 120.912155805 3.219600000 4.000000000 0.000320410 1.000000000 0.000000000 0.000000000 0.000174240 75.000000000 70.000000000 67.000000000 65.000000000
1750310106.400000095 31.270502104166667 120.912155765 3.228800000 4.000000000 0.000320410 1.000000000 0.000000000 0.000000000 0.000174240 75.000000000 70.000000000 67.000000000 65.000000000
1750310106.599999905 31.270502141666668 120.912155726 3.218600000 4.000000000 0.000320410 1.000000000 0.000000000 0.000000000 0.000174240 75.000000000 70.000000000 67.000000000 65.000000000
1750310106.799999952 31.27050212266667 120.912155693 3.215800000 4.000000000 0.000320410 1.000000000 0.000000000 0.000000000 0.000176890 75.000000000 70.000000000 67.000000000 65.000000000
1750310107.000000000 31.27050218866667 120.912155697 3.216700000 4.000000000 0.000320410 1.000000000 0.000000000 0.000000000 0.000179560 75.000000000 70.000000000 67.000000000 65.000000000
1750310107.200000048 31.27050216083333 120.912155433 3.213800000 5.000000000 0.000324000 1.000000000 0.000000000 0.000000000 0.000176890 73.000000000 69.000000000 67.000000000 65.000000000
1750310107.400000095 31.27050223016667 120.912155614 3.196800000 5.000000000 0.000324000 1.000000000 0.000000000 0.000000000 0.000176890 73.000000000 69.000000000 67.000000000 65.000000000
1750310107.599999905 31.270501871333337 120.912155496 3.274100000 4.000000000 0.000338560 1.000000000 0.000000000 0.000000000 0.000299290 73.000000000 69.000000000 67.000000000 65.000000000
1750310107.799999952 31.270501829333327 120.912155427 3.261600000 4.000000000 0.000338560 1.000000000 0.000000000 0.000000000 0.000299290 73.000000000 69.000000000 67.000000000 65.000000000
1750310108.000000000 31.270501804166656 120.912155392 3.266800000 4.000000000 0.000338560 1.000000000 0.000000000 0.000000000 0.000299290 73.000000000 69.000000000 67.000000000 65.000000000
1750310108.200000048 31.270501812333336 120.912155000 3.270600000 4.000000000 0.000342250 1.000000000 0.000000000 0.000000000 0.000299290 75.000000000 70.000000000 67.000000000 65.000000000
1750310108.400000095 31.27050190066666 120.912155304 3.264600000 4.000000000 0.000306250 1.000000000 0.000000000 0.000000000 0.000213160 75.000000000 70.000000000 67.000000000 65.000000000
1750310108.599999905 31.270501892666672 120.912155317 3.270500000 4.000000000 0.000306250 1.000000000 0.000000000 0.000000000 0.000213160 75.000000000 70.000000000 67.000000000 65.000000000
1750310108.799999952 31.270501936833327 120.912155306 3.260200000 4.000000000 0.000306250 1.000000000 0.000000000 0.000000000 0.000213160 75.000000000 70.000000000 67.000000000 65.000000000
1750310109.000000000 31.2705019525 120.912155336 3.263700000 4.000000000 0.000313290 1.000000000 0.000000000 0.000000000 0.000213160 75.000000000 70.000000000 67.000000000 65.000000000
1750310109.200000048 31.270501939833338 120.912155323 3.269700000 4.000000000 0.000309760 1.000000000 0.000000000 0.000000000 0.000216090 68.000000000 65.500000000 66.000000000 63.000000000
1750310109.400000095 31.270501813166675 120.912155262 3.284200000 4.000000000 0.000299290 1.000000000 0.000000000 0.000000000 0.000246490 68.000000000 65.500000000 66.000000000 63.000000000
1750310109.599999905 31.27050185666667 120.912155280 3.260200000 4.000000000 0.000302760 1.000000000 0.000000000 0.000000000 0.000246490 68.000000000 65.500000000 66.000000000 63.000000000
1750310109.799999952 31.270501865 120.912155241 3.261900000 4.000000000 0.000302760 1.000000000 0.000000000 0.000000000 0.000246490 68.000000000 65.500000000 66.000000000 63.000000000
1750310110.000000000 31.27050182483333 120.912155202 3.269500000 4.000000000 0.000302760 1.000000000 0.000000000 0.000000000 0.000246490 68.000000000 65.500000000 66.000000000 63.000000000
1750310110.200000048 31.27050183366667 120.912155197 3.271500000 4.000000000 0.000313290 1.000000000 0.000000000 0.000000000 0.000246490 65.000000000 64.000000000 66.000000000 63.000000000
1750310110.400000095 31.270502033 120.912155193 3.245100000 4.000000000 0.000361000 1.000000000 0.000000000 0.000000000 0.000320410 65.000000000 64.000000000 66.000000000 63.000000000
1750310110.599999905 31.27050205533334 120.912155180 3.242300000 4.000000000 0.000361000 1.000000000 0.000000000 0.000000000 0.000324000 65.000000000 64.000000000 66.000000000 63.000000000
1750310110.799999952 31.270502078999996 120.912155210 3.233000000 4.000000000 0.000361000 1.000000000 0.000000000 0.000000000 0.000324000 65.000000000 64.000000000 66.000000000 63.000000000
1750310111.000000000 31.270502059833333 120.912155166 3.236400000 4.000000000 0.000361000 1.000000000 0.000000000 0.000000000 0.000324000 65.000000000 64.000000000 66.000000000 63.000000000
1750310111.200000048 31.270502026333332 120.912155180 3.246300000 4.000000000 0.000361000 0.000000000 0.000000000 0.000000000 0.000324000 60.000000000 60.000000000 64.000000000 60.000000000
1750310111.400000095 31.270502006666675 120.912155188 3.244600000 4.000000000 0.000396010 0.000000000 0.000000000 0.000000000 0.000334890 60.000000000 60.000000000 64.000000000 60.000000000
1750310111.599999905 31.27050198483333 120.912155170 3.239000000 4.000000000 0.000392040 0.000000000 0.000000000 0.000000000 0.000334890 60.000000000 60.000000000 64.000000000 60.000000000
1750310111.799999952 31.270502008833333 120.912155223 3.247200000 4.000000000 0.000396010 0.000000000 0.000000000 0.000000000 0.000334890 60.000000000 60.000000000 64.000000000 60.000000000
1750310112.000000000 31.27050199083334 120.912155204 3.247300000 4.000000000 0.000396010 0.000000000 0.000000000 0.000000000 0.000338560 60.000000000 60.000000000 64.000000000 60.000000000
1750310112.200000048 31.27050202833334 120.912155209 3.245000000 4.000000000 0.000396010 0.000000000 0.000000000 0.000000000 0.000338560 60.000000000 59.000000000 63.000000000 58.000000000
1750310112.400000095 31.270502206999993 120.912155566 3.222800000 4.000000000 0.000441000 0.000000000 0.000000000 0.000000000 0.000338560 60.000000000 59.000000000 63.000000000 58.000000000
1750310112.599999905 31.270502218000004 120.912155621 3.221300000 4.000000000 0.000441000 0.000000000 0.000000000 0.000000000 0.000338560 60.000000000 59.000000000 63.000000000 58.000000000
1750310112.799999952 31.270502227999998 120.912155572 3.212800000 4.000000000 0.000441000 0.000000000 0.000000000 0.000000000 0.000338560 60.000000000 59.000000000 63.000000000 58.000000000
1750310113.000000000 31.270502232833337 120.912155555 3.215200000 4.000000000 0.000441000 0.000000000 0.000000000 0.000000000 0.000338560 60.000000000 59.000000000 63.000000000 58.000000000
1750310113.200000048 31.27050222966666 120.912155557 3.215000000 4.000000000 0.000424360 0.000000000 0.000000000 0.000000000 0.000327610 60.000000000 59.000000000 63.000000000 58.000000000
1750310113.400000095 31.270502055500003 120.912155442 3.242100000 4.000000000 0.000327610 0.000000000 0.000000000 0.000000000 0.000272250 60.000000000 59.000000000 63.000000000 58.000000000
1750310113.599999905 31.270502069000003 120.912155508 3.236900000 4.000000000 0.000327610 0.000000000 0.000000000 0.000000000 0.000272250 60.000000000 59.000000000 63.000000000 58.000000000
1750310113.799999952 31.270502137833333 120.912155806 3.233800000 4.000000000 0.000327610 0.000000000 0.000000000 0.000000000 0.000272250 60.000000000 59.000000000 63.000000000 58.000000000
1750310114.000000000 31.270502366666662 120.912156360 3.228600000 4.000000000 0.000327610 0.000000000 0.000000000 0.000000000 0.000272250 60.000000000 59.000000000 63.000000000 58.000000000
1750310114.200000048 31.270502549166665 120.912156830 3.214400000 4.000000000 0.000327610 0.000000000 0.000000000 0.000000000 0.000272250 60.000000000 61.500000000 66.000000000 63.000000000
1750310114.400000095 31.270502851499998 120.912157769 3.184400000 4.000000000 0.000338560 0.000000000 0.000000000 0.000000000 0.000306250 60.000000000 61.500000000 66.000000000 63.000000000
1750310114.599999905 31.270503036500003 120.912158263 3.212700000 4.000000000 0.000331240 0.000000000 0.000000000 0.000000000 0.000313290 60.000000000 61.500000000 66.000000000 63.000000000
1750310114.799999952 31.270503129666665 120.912158873 3.196100000 4.000000000 0.000331240 0.000000000 0.000000000 0.000000000 0.000313290 60.000000000 61.500000000 66.000000000 63.000000000
1750310115.000000000 31.270503439166674 120.912159287 3.188500000 4.000000000 0.000327610 0.000000000 0.000000000 0.000000000 0.000316840 60.000000000 61.500000000 66.000000000 63.000000000
1750310115.200000048 31.270503688666665 120.912159933 3.202700000 4.000000000 0.000316840 0.000000000 0.000000000 0.000000000 0.000309760 63.000000000 58.000000000 61.000000000 53.000000000
1750310115.400000095 31.270503857333324 120.912160375 3.192800000 4.000000000 0.000320410 0.000000000 0.000000000 0.000000000 0.000313290 63.000000000 58.000000000 61.000000000 53.000000000
1750310115.599999905 31.270503977333334 120.912160901 3.185800000 4.000000000 0.000320410 0.000000000 0.000000000 0.000000000 0.000313290 63.000000000 58.000000000 61.000000000 53.000000000
1750310115.799999952 31.27050407633334 120.912161576 3.220500000 4.000000000 0.000331240 0.000000000 0.000000000 0.000000000 0.000316840 63.000000000 58.000000000 61.000000000 53.000000000
1750310116.000000000 31.270504155833336 120.912161399 3.188000000 4.000000000 0.000334890 0.000000000 0.000000000 0.000000000 0.000316840 63.000000000 58.000000000 61.000000000 53.000000000
1750310116.200000048 31.270504250833326 120.912161363 3.180500000 4.000000000 0.000316840 0.000000000 0.000000000 0.000000000 0.000302760 60.000000000 56.500000000 61.000000000 53.000000000
1750310116.400000095 31.270504275333337 120.912161467 3.158900000 4.000000000 0.000316840 0.000000000 0.000000000 0.000000000 0.000302760 60.000000000 56.500000000 61.000000000 53.000000000
1750310116.599999905 31.270503975166662 120.912161844 3.258600000 4.000000000 0.000327610 0.000000000 0.000000000 0.000000000 0.000278890 60.000000000 56.500000000 61.000000000 53.000000000
1750310116.799999952 31.270503913 120.912161954 3.268600000 4.000000000 0.000327610 0.000000000 0.000000000 0.000000000 0.000278890 60.000000000 56.500000000 61.000000000 53.000000000
1750310117.000000000 31.270504098666663 120.912161834 3.269600000 4.000000000 0.000327610 0.000000000 0.000000000 0.000000000 0.000282240 60.000000000 56.500000000 61.000000000 53.000000000
1750310117.200000048 31.270504361999997 120.912161648 3.264000000 4.000000000 0.000324000 0.000000000 0.000000000 0.000000000 0.000275560 60.000000000 61.500000000 66.000000000 63.000000000
1750310117.400000095 31.270504425833337 120.912161630 3.302000000 4.000000000 0.000324000 0.000000000 0.000000000 0.000000000 0.000275560 60.000000000 61.500000000 66.000000000 63.000000000
1750310117.599999905 31.270504730666673 120.912161244 3.295700000 4.000000000 0.000331240 0.000000000 0.000000000 0.000000000 0.000295840 60.000000000 61.500000000 66.000000000 63.000000000
1750310117.799999952 31.27050496933333 120.912160758 3.276900000 4.000000000 0.000342250 0.000000000 0.000000000 0.000000000 0.000306250 60.000000000 61.500000000 66.000000000 63.000000000
1750310118.000000000 31.27050493916667 120.912160720 3.287100000 4.000000000 0.000334890 0.000000000 0.000000000 0.000000000 0.000306250 60.000000000 61.500000000 66.000000000 63.000000000
1750310118.200000048 31.270505091333334 120.912160464 3.287700000 4.000000000 0.000327610 0.000000000 0.000000000 0.000000000 0.000289000 73.000000000 68.000000000 66.000000000 63.000000000
1750310118.400000095 31.27050548533333 120.912159808 3.222100000 4.000000000 0.000331240 0.000000000 0.000000000 0.000000000 0.000292410 73.000000000 68.000000000 66.000000000 63.000000000
1750310118.599999905 31.270505496333328 120.912159678 3.237700000 4.000000000 0.000334890 0.000000000 0.000000000 0.000000000 0.000292410 73.000000000 68.000000000 66.000000000 63.000000000
1750310118.799999952 31.270505540333332 120.912159249 3.234000000 4.000000000 0.000331240 0.000000000 0.000000000 0.000000000 0.000292410 73.000000000 68.000000000 66.000000000 63.000000000
1750310119.000000000 31.270505311166673 120.912159322 3.306800000 4.000000000 0.000334890 0.000000000 0.000000000 0.000000000 0.000292410 73.000000000 68.000000000 66.000000000 63.000000000
1750310119.200000048 31.270505262499995 120.912159001 3.322500000 4.000000000 0.000331240 0.000000000 0.000000000 0.000000000 0.000289000 75.000000000 71.500000000 68.000000000 68.000000000
1750310119.400000095 31.27050565733333 120.912158360 3.240900000 4.000000000 0.000285610 0.000000000 0.000000000 0.000000000 0.000222010 75.000000000 71.500000000 68.000000000 68.000000000
1750310119.599999905 31.270505633166664 120.912158033 3.237900000 4.000000000 0.000285610 0.000000000 0.000000000 0.000000000 0.000222010 75.000000000 71.500000000 68.000000000 68.000000000
1750310119.799999952 31.270505575 120.912157746 3.227600000 4.000000000 0.000285610 0.000000000 0.000000000 0.000000000 0.000222010 75.000000000 71.500000000 68.000000000 68.000000000
1750310120.000000000 31.27050548933333 120.912157455 3.225800000 4.000000000 0.000285610 0.000000000 0.000000000 0.000000000 0.000222010 75.000000000 71.500000000 68.000000000 68.000000000
1750310120.200000048 31.270505366166674 120.912157212 3.227900000 4.000000000 0.000289000 0.000000000 0.000000000 0.000000000 0.000225000 73.000000000 70.500000000 68.000000000 68.000000000
1750310120.400000095 31.27050529183333 120.912156941 3.223200000 4.000000000 0.000289000 0.000000000 0.000000000 0.000000000 0.000222010 73.000000000 70.500000000 68.000000000 68.000000000
1750310120.599999905 31.270505130666663 120.912156705 3.208900000 4.000000000 0.000289000 0.000000000 0.000000000 0.000000000 0.000225000 73.000000000 70.500000000 68.000000000 68.000000000
1750310120.799999952 31.27050490633333 120.912156405 3.192900000 4.000000000 0.000289000 0.000000000 0.000000000 0.000000000 0.000225000 73.000000000 70.500000000 68.000000000 68.000000000
1750310121.000000000 31.270504812833337 120.912156374 3.211400000 4.000000000 0.000289000 0.000000000 0.000000000 0.000000000 0.000225000 73.000000000 70.500000000 68.000000000 68.000000000
1750310121.200000048 31.270504607666666 120.912156242 3.226700000 4.000000000 0.000292410 0.000000000 0.000000000 0.000000000 0.000228010 73.000000000 69.000000000 67.000000000 65.000000000
1750310121.400000095 31.270504318666667 120.912155848 3.222200000 4.000000000 0.000361000 0.000000000 0.000000000 0.000000000 0.000265690 73.000000000 69.000000000 67.000000000 65.000000000
1750310121.599999905 31.270503826500004 120.912155996 3.273000000 4.000000000 0.000376360 0.000000000 0.000000000 0.000000000 0.000265690 73.000000000 69.000000000 67.000000000 65.000000000
1750310121.799999952 31.270503586666678 120.912155949 3.271600000 4.000000000 0.000376360 0.000000000 0.000000000 0.000000000 0.000268960 73.000000000 69.000000000 67.000000000 65.000000000
1750310122.000000000 31.270503529833334 120.912155601 3.202200000 4.000000000 0.000376360 0.000000000 0.000000000 0.000000000 0.000268960 73.000000000 69.000000000 67.000000000 65.000000000
1750310122.200000048 31.270503205166662 120.912155461 3.207700000 4.000000000 0.000368640 0.000000000 0.000000000 0.000000000 0.000268960 63.000000000 60.500000000 63.000000000 58.000000000
1750310122.400000095 31.27050282783334 120.912155643 3.224100000 4.000000000 0.000462250 0.000000000 0.000000000 0.000000000 0.000234090 63.000000000 60.500000000 63.000000000 58.000000000
1750310122.599999905 31.27050263616667 120.912155529 3.199000000 4.000000000 0.000488410 0.000000000 0.000000000 0.000000000 0.000240250 63.000000000 60.500000000 63.000000000 58.000000000
1750310122.799999952 31.27050228916667 120.912155689 3.238700000 4.000000000 0.000488410 0.000000000 0.000000000 0.000000000 0.000240250 63.000000000 60.500000000 63.000000000 58.000000000
1750310123.000000000 31.270502193833337 120.912155847 3.221800000 4.000000000 0.000488410 0.000000000 0.000000000 0.000000000 0.000240250 63.000000000 60.500000000 63.000000000 58.000000000
1750310123.200000048 31.270501936833327 120.912156148 3.235300000 4.000000000 0.000484000 0.000000000 0.000000000 0.000000000 0.000234090 56.000000000 53.500000000 60.000000000 51.000000000
1750310123.400000095 31.270501834166666 120.912156414 3.228100000 4.000000000 0.000750760 0.000000000 0.000000000 0.000000000 0.000412090 56.000000000 53.500000000 60.000000000 51.000000000
1750310123.599999905 31.270501586500004 120.912156491 3.241200000 4.000000000 0.000750760 0.000000000 0.000000000 0.000000000 0.000412090 56.000000000 53.500000000 60.000000000 51.000000000
1750310123.799999952 31.270501474666673 120.912156788 3.242800000 4.000000000 0.000750760 0.000000000 0.000000000 0.000000000 0.000416160 56.000000000 53.500000000 60.000000000 51.000000000
1750310124.000000000 31.270501314166665 120.912157072 3.230400000 4.000000000 0.000750760 0.000000000 0.000000000 0.000000000 0.000416160 56.000000000 53.500000000 60.000000000 51.000000000
1750310124.200000048 31.270501233666664 120.912157308 3.241800000 4.000000000 0.000734410 0.000000000 0.000000000 0.000000000 0.000408040 56.000000000 54.500000000 61.000000000 53.000000000
1750310124.400000095 31.27050096716667 120.912157238 3.247100000 4.000000000 0.000756250 0.000000000 0.000000000 0.000000000 0.000361000 56.000000000 54.500000000 61.000000000 53.000000000
1750310124.599999905 31.270500887833336 120.912157592 3.274800000 4.000000000 0.000800890 0.000000000 0.000000000 0.000000000 0.000388090 56.000000000 54.500000000 61.000000000 53.000000000
1750310124.799999952 31.270500766333328 120.912157794 3.193700000 4.000000000 0.000795240 0.000000000 0.000000000 0.000000000 0.000376360 56.000000000 54.500000000 61.000000000 53.000000000
1750310125.000000000 31.270500627000004 120.912158309 3.222500000 4.000000000 0.000795240 0.000000000 0.000000000 0.000000000 0.000368640 56.000000000 54.500000000 61.000000000 53.000000000
1750310125.200000048 31.270500719833336 120.912158497 3.233800000 4.000000000 0.000761760 0.000000000 0.000000000 0.000000000 0.000361000 58.000000000 49.500000000 55.000000000 41.000000000
1750310125.400000095 31.270500621833335 120.912158528 3.200900000 4.000000000 0.000800890 0.000000000 0.000000000 0.000000000 0.000392040 58.000000000 49.500000000 55.000000000 41.000000000
1750310125.599999905 31.270500671500002 120.912158593 3.186500000 4.000000000 0.000812250 0.000000000 0.000000000 0.000000000 0.000392040 58.000000000 49.500000000 55.000000000 41.000000000
1750310125.799999952 31.27050071816666 120.912159012 3.209900000 4.000000000 0.000812250 0.000000000 0.000000000 0.000000000 0.000392040 58.000000000 49.500000000 55.000000000 41.000000000
1750310126.000000000 31.270500657833338 120.912159447 3.214800000 4.000000000 0.000823690 0.000000000 0.000000000 0.000000000 0.000408040 58.000000000 49.500000000 55.000000000 41.000000000
1750310126.200000048 31.270500661 120.912159894 3.237500000 4.000000000 0.000772840 0.000000000 0.000000000 0.000000000 0.000396010 70.000000000 56.500000000 56.000000000 43.000000000
1750310126.400000095 31.270500821166664 120.912160040 3.192900000 4.000000000 0.000670810 0.000000000 0.000000000 0.000000000 0.000466560 70.000000000 56.500000000 56.000000000 43.000000000
1750310126.599999905 31.27050100183334 120.912160235 3.198300000 4.000000000 0.000670810 0.000000000 0.000000000 0.000000000 0.000466560 70.000000000 56.500000000 56.000000000 43.000000000
1750310126.799999952 31.270501108666664 120.912160513 3.190400000 4.000000000 0.000625000 0.000000000 0.000000000 0.000000000 0.000449440 70.000000000 56.500000000 56.000000000 43.000000000
1750310127.000000000 31.270501287000002 120.912160664 3.181700000 4.000000000 0.000625000 0.000000000 0.000000000 0.000000000 0.000453690 70.000000000 56.500000000 56.000000000 43.000000000
1750310127.200000048 31.270501446833336 120.912161001 3.186300000 4.000000000 0.000610090 0.000000000 0.000000000 0.000000000 0.000453690 63.000000000 58.000000000 61.000000000 53.000000000
1750310127.400000095 31.270501888500007 120.912161356 3.177500000 4.000000000 0.000364810 0.000000000 0.000000000 0.000000000 0.000292410 63.000000000 58.000000000 61.000000000 53.000000000
1750310127.599999905 31.270502116666663 120.912161464 3.175800000 4.000000000 0.000364810 0.000000000 0.000000000 0.000000000 0.000292410 63.000000000 58.000000000 61.000000000 53.000000000
1750310127.799999952 31.270502408 120.912161653 3.183000000 4.000000000 0.000361000 0.000000000 0.000000000 0.000000000 0.000289000 63.000000000 58.000000000 61.000000000 53.000000000
1750310128.000000000 31.270502650333327 120.912161648 3.197700000 4.000000000 0.000361000 0.000000000 0.000000000 0.000000000 0.000289000 63.000000000 58.000000000 61.000000000 53.000000000
1750310128.200000048 31.27050292433333 120.912161602 3.194700000 4.000000000 0.000361000 0.000000000 0.000000000 0.000000000 0.000289000 60.000000000 60.000000000 64.000000000 60.000000000
1750310128.400000095 31.27050319066666 120.912161671 3.210300000 4.000000000 0.000285610 0.000000000 0.000000000 0.000000000 0.000252810 60.000000000 60.000000000 64.000000000 60.000000000
1750310128.599999905 31.270503435833334 120.912161644 3.230800000 4.000000000 0.000285610 0.000000000 0.000000000 0.000000000 0.000252810 60.000000000 60.000000000 64.000000000 60.000000000
1750310128.799999952 31.27050370916666 120.912161559 3.203800000 4.000000000 0.000285610 0.000000000 0.000000000 0.000000000 0.000252810 60.000000000 60.000000000 64.000000000 60.000000000
1750310129.000000000 31.27050395166667 120.912161487 3.224200000 4.000000000 0.000289000 0.000000000 0.000000000 0.000000000 0.000252810 60.000000000 60.000000000 64.000000000 60.000000000
1750310129.200000048 31.270504196666664 120.912161349 3.209300000 4.000000000 0.000289000 0.000000000 0.000000000 0.000000000 0.000249640 60.000000000 59.000000000 63.000000000 58.000000000
1750310129.400000095 31.270504435166657 120.912161264 3.192500000 4.000000000 0.000246490 0.000000000 0.000000000 0.000000000 0.000225000 60.000000000 59.000000000 63.000000000 58.000000000
1750310129.599999905 31.270504610833342 120.912161115 3.209900000 4.000000000 0.000252810 0.000000000 0.000000000 0.000000000 0.000225000 60.000000000 59.000000000 63.000000000 58.000000000
1750310129.799999952 31.270504822666666 120.912160886 3.193000000 4.000000000 0.000252810 0.000000000 0.000000000 0.000000000 0.000225000 60.000000000 59.000000000 63.000000000 58.000000000
1750310130.000000000 31.27050500749999 120.912160650 3.189100000 4.000000000 0.000252810 0.000000000 0.000000000 0.000000000 0.000225000 60.000000000 59.000000000 63.000000000 58.000000000
1750310130.200000048 31.27050519283334 120.912160368 3.188800000 4.000000000 0.000256000 0.000000000 0.000000000 0.000000000 0.000225000 60.000000000 58.000000000 62.000000000 56.000000000
1750310130.400000095 31.270505303500002 120.912160261 3.237100000 4.000000000 0.000309760 0.000000000 0.000000000 0.000000000 0.000259210 60.000000000 58.000000000 62.000000000 56.000000000
1750310130.599999905 31.270505402833336 120.912159853 3.207600000 4.000000000 0.000313290 0.000000000 0.000000000 0.000000000 0.000262440 60.000000000 58.000000000 62.000000000 56.000000000
1750310130.799999952 31.270505497166667 120.912159868 3.253300000 4.000000000 0.000361000 0.000000000 0.000000000 0.000000000 0.000268960 60.000000000 58.000000000 62.000000000 56.000000000
1750310131.000000000 31.27050562716667 120.912159422 3.219600000 4.000000000 0.000309760 0.000000000 0.000000000 0.000000000 0.000259210 60.000000000 58.000000000 62.000000000 56.000000000
1750310131.200000048 31.27050566216667 120.912159197 3.236500000 4.000000000 0.000309760 0.000000000 0.000000000 0.000000000 0.000259210 58.000000000 57.000000000 62.000000000 56.000000000
1750310131.400000095 31.27050585566667 120.912159063 3.215900000 4.000000000 0.000392040 0.000000000 0.000000000 0.000000000 0.000295840 58.000000000 57.000000000 62.000000000 56.000000000
1750310131.599999905 31.270505862333337 120.912158823 3.207300000 4.000000000 0.000392040 0.000000000 0.000000000 0.000000000 0.000295840 58.000000000 57.000000000 62.000000000 56.000000000
1750310131.799999952 31.270505838666665 120.912158582 3.206100000 4.000000000 0.000392040 0.000000000 0.000000000 0.000000000 0.000299290 58.000000000 57.000000000 62.000000000 56.000000000
1750310132.000000000 31.270505814666663 120.912158445 3.198200000 4.000000000 0.000392040 0.000000000 0.000000000 0.000000000 0.000299290 58.000000000 57.000000000 62.000000000 56.000000000
1750310132.200000048 31.270505852 120.912158482 3.199100000 4.000000000 0.000384160 0.000000000 0.000000000 0.000000000 0.000292410 58.000000000 58.000000000 63.000000000 58.000000000
1750310132.400000095 31.270505887166678 120.912158299 3.192700000 4.000000000 0.000342250 0.000000000 0.000000000 0.000000000 0.000285610 58.000000000 58.000000000 63.000000000 58.000000000
1750310132.599999905 31.270505902500005 120.912158292 3.189100000 4.000000000 0.000342250 0.000000000 0.000000000 0.000000000 0.000285610 58.000000000 58.000000000 63.000000000 58.000000000
1750310132.799999952 31.270505895833338 120.912158283 3.192500000 4.000000000 0.000342250 0.000000000 0.000000000 0.000000000 0.000285610 58.000000000 58.000000000 63.000000000 58.000000000
1750310133.000000000 31.270505893999996 120.912158265 3.188500000 4.000000000 0.000342250 0.000000000 0.000000000 0.000000000 0.000285610 58.000000000 58.000000000 63.000000000 58.000000000
1750310133.200000048 31.270505634166668 120.912158271 3.185200000 4.000000000 0.000327610 0.000000000 0.000000000 0.000000000 0.000282240 65.000000000 61.500000000 63.000000000 58.000000000
1750310133.400000095 31.270504833333334 120.912158272 3.217500000 4.000000000 0.000295840 0.000000000 0.000000000 0.000000000 0.000240250 65.000000000 61.500000000 63.000000000 58.000000000
1750310133.599999905 31.270504095999996 120.912158586 3.200100000 4.000000000 0.000295840 0.000000000 0.000000000 0.000000000 0.000240250 65.000000000 61.500000000 63.000000000 58.000000000
1750310133.799999952 31.270503375000004 120.912158824 3.221600000 4.000000000 0.000299290 0.000000000 0.000000000 0.000000000 0.000243360 65.000000000 61.500000000 63.000000000 58.000000000
1750310134.000000000 31.270502698499996 120.912159081 3.212700000 4.000000000 0.000295840 0.000000000 0.000000000 0.000000000 0.000243360 65.000000000 61.500000000 63.000000000 58.000000000
1750310134.200000048 31.270501974166677 120.912159142 3.213300000 4.000000000 0.000299290 0.000000000 0.000000000 0.000000000 0.000243360 63.000000000 61.500000000 64.000000000 60.000000000
1750310134.400000095 31.270501270833336 120.912159260 3.244900000 4.000000000 0.000272250 0.000000000 0.000000000 0.000000000 0.000228010 63.000000000 61.500000000 64.000000000 60.000000000
1750310134.599999905 31.270501229666664 120.912159348 3.240900000 4.000000000 0.000272250 0.000000000 0.000000000 0.000000000 0.000228010 63.000000000 61.500000000 64.000000000 60.000000000
1750310134.799999952 31.27050130083333 120.912159333 3.233800000 4.000000000 0.000275560 0.000000000 0.000000000 0.000000000 0.000228010 63.000000000 61.500000000 64.000000000 60.000000000
1750310135.000000000 31.270501261333337 120.912159177 3.228500000 4.000000000 0.000275560 0.000000000 0.000000000 0.000000000 0.000228010 63.000000000 61.500000000 64.000000000 60.000000000
1750310135.200000048 31.270501258166675 120.912159235 3.230200000 4.000000000 0.000262440 0.000000000 0.000000000 0.000000000 0.000219040 63.000000000 60.500000000 63.000000000 58.000000000
1750310135.400000095 31.270501150499996 120.912159164 3.217300000 4.000000000 0.000265690 0.000000000 0.000000000 0.000000000 0.000169000 63.000000000 60.500000000 63.000000000 58.000000000
1750310135.599999905 31.270501221333333 120.912159342 3.207500000 4.000000000 0.000265690 0.000000000 0.000000000 0.000000000 0.000169000 63.000000000 60.500000000 63.000000000 58.000000000
1750310135.799999952 31.2705012375 120.912159449 3.206700000 4.000000000 0.000265690 0.000000000 0.000000000 0.000000000 0.000169000 63.000000000 60.500000000 63.000000000 58.000000000
1750310136.000000000 31.27050121633333 120.912159652 3.201000000 4.000000000 0.000265690 0.000000000 0.000000000 0.000000000 0.000169000 63.000000000 60.500000000 63.000000000 58.000000000
1750310136.200000048 31.270501199999998 120.912159811 3.188300000 4.000000000 0.000265690 0.000000000 0.000000000 0.000000000 0.000169000 68.000000000 65.500000000 66.000000000 63.000000000
1750310136.400000095 31.270501145333327 120.912160091 3.206900000 4.000000000 0.000278890 0.000000000 0.000000000 0.000000000 0.000166410 68.000000000 65.500000000 66.000000000 63.000000000
1750310136.599999905 31.270501166000003 120.912160281 3.197100000 4.000000000 0.000278890 0.000000000 0.000000000 0.000000000 0.000166410 68.000000000 65.500000000 66.000000000 63.000000000
1750310136.799999952 31.270501163333336 120.912160540 3.201500000 4.000000000 0.000278890 0.000000000 0.000000000 0.000000000 0.000166410 68.000000000 65.500000000 66.000000000 63.000000000
1750310137.000000000 31.270501118500007 120.912160460 3.194900000 4.000000000 0.000278890 0.000000000 0.000000000 0.000000000 0.000166410 68.000000000 65.500000000 66.000000000 63.000000000
1750310137.200000048 31.270501108333335 120.912160439 3.192800000 4.000000000 0.000275560 0.000000000 0.000000000 0.000000000 0.000166410 73.000000000 66.500000000 64.000000000 60.000000000
1750310137.400000095 31.27050116533333 120.912160526 3.210200000 4.000000000 0.000237160 0.000000000 0.000000000 0.000000000 0.000158760 73.000000000 66.500000000 64.000000000 60.000000000
1750310137.599999905 31.270501190333334 120.912160436 3.205700000 4.000000000 0.000237160 0.000000000 0.000000000 0.000000000 0.000158760 73.000000000 66.500000000 64.000000000 60.000000000
1750310137.799999952 31.270501192166662 120.912160457 3.210900000 4.000000000 0.000237160 0.000000000 0.000000000 0.000000000 0.000158760 73.000000000 66.500000000 64.000000000 60.000000000
1750310138.000000000 31.270501183999997 120.912160461 3.218300000 4.000000000 0.000237160 0.000000000 0.000000000 0.000000000 0.000158760 73.000000000 66.500000000 64.000000000 60.000000000
1750310138.200000048 31.270501213499998 120.912160447 3.207200000 4.000000000 0.000237160 0.000000000 0.000000000 0.000000000 0.000158760 73.000000000 71.500000000 69.000000000 70.000000000
1750310138.400000095 31.270501178666677 120.912160457 3.209500000 4.000000000 0.000228010 0.000000000 0.000000000 0.000000000 0.000146410 73.000000000 71.500000000 69.000000000 70.000000000
1750310138.599999905 31.27050115983333 120.912160451 3.214200000 4.000000000 0.000231040 0.000000000 0.000000000 0.000000000 0.000146410 73.000000000 71.500000000 69.000000000 70.000000000
1750310138.799999952 31.27050115366667 120.912160476 3.214300000 4.000000000 0.000231040 0.000000000 0.000000000 0.000000000 0.000146410 73.000000000 71.500000000 69.000000000 70.000000000
1750310139.000000000 31.2705011595 120.912160497 3.212300000 4.000000000 0.000231040 0.000000000 0.000000000 0.000000000 0.000146410 73.000000000 71.500000000 69.000000000 70.000000000
1750310139.200000048 31.270501157166677 120.912160494 3.214500000 4.000000000 0.000225000 0.000000000 0.000000000 0.000000000 0.000141610 75.000000000 72.500000000 69.000000000 70.000000000
1750310139.400000095 31.27050116066667 120.912160468 3.224500000 4.000000000 0.000222010 0.000000000 0.000000000 0.000000000 0.000134560 75.000000000 72.500000000 69.000000000 70.000000000
1750310139.599999905 31.270501187833332 120.912160457 3.217800000 4.000000000 0.000222010 0.000000000 0.000000000 0.000000000 0.000134560 75.000000000 72.500000000 69.000000000 70.000000000
1750310139.799999952 31.270501160833334 120.912160457 3.222300000 4.000000000 0.000222010 0.000000000 0.000000000 0.000000000 0.000134560 75.000000000 72.500000000 69.000000000 70.000000000
1750310140.000000000 31.270501192166662 120.912160388 3.218000000 4.000000000 0.000222010 0.000000000 0.000000000 0.000000000 0.000134560 75.000000000 72.500000000 69.000000000 70.000000000
1750310140.200000048 31.27050111983334 120.912160429 3.237300000 4.000000000 0.000222010 0.000000000 0.000000000 0.000000000 0.000139240 75.000000000 76.500000000 73.000000000 78.000000000
1750310140.400000095 31.2705010775 120.912160556 3.247100000 4.000000000 0.000204490 0.000000000 0.000000000 0.000000000 0.000129960 75.000000000 76.500000000 73.000000000 78.000000000
1750310140.599999905 31.2705009605 120.912160483 3.263700000 4.000000000 0.000210250 0.000000000 0.000000000 0.000000000 0.000134560 75.000000000 76.500000000 73.000000000 78.000000000
1750310140.799999952 31.270500950166664 120.912160664 3.246600000 4.000000000 0.000216090 0.000000000 0.000000000 0.000000000 0.000139240 75.000000000 76.500000000 73.000000000 78.000000000
1750310141.000000000 31.27050105633333 120.912160742 3.263100000 4.000000000 0.000222010 0.000000000 0.000000000 0.000000000 0.000146410 75.000000000 76.500000000 73.000000000 78.000000000
1750310141.200000048 31.270501180333326 120.912160592 3.215400000 4.000000000 0.000225000 0.000000000 0.000000000 0.000000000 0.000151290 53.000000000 54.500000000 62.000000000 56.000000000
1750310141.400000095 31.270501174499998 120.912160738 3.201300000 4.000000000 0.000282240 0.000000000 0.000000000 0.000000000 0.000234090 53.000000000 54.500000000 62.000000000 56.000000000
1750310141.599999905 31.27050109066667 120.912160741 3.229000000 4.000000000 0.000285610 0.000000000 0.000000000 0.000000000 0.000234090 53.000000000 54.500000000 62.000000000 56.000000000
1750310141.799999952 31.27050091583334 120.912160743 3.261400000 4.000000000 0.000285610 0.000000000 0.000000000 0.000000000 0.000234090 53.000000000 54.500000000 62.000000000 56.000000000
1750310142.000000000 31.270500862999995 120.912160593 3.284800000 4.000000000 0.000285610 0.000000000 0.000000000 0.000000000 0.000246490 53.000000000 54.500000000 62.000000000 56.000000000
1750310142.200000048 31.270500807999994 120.912160538 3.285100000 4.000000000 0.000278890 0.000000000 0.000000000 0.000000000 0.000231040 58.000000000 57.000000000 62.000000000 56.000000000
1750310142.400000095 31.27050104183334 120.912160665 3.224200000 4.000000000 0.000289000 0.000000000 0.000000000 0.000000000 0.000243360 58.000000000 57.000000000 62.000000000 56.000000000
1750310142.599999905 31.270500985166677 120.912160686 3.236800000 4.000000000 0.000289000 0.000000000 0.000000000 0.000000000 0.000243360 58.000000000 57.000000000 62.000000000 56.000000000
1750310142.799999952 31.27050104766667 120.912160577 3.223900000 4.000000000 0.000295840 0.000000000 0.000000000 0.000000000 0.000246490 58.000000000 57.000000000 62.000000000 56.000000000
1750310143.000000000 31.270500998499998 120.912160609 3.244100000 4.000000000 0.000299290 0.000000000 0.000000000 0.000000000 0.000249640 58.000000000 57.000000000 62.000000000 56.000000000
1750310143.200000048 31.270500989166663 120.912160575 3.237800000 4.000000000 0.000289000 0.000000000 0.000000000 0.000000000 0.000240250 58.000000000 58.000000000 63.000000000 58.000000000
1750310143.400000095 31.27050100849999 120.912160710 3.235700000 4.000000000 0.000324000 0.000000000 0.000000000 0.000000000 0.000384160 58.000000000 58.000000000 63.000000000 58.000000000
1750310143.599999905 31.270501026333335 120.912160674 3.234000000 4.000000000 0.000324000 0.000000000 0.000000000 0.000000000 0.000384160 58.000000000 58.000000000 63.000000000 58.000000000
1750310143.799999952 31.270500994000002 120.912160704 3.231800000 4.000000000 0.000324000 0.000000000 0.000000000 0.000000000 0.000384160 58.000000000 58.000000000 63.000000000 58.000000000
1750310144.000000000 31.270501021 120.912160684 3.225100000 4.000000000 0.000324000 0.000000000 0.000000000 0.000000000 0.000384160 58.000000000 58.000000000 63.000000000 58.000000000
1750310144.200000048 31.27050102999999 120.912160676 3.230500000 4.000000000 0.000331240 0.000000000 0.000000000 0.000000000 0.000388090 58.000000000 58.000000000 63.000000000 58.000000000
1750310144.400000095 31.270501160833334 120.912160622 3.205200000 4.000000000 0.000432640 0.000000000 0.000000000 0.000000000 0.000510760 58.000000000 58.000000000 63.000000000 58.000000000
1750310144.599999905 31.27050117666667 120.912160615 3.215500000 4.000000000 0.000432640 0.000000000 0.000000000 0.000000000 0.000506250 58.000000000 58.000000000 63.000000000 58.000000000
1750310144.799999952 31.27050113366667 120.912160730 3.225500000 4.000000000 0.000432640 0.000000000 0.000000000 0.000000000 0.000506250 58.000000000 58.000000000 63.000000000 58.000000000
1750310145.000000000 31.270501119666662 120.912160721 3.211300000 4.000000000 0.000432640 0.000000000 0.000000000 0.000000000 0.000506250 58.000000000 58.000000000 63.000000000 58.000000000
1750310145.200000048 31.270501100000004 120.912160739 3.223400000 4.000000000 0.000432640 0.000000000 0.000000000 0.000000000 0.000510760 51.000000000 54.500000000 63.000000000 58.000000000
1750310145.400000095 31.2705011985 120.912160577 3.202100000 4.000000000 0.000445210 0.000000000 0.000000000 0.000000000 0.000506250 51.000000000 54.500000000 63.000000000 58.000000000
1750310145.599999905 31.27050120716666 120.912160598 3.196800000 4.000000000 0.000445210 0.000000000 0.000000000 0.000000000 0.000506250 51.000000000 54.500000000 63.000000000 58.000000000
1750310145.799999952 31.270500768666665 120.912160564 3.183200000 4.000000000 0.000445210 0.000000000 0.000000000 0.000000000 0.000506250 51.000000000 54.500000000 63.000000000 58.000000000
1750310146.000000000 31.27050027283333 120.912160373 3.195500000 4.000000000 0.000445210 0.000000000 0.000000000 0.000000000 0.000524410 51.000000000 54.500000000 63.000000000 58.000000000
1750310146.200000048 31.270500464500003 120.912160394 3.187300000 4.000000000 0.000436810 0.000000000 0.000000000 0.000000000 0.000515290 48.000000000 52.000000000 62.000000000 56.000000000
1750310146.400000095 31.270500510333335 120.912160359 3.179800000 4.000000000 0.000453690 0.000000000 0.000000000 0.000000000 0.000625000 48.000000000 52.000000000 62.000000000 56.000000000
1750310146.599999905 31.270500464166673 120.912160351 3.184200000 4.000000000 0.000453690 0.000000000 0.000000000 0.000000000 0.000625000 48.000000000 52.000000000 62.000000000 56.000000000
1750310146.799999952 31.270500455999994 120.912160305 3.184100000 4.000000000 0.000453690 0.000000000 0.000000000 0.000000000 0.000625000 48.000000000 52.000000000 62.000000000 56.000000000
1750310147.000000000 31.270500413333338 120.912160399 3.187300000 4.000000000 0.000453690 0.000000000 0.000000000 0.000000000 0.000620010 48.000000000 52.000000000 62.000000000 56.000000000
1750310147.200000048 31.270500342166656 120.912160509 3.199100000 4.000000000 0.000449440 0.000000000 0.000000000 0.000000000 0.000620010 56.000000000 58.000000000 64.000000000 60.000000000
1750310147.400000095 31.2705000335 120.912160811 3.232900000 4.000000000 0.000384160 0.000000000 0.000000000 0.000000000 0.000475240 56.000000000 58.000000000 64.000000000 60.000000000
1750310147.599999905 31.270499885333336 120.912161026 3.225200000 4.000000000 0.000384160 0.000000000 0.000000000 0.000000000 0.000479610 56.000000000 58.000000000 64.000000000 60.000000000
1750310147.799999952 31.270499669166668 120.912161282 3.216300000 4.000000000 0.000396010 0.000000000 0.000000000 0.000000000 0.000510760 56.000000000 58.000000000 64.000000000 60.000000000
1750310148.000000000 31.27049953433334 120.912161478 3.198900000 4.000000000 0.000396010 0.000000000 0.000000000 0.000000000 0.000510760 56.000000000 58.000000000 64.000000000 60.000000000
1750310148.200000048 31.270499394666672 120.912161712 3.199300000 4.000000000 0.000380250 0.000000000 0.000000000 0.000000000 0.000470890 53.000000000 52.000000000 60.000000000 51.000000000
1750310148.400000095 31.270499475166673 120.912161722 3.158100000 4.000000000 0.000320410 0.000000000 0.000000000 0.000000000 0.000342250 53.000000000 52.000000000 60.000000000 51.000000000
1750310148.599999905 31.270499221666668 120.912161825 3.163800000 4.000000000 0.000324000 0.000000000 0.000000000 0.000000000 0.000342250 53.000000000 52.000000000 60.000000000 51.000000000
1750310148.799999952 31.270499037999997 120.912161853 3.154300000 4.000000000 0.000324000 0.000000000 0.000000000 0.000000000 0.000342250 53.000000000 52.000000000 60.000000000 51.000000000
1750310149.000000000 31.27049876383333 120.912161949 3.148600000 4.000000000 0.000324000 0.000000000 0.000000000 0.000000000 0.000342250 53.000000000 52.000000000 60.000000000 51.000000000
1750310149.200000048 31.2704987865 120.912161941 3.150100000 4.000000000 0.000324000 0.000000000 0.000000000 0.000000000 0.000342250 58.000000000 59.000000000 64.000000000 60.000000000
1750310149.400000095 31.27049883416666 120.912161899 3.161500000 4.000000000 0.000309760 0.000000000 0.000000000 0.000000000 0.000306250 58.000000000 59.000000000 64.000000000 60.000000000
1750310149.599999905 31.270498851 120.912161874 3.156100000 4.000000000 0.000309760 0.000000000 0.000000000 0.000000000 0.000306250 58.000000000 59.000000000 64.000000000 60.000000000
1750310149.799999952 31.270498664166666 120.912161739 3.173200000 4.000000000 0.000309760 0.000000000 0.000000000 0.000000000 0.000306250 58.000000000 59.000000000 64.000000000 60.000000000
1750310150.000000000 31.2704982555 120.912161115 3.195800000 4.000000000 0.000313290 0.000000000 0.000000000 0.000000000 0.000309760 58.000000000 59.000000000 64.000000000 60.000000000
1750310150.200000048 31.270498189999998 120.912160480 3.197400000 4.000000000 0.000313290 0.000000000 0.000000000 0.000000000 0.000309760 68.000000000 63.000000000 63.000000000 58.000000000
1750310150.400000095 31.27049796116667 120.912159803 3.207500000 4.000000000 0.000357210 0.000000000 0.000000000 0.000000000 0.000306250 68.000000000 63.000000000 63.000000000 58.000000000
1750310150.599999905 31.270497787500005 120.912158847 3.192700000 4.000000000 0.000368640 0.000000000 0.000000000 0.000000000 0.000302760 68.000000000 63.000000000 63.000000000 58.000000000
1750310150.799999952 31.270497984333332 120.912158189 3.112300000 4.000000000 0.000380250 0.000000000 0.000000000 0.000000000 0.000320410 68.000000000 63.000000000 63.000000000 58.000000000
1750310151.000000000 31.270497627333327 120.912156977 3.143700000 4.000000000 0.000396010 0.000000000 0.000000000 0.000000000 0.000313290 68.000000000 63.000000000 63.000000000 58.000000000
1750310151.200000048 31.27049751366667 120.912156324 3.120000000 4.000000000 0.000342250 0.000000000 0.000000000 0.000000000 0.000289000 68.000000000 55.500000000 56.000000000 43.000000000
1750310151.400000095 31.27049697983334 120.912155802 3.244800000 4.000000000 0.000380250 0.000000000 0.000000000 0.000000000 0.000278890 68.000000000 55.500000000 56.000000000 43.000000000
1750310151.599999905 31.270496996333335 120.912154949 3.223500000 4.000000000 0.000396010 0.000000000 0.000000000 0.000000000 0.000285610 68.000000000 55.500000000 56.000000000 43.000000000
1750310151.799999952 31.27049713416666 120.912154383 3.225800000 4.000000000 0.000388090 0.000000000 0.000000000 0.000000000 0.000282240 68.000000000 55.500000000 56.000000000 43.000000000
1750310152.000000000 31.27049735516667 120.912154193 3.237200000 4.000000000 0.000392040 0.000000000 0.000000000 0.000000000 0.000285610 68.000000000 55.500000000 56.000000000 43.000000000
1750310152.200000048 31.27049758716666 120.912154071 3.237100000 4.000000000 0.000376360 0.000000000 0.000000000 0.000000000 0.000278890 65.000000000 60.500000000 62.000000000 56.000000000
1750310152.400000095 31.270497805333335 120.912153898 3.236000000 4.000000000 0.000376360 0.000000000 0.000000000 0.000000000 0.000278890 65.000000000 60.500000000 62.000000000 56.000000000
1750310152.599999905 31.270497851499997 120.912153662 3.273600000 4.000000000 0.000364810 0.000000000 0.000000000 0.000000000 0.000278890 65.000000000 60.500000000 62.000000000 56.000000000
1750310152.799999952 31.270498013500003 120.912153421 3.271800000 4.000000000 0.000364810 0.000000000 0.000000000 0.000000000 0.000278890 65.000000000 60.500000000 62.000000000 56.000000000
1750310153.000000000 31.27049814516667 120.912153268 3.265200000 4.000000000 0.000364810 0.000000000 0.000000000 0.000000000 0.000282240 65.000000000 60.500000000 62.000000000 56.000000000
1750310153.200000048 31.270498271999998 120.912153076 3.279000000 4.000000000 0.000361000 0.000000000 0.000000000 0.000000000 0.000278890 68.000000000 64.000000000 64.000000000 60.000000000
1750310153.400000095 31.270498303500005 120.912152491 3.269700000 4.000000000 0.000345960 0.000000000 0.000000000 0.000000000 0.000268960 68.000000000 64.000000000 64.000000000 60.000000000
1750310153.599999905 31.27049846 120.912152263 3.252000000 4.000000000 0.000349690 0.000000000 0.000000000 0.000000000 0.000268960 68.000000000 64.000000000 64.000000000 60.000000000
1750310153.799999952 31.270498453000002 120.912152038 3.254300000 4.000000000 0.000345960 0.000000000 0.000000000 0.000000000 0.000268960 68.000000000 64.000000000 64.000000000 60.000000000
1750310154.000000000 31.270498459500004 120.912152025 3.266100000 4.000000000 0.000384160 0.000000000 0.000000000 0.000000000 0.000289000 68.000000000 64.000000000 64.000000000 60.000000000
1750310154.200000048 31.270498376000006 120.912151745 3.255600000 4.000000000 0.000342250 0.000000000 0.000000000 0.000000000 0.000268960 73.000000000 58.000000000 56.000000000 43.000000000
1750310154.400000095 31.270498466999996 120.912151423 3.210400000 4.000000000 0.000368640 0.000000000 0.000000000 0.000000000 0.000285610 73.000000000 58.000000000 56.000000000 43.000000000
1750310154.599999905 31.270498487166662 120.912151456 3.217600000 4.000000000 0.000372490 0.000000000 0.000000000 0.000000000 0.000285610 73.000000000 58.000000000 56.000000000 43.000000000
1750310154.799999952 31.27049846433333 120.912151433 3.216100000 4.000000000 0.000368640 0.000000000 0.000000000 0.000000000 0.000285610 73.000000000 58.000000000 56.000000000 43.000000000
1750310155.000000000 31.270498272500006 120.912151384 3.217200000 4.000000000 0.000368640 0.000000000 0.000000000 0.000000000 0.000285610 73.000000000 58.000000000 56.000000000 43.000000000
1750310155.200000048 31.270497690166664 120.912151495 3.232000000 4.000000000 0.000368640 0.000000000 0.000000000 0.000000000 0.000285610 73.000000000 68.000000000 66.000000000 63.000000000
1750310155.400000095 31.270496840333337 120.912151456 3.213900000 4.000000000 0.000436810 0.000000000 0.000000000 0.000000000 0.000353440 73.000000000 68.000000000 66.000000000 63.000000000
1750310155.599999905 31.270496191333336 120.912151494 3.218400000 4.000000000 0.000436810 0.000000000 0.000000000 0.000000000 0.000361000 73.000000000 68.000000000 66.000000000 63.000000000
1750310155.799999952 31.27049571133334 120.912151757 3.166100000 4.000000000 0.000445210 0.000000000 0.000000000 0.000000000 0.000361000 73.000000000 68.000000000 66.000000000 63.000000000
1750310156.000000000 31.270494926500007 120.912152071 3.209100000 4.000000000 0.000441000 0.000000000 0.000000000 0.000000000 0.000361000 73.000000000 68.000000000 66.000000000 63.000000000
1750310156.200000048 31.27049438616666 120.912152357 3.194800000 4.000000000 0.000436810 0.000000000 0.000000000 0.000000000 0.000361000 65.000000000 61.500000000 63.000000000 58.000000000
1750310156.400000095 31.27049352333333 120.912152317 3.194900000 4.000000000 0.000475240 0.000000000 0.000000000 0.000000000 0.000396010 65.000000000 61.500000000 63.000000000 58.000000000
1750310156.599999905 31.2704928805 120.912152587 3.206800000 4.000000000 0.000475240 0.000000000 0.000000000 0.000000000 0.000396010 65.000000000 61.500000000 63.000000000 58.000000000
1750310156.799999952 31.270492087000008 120.912152775 3.202800000 4.000000000 0.000475240 0.000000000 0.000000000 0.000000000 0.000396010 65.000000000 61.500000000 63.000000000 58.000000000
1750310157.000000000 31.2704914695 120.912153084 3.204400000 4.000000000 0.000488410 0.000000000 0.000000000 0.000000000 0.000396010 65.000000000 61.500000000 63.000000000 58.000000000
1750310157.200000048 31.270490658666674 120.912153189 3.202400000 4.000000000 0.000479610 0.000000000 0.000000000 0.000000000 0.000388090 70.000000000 64.000000000 63.000000000 58.000000000
1750310157.400000095 31.270489927166665 120.912153637 3.196400000 4.000000000 0.000462250 0.000000000 0.000000000 0.000000000 0.000357210 70.000000000 64.000000000 63.000000000 58.000000000
1750310157.599999905 31.270489236000003 120.912153663 3.201000000 4.000000000 0.000462250 0.000000000 0.000000000 0.000000000 0.000357210 70.000000000 64.000000000 63.000000000 58.000000000
1750310157.799999952 31.270488442499996 120.912154109 3.230900000 4.000000000 0.000479610 0.000000000 0.000000000 0.000000000 0.000368640 70.000000000 64.000000000 63.000000000 58.000000000
1750310158.000000000 31.270487989666663 120.912154389 3.215000000 4.000000000 0.000479610 0.000000000 0.000000000 0.000000000 0.000368640 70.000000000 64.000000000 63.000000000 58.000000000
1750310158.200000048 31.27048731100001 120.912154520 3.196200000 4.000000000 0.000470890 0.000000000 0.000000000 0.000000000 0.000372490 65.000000000 59.000000000 61.000000000 53.000000000
1750310158.400000095 31.270486548000008 120.912154950 3.258700000 4.000000000 0.000488410 0.000000000 0.000000000 0.000000000 0.000285610 65.000000000 59.000000000 61.000000000 53.000000000
1750310158.599999905 31.270485920499993 120.912155028 3.213100000 4.000000000 0.000519840 0.000000000 0.000000000 0.000000000 0.000285610 65.000000000 59.000000000 61.000000000 53.000000000
1750310158.799999952 31.270485253000004 120.912155114 3.222900000 4.000000000 0.000515290 0.000000000 0.000000000 0.000000000 0.000285610 65.000000000 59.000000000 61.000000000 53.000000000
1750310159.000000000 31.270484638833338 120.912155151 3.207600000 4.000000000 0.000515290 0.000000000 0.000000000 0.000000000 0.000282240 65.000000000 59.000000000 61.000000000 53.000000000
1750310159.200000048 31.27048391466667 120.912155287 3.213000000 4.000000000 0.000488410 0.000000000 0.000000000 0.000000000 0.000268960 58.000000000 53.000000000 58.000000000 48.000000000
1750310159.400000095 31.270483123666665 120.912155851 3.241600000 4.000000000 0.000784000 0.000000000 0.000000000 0.000000000 0.000408040 58.000000000 53.000000000 58.000000000 48.000000000
1750310159.599999905 31.270482396666665 120.912156209 3.267100000 4.000000000 0.000784000 0.000000000 0.000000000 0.000000000 0.000408040 58.000000000 53.000000000 58.000000000 48.000000000
1750310159.799999952 31.27048172299999 120.912156480 3.253100000 4.000000000 0.000784000 0.000000000 0.000000000 0.000000000 0.000408040 58.000000000 53.000000000 58.000000000 48.000000000
1750310160.000000000 31.270481022500007 120.912156669 3.267400000 4.000000000 0.000784000 0.000000000 0.000000000 0.000000000 0.000408040 58.000000000 53.000000000 58.000000000 48.000000000
1750310160.200000048 31.270480268499995 120.912156809 3.273700000 4.000000000 0.000718240 0.000000000 0.000000000 0.000000000 0.000388090 63.000000000 57.000000000 60.000000000 51.000000000
1750310160.400000095 31.270479699333336 120.912156737 3.181700000 4.000000000 0.000561690 0.000000000 0.000000000 0.000000000 0.000190440 63.000000000 57.000000000 60.000000000 51.000000000
1750310160.599999905 31.27047903383334 120.912157048 3.202400000 4.000000000 0.000585640 0.000000000 0.000000000 0.000000000 0.000193210 63.000000000 57.000000000 60.000000000 51.000000000
1750310160.799999952 31.270478369000003 120.912157236 3.201100000 4.000000000 0.000615040 0.000000000 0.000000000 0.000000000 0.000207360 63.000000000 57.000000000 60.000000000 51.000000000
1750310161.000000000 31.270477705333334 120.912157277 3.196700000 4.000000000 0.000610090 0.000000000 0.000000000 0.000000000 0.000204490 63.000000000 57.000000000 60.000000000 51.000000000
1750310161.200000048 31.270477037999996 120.912157346 3.198500000 4.000000000 0.000610090 0.000000000 0.000000000 0.000000000 0.000204490 51.000000000 51.000000000 60.000000000 51.000000000
1750310161.400000095 31.27047623083334 120.912157469 3.183300000 4.000000000 0.000566440 0.000000000 0.000000000 0.000000000 0.000193210 51.000000000 51.000000000 60.000000000 51.000000000
1750310161.599999905 31.270475622666666 120.912157533 3.164500000 4.000000000 0.000566440 0.000000000 0.000000000 0.000000000 0.000196000 51.000000000 51.000000000 60.000000000 51.000000000
1750310161.799999952 31.270474876833333 120.912157711 3.161900000 4.000000000 0.000566440 0.000000000 0.000000000 0.000000000 0.000193210 51.000000000 51.000000000 60.000000000 51.000000000
1750310162.000000000 31.270474177500006 120.912157949 3.175800000 4.000000000 0.000571210 0.000000000 0.000000000 0.000000000 0.000193210 51.000000000 51.000000000 60.000000000 51.000000000
1750310162.200000048 31.270473526000004 120.912158087 3.159500000 4.000000000 0.000542890 0.000000000 0.000000000 0.000000000 0.000179560 68.000000000 59.500000000 60.000000000 51.000000000
1750310162.400000095 31.270472892 120.912158107 3.157200000 4.000000000 0.000475240 0.000000000 0.000000000 0.000000000 0.000171610 68.000000000 59.500000000 60.000000000 51.000000000
1750310162.599999905 31.270472176333328 120.912158303 3.162700000 4.000000000 0.000475240 0.000000000 0.000000000 0.000000000 0.000171610 68.000000000 59.500000000 60.000000000 51.000000000
1750310162.799999952 31.270471988166662 120.912158374 3.179200000 4.000000000 0.000479610 0.000000000 0.000000000 0.000000000 0.000174240 68.000000000 59.500000000 60.000000000 51.000000000
1750310163.000000000 31.270472035833336 120.912158433 3.176100000 4.000000000 0.000488410 0.000000000 0.000000000 0.000000000 0.000179560 68.000000000 59.500000000 60.000000000 51.000000000
1750310163.200000048 31.270471971000006 120.912158682 3.179900000 4.000000000 0.000462250 0.000000000 0.000000000 0.000000000 0.000187690 65.000000000 60.500000000 62.000000000 56.000000000
1750310163.400000095 31.270471789333328 120.912158564 3.218200000 4.000000000 0.000529000 0.000000000 0.000000000 0.000000000 0.000207360 65.000000000 60.500000000 62.000000000 56.000000000
1750310163.599999905 31.27047178233333 120.912158520 3.221000000 4.000000000 0.000529000 0.000000000 0.000000000 0.000000000 0.000207360 65.000000000 60.500000000 62.000000000 56.000000000
1750310163.799999952 31.270471406 120.912158728 3.232400000 4.000000000 0.000529000 0.000000000 0.000000000 0.000000000 0.000207360 65.000000000 60.500000000 62.000000000 56.000000000
1750310164.000000000 31.27047074416666 120.912159105 3.258700000 4.000000000 0.000529000 0.000000000 0.000000000 0.000000000 0.000207360 65.000000000 60.500000000 62.000000000 56.000000000
1750310164.200000048 31.270470076500004 120.912159237 3.254900000 4.000000000 0.000519840 0.000000000 0.000000000 0.000000000 0.000207360 63.000000000 60.500000000 63.000000000 58.000000000
1750310164.400000095 31.27046933700001 120.912158985 3.235500000 4.000000000 0.000462250 0.000000000 0.000000000 0.000000000 0.000219040 63.000000000 60.500000000 63.000000000 58.000000000
1750310164.599999905 31.270469239666667 120.912158801 3.229000000 4.000000000 0.000462250 0.000000000 0.000000000 0.000000000 0.000219040 63.000000000 60.500000000 63.000000000 58.000000000
1750310164.799999952 31.270469249 120.912158872 3.227800000 4.000000000 0.000462250 0.000000000 0.000000000 0.000000000 0.000222010 63.000000000 60.500000000 63.000000000 58.000000000
1750310165.000000000 31.270469244833336 120.912158972 3.230500000 4.000000000 0.000462250 0.000000000 0.000000000 0.000000000 0.000222010 63.000000000 60.500000000 63.000000000 58.000000000
1750310165.200000048 31.27046921916667 120.912159149 3.232700000 4.000000000 0.000445210 0.000000000 0.000000000 0.000000000 0.000204490 61.000000000 60.000000000 65.000000000 59.000000000
1750310165.400000095 31.270469305666666 120.912159565 3.214900000 4.000000000 0.000282240 0.000000000 0.000000000 0.000000000 0.000246490 61.000000000 60.000000000 65.000000000 59.000000000
1750310165.599999905 31.270469310500005 120.912159881 3.213800000 4.000000000 0.000282240 0.000000000 0.000000000 0.000000000 0.000246490 61.000000000 60.000000000 65.000000000 59.000000000
1750310165.799999952 31.270469344333335 120.912160206 3.206000000 4.000000000 0.000282240 0.000000000 0.000000000 0.000000000 0.000246490 61.000000000 60.000000000 65.000000000 59.000000000
1750310166.000000000 31.270469201500006 120.912160602 3.210600000 4.000000000 0.000292410 0.000000000 0.000000000 0.000000000 0.000252810 61.000000000 60.000000000 65.000000000 59.000000000
1750310166.200000048 31.270469092166664 120.912160910 3.233100000 4.000000000 0.000282240 0.000000000 0.000000000 0.000000000 0.000246490 52.000000000 49.500000000 59.000000000 47.000000000
1750310166.400000095 31.27046931066667 120.912160907 3.212600000 4.000000000 0.000268960 0.000000000 0.000000000 0.000000000 0.000249640 52.000000000 49.500000000 59.000000000 47.000000000
1750310166.599999905 31.270469218000002 120.912161167 3.211700000 4.000000000 0.000268960 0.000000000 0.000000000 0.000000000 0.000246490 52.000000000 49.500000000 59.000000000 47.000000000
1750310166.799999952 31.27046913533333 120.912161355 3.205600000 4.000000000 0.000268960 0.000000000 0.000000000 0.000000000 0.000246490 52.000000000 49.500000000 59.000000000 47.000000000
1750310167.000000000 31.27046890216667 120.912161554 3.212200000 4.000000000 0.000272250 0.000000000 0.000000000 0.000000000 0.000249640 52.000000000 49.500000000 59.000000000 47.000000000
1750310167.200000048 31.270468799666673 120.912161686 3.199500000 4.000000000 0.000262440 0.000000000 0.000000000 0.000000000 0.000237160 64.000000000 61.500000000 65.000000000 59.000000000
1750310167.400000095 31.27046883583334 120.912161829 3.189000000 4.000000000 0.000222010 0.000000000 0.000000000 0.000000000 0.000334890 64.000000000 61.500000000 65.000000000 59.000000000
1750310167.599999905 31.270468663000003 120.912161986 3.178300000 4.000000000 0.000222010 0.000000000 0.000000000 0.000000000 0.000334890 64.000000000 61.500000000 65.000000000 59.000000000
1750310167.799999952 31.270468480999995 120.912162101 3.164800000 4.000000000 0.000222010 0.000000000 0.000000000 0.000000000 0.000334890 64.000000000 61.500000000 65.000000000 59.000000000
1750310168.000000000 31.270468203333337 120.912162225 3.186900000 4.000000000 0.000222010 0.000000000 0.000000000 0.000000000 0.000338560 64.000000000 61.500000000 65.000000000 59.000000000
1750310168.200000048 31.270468189500008 120.912162295 3.194200000 4.000000000 0.000231040 0.000000000 0.000000000 0.000000000 0.000338560 61.000000000 62.500000000 67.000000000 64.000000000
1750310168.400000095 31.270468236833338 120.912162315 3.180100000 4.000000000 0.000231040 0.000000000 0.000000000 0.000000000 0.000338560 61.000000000 62.500000000 67.000000000 64.000000000
1750310168.599999905 31.270468037166665 120.912162424 3.231800000 4.000000000 0.000225000 0.000000000 0.000000000 0.000000000 0.000256000 61.000000000 62.500000000 67.000000000 64.000000000
1750310168.799999952 31.270467910999997 120.912162150 3.223200000 4.000000000 0.000225000 0.000000000 0.000000000 0.000000000 0.000256000 61.000000000 62.500000000 67.000000000 64.000000000
1750310169.000000000 31.270467584666676 120.912161519 3.196400000 4.000000000 0.000231040 0.000000000 0.000000000 0.000000000 0.000259210 61.000000000 62.500000000 67.000000000 64.000000000
1750310169.200000048 31.27046728166667 120.912160712 3.224500000 4.000000000 0.000216090 0.000000000 0.000000000 0.000000000 0.000249640 73.000000000 64.500000000 62.000000000 56.000000000
1750310169.400000095 31.270467007166673 120.912159768 3.195300000 4.000000000 0.000234090 0.000000000 0.000000000 0.000000000 0.000265690 73.000000000 64.500000000 62.000000000 56.000000000
1750310169.599999905 31.270466513499997 120.912159160 3.193400000 4.000000000 0.000249640 0.000000000 0.000000000 0.000000000 0.000240250 73.000000000 64.500000000 62.000000000 56.000000000
1750310169.799999952 31.270466006999996 120.912158502 3.234700000 4.000000000 0.000252810 0.000000000 0.000000000 0.000000000 0.000240250 73.000000000 64.500000000 62.000000000 56.000000000
1750310170.000000000 31.270465614000003 120.912157717 3.284100000 4.000000000 0.000256000 0.000000000 0.000000000 0.000000000 0.000240250 73.000000000 64.500000000 62.000000000 56.000000000
1750310170.200000048 31.27046546533333 120.912156734 3.272900000 4.000000000 0.000240250 0.000000000 0.000000000 0.000000000 0.000228010 73.000000000 62.000000000 60.000000000 51.000000000
1750310170.400000095 31.270465584333337 120.912155872 3.272500000 4.000000000 0.000240250 0.000000000 0.000000000 0.000000000 0.000228010 73.000000000 62.000000000 60.000000000 51.000000000
1750310170.599999905 31.27046575733334 120.912155329 3.204100000 4.000000000 0.000171610 0.000000000 0.000000000 0.000000000 0.000151290 73.000000000 62.000000000 60.000000000 51.000000000
1750310170.799999952 31.27046601666666 120.912155134 3.190300000 4.000000000 0.000169000 0.000000000 0.000000000 0.000000000 0.000151290 73.000000000 62.000000000 60.000000000 51.000000000
1750310171.000000000 31.270466010999996 120.912155209 3.187300000 4.000000000 0.000169000 0.000000000 0.000000000 0.000000000 0.000151290 73.000000000 62.000000000 60.000000000 51.000000000
1750310171.200000048 31.270466087666662 120.912155148 3.177000000 4.000000000 0.000171610 0.000000000 0.000000000 0.000000000 0.000156250 67.000000000 67.000000000 69.000000000 67.000000000
1750310171.400000095 31.270466196499996 120.912155084 3.154400000 4.000000000 0.000166410 0.000000000 0.000000000 0.000000000 0.000163840 67.000000000 67.000000000 69.000000000 67.000000000
1750310171.599999905 31.270466109166662 120.912154641 3.152900000 4.000000000 0.000166410 0.000000000 0.000000000 0.000000000 0.000163840 67.000000000 67.000000000 69.000000000 67.000000000
1750310171.799999952 31.27046589983334 120.912153881 3.160800000 4.000000000 0.000169000 0.000000000 0.000000000 0.000000000 0.000169000 67.000000000 67.000000000 69.000000000 67.000000000
1750310172.000000000 31.270465768000008 120.912153007 3.152500000 4.000000000 0.000171610 0.000000000 0.000000000 0.000000000 0.000176890 67.000000000 67.000000000 69.000000000 67.000000000
1750310172.200000048 31.270465638000005 120.912152163 3.164900000 4.000000000 0.000169000 0.000000000 0.000000000 0.000000000 0.000169000 67.000000000 61.000000000 63.000000000 55.000000000
1750310172.400000095 31.270465295833333 120.912151618 3.129300000 4.000000000 0.000171610 0.000000000 0.000000000 0.000000000 0.000171610 67.000000000 61.000000000 63.000000000 55.000000000
1750310172.599999905 31.270465154166658 120.912150809 3.132300000 4.000000000 0.000174240 0.000000000 0.000000000 0.000000000 0.000176890 67.000000000 61.000000000 63.000000000 55.000000000
1750310172.799999952 31.27046494000001 120.912149964 3.136100000 4.000000000 0.000174240 0.000000000 0.000000000 0.000000000 0.000179560 67.000000000 61.000000000 63.000000000 55.000000000
1750310173.000000000 31.270464661333335 120.912149125 3.153000000 4.000000000 0.000174240 0.000000000 0.000000000 0.000000000 0.000176890 67.000000000 61.000000000 63.000000000 55.000000000
1750310173.200000048 31.270464302333338 120.912148454 3.152600000 4.000000000 0.000174240 0.000000000 0.000000000 0.000000000 0.000171610 69.000000000 64.500000000 66.000000000 60.000000000
1750310173.400000095 31.270464197500004 120.912147672 3.155800000 4.000000000 0.000184960 0.000000000 0.000000000 0.000000000 0.000182250 69.000000000 64.500000000 66.000000000 60.000000000
1750310173.599999905 31.270463826833335 120.912146944 3.173100000 4.000000000 0.000184960 0.000000000 0.000000000 0.000000000 0.000184960 69.000000000 64.500000000 66.000000000 60.000000000
1750310173.799999952 31.270463733499994 120.912146030 3.193200000 4.000000000 0.000184960 0.000000000 0.000000000 0.000000000 0.000190440 69.000000000 64.500000000 66.000000000 60.000000000
1750310174.000000000 31.270463690499994 120.912145312 3.164700000 4.000000000 0.000190440 0.000000000 0.000000000 0.000000000 0.000204490 69.000000000 64.500000000 66.000000000 60.000000000
1750310174.200000048 31.270463451333327 120.912144506 3.167800000 4.000000000 0.000184960 0.000000000 0.000000000 0.000000000 0.000184960 72.000000000 66.000000000 66.000000000 60.000000000
1750310174.400000095 31.270463302833335 120.912143631 3.154000000 4.000000000 0.000201640 0.000000000 0.000000000 0.000000000 0.000219040 72.000000000 66.000000000 66.000000000 60.000000000
1750310174.599999905 31.270463081166668 120.912142769 3.158600000 4.000000000 0.000201640 0.000000000 0.000000000 0.000000000 0.000222010 72.000000000 66.000000000 66.000000000 60.000000000
1750310174.799999952 31.27046298549999 120.912141921 3.178600000 4.000000000 0.000204490 0.000000000 0.000000000 0.000000000 0.000231040 72.000000000 66.000000000 66.000000000 60.000000000
1750310175.000000000 31.2704629495 120.912141073 3.154100000 4.000000000 0.000201640 0.000000000 0.000000000 0.000000000 0.000219040 72.000000000 66.000000000 66.000000000 60.000000000
1750310175.200000048 31.270462576499995 120.912140207 3.197100000 4.000000000 0.000198810 0.000000000 0.000000000 0.000000000 0.000222010 72.000000000 68.500000000 68.000000000 65.000000000
1750310175.400000095 31.27046216716667 120.912139652 3.194600000 4.000000000 0.000182250 0.000000000 0.000000000 0.000000000 0.000213160 72.000000000 68.500000000 68.000000000 65.000000000
1750310175.599999905 31.27046186766667 120.912138761 3.186500000 4.000000000 0.000187690 0.000000000 0.000000000 0.000000000 0.000225000 72.000000000 68.500000000 68.000000000 65.000000000
1750310175.799999952 31.270461809833336 120.912137917 3.175900000 4.000000000 0.000187690 0.000000000 0.000000000 0.000000000 0.000225000 72.000000000 68.500000000 68.000000000 65.000000000
1750310176.000000000 31.270461586166675 120.912137224 3.168100000 4.000000000 0.000190440 0.000000000 0.000000000 0.000000000 0.000225000 72.000000000 68.500000000 68.000000000 65.000000000
1750310176.200000048 31.270461262499992 120.912136443 3.178800000 4.000000000 0.000190440 0.000000000 0.000000000 0.000000000 0.000225000 55.000000000 56.500000000 65.000000000 58.000000000
1750310176.400000095 31.270460849833327 120.912135637 3.214800000 4.000000000 0.000204490 0.000000000 0.000000000 0.000000000 0.000313290 55.000000000 56.500000000 65.000000000 58.000000000
1750310176.599999905 31.2704608545 120.912134859 3.206600000 4.000000000 0.000204490 0.000000000 0.000000000 0.000000000 0.000313290 55.000000000 56.500000000 65.000000000 58.000000000
1750310176.799999952 31.270460591333332 120.912134054 3.222900000 4.000000000 0.000204490 0.000000000 0.000000000 0.000000000 0.000313290 55.000000000 56.500000000 65.000000000 58.000000000
1750310177.000000000 31.270460556333333 120.912133229 3.216500000 4.000000000 0.000204490 0.000000000 0.000000000 0.000000000 0.000313290 55.000000000 56.500000000 65.000000000 58.000000000
1750310177.200000048 31.270460315333338 120.912132507 3.224100000 4.000000000 0.000204490 0.000000000 0.000000000 0.000000000 0.000334890 62.000000000 60.000000000 65.000000000 58.000000000
1750310177.400000095 31.270460043 120.912131655 3.199100000 4.000000000 0.000187690 0.000000000 0.000000000 0.000000000 0.000309760 62.000000000 60.000000000 65.000000000 58.000000000
1750310177.599999905 31.270459934 120.912130925 3.176500000 4.000000000 0.000187690 0.000000000 0.000000000 0.000000000 0.000309760 62.000000000 60.000000000 65.000000000 58.000000000
1750310177.799999952 31.270459993333333 120.912130104 3.174400000 4.000000000 0.000187690 0.000000000 0.000000000 0.000000000 0.000309760 62.000000000 60.000000000 65.000000000 58.000000000
1750310178.000000000 31.27046029633334 120.912129546 3.184000000 4.000000000 0.000190440 0.000000000 0.000000000 0.000000000 0.000309760 62.000000000 60.000000000 65.000000000 58.000000000
1750310178.200000048 31.270460773500005 120.912129510 3.120700000 4.000000000 0.000193210 0.000000000 0.000000000 0.000000000 0.000313290 51.000000000 54.500000000 65.000000000 58.000000000
1750310178.400000095 31.2704609715 120.912129251 3.166000000 4.000000000 0.000193210 0.000000000 0.000000000 0.000000000 0.000334890 51.000000000 54.500000000 65.000000000 58.000000000
1750310178.599999905 31.27046091283333 120.912129248 3.179000000 4.000000000 0.000190440 0.000000000 0.000000000 0.000000000 0.000334890 51.000000000 54.500000000 65.000000000 58.000000000
1750310178.799999952 31.270460958166666 120.912129230 3.176800000 4.000000000 0.000190440 0.000000000 0.000000000 0.000000000 0.000342250 51.000000000 54.500000000 65.000000000 58.000000000
1750310179.000000000 31.270460916333334 120.912128921 3.171200000 4.000000000 0.000190440 0.000000000 0.000000000 0.000000000 0.000334890 51.000000000 54.500000000 65.000000000 58.000000000
1750310179.200000048 31.270460816833335 120.912128253 3.164200000 4.000000000 0.000187690 0.000000000 0.000000000 0.000000000 0.000334890 58.000000000 54.500000000 61.000000000 51.000000000
1750310179.400000095 31.270460703666657 120.912127158 3.190000000 4.000000000 0.000213160 0.000000000 0.000000000 0.000000000 0.000400000 58.000000000 54.500000000 61.000000000 51.000000000
1750310179.599999905 31.270460465499994 120.912126439 3.212000000 4.000000000 0.000216090 0.000000000 0.000000000 0.000000000 0.000432640 58.000000000 54.500000000 61.000000000 51.000000000
1750310179.799999952 31.270460271333334 120.912125561 3.202900000 4.000000000 0.000216090 0.000000000 0.000000000 0.000000000 0.000466560 58.000000000 54.500000000 61.000000000 51.000000000
1750310180.000000000 31.270459828 120.912124827 3.202000000 4.000000000 0.000216090 0.000000000 0.000000000 0.000000000 0.000479610 58.000000000 54.500000000 61.000000000 51.000000000
1750310180.200000048 31.270459241499992 120.912124108 3.237100000 4.000000000 0.000216090 0.000000000 0.000000000 0.000000000 0.000479610 53.000000000 52.000000000 61.000000000 51.000000000
1750310180.400000095 31.270459246166666 120.912123414 3.213500000 4.000000000 0.000428490 0.000000000 0.000000000 0.000000000 0.001624090 53.000000000 52.000000000 61.000000000 51.000000000
1750310180.599999905 31.270459151833336 120.912122502 3.203800000 4.000000000 0.000432640 0.000000000 0.000000000 0.000000000 0.001632160 53.000000000 52.000000000 61.000000000 51.000000000
1750310180.799999952 31.270458721500006 120.912121865 3.209900000 4.000000000 0.000432640 0.000000000 0.000000000 0.000000000 0.001632160 53.000000000 52.000000000 61.000000000 51.000000000
1750310181.000000000 31.270458829333336 120.912121006 3.201300000 4.000000000 0.000432640 0.000000000 0.000000000 0.000000000 0.001624090 53.000000000 52.000000000 61.000000000 51.000000000
1750310181.200000048 31.270458913666673 120.912120629 3.204000000 4.000000000 0.000424360 0.000000000 0.000000000 0.000000000 0.001568160 48.000000000 47.000000000 59.000000000 46.000000000
1750310181.400000095 31.270458946666665 120.912120429 3.122100000 4.000000000 0.000252810 0.000000000 0.000000000 0.000000000 0.001281640 48.000000000 47.000000000 59.000000000 46.000000000
1750310181.599999905 31.27045880316666 120.912119860 3.122000000 4.000000000 0.000252810 0.000000000 0.000000000 0.000000000 0.001281640 48.000000000 47.000000000 59.000000000 46.000000000
1750310181.799999952 31.270458252833336 120.912119206 3.133700000 4.000000000 0.000252810 0.000000000 0.000000000 0.000000000 0.001281640 48.000000000 47.000000000 59.000000000 46.000000000
1750310182.000000000 31.27045758766667 120.912118778 3.126200000 4.000000000 0.000252810 0.000000000 0.000000000 0.000000000 0.001288810 48.000000000 47.000000000 59.000000000 46.000000000
1750310182.200000048 31.270457118166675 120.912118317 3.146300000 4.000000000 0.000259210 0.000000000 0.000000000 0.000000000 0.001310440 46.000000000 49.500000000 62.000000000 53.000000000
1750310182.400000095 31.27045726450001 120.912118403 3.115700000 4.000000000 0.000256000 0.000000000 0.000000000 0.000000000 0.001225000 46.000000000 49.500000000 62.000000000 53.000000000
1750310182.599999905 31.27045718566667 120.912118314 3.108200000 4.000000000 0.000259210 0.000000000 0.000000000 0.000000000 0.001225000 46.000000000 49.500000000 62.000000000 53.000000000
1750310182.799999952 31.270457112666662 120.912118443 3.110100000 4.000000000 0.000259210 0.000000000 0.000000000 0.000000000 0.001232010 46.000000000 49.500000000 62.000000000 53.000000000
1750310183.000000000 31.270456867666667 120.912118531 3.131900000 4.000000000 0.000262440 0.000000000 0.000000000 0.000000000 0.001232010 46.000000000 49.500000000 62.000000000 53.000000000
1750310183.200000048 31.270456639833327 120.912118674 3.131000000 4.000000000 0.000259210 0.000000000 0.000000000 0.000000000 0.001232010 37.000000000 41.500000000 59.000000000 46.000000000
1750310183.400000095 31.270456437333337 120.912118736 3.110700000 4.000000000 0.000324000 0.000000000 0.000000000 0.000000000 0.001391290 37.000000000 41.500000000 59.000000000 46.000000000
1750310183.599999905 31.27045631466666 120.912118660 3.089300000 4.000000000 0.000327610 0.000000000 0.000000000 0.000000000 0.001398760 37.000000000 41.500000000 59.000000000 46.000000000
1750310183.799999952 31.270456179000007 120.912118142 3.044300000 4.000000000 0.000342250 0.000000000 0.000000000 0.000000000 0.001413760 37.000000000 41.500000000 59.000000000 46.000000000
1750310184.000000000 31.27045525533333 120.912117941 3.106100000 4.000000000 0.000331240 0.000000000 0.000000000 0.000000000 0.001413760 37.000000000 41.500000000 59.000000000 46.000000000
1750310184.200000048 31.27045479733333 120.912117259 3.111400000 4.000000000 0.000331240 0.000000000 0.000000000 0.000000000 0.001428840 44.000000000 45.000000000 59.000000000 46.000000000
1750310184.400000095 31.270454922833324 120.912116425 3.060900000 4.000000000 0.000349690 0.000000000 0.000000000 0.000000000 0.001274490 44.000000000 45.000000000 59.000000000 46.000000000
1750310184.599999905 31.27045506333333 120.912116172 3.059900000 4.000000000 0.000361000 0.000000000 0.000000000 0.000000000 0.001296000 44.000000000 45.000000000 59.000000000 46.000000000
1750310184.799999952 31.270455013499998 120.912116188 3.060500000 4.000000000 0.000361000 0.000000000 0.000000000 0.000000000 0.001303210 44.000000000 45.000000000 59.000000000 46.000000000
1750310185.000000000 31.270454870500004 120.912116222 3.066000000 4.000000000 0.000349690 0.000000000 0.000000000 0.000000000 0.001281640 44.000000000 45.000000000 59.000000000 46.000000000
1750310185.200000048 31.270454848166665 120.912116325 3.065100000 4.000000000 0.000345960 0.000000000 0.000000000 0.000000000 0.001267360 39.000000000 42.500000000 59.000000000 46.000000000
1750310185.400000095 31.270454157833342 120.912117185 3.112000000 4.000000000 0.000424360 0.000000000 0.000000000 0.000000000 0.001260250 39.000000000 42.500000000 59.000000000 46.000000000
1750310185.599999905 31.270453997000004 120.912117270 3.101200000 4.000000000 0.000424360 0.000000000 0.000000000 0.000000000 0.001260250 39.000000000 42.500000000 59.000000000 46.000000000
1750310185.799999952 31.270453817333333 120.912117355 3.090100000 4.000000000 0.000424360 0.000000000 0.000000000 0.000000000 0.001260250 39.000000000 42.500000000 59.000000000 46.000000000
1750310186.000000000 31.270453571333334 120.912117463 3.112400000 4.000000000 0.000424360 0.000000000 0.000000000 0.000000000 0.001260250 39.000000000 42.500000000 59.000000000 46.000000000
1750310186.200000048 31.270453655833336 120.912117452 3.115800000 4.000000000 0.000416160 0.000000000 0.000000000 0.000000000 0.001232010 46.000000000 47.000000000 60.000000000 48.000000000
1750310186.400000095 31.27045343416667 120.912117547 3.132300000 4.000000000 0.000262440 0.000000000 0.000000000 0.000000000 0.000767290 46.000000000 47.000000000 60.000000000 48.000000000
1750310186.599999905 31.27045322383333 120.912117215 3.120600000 4.000000000 0.000262440 0.000000000 0.000000000 0.000000000 0.000767290 46.000000000 47.000000000 60.000000000 48.000000000
1750310186.799999952 31.270452774666666 120.912116473 3.142600000 4.000000000 0.000262440 0.000000000 0.000000000 0.000000000 0.000772840 46.000000000 47.000000000 60.000000000 48.000000000
1750310187.000000000 31.27045253616666 120.912115640 3.153400000 4.000000000 0.000262440 0.000000000 0.000000000 0.000000000 0.000772840 46.000000000 47.000000000 60.000000000 48.000000000
1750310187.200000048 31.270452310333326 120.912114763 3.170700000 4.000000000 0.000262440 0.000000000 0.000000000 0.000000000 0.000772840 51.000000000 51.000000000 61.000000000 51.000000000
1750310187.400000095 31.270452045166664 120.912114006 3.131100000 4.000000000 0.000231040 0.000000000 0.000000000 0.000000000 0.000992250 51.000000000 51.000000000 61.000000000 51.000000000
1750310187.599999905 31.270451575333325 120.912113472 3.138200000 4.000000000 0.000231040 0.000000000 0.000000000 0.000000000 0.000992250 51.000000000 51.000000000 61.000000000 51.000000000
1750310187.799999952 31.270451331999993 120.912113392 3.145300000 4.000000000 0.000234090 0.000000000 0.000000000 0.000000000 0.000992250 51.000000000 51.000000000 61.000000000 51.000000000
1750310188.000000000 31.270451004999998 120.912113436 3.169100000 4.000000000 0.000234090 0.000000000 0.000000000 0.000000000 0.000998560 51.000000000 51.000000000 61.000000000 51.000000000
1750310188.200000048 31.270450673166664 120.912113396 3.173700000 4.000000000 0.000231040 0.000000000 0.000000000 0.000000000 0.000985960 55.000000000 53.000000000 61.000000000 51.000000000
1750310188.400000095 31.27045068616667 120.912113491 3.165000000 4.000000000 0.000225000 0.000000000 0.000000000 0.000000000 0.000876160 55.000000000 53.000000000 61.000000000 51.000000000
1750310188.599999905 31.270450622833323 120.912113436 3.170600000 4.000000000 0.000225000 0.000000000 0.000000000 0.000000000 0.000876160 55.000000000 53.000000000 61.000000000 51.000000000
1750310188.799999952 31.270450547833335 120.912113301 3.184000000 4.000000000 0.000225000 0.000000000 0.000000000 0.000000000 0.000876160 55.000000000 53.000000000 61.000000000 51.000000000
1750310189.000000000 31.270450466499994 120.912112754 3.177100000 4.000000000 0.000225000 0.000000000 0.000000000 0.000000000 0.000876160 55.000000000 53.000000000 61.000000000 51.000000000
1750310189.200000048 31.270450452333336 120.912112511 3.173600000 4.000000000 0.000225000 0.000000000 0.000000000 0.000000000 0.000882090 58.000000000 56.500000000 63.000000000 55.000000000
1750310189.400000095 31.270450184333342 120.912112707 3.175600000 4.000000000 0.000225000 0.000000000 0.000000000 0.000000000 0.000800890 58.000000000 56.500000000 63.000000000 55.000000000
1750310189.599999905 31.270450174000004 120.912112667 3.154400000 4.000000000 0.000225000 0.000000000 0.000000000 0.000000000 0.000800890 58.000000000 56.500000000 63.000000000 55.000000000
1750310189.799999952 31.270450187833333 120.912112568 3.160800000 4.000000000 0.000225000 0.000000000 0.000000000 0.000000000 0.000800890 58.000000000 56.500000000 63.000000000 55.000000000
1750310190.000000000 31.270450251499994 120.912112112 3.153400000 4.000000000 0.000228010 0.000000000 0.000000000 0.000000000 0.000806560 58.000000000 56.500000000 63.000000000 55.000000000
1750310190.200000048 31.27045033616666 120.912111245 3.143000000 4.000000000 0.000228010 0.000000000 0.000000000 0.000000000 0.000806560 60.000000000 59.000000000 64.000000000 58.000000000
1750310190.400000095 31.27045032316667 120.912110308 3.136300000 4.000000000 0.000225000 0.000000000 0.000000000 0.000000000 0.000789610 60.000000000 59.000000000 64.000000000 58.000000000
1750310190.599999905 31.270450269500003 120.912109387 3.145800000 4.000000000 0.000225000 0.000000000 0.000000000 0.000000000 0.000789610 60.000000000 59.000000000 64.000000000 58.000000000
1750310190.799999952 31.270450392 120.912108567 3.142300000 4.000000000 0.000225000 0.000000000 0.000000000 0.000000000 0.000789610 60.000000000 59.000000000 64.000000000 58.000000000
1750310191.000000000 31.270450467333333 120.912107777 3.127900000 4.000000000 0.000225000 0.000000000 0.000000000 0.000000000 0.000789610 60.000000000 59.000000000 64.000000000 58.000000000
1750310191.200000048 31.27045055566667 120.912107114 3.127500000 4.000000000 0.000225000 0.000000000 0.000000000 0.000000000 0.000795240 60.000000000 57.500000000 63.000000000 55.000000000
1750310191.400000095 31.270450844333325 120.912106073 3.099200000 4.000000000 0.000222010 0.000000000 0.000000000 0.000000000 0.000691690 60.000000000 57.500000000 63.000000000 55.000000000
1750310191.599999905 31.27045095433334 120.912105421 3.088600000 4.000000000 0.000222010 0.000000000 0.000000000 0.000000000 0.000686440 60.000000000 57.500000000 63.000000000 55.000000000
1750310191.799999952 31.270450952999994 120.912105409 3.088200000 4.000000000 0.000222010 0.000000000 0.000000000 0.000000000 0.000686440 60.000000000 57.500000000 63.000000000 55.000000000
1750310192.000000000 31.270451026333333 120.912105440 3.080100000 4.000000000 0.000222010 0.000000000 0.000000000 0.000000000 0.000686440 60.000000000 57.500000000 63.000000000 55.000000000
1750310192.200000048 31.270451079333327 120.912105427 3.069300000 4.000000000 0.000222010 0.000000000 0.000000000 0.000000000 0.000686440 62.000000000 58.500000000 63.000000000 55.000000000
1750310192.400000095 31.270451000166673 120.912105365 3.073400000 4.000000000 0.000216090 0.000000000 0.000000000 0.000000000 0.000620010 62.000000000 58.500000000 63.000000000 55.000000000
1750310192.599999905 31.270450976999996 120.912105398 3.072200000 4.000000000 0.000216090 0.000000000 0.000000000 0.000000000 0.000620010 62.000000000 58.500000000 63.000000000 55.000000000
1750310192.799999952 31.270450679000007 120.912105276 3.092500000 4.000000000 0.000216090 0.000000000 0.000000000 0.000000000 0.000620010 62.000000000 58.500000000 63.000000000 55.000000000
1750310193.000000000 31.270450472833332 120.912105100 3.099200000 4.000000000 0.000216090 0.000000000 0.000000000 0.000000000 0.000620010 62.000000000 58.500000000 63.000000000 55.000000000
1750310193.200000048 31.270450285333325 120.912104945 3.097600000 4.000000000 0.000216090 0.000000000 0.000000000 0.000000000 0.000615040 66.000000000 61.500000000 63.000000000 57.000000000
1750310193.400000095 31.270450130166665 120.912104770 3.113100000 4.000000000 0.000216090 0.000000000 0.000000000 0.000000000 0.000696960 66.000000000 61.500000000 63.000000000 57.000000000
1750310193.599999905 31.270450024499993 120.912104629 3.101800000 4.000000000 0.000222010 0.000000000 0.000000000 0.000000000 0.000718240 66.000000000 61.500000000 63.000000000 57.000000000
1750310193.799999952 31.270449761166674 120.912104468 3.108200000 4.000000000 0.000216090 0.000000000 0.000000000 0.000000000 0.000707560 66.000000000 61.500000000 63.000000000 57.000000000
1750310194.000000000 31.27044955566666 120.912104277 3.122300000 4.000000000 0.000219040 0.000000000 0.000000000 0.000000000 0.000702250 66.000000000 61.500000000 63.000000000 57.000000000
1750310194.200000048 31.27044944966667 120.912104046 3.116400000 4.000000000 0.000210250 0.000000000 0.000000000 0.000000000 0.000670810 55.000000000 55.000000000 63.000000000 55.000000000
1750310194.400000095 31.270449367833336 120.912103901 3.122500000 4.000000000 0.000213160 0.000000000 0.000000000 0.000000000 0.000789610 55.000000000 55.000000000 63.000000000 55.000000000
1750310194.599999905 31.270449655333323 120.912103310 3.109600000 4.000000000 0.000216090 0.000000000 0.000000000 0.000000000 0.000789610 55.000000000 55.000000000 63.000000000 55.000000000
1750310194.799999952 31.270450094500006 120.912102988 3.132800000 4.000000000 0.000216090 0.000000000 0.000000000 0.000000000 0.000789610 55.000000000 55.000000000 63.000000000 55.000000000
1750310195.000000000 31.27045074466666 120.912102688 3.143800000 4.000000000 0.000222010 0.000000000 0.000000000 0.000000000 0.000823690 55.000000000 55.000000000 63.000000000 55.000000000
1750310195.200000048 31.27045156366667 120.912102616 3.127100000 4.000000000 0.000222010 0.000000000 0.000000000 0.000000000 0.000812250 65.000000000 60.000000000 63.000000000 55.000000000
1750310195.400000095 31.270452175499997 120.912102417 3.094800000 4.000000000 0.000213160 0.000000000 0.000000000 0.000000000 0.000745290 65.000000000 60.000000000 63.000000000 55.000000000
1750310195.599999905 31.270453261166665 120.912102108 3.099500000 4.000000000 0.000219040 0.000000000 0.000000000 0.000000000 0.000784000 65.000000000 60.000000000 63.000000000 55.000000000
1750310195.799999952 31.270452812833327 120.912102107 3.163900000 4.000000000 0.000228010 0.000000000 0.000000000 0.000000000 0.000795240 65.000000000 60.000000000 63.000000000 55.000000000
1750310196.000000000 31.27045369583334 120.912102724 3.008900000 4.000000000 0.000228010 0.000000000 0.000000000 0.000000000 0.000829440 65.000000000 60.000000000 63.000000000 55.000000000
1750310196.200000048 31.27045392666666 120.912102796 3.029500000 4.000000000 0.000219040 0.000000000 0.000000000 0.000000000 0.000795240 51.000000000 46.000000000 56.000000000 41.000000000
1750310196.400000095 31.27045416433333 120.912102858 3.052000000 4.000000000 0.000222010 0.000000000 0.000000000 0.000000000 0.000835210 51.000000000 46.000000000 56.000000000 41.000000000
1750310196.599999905 31.270454273833337 120.912103048 3.062700000 4.000000000 0.000222010 0.000000000 0.000000000 0.000000000 0.000835210 51.000000000 46.000000000 56.000000000 41.000000000
1750310196.799999952 31.270454446499997 120.912103201 3.072600000 4.000000000 0.000225000 0.000000000 0.000000000 0.000000000 0.000858490 51.000000000 46.000000000 56.000000000 41.000000000
1750310197.000000000 31.270454760999996 120.912103593 3.026000000 4.000000000 0.000225000 0.000000000 0.000000000 0.000000000 0.000864360 51.000000000 46.000000000 56.000000000 41.000000000
1750310197.200000048 31.270454901999997 120.912103687 3.031400000 4.000000000 0.000222010 0.000000000 0.000000000 0.000000000 0.000800890 48.000000000 46.000000000 57.000000000 44.000000000
1750310197.400000095 31.270455551499992 120.912103450 3.044300000 4.000000000 0.000272250 0.000000000 0.000000000 0.000000000 0.001747240 48.000000000 46.000000000 57.000000000 44.000000000
1750310197.599999905 31.270455782499994 120.912103648 3.044400000 4.000000000 0.000285610 0.000000000 0.000000000 0.000000000 0.001797760 48.000000000 46.000000000 57.000000000 44.000000000
1750310197.799999952 31.270455977166662 120.912103694 3.056700000 4.000000000 0.000282240 0.000000000 0.000000000 0.000000000 0.001806250 48.000000000 46.000000000 57.000000000 44.000000000
1750310198.000000000 31.270455889666664 120.912103652 3.095000000 4.000000000 0.000285610 0.000000000 0.000000000 0.000000000 0.001936000 48.000000000 46.000000000 57.000000000 44.000000000
1750310198.200000048 31.270456496833333 120.912103780 3.022900000 4.000000000 0.000282240 0.000000000 0.000000000 0.000000000 0.001764000 46.000000000 40.000000000 52.000000000 34.000000000
1750310198.400000095 31.2704563475 120.912103672 3.046400000 4.000000000 0.000282240 0.000000000 0.000000000 0.000000000 0.001772410 46.000000000 40.000000000 52.000000000 34.000000000
1750310198.599999905 31.270456529499995 120.912103804 3.017900000 4.000000000 0.000282240 0.000000000 0.000000000 0.000000000 0.001772410 46.000000000 40.000000000 52.000000000 34.000000000
1750310198.799999952 31.270456347666666 120.912103565 3.090000000 4.000000000 0.000278890 0.000000000 0.000000000 0.000000000 0.001764000 46.000000000 40.000000000 52.000000000 34.000000000
1750310199.000000000 31.270456290666672 120.912103558 3.084700000 4.000000000 0.000278890 0.000000000 0.000000000 0.000000000 0.001772410 46.000000000 40.000000000 52.000000000 34.000000000
1750310199.200000048 31.270456171333336 120.912103253 3.085500000 4.000000000 0.000278890 0.000000000 0.000000000 0.000000000 0.001755610 44.000000000 45.000000000 58.000000000 46.000000000
1750310199.400000095 31.27045598316667 120.912102552 3.123300000 4.000000000 0.000278890 0.000000000 0.000000000 0.000000000 0.001772410 44.000000000 45.000000000 58.000000000 46.000000000
1750310199.599999905 31.27045624116667 120.912101839 3.073000000 4.000000000 0.000278890 0.000000000 0.000000000 0.000000000 0.001764000 44.000000000 45.000000000 58.000000000 46.000000000
1750310199.799999952 31.270456269000007 120.912100838 3.060000000 4.000000000 0.000282240 0.000000000 0.000000000 0.000000000 0.001797760 44.000000000 45.000000000 58.000000000 46.000000000
1750310200.000000000 31.27045631483334 120.912099907 3.068600000 4.000000000 0.000285610 0.000000000 0.000000000 0.000000000 0.001806250 44.000000000 45.000000000 58.000000000 46.000000000
1750310200.200000048 31.270456217499998 120.912099039 3.101100000 5.000000000 0.000278890 0.000000000 0.000000000 0.000000000 0.001747240 39.000000000 40.000000000 56.000000000 41.000000000
1750310200.400000095 31.27045584716666 120.912098448 3.015600000 4.000000000 0.000519840 0.000000000 0.000000000 0.000000000 0.001528810 39.000000000 40.000000000 56.000000000 41.000000000
1750310200.599999905 31.270455419166666 120.912097761 3.023200000 4.000000000 0.000519840 0.000000000 0.000000000 0.000000000 0.001521000 39.000000000 40.000000000 56.000000000 41.000000000
1750310200.799999952 31.270455256333335 120.912096770 3.028800000 4.000000000 0.000524410 0.000000000 0.000000000 0.000000000 0.001528810 39.000000000 40.000000000 56.000000000 41.000000000
1750310201.000000000 31.27045462133333 120.912096159 3.004800000 4.000000000 0.000542890 0.000000000 0.000000000 0.000000000 0.001592010 39.000000000 40.000000000 56.000000000 41.000000000
1750310201.200000048 31.270453969499997 120.912095491 3.015300000 4.000000000 0.000510760 0.000000000 0.000000000 0.000000000 0.001474560 44.000000000 41.500000000 55.000000000 39.000000000
1750310201.400000095 31.270453944833335 120.912094366 3.147800000 4.000000000 0.000272250 0.000000000 0.000000000 0.000000000 0.000954810 44.000000000 41.500000000 55.000000000 39.000000000
1750310201.599999905 31.27045380766667 120.912093551 3.176300000 4.000000000 0.000272250 0.000000000 0.000000000 0.000000000 0.000954810 44.000000000 41.500000000 55.000000000 39.000000000
1750310201.799999952 31.27045350116667 120.912092688 3.153300000 4.000000000 0.000278890 0.000000000 0.000000000 0.000000000 0.000979690 44.000000000 41.500000000 55.000000000 39.000000000
1750310202.000000000 31.270453284833337 120.912092169 3.159500000 4.000000000 0.000278890 0.000000000 0.000000000 0.000000000 0.000961000 44.000000000 41.500000000 55.000000000 39.000000000
1750310202.200000048 31.270453386 120.912091195 3.154800000 4.000000000 0.000272250 0.000000000 0.000000000 0.000000000 0.000961000 46.000000000 47.000000000 59.000000000 48.000000000
1750310202.400000095 31.270453353999997 120.912090173 3.177500000 4.000000000 0.000278890 0.000000000 0.000000000 0.000000000 0.000858490 46.000000000 47.000000000 59.000000000 48.000000000
1750310202.599999905 31.270453332499997 120.912089513 3.142400000 4.000000000 0.000289000 0.000000000 0.000000000 0.000000000 0.000894010 46.000000000 47.000000000 59.000000000 48.000000000
1750310202.799999952 31.27045338233333 120.912088673 3.152000000 4.000000000 0.000289000 0.000000000 0.000000000 0.000000000 0.000894010 46.000000000 47.000000000 59.000000000 48.000000000
1750310203.000000000 31.270453192333335 120.912088026 3.163800000 4.000000000 0.000289000 0.000000000 0.000000000 0.000000000 0.000894010 46.000000000 47.000000000 59.000000000 48.000000000
1750310203.200000048 31.270453087999996 120.912087137 3.164200000 4.000000000 0.000282240 0.000000000 0.000000000 0.000000000 0.000858490 48.000000000 47.000000000 58.000000000 46.000000000
1750310203.400000095 31.270453032333336 120.912086281 3.150700000 4.000000000 0.000252810 0.000000000 0.000000000 0.000000000 0.000852640 48.000000000 47.000000000 58.000000000 46.000000000
1750310203.599999905 31.270452879666664 120.912085636 3.147600000 4.000000000 0.000252810 0.000000000 0.000000000 0.000000000 0.000846810 48.000000000 47.000000000 58.000000000 46.000000000
1750310203.799999952 31.2704526335 120.912084806 3.149800000 4.000000000 0.000252810 0.000000000 0.000000000 0.000000000 0.000846810 48.000000000 47.000000000 58.000000000 46.000000000
1750310204.000000000 31.270452104166665 120.912084032 3.162500000 4.000000000 0.000256000 0.000000000 0.000000000 0.000000000 0.000858490 48.000000000 47.000000000 58.000000000 46.000000000
1750310204.200000048 31.270451765999994 120.912083222 3.175400000 4.000000000 0.000240250 0.000000000 0.000000000 0.000000000 0.000789610 55.000000000 50.500000000 58.000000000 46.000000000
1750310204.400000095 31.270451928 120.912082343 3.175900000 4.000000000 0.000222010 0.000000000 0.000000000 0.000000000 0.000778410 55.000000000 50.500000000 58.000000000 46.000000000
1750310204.599999905 31.270451847000004 120.912081448 3.163700000 4.000000000 0.000222010 0.000000000 0.000000000 0.000000000 0.000778410 55.000000000 50.500000000 58.000000000 46.000000000
1750310204.799999952 31.270451767333327 120.912080610 3.135300000 4.000000000 0.000222010 0.000000000 0.000000000 0.000000000 0.000784000 55.000000000 50.500000000 58.000000000 46.000000000
1750310205.000000000 31.27045164883333 120.912080212 3.149700000 4.000000000 0.000225000 0.000000000 0.000000000 0.000000000 0.000784000 55.000000000 50.500000000 58.000000000 46.000000000
1750310205.200000048 31.270451737166667 120.912080254 3.127200000 4.000000000 0.000222010 0.000000000 0.000000000 0.000000000 0.000778410 53.000000000 53.000000000 62.000000000 53.000000000
1750310205.400000095 31.270451664000007 120.912080285 3.148100000 4.000000000 0.000249640 0.000000000 0.000000000 0.000000000 0.000707560 53.000000000 53.000000000 62.000000000 53.000000000
1750310205.599999905 31.270451590999997 120.912080244 3.175400000 4.000000000 0.000249640 0.000000000 0.000000000 0.000000000 0.000707560 53.000000000 53.000000000 62.000000000 53.000000000
1750310205.799999952 31.27045166549999 120.912080217 3.165100000 4.000000000 0.000249640 0.000000000 0.000000000 0.000000000 0.000707560 53.000000000 53.000000000 62.000000000 53.000000000
1750310206.000000000 31.27045168316667 120.912080099 3.159300000 4.000000000 0.000249640 0.000000000 0.000000000 0.000000000 0.000707560 53.000000000 53.000000000 62.000000000 53.000000000
1750310206.200000048 31.2704516645 120.912080045 3.163200000 4.000000000 0.000243360 0.000000000 0.000000000 0.000000000 0.000676000 55.000000000 54.000000000 62.000000000 53.000000000
1750310206.400000095 31.27045160183333 120.912080217 3.147400000 4.000000000 0.000225000 0.000000000 0.000000000 0.000000000 0.000552250 55.000000000 54.000000000 62.000000000 53.000000000
1750310206.599999905 31.270451702000003 120.912080665 3.141600000 4.000000000 0.000225000 0.000000000 0.000000000 0.000000000 0.000552250 55.000000000 54.000000000 62.000000000 53.000000000
1750310206.799999952 31.270451558166656 120.912081667 3.159500000 4.000000000 0.000252810 0.000000000 0.000000000 0.000000000 0.000686440 55.000000000 54.000000000 62.000000000 53.000000000
1750310207.000000000 31.270451955 120.912082174 3.118600000 4.000000000 0.000256000 0.000000000 0.000000000 0.000000000 0.000625000 55.000000000 54.000000000 62.000000000 53.000000000
1750310207.200000048 31.270451858166666 120.912082959 3.119200000 4.000000000 0.000228010 0.000000000 0.000000000 0.000000000 0.000556960 60.000000000 45.000000000 50.000000000 30.000000000
1750310207.400000095 31.270452252333328 120.912083120 3.113500000 4.000000000 0.000309760 0.000000000 0.000000000 0.000000000 0.000812250 60.000000000 45.000000000 50.000000000 30.000000000
1750310207.599999905 31.27045230266667 120.912083247 3.111500000 4.000000000 0.000313290 0.000000000 0.000000000 0.000000000 0.000812250 60.000000000 45.000000000 50.000000000 30.000000000
1750310207.799999952 31.27045226683333 120.912083257 3.105900000 4.000000000 0.000320410 0.000000000 0.000000000 0.000000000 0.000829440 60.000000000 45.000000000 50.000000000 30.000000000
1750310208.000000000 31.27045231566666 120.912083007 3.108700000 4.000000000 0.000342250 0.000000000 0.000000000 0.000000000 0.000852640 60.000000000 45.000000000 50.000000000 30.000000000
1750310208.200000048 31.270452504333335 120.912082973 3.077000000 4.000000000 0.000309760 0.000000000 0.000000000 0.000000000 0.000817960 48.000000000 43.500000000 55.000000000 39.000000000
1750310208.400000095 31.27045293266667 120.912083226 3.107900000 4.000000000 0.000585640 0.000000000 0.000000000 0.000000000 0.001095610 48.000000000 43.500000000 55.000000000 39.000000000
1750310208.599999905 31.270453094333334 120.912083052 3.118800000 4.000000000 0.000585640 0.000000000 0.000000000 0.000000000 0.001095610 48.000000000 43.500000000 55.000000000 39.000000000
1750310208.799999952 31.270453371000002 120.912082978 3.093100000 4.000000000 0.000625000 0.000000000 0.000000000 0.000000000 0.001122250 48.000000000 43.500000000 55.000000000 39.000000000
1750310209.000000000 31.27045342816666 120.912082791 3.106400000 4.000000000 0.000595360 0.000000000 0.000000000 0.000000000 0.001102240 48.000000000 43.500000000 55.000000000 39.000000000
1750310209.200000048 31.270453512166668 120.912082571 3.104500000 4.000000000 0.000571210 0.000000000 0.000000000 0.000000000 0.001082410 53.000000000 48.500000000 57.000000000 44.000000000
1750310209.400000095 31.270453464166664 120.912082002 3.092200000 4.000000000 0.000571210 0.000000000 0.000000000 0.000000000 0.001082410 53.000000000 48.500000000 57.000000000 44.000000000
1750310209.599999905 31.270453035833327 120.912081317 3.082200000 4.000000000 0.000590490 0.000000000 0.000000000 0.000000000 0.001095610 53.000000000 48.500000000 57.000000000 44.000000000
1750310209.799999952 31.270452365833336 120.912080692 3.117600000 4.000000000 0.000600250 0.000000000 0.000000000 0.000000000 0.001122250 53.000000000 48.500000000 57.000000000 44.000000000
1750310210.000000000 31.2704520235 120.912080414 3.090900000 4.000000000 0.000615040 0.000000000 0.000000000 0.000000000 0.001122250 53.000000000 48.500000000 57.000000000 44.000000000
1750310210.200000048 31.270451367999996 120.912079887 3.151200000 4.000000000 0.000585640 0.000000000 0.000000000 0.000000000 0.001102240 55.000000000 47.000000000 55.000000000 39.000000000
1750310210.400000095 31.27045110983333 120.912079792 3.116000000 4.000000000 0.000345960 0.000000000 0.000000000 0.000000000 0.000707560 55.000000000 47.000000000 55.000000000 39.000000000
1750310210.599999905 31.27045104716666 120.912080028 3.126300000 4.000000000 0.000334890 0.000000000 0.000000000 0.000000000 0.000702250 55.000000000 47.000000000 55.000000000 39.000000000
1750310210.799999952 31.270450904166665 120.912080288 3.108100000 4.000000000 0.000331240 0.000000000 0.000000000 0.000000000 0.000696960 55.000000000 47.000000000 55.000000000 39.000000000
1750310211.000000000 31.270450692166662 120.912080548 3.114000000 4.000000000 0.000331240 0.000000000 0.000000000 0.000000000 0.000696960 55.000000000 47.000000000 55.000000000 39.000000000
1750310211.200000048 31.270450578500004 120.912080872 3.098600000 4.000000000 0.000324000 0.000000000 0.000000000 0.000000000 0.000696960 58.000000000 54.500000000 61.000000000 51.000000000
1750310211.400000095 31.270450387166676 120.912081013 3.108100000 4.000000000 0.000292410 0.000000000 0.000000000 0.000000000 0.000660490 58.000000000 54.500000000 61.000000000 51.000000000
1750310211.599999905 31.270450255166665 120.912081131 3.103700000 4.000000000 0.000292410 0.000000000 0.000000000 0.000000000 0.000660490 58.000000000 54.500000000 61.000000000 51.000000000
1750310211.799999952 31.270450037999993 120.912081186 3.074000000 4.000000000 0.000292410 0.000000000 0.000000000 0.000000000 0.000665640 58.000000000 54.500000000 61.000000000 51.000000000
1750310212.000000000 31.270449915666674 120.912081245 3.079700000 4.000000000 0.000292410 0.000000000 0.000000000 0.000000000 0.000670810 58.000000000 54.500000000 61.000000000 51.000000000
1750310212.200000048 31.270449698833332 120.912080999 3.094100000 4.000000000 0.000289000 0.000000000 0.000000000 0.000000000 0.000660490 62.000000000 57.500000000 62.000000000 53.000000000
1750310212.400000095 31.27044941183334 120.912080234 3.063500000 4.000000000 0.000182250 0.000000000 0.000000000 0.000000000 0.000488410 62.000000000 57.500000000 62.000000000 53.000000000
1750310212.599999905 31.27044943033333 120.912079493 3.057500000 4.000000000 0.000182250 0.000000000 0.000000000 0.000000000 0.000488410 62.000000000 57.500000000 62.000000000 53.000000000
1750310212.799999952 31.270449353333333 120.912078641 3.054300000 4.000000000 0.000184960 0.000000000 0.000000000 0.000000000 0.000492840 62.000000000 57.500000000 62.000000000 53.000000000
1750310213.000000000 31.27044934450001 120.912077943 3.022000000 4.000000000 0.000184960 0.000000000 0.000000000 0.000000000 0.000488410 62.000000000 57.500000000 62.000000000 53.000000000
1750310213.200000048 31.270449415833326 120.912077841 3.024100000 4.000000000 0.000184960 0.000000000 0.000000000 0.000000000 0.000488410 53.000000000 53.000000000 62.000000000 53.000000000
1750310213.400000095 31.270449329166667 120.912077955 3.053300000 4.000000000 0.000198810 0.000000000 0.000000000 0.000000000 0.000479610 53.000000000 53.000000000 62.000000000 53.000000000
1750310213.599999905 31.27044919533334 120.912077941 3.054500000 4.000000000 0.000198810 0.000000000 0.000000000 0.000000000 0.000479610 53.000000000 53.000000000 62.000000000 53.000000000
1750310213.799999952 31.270449033666665 120.912077947 3.058900000 4.000000000 0.000198810 0.000000000 0.000000000 0.000000000 0.000479610 53.000000000 53.000000000 62.000000000 53.000000000
1750310214.000000000 31.27044880683333 120.912077939 3.065800000 4.000000000 0.000198810 0.000000000 0.000000000 0.000000000 0.000479610 53.000000000 53.000000000 62.000000000 53.000000000
1750310214.200000048 31.270448528166668 120.912077845 3.057200000 4.000000000 0.000198810 0.000000000 0.000000000 0.000000000 0.000479610 62.000000000 58.500000000 63.000000000 55.000000000
1750310214.400000095 31.270448197666667 120.912077888 3.064000000 4.000000000 0.000190440 0.000000000 0.000000000 0.000000000 0.000445210 62.000000000 58.500000000 63.000000000 55.000000000
1750310214.599999905 31.27044808316667 120.912077702 3.068300000 4.000000000 0.000193210 0.000000000 0.000000000 0.000000000 0.000449440 62.000000000 58.500000000 63.000000000 55.000000000
1750310214.799999952 31.270447934999993 120.912077235 3.063200000 4.000000000 0.000190440 0.000000000 0.000000000 0.000000000 0.000445210 62.000000000 58.500000000 63.000000000 55.000000000
1750310215.000000000 31.270448095666666 120.912076528 3.054000000 4.000000000 0.000190440 0.000000000 0.000000000 0.000000000 0.000445210 62.000000000 58.500000000 63.000000000 55.000000000
1750310215.200000048 31.270448476166663 120.912075769 3.053700000 4.000000000 0.000187690 0.000000000 0.000000000 0.000000000 0.000445210 52.000000000 53.000000000 63.000000000 54.000000000
1750310215.400000095 31.270448850166673 120.912075118 3.048300000 4.000000000 0.000187690 0.000000000 0.000000000 0.000000000 0.000436810 52.000000000 53.000000000 63.000000000 54.000000000
1750310215.599999905 31.270449120166674 120.912074446 3.038800000 4.000000000 0.000184960 0.000000000 0.000000000 0.000000000 0.000436810 52.000000000 53.000000000 63.000000000 54.000000000
1750310215.799999952 31.270449491999997 120.912074361 3.039300000 4.000000000 0.000184960 0.000000000 0.000000000 0.000000000 0.000436810 52.000000000 53.000000000 63.000000000 54.000000000
1750310216.000000000 31.270449611333333 120.912074429 3.042000000 4.000000000 0.000187690 0.000000000 0.000000000 0.000000000 0.000436810 52.000000000 53.000000000 63.000000000 54.000000000
1750310216.200000048 31.270449731166664 120.912074430 3.045800000 4.000000000 0.000184960 0.000000000 0.000000000 0.000000000 0.000436810 61.000000000 58.500000000 64.000000000 56.000000000
1750310216.400000095 31.270449817166664 120.912074512 3.032100000 4.000000000 0.000148840 0.000000000 0.000000000 0.000000000 0.000392040 61.000000000 58.500000000 64.000000000 56.000000000
1750310216.599999905 31.270449907499994 120.912074475 3.036000000 4.000000000 0.000151290 0.000000000 0.000000000 0.000000000 0.000400000 61.000000000 58.500000000 64.000000000 56.000000000
1750310216.799999952 31.270449977666658 120.912074494 3.042500000 4.000000000 0.000151290 0.000000000 0.000000000 0.000000000 0.000400000 61.000000000 58.500000000 64.000000000 56.000000000
1750310217.000000000 31.270449983999995 120.912074501 3.022300000 4.000000000 0.000151290 0.000000000 0.000000000 0.000000000 0.000400000 61.000000000 58.500000000 64.000000000 56.000000000
1750310217.200000048 31.270450053166655 120.912074250 3.025800000 4.000000000 0.000151290 0.000000000 0.000000000 0.000000000 0.000384160 63.000000000 59.500000000 64.000000000 56.000000000
1750310217.400000095 31.270450206000007 120.912073582 3.043500000 4.000000000 0.000213160 0.000000000 0.000000000 0.000000000 0.000533610 63.000000000 59.500000000 64.000000000 56.000000000
1750310217.599999905 31.270450272000005 120.912073548 3.054300000 4.000000000 0.000213160 0.000000000 0.000000000 0.000000000 0.000538240 63.000000000 59.500000000 64.000000000 56.000000000
1750310217.799999952 31.270450219500006 120.912073591 3.053100000 4.000000000 0.000216090 0.000000000 0.000000000 0.000000000 0.000538240 63.000000000 59.500000000 64.000000000 56.000000000
1750310218.000000000 31.27045024983333 120.912073631 3.042600000 4.000000000 0.000213160 0.000000000 0.000000000 0.000000000 0.000538240 63.000000000 59.500000000 64.000000000 56.000000000
1750310218.200000048 31.270450472166658 120.912073643 3.054900000 4.000000000 0.000216090 0.000000000 0.000000000 0.000000000 0.000538240 54.000000000 56.500000000 66.000000000 59.000000000
1750310218.400000095 31.270450780000004 120.912073614 3.086300000 4.000000000 0.000222010 0.000000000 0.000000000 0.000000000 0.000552250 54.000000000 56.500000000 66.000000000 59.000000000
1750310218.599999905 31.2704509685 120.912073650 3.057100000 4.000000000 0.000222010 0.000000000 0.000000000 0.000000000 0.000552250 54.000000000 56.500000000 66.000000000 59.000000000
1750310218.799999952 31.27045097 120.912073615 3.056100000 4.000000000 0.000225000 0.000000000 0.000000000 0.000000000 0.000561690 54.000000000 56.500000000 66.000000000 59.000000000
1750310219.000000000 31.27045092516667 120.912073659 3.061300000 4.000000000 0.000225000 0.000000000 0.000000000 0.000000000 0.000561690 54.000000000 56.500000000 66.000000000 59.000000000
1750310219.200000048 31.270450913333335 120.912073604 3.055400000 4.000000000 0.000228010 0.000000000 0.000000000 0.000000000 0.000571210 54.000000000 55.000000000 64.000000000 56.000000000
1750310219.400000095 31.27045084716667 120.912073140 3.040600000 4.000000000 0.000231040 0.000000000 0.000000000 0.000000000 0.000524410 54.000000000 55.000000000 64.000000000 56.000000000
1750310219.599999905 31.270450867999998 120.912072460 3.020400000 4.000000000 0.000231040 0.000000000 0.000000000 0.000000000 0.000519840 54.000000000 55.000000000 64.000000000 56.000000000
1750310219.799999952 31.270450863999997 120.912071400 3.011400000 4.000000000 0.000231040 0.000000000 0.000000000 0.000000000 0.000524410 54.000000000 55.000000000 64.000000000 56.000000000
1750310220.000000000 31.2704507765 120.912070702 3.001900000 4.000000000 0.000231040 0.000000000 0.000000000 0.000000000 0.000524410 54.000000000 55.000000000 64.000000000 56.000000000
1750310220.200000048 31.270450654499996 120.912070011 2.975700000 4.000000000 0.000231040 0.000000000 0.000000000 0.000000000 0.000519840 56.000000000 57.500000000 66.000000000 59.000000000
1750310220.400000095 31.270450474666674 120.912069022 3.030800000 4.000000000 0.000198810 0.000000000 0.000000000 0.000000000 0.000552250 56.000000000 57.500000000 66.000000000 59.000000000
1750310220.599999905 31.270450427 120.912068253 3.024000000 4.000000000 0.000198810 0.000000000 0.000000000 0.000000000 0.000552250 56.000000000 57.500000000 66.000000000 59.000000000
1750310220.799999952 31.27045029766667 120.912067384 3.013200000 4.000000000 0.000198810 0.000000000 0.000000000 0.000000000 0.000552250 56.000000000 57.500000000 66.000000000 59.000000000
1750310221.000000000 31.27045005233333 120.912066585 3.029200000 4.000000000 0.000198810 0.000000000 0.000000000 0.000000000 0.000566440 56.000000000 57.500000000 66.000000000 59.000000000
1750310221.200000048 31.27045007550001 120.912065740 3.016300000 4.000000000 0.000196000 0.000000000 0.000000000 0.000000000 0.000533610 61.000000000 58.500000000 64.000000000 56.000000000
1750310221.400000095 31.270449931 120.912064857 3.049700000 4.000000000 0.000171610 0.000000000 0.000000000 0.000000000 0.000412090 61.000000000 58.500000000 64.000000000 56.000000000
1750310221.599999905 31.27044988899999 120.912064192 3.037000000 4.000000000 0.000171610 0.000000000 0.000000000 0.000000000 0.000412090 61.000000000 58.500000000 64.000000000 56.000000000
1750310221.799999952 31.270449809 120.912063337 3.041700000 4.000000000 0.000171610 0.000000000 0.000000000 0.000000000 0.000412090 61.000000000 58.500000000 64.000000000 56.000000000
1750310222.000000000 31.27044959683333 120.912062554 3.051600000 4.000000000 0.000171610 0.000000000 0.000000000 0.000000000 0.000412090 61.000000000 58.500000000 64.000000000 56.000000000
1750310222.200000048 31.270449563 120.912061719 3.053800000 4.000000000 0.000171610 0.000000000 0.000000000 0.000000000 0.000412090 65.000000000 65.000000000 69.000000000 65.000000000
1750310222.400000095 31.270449396333333 120.912061042 3.039300000 4.000000000 0.000146410 0.000000000 0.000000000 0.000000000 0.000349690 65.000000000 65.000000000 69.000000000 65.000000000
1750310222.599999905 31.270449208333332 120.912060227 3.048600000 4.000000000 0.000146410 0.000000000 0.000000000 0.000000000 0.000349690 65.000000000 65.000000000 69.000000000 65.000000000
1750310222.799999952 31.270449182166658 120.912059995 3.063600000 4.000000000 0.000146410 0.000000000 0.000000000 0.000000000 0.000349690 65.000000000 65.000000000 69.000000000 65.000000000
1750310223.000000000 31.270449212000003 120.912060098 3.056000000 4.000000000 0.000146410 0.000000000 0.000000000 0.000000000 0.000349690 65.000000000 65.000000000 69.000000000 65.000000000
1750310223.200000048 31.270449207666672 120.912060072 3.056100000 4.000000000 0.000148840 0.000000000 0.000000000 0.000000000 0.000349690 65.000000000 65.000000000 69.000000000 65.000000000
1750310223.400000095 31.270449326666665 120.912060161 3.041800000 4.000000000 0.000163840 0.000000000 0.000000000 0.000000000 0.000309760 65.000000000 65.000000000 69.000000000 65.000000000
1750310223.599999905 31.270449315833332 120.912060139 3.041100000 4.000000000 0.000163840 0.000000000 0.000000000 0.000000000 0.000313290 65.000000000 65.000000000 69.000000000 65.000000000
1750310223.799999952 31.270449280500003 120.912060084 3.045800000 4.000000000 0.000163840 0.000000000 0.000000000 0.000000000 0.000313290 65.000000000 65.000000000 69.000000000 65.000000000
1750310224.000000000 31.270449245833333 120.912059927 3.056600000 4.000000000 0.000166410 0.000000000 0.000000000 0.000000000 0.000313290 65.000000000 65.000000000 69.000000000 65.000000000
1750310224.200000048 31.270449161666676 120.912059357 3.069300000 4.000000000 0.000163840 0.000000000 0.000000000 0.000000000 0.000313290 68.000000000 64.500000000 67.000000000 61.000000000
1750310224.400000095 31.27044883116666 120.912058699 3.063300000 4.000000000 0.000169000 0.000000000 0.000000000 0.000000000 0.000256000 68.000000000 64.500000000 67.000000000 61.000000000
1750310224.599999905 31.2704486935 120.912057843 3.059200000 4.000000000 0.000169000 0.000000000 0.000000000 0.000000000 0.000256000 68.000000000 64.500000000 67.000000000 61.000000000
1750310224.799999952 31.27044851683334 120.912057079 3.064300000 4.000000000 0.000169000 0.000000000 0.000000000 0.000000000 0.000256000 68.000000000 64.500000000 67.000000000 61.000000000
1750310225.000000000 31.270448492333344 120.912056338 3.063300000 4.000000000 0.000169000 0.000000000 0.000000000 0.000000000 0.000256000 68.000000000 64.500000000 67.000000000 61.000000000
1750310225.200000048 31.27044838733333 120.912055453 3.047100000 4.000000000 0.000169000 0.000000000 0.000000000 0.000000000 0.000256000 70.000000000 66.500000000 68.000000000 63.000000000
1750310225.400000095 31.27044822933334 120.912054765 3.068000000 4.000000000 0.000151290 0.000000000 0.000000000 0.000000000 0.000252810 70.000000000 66.500000000 68.000000000 63.000000000
1750310225.599999905 31.270447961333332 120.912053926 3.058500000 4.000000000 0.000151290 0.000000000 0.000000000 0.000000000 0.000252810 70.000000000 66.500000000 68.000000000 63.000000000
1750310225.799999952 31.27044773483334 120.912053000 3.055900000 4.000000000 0.000151290 0.000000000 0.000000000 0.000000000 0.000252810 70.000000000 66.500000000 68.000000000 63.000000000
1750310226.000000000 31.27044733383333 120.912052271 3.058300000 4.000000000 0.000151290 0.000000000 0.000000000 0.000000000 0.000249640 70.000000000 66.500000000 68.000000000 63.000000000
1750310226.200000048 31.27044693633333 120.912051523 3.063200000 4.000000000 0.000148840 0.000000000 0.000000000 0.000000000 0.000249640 72.000000000 67.500000000 68.000000000 63.000000000
1750310226.400000095 31.270446443500006 120.912050753 3.061700000 4.000000000 0.000136890 0.000000000 0.000000000 0.000000000 0.000219040 72.000000000 67.500000000 68.000000000 63.000000000
1750310226.599999905 31.270446237499996 120.912049912 3.050400000 4.000000000 0.000136890 0.000000000 0.000000000 0.000000000 0.000219040 72.000000000 67.500000000 68.000000000 63.000000000
1750310226.799999952 31.27044599616667 120.912049128 3.059700000 4.000000000 0.000139240 0.000000000 0.000000000 0.000000000 0.000222010 72.000000000 67.500000000 68.000000000 63.000000000
1750310227.000000000 31.270445818833338 120.912048357 3.026700000 4.000000000 0.000139240 0.000000000 0.000000000 0.000000000 0.000225000 72.000000000 67.500000000 68.000000000 63.000000000
1750310227.200000048 31.270445620666663 120.912047507 3.043900000 4.000000000 0.000136890 0.000000000 0.000000000 0.000000000 0.000219040 68.000000000 65.500000000 68.000000000 63.000000000
1750310227.400000095 31.270445354000003 120.912046679 3.057300000 4.000000000 0.000153760 0.000000000 0.000000000 0.000000000 0.000252810 68.000000000 65.500000000 68.000000000 63.000000000
1750310227.599999905 31.27044504283333 120.912045939 3.058900000 4.000000000 0.000153760 0.000000000 0.000000000 0.000000000 0.000252810 68.000000000 65.500000000 68.000000000 63.000000000
1750310227.799999952 31.27044492666667 120.912045090 3.055500000 4.000000000 0.000153760 0.000000000 0.000000000 0.000000000 0.000256000 68.000000000 65.500000000 68.000000000 63.000000000
1750310228.000000000 31.270444722166673 120.912044126 3.088100000 4.000000000 0.000153760 0.000000000 0.000000000 0.000000000 0.000252810 68.000000000 65.500000000 68.000000000 63.000000000
1750310228.200000048 31.270444718833332 120.912043305 3.081500000 4.000000000 0.000153760 0.000000000 0.000000000 0.000000000 0.000252810 72.000000000 68.500000000 69.000000000 65.000000000
1750310228.400000095 31.27044499116667 120.912042713 3.048400000 4.000000000 0.000123210 0.000000000 0.000000000 0.000000000 0.000201640 72.000000000 68.500000000 69.000000000 65.000000000
1750310228.599999905 31.270444933333337 120.912041867 3.059300000 4.000000000 0.000123210 0.000000000 0.000000000 0.000000000 0.000201640 72.000000000 68.500000000 69.000000000 65.000000000
1750310228.799999952 31.270444806 120.912041044 3.054000000 4.000000000 0.000129960 0.000000000 0.000000000 0.000000000 0.000210250 72.000000000 68.500000000 69.000000000 65.000000000
1750310229.000000000 31.270444856166662 120.912040244 3.014100000 4.000000000 0.000123210 0.000000000 0.000000000 0.000000000 0.000201640 72.000000000 68.500000000 69.000000000 65.000000000
1750310229.200000048 31.270444637500006 120.912039469 3.030100000 4.000000000 0.000121000 0.000000000 0.000000000 0.000000000 0.000193210 56.000000000 56.000000000 64.000000000 56.000000000
1750310229.400000095 31.270444434666672 120.912038707 3.050600000 4.000000000 0.000163840 0.000000000 0.000000000 0.000000000 0.000222010 56.000000000 56.000000000 64.000000000 56.000000000
1750310229.599999905 31.270444384833326 120.912037946 3.040600000 4.000000000 0.000163840 0.000000000 0.000000000 0.000000000 0.000222010 56.000000000 56.000000000 64.000000000 56.000000000
1750310229.799999952 31.270444379166662 120.912036968 3.038000000 4.000000000 0.000163840 0.000000000 0.000000000 0.000000000 0.000222010 56.000000000 56.000000000 64.000000000 56.000000000
1750310230.000000000 31.270444165499995 120.912036183 3.072200000 4.000000000 0.000163840 0.000000000 0.000000000 0.000000000 0.000228010 56.000000000 56.000000000 64.000000000 56.000000000
1750310230.200000048 31.270443939333333 120.912035455 3.075700000 4.000000000 0.000163840 0.000000000 0.000000000 0.000000000 0.000225000 77.000000000 69.000000000 67.000000000 61.000000000
1750310230.400000095 31.27044385516666 120.912034793 3.019400000 4.000000000 0.000127690 0.000000000 0.000000000 0.000000000 0.000187690 77.000000000 69.000000000 67.000000000 61.000000000
1750310230.599999905 31.270443865333334 120.912034056 3.026300000 4.000000000 0.000129960 0.000000000 0.000000000 0.000000000 0.000190440 77.000000000 69.000000000 67.000000000 61.000000000
1750310230.799999952 31.270443931666662 120.912033308 2.998000000 4.000000000 0.000129960 0.000000000 0.000000000 0.000000000 0.000193210 77.000000000 69.000000000 67.000000000 61.000000000
1750310231.000000000 31.270444137499993 120.912032417 3.023200000 4.000000000 0.000129960 0.000000000 0.000000000 0.000000000 0.000193210 77.000000000 69.000000000 67.000000000 61.000000000
1750310231.200000048 31.27044419533334 120.912031569 3.016600000 4.000000000 0.000132250 0.000000000 0.000000000 0.000000000 0.000193210 61.000000000 62.000000000 68.000000000 63.000000000
1750310231.400000095 31.270443981166665 120.912030701 3.016000000 4.000000000 0.000153760 0.000000000 0.000000000 0.000000000 0.000222010 61.000000000 62.000000000 68.000000000 63.000000000
1750310231.599999905 31.270443813499995 120.912029874 3.001100000 4.000000000 0.000156250 0.000000000 0.000000000 0.000000000 0.000222010 61.000000000 62.000000000 68.000000000 63.000000000
1750310231.799999952 31.270443700499996 120.912029047 2.993900000 4.000000000 0.000156250 0.000000000 0.000000000 0.000000000 0.000222010 61.000000000 62.000000000 68.000000000 63.000000000
1750310232.000000000 31.270443670666666 120.912028204 3.000100000 4.000000000 0.000156250 0.000000000 0.000000000 0.000000000 0.000222010 61.000000000 62.000000000 68.000000000 63.000000000
1750310232.200000048 31.270443440333338 120.912027433 2.972500000 4.000000000 0.000156250 0.000000000 0.000000000 0.000000000 0.000222010 65.000000000 64.000000000 68.000000000 63.000000000
1750310232.400000095 31.270443041500002 120.912026647 3.026300000 4.000000000 0.000176890 0.000000000 0.000000000 0.000000000 0.000246490 65.000000000 64.000000000 68.000000000 63.000000000
1750310232.599999905 31.2704429585 120.912025746 3.019000000 4.000000000 0.000176890 0.000000000 0.000000000 0.000000000 0.000246490 65.000000000 64.000000000 68.000000000 63.000000000
1750310232.799999952 31.270442811500004 120.912024964 2.990900000 4.000000000 0.000179560 0.000000000 0.000000000 0.000000000 0.000252810 65.000000000 64.000000000 68.000000000 63.000000000
1750310233.000000000 31.27044245766666 120.912024237 2.988100000 4.000000000 0.000184960 0.000000000 0.000000000 0.000000000 0.000256000 65.000000000 64.000000000 68.000000000 63.000000000
1750310233.200000048 31.270441985666665 120.912023560 2.957400000 4.000000000 0.000179560 0.000000000 0.000000000 0.000000000 0.000240250 65.000000000 60.500000000 64.000000000 56.000000000
1750310233.400000095 31.27044162033333 120.912022728 2.962000000 4.000000000 0.000196000 0.000000000 0.000000000 0.000000000 0.000275560 65.000000000 60.500000000 64.000000000 56.000000000
1750310233.599999905 31.270441247999997 120.912021949 2.978300000 4.000000000 0.000196000 0.000000000 0.000000000 0.000000000 0.000275560 65.000000000 60.500000000 64.000000000 56.000000000
1750310233.799999952 31.270440889166665 120.912021113 2.991400000 4.000000000 0.000196000 0.000000000 0.000000000 0.000000000 0.000275560 65.000000000 60.500000000 64.000000000 56.000000000
1750310234.000000000 31.270440769666664 120.912020296 2.971100000 4.000000000 0.000193210 0.000000000 0.000000000 0.000000000 0.000275560 65.000000000 60.500000000 64.000000000 56.000000000
1750310234.200000048 31.270440663166667 120.912019452 2.982900000 4.000000000 0.000190440 0.000000000 0.000000000 0.000000000 0.000272250 68.000000000 65.500000000 68.000000000 63.000000000
1750310234.400000095 31.270440794333325 120.912018743 2.938900000 4.000000000 0.000176890 0.000000000 0.000000000 0.000000000 0.000252810 68.000000000 65.500000000 68.000000000 63.000000000
1750310234.599999905 31.27044083716666 120.912017960 2.927800000 4.000000000 0.000176890 0.000000000 0.000000000 0.000000000 0.000252810 68.000000000 65.500000000 68.000000000 63.000000000
1750310234.799999952 31.270440792833327 120.912017149 2.936000000 4.000000000 0.000179560 0.000000000 0.000000000 0.000000000 0.000252810 68.000000000 65.500000000 68.000000000 63.000000000
1750310235.000000000 31.270440739500003 120.912016380 2.928500000 4.000000000 0.000176890 0.000000000 0.000000000 0.000000000 0.000252810 68.000000000 65.500000000 68.000000000 63.000000000
1750310235.200000048 31.270440807499995 120.912015456 2.923200000 4.000000000 0.000176890 0.000000000 0.000000000 0.000000000 0.000252810 72.000000000 70.000000000 70.000000000 68.000000000
1750310235.400000095 31.2704407695 120.912014835 2.935900000 4.000000000 0.000161290 0.000000000 0.000000000 0.000000000 0.000198810 72.000000000 70.000000000 70.000000000 68.000000000
1750310235.599999905 31.270440938666667 120.912014239 2.929900000 4.000000000 0.000161290 0.000000000 0.000000000 0.000000000 0.000198810 72.000000000 70.000000000 70.000000000 68.000000000
1750310235.799999952 31.270441024500002 120.912014050 2.933400000 4.000000000 0.000163840 0.000000000 0.000000000 0.000000000 0.000198810 72.000000000 70.000000000 70.000000000 68.000000000
1750310236.000000000 31.270441012999996 120.912014061 2.931700000 4.000000000 0.000163840 0.000000000 0.000000000 0.000000000 0.000198810 72.000000000 70.000000000 70.000000000 68.000000000
1750310236.200000048 31.270440994166663 120.912013972 2.953900000 4.000000000 0.000161290 0.000000000 0.000000000 0.000000000 0.000196000 75.000000000 70.000000000 69.000000000 65.000000000
1750310236.400000095 31.270440974833335 120.912013833 2.945800000 4.000000000 0.000146410 0.000000000 0.000000000 0.000000000 0.000179560 75.000000000 70.000000000 69.000000000 65.000000000
1750310236.599999905 31.270440955333328 120.912013199 2.950600000 4.000000000 0.000146410 0.000000000 0.000000000 0.000000000 0.000179560 75.000000000 70.000000000 69.000000000 65.000000000
1750310236.799999952 31.270440998833337 120.912012496 2.938100000 4.000000000 0.000146410 0.000000000 0.000000000 0.000000000 0.000179560 75.000000000 70.000000000 69.000000000 65.000000000
1750310237.000000000 31.270441148000003 120.912012451 2.914900000 4.000000000 0.000153760 0.000000000 0.000000000 0.000000000 0.000184960 75.000000000 70.000000000 69.000000000 65.000000000
1750310237.200000048 31.270441048833334 120.912012367 2.942800000 4.000000000 0.000146410 0.000000000 0.000000000 0.000000000 0.000179560 75.000000000 69.000000000 68.000000000 63.000000000
1750310237.400000095 31.27044107783334 120.912012388 2.929200000 4.000000000 0.000139240 0.000000000 0.000000000 0.000000000 0.000171610 75.000000000 69.000000000 68.000000000 63.000000000
1750310237.599999905 31.270441061 120.912012045 2.918200000 4.000000000 0.000139240 0.000000000 0.000000000 0.000000000 0.000171610 75.000000000 69.000000000 68.000000000 63.000000000
1750310237.799999952 31.270440860333338 120.912011357 2.923600000 4.000000000 0.000139240 0.000000000 0.000000000 0.000000000 0.000174240 75.000000000 69.000000000 68.000000000 63.000000000
1750310238.000000000 31.270440591500005 120.912010456 2.941700000 4.000000000 0.000139240 0.000000000 0.000000000 0.000000000 0.000174240 75.000000000 69.000000000 68.000000000 63.000000000
1750310238.200000048 31.270440210666663 120.912010363 2.952000000 4.000000000 0.000141610 1.000000000 0.000000000 0.000000000 0.000174240 81.000000000 75.500000000 71.000000000 70.000000000
1750310238.400000095 31.270439958166662 120.912010319 2.964300000 4.000000000 0.000141610 1.000000000 0.000000000 0.000000000 0.000169000 81.000000000 75.500000000 71.000000000 70.000000000
1750310238.599999905 31.27043983366667 120.912010341 2.951800000 4.000000000 0.000144000 1.000000000 0.000000000 0.000000000 0.000171610 81.000000000 75.500000000 71.000000000 70.000000000
1750310238.799999952 31.27043980966667 120.912010330 2.949600000 4.000000000 0.000144000 1.000000000 0.000000000 0.000000000 0.000171610 81.000000000 75.500000000 71.000000000 70.000000000
1750310239.000000000 31.27043973949999 120.912010282 2.947500000 4.000000000 0.000146410 1.000000000 0.000000000 0.000000000 0.000171610 81.000000000 75.500000000 71.000000000 70.000000000
1750310239.200000048 31.270439769666666 120.912010221 2.943500000 4.000000000 0.000141610 1.000000000 0.000000000 0.000000000 0.000169000 77.000000000 70.500000000 69.000000000 64.000000000
1750310239.400000095 31.270439660333338 120.912009760 2.976700000 4.000000000 0.000163840 1.000000000 0.000000000 0.000000000 0.000190440 77.000000000 70.500000000 69.000000000 64.000000000
1750310239.599999905 31.270439680833334 120.912008952 2.967700000 4.000000000 0.000166410 1.000000000 0.000000000 0.000000000 0.000193210 77.000000000 70.500000000 69.000000000 64.000000000
1750310239.799999952 31.270439609500002 120.912008110 2.966000000 4.000000000 0.000169000 1.000000000 0.000000000 0.000000000 0.000193210 77.000000000 70.500000000 69.000000000 64.000000000
1750310240.000000000 31.27043957316667 120.912007193 2.975100000 4.000000000 0.000171610 1.000000000 0.000000000 0.000000000 0.000193210 77.000000000 70.500000000 69.000000000 64.000000000
1750310240.200000048 31.270439658 120.912006385 2.969400000 4.000000000 0.000166410 1.000000000 0.000000000 0.000000000 0.000190440 82.000000000 72.000000000 68.000000000 62.000000000
1750310240.400000095 31.2704395505 120.912005619 2.979000000 4.000000000 0.000127690 1.000000000 0.000000000 0.000000000 0.000163840 82.000000000 72.000000000 68.000000000 62.000000000
1750310240.599999905 31.27043945616667 120.912004734 2.966200000 4.000000000 0.000127690 1.000000000 0.000000000 0.000000000 0.000163840 82.000000000 72.000000000 68.000000000 62.000000000
1750310240.799999952 31.270439355166673 120.912003936 2.956000000 4.000000000 0.000127690 1.000000000 0.000000000 0.000000000 0.000163840 82.000000000 72.000000000 68.000000000 62.000000000
1750310241.000000000 31.270439200499993 120.912003123 2.954800000 4.000000000 0.000127690 1.000000000 0.000000000 0.000000000 0.000163840 82.000000000 72.000000000 68.000000000 62.000000000
1750310241.200000048 31.270439024500007 120.912002316 2.950700000 4.000000000 0.000127690 1.000000000 0.000000000 0.000000000 0.000163840 86.000000000 77.000000000 71.000000000 68.000000000
1750310241.400000095 31.270438931499996 120.912001586 2.945800000 4.000000000 0.000127690 1.000000000 0.000000000 0.000000000 0.000163840 86.000000000 77.000000000 71.000000000 68.000000000
1750310241.599999905 31.270438668166662 120.912000826 2.969300000 4.000000000 0.000110250 1.000000000 0.000000000 0.000000000 0.000144000 86.000000000 77.000000000 71.000000000 68.000000000
1750310241.799999952 31.270438517833327 120.911999961 2.964300000 4.000000000 0.000110250 1.000000000 0.000000000 0.000000000 0.000144000 86.000000000 77.000000000 71.000000000 68.000000000
1750310242.000000000 31.270438365833343 120.911999217 2.963700000 4.000000000 0.000110250 1.000000000 0.000000000 0.000000000 0.000144000 86.000000000 77.000000000 71.000000000 68.000000000
1750310242.200000048 31.270438096333336 120.911998421 2.965900000 4.000000000 0.000110250 1.000000000 0.000000000 0.000000000 0.000144000 86.000000000 78.500000000 73.000000000 71.000000000
1750310242.400000095 31.270437946 120.911997615 2.961300000 4.000000000 0.000108160 1.000000000 0.000000000 0.000000000 0.000136890 86.000000000 78.500000000 73.000000000 71.000000000
1750310242.599999905 31.270437652666672 120.911996689 2.970400000 4.000000000 0.000108160 1.000000000 0.000000000 0.000000000 0.000139240 86.000000000 78.500000000 73.000000000 71.000000000
1750310242.799999952 31.27043745816667 120.911996012 2.973700000 4.000000000 0.000110250 1.000000000 0.000000000 0.000000000 0.000141610 86.000000000 78.500000000 73.000000000 71.000000000
1750310243.000000000 31.270437371 120.911995079 2.951700000 4.000000000 0.000112360 1.000000000 0.000000000 0.000000000 0.000141610 86.000000000 78.500000000 73.000000000 71.000000000
1750310243.200000048 31.27043715483333 120.911994258 2.964100000 4.000000000 0.000110250 1.000000000 0.000000000 0.000000000 0.000141610 75.000000000 70.500000000 70.000000000 66.000000000
1750310243.400000095 31.270436982999996 120.911993550 2.976500000 4.000000000 0.000127690 1.000000000 0.000000000 0.000000000 0.000156250 75.000000000 70.500000000 70.000000000 66.000000000
1750310243.599999905 31.27043676166666 120.911992819 2.962200000 4.000000000 0.000127690 1.000000000 0.000000000 0.000000000 0.000156250 75.000000000 70.500000000 70.000000000 66.000000000
1750310243.799999952 31.270436603000007 120.911992045 2.953400000 4.000000000 0.000129960 1.000000000 0.000000000 0.000000000 0.000156250 75.000000000 70.500000000 70.000000000 66.000000000
1750310244.000000000 31.270436323500007 120.911991291 2.954600000 4.000000000 0.000129960 1.000000000 0.000000000 0.000000000 0.000156250 75.000000000 70.500000000 70.000000000 66.000000000
1750310244.200000048 31.270436101 120.911990474 2.957200000 4.000000000 0.000123210 1.000000000 0.000000000 0.000000000 0.000156250 86.000000000 76.000000000 70.000000000 66.000000000
1750310244.400000095 31.2704359425 120.911989554 2.934700000 4.000000000 0.000106090 1.000000000 0.000000000 0.000000000 0.000141610 86.000000000 76.000000000 70.000000000 66.000000000
1750310244.599999905 31.270435846333328 120.911988818 2.941800000 4.000000000 0.000108160 1.000000000 0.000000000 0.000000000 0.000141610 86.000000000 76.000000000 70.000000000 66.000000000
1750310244.799999952 31.270435533500006 120.911987977 2.945100000 4.000000000 0.000108160 1.000000000 0.000000000 0.000000000 0.000144000 86.000000000 76.000000000 70.000000000 66.000000000
1750310245.000000000 31.27043529783333 120.911987060 2.942800000 4.000000000 0.000110250 1.000000000 0.000000000 0.000000000 0.000144000 86.000000000 76.000000000 70.000000000 66.000000000
1750310245.200000048 31.27043498116666 120.911986297 2.941600000 4.000000000 0.000108160 1.000000000 0.000000000 0.000000000 0.000144000 75.000000000 74.000000000 74.000000000 73.000000000
1750310245.400000095 31.27043476516667 120.911985513 2.910700000 4.000000000 0.000121000 1.000000000 0.000000000 0.000000000 0.000166410 75.000000000 74.000000000 74.000000000 73.000000000
1750310245.599999905 31.27043449749999 120.911984764 2.912100000 4.000000000 0.000123210 1.000000000 0.000000000 0.000000000 0.000166410 75.000000000 74.000000000 74.000000000 73.000000000
1750310245.799999952 31.270434231166675 120.911983935 2.921700000 4.000000000 0.000125440 1.000000000 0.000000000 0.000000000 0.000166410 75.000000000 74.000000000 74.000000000 73.000000000
1750310246.000000000 31.270433927166664 120.911983089 2.925200000 4.000000000 0.000125440 1.000000000 0.000000000 0.000000000 0.000169000 75.000000000 74.000000000 74.000000000 73.000000000
1750310246.200000048 31.270433910999998 120.911982205 2.917300000 4.000000000 0.000123210 1.000000000 0.000000000 0.000000000 0.000169000 73.000000000 70.500000000 71.000000000 68.000000000
1750310246.400000095 31.27043393566666 120.911981462 2.882800000 4.000000000 0.000132250 1.000000000 0.000000000 0.000000000 0.000174240 73.000000000 70.500000000 71.000000000 68.000000000
1750310246.599999905 31.270433864500006 120.911980527 2.873400000 4.000000000 0.000132250 1.000000000 0.000000000 0.000000000 0.000174240 73.000000000 70.500000000 71.000000000 68.000000000
1750310246.799999952 31.270434014666662 120.911979614 2.859600000 4.000000000 0.000134560 1.000000000 0.000000000 0.000000000 0.000174240 73.000000000 70.500000000 71.000000000 68.000000000
1750310247.000000000 31.270434125999998 120.911978747 2.839100000 4.000000000 0.000134560 1.000000000 0.000000000 0.000000000 0.000174240 73.000000000 70.500000000 71.000000000 68.000000000
1750310247.200000048 31.270434133500004 120.911977817 2.841700000 4.000000000 0.000134560 1.000000000 0.000000000 0.000000000 0.000176890 73.000000000 70.500000000 71.000000000 68.000000000
1750310247.400000095 31.270433747666672 120.911977125 2.851200000 4.000000000 0.000166410 1.000000000 0.000000000 0.000000000 0.000210250 73.000000000 70.500000000 71.000000000 68.000000000
1750310247.599999905 31.2704336595 120.911976275 2.835700000 4.000000000 0.000169000 1.000000000 0.000000000 0.000000000 0.000210250 73.000000000 70.500000000 71.000000000 68.000000000
1750310247.799999952 31.27043356483334 120.911975420 2.832200000 4.000000000 0.000169000 1.000000000 0.000000000 0.000000000 0.000210250 73.000000000 70.500000000 71.000000000 68.000000000
1750310248.000000000 31.270433472500002 120.911974619 2.816500000 4.000000000 0.000169000 1.000000000 0.000000000 0.000000000 0.000210250 73.000000000 70.500000000 71.000000000 68.000000000
1750310248.200000048 31.270433628333336 120.911973694 2.788900000 4.000000000 0.000166410 1.000000000 0.000000000 0.000000000 0.000210250 73.000000000 69.500000000 70.000000000 66.000000000
1750310248.400000095 31.27043382233333 120.911972662 2.773200000 4.000000000 0.000166410 1.000000000 0.000000000 0.000000000 0.000213160 73.000000000 69.500000000 70.000000000 66.000000000
1750310248.599999905 31.270433706000006 120.911971827 2.767100000 4.000000000 0.000169000 1.000000000 0.000000000 0.000000000 0.000213160 73.000000000 69.500000000 70.000000000 66.000000000
1750310248.799999952 31.270433745333335 120.911971147 2.725000000 4.000000000 0.000169000 1.000000000 0.000000000 0.000000000 0.000213160 73.000000000 69.500000000 70.000000000 66.000000000
1750310249.000000000 31.270433459999992 120.911970180 2.713500000 4.000000000 0.000169000 1.000000000 0.000000000 0.000000000 0.000213160 73.000000000 69.500000000 70.000000000 66.000000000
1750310249.200000048 31.270433112333336 120.911969386 2.719300000 4.000000000 0.000163840 1.000000000 0.000000000 0.000000000 0.000210250 71.000000000 67.500000000 69.000000000 64.000000000
1750310249.400000095 31.270433248666677 120.911968767 2.714300000 4.000000000 0.000146410 1.000000000 0.000000000 0.000000000 0.000174240 71.000000000 67.500000000 69.000000000 64.000000000
1750310249.599999905 31.27043340066666 120.911968132 2.718300000 4.000000000 0.000146410 1.000000000 0.000000000 0.000000000 0.000174240 71.000000000 67.500000000 69.000000000 64.000000000
1750310249.799999952 31.27043339866667 120.911967642 2.705700000 4.000000000 0.000146410 1.000000000 0.000000000 0.000000000 0.000174240 71.000000000 67.500000000 69.000000000 64.000000000
1750310250.000000000 31.270433194333336 120.911967073 2.693400000 4.000000000 0.000146410 1.000000000 0.000000000 0.000000000 0.000174240 71.000000000 67.500000000 69.000000000 64.000000000
1750310250.200000048 31.270432960666668 120.911966591 2.678600000 4.000000000 0.000144000 1.000000000 0.000000000 0.000000000 0.000174240 75.000000000 73.000000000 73.000000000 71.000000000
1750310250.400000095 31.27043310383334 120.911966611 2.664400000 4.000000000 0.000132250 1.000000000 0.000000000 0.000000000 0.000166410 75.000000000 73.000000000 73.000000000 71.000000000
1750310250.599999905 31.27043310366666 120.911966599 2.664900000 4.000000000 0.000132250 1.000000000 0.000000000 0.000000000 0.000166410 75.000000000 73.000000000 73.000000000 71.000000000
1750310250.799999952 31.270433028833338 120.911966592 2.668000000 4.000000000 0.000132250 1.000000000 0.000000000 0.000000000 0.000166410 75.000000000 73.000000000 73.000000000 71.000000000
1750310251.000000000 31.270432965333328 120.911966730 2.676500000 4.000000000 0.000132250 1.000000000 0.000000000 0.000000000 0.000166410 75.000000000 73.000000000 73.000000000 71.000000000
1750310251.200000048 31.2704328855 120.911966926 2.686000000 4.000000000 0.000132250 1.000000000 0.000000000 0.000000000 0.000166410 82.000000000 78.500000000 75.000000000 75.000000000
1750310251.400000095 31.270432697999993 120.911967133 2.699400000 4.000000000 0.000127690 1.000000000 0.000000000 0.000000000 0.000169000 82.000000000 78.500000000 75.000000000 75.000000000
1750310251.599999905 31.27043254616666 120.911967325 2.705000000 4.000000000 0.000127690 1.000000000 0.000000000 0.000000000 0.000169000 82.000000000 78.500000000 75.000000000 75.000000000
1750310251.799999952 31.27043232966666 120.911967499 2.718600000 4.000000000 0.000127690 1.000000000 0.000000000 0.000000000 0.000169000 82.000000000 78.500000000 75.000000000 75.000000000
1750310252.000000000 31.27043208233333 120.911967647 2.720500000 4.000000000 0.000127690 1.000000000 0.000000000 0.000000000 0.000169000 82.000000000 78.500000000 75.000000000 75.000000000
1750310252.200000048 31.270431830666666 120.911967815 2.720900000 4.000000000 0.000129960 1.000000000 0.000000000 0.000000000 0.000169000 84.000000000 80.500000000 76.000000000 77.000000000
1750310252.400000095 31.270431858500004 120.911967971 2.683700000 4.000000000 0.000116640 1.000000000 0.000000000 0.000000000 0.000158760 84.000000000 80.500000000 76.000000000 77.000000000
1750310252.599999905 31.270431793499995 120.911967812 2.680500000 4.000000000 0.000116640 1.000000000 0.000000000 0.000000000 0.000161290 84.000000000 80.500000000 76.000000000 77.000000000
1750310252.799999952 31.270431460166662 120.911967407 2.683700000 4.000000000 0.000116640 1.000000000 0.000000000 0.000000000 0.000163840 84.000000000 80.500000000 76.000000000 77.000000000
1750310253.000000000 31.270431148166665 120.911966680 2.665600000 4.000000000 0.000116640 1.000000000 0.000000000 0.000000000 0.000158760 84.000000000 80.500000000 76.000000000 77.000000000
1750310253.200000048 31.270430970333337 120.911965715 2.659100000 4.000000000 0.000114490 1.000000000 0.000000000 0.000000000 0.000158760 91.000000000 84.000000000 76.000000000 77.000000000
1750310253.400000095 31.270430923999996 120.911965092 2.671600000 4.000000000 0.000112360 1.000000000 0.000000000 0.000000000 0.000151290 91.000000000 84.000000000 76.000000000 77.000000000
1750310253.599999905 31.270430974999996 120.911965400 2.663800000 4.000000000 0.000112360 1.000000000 0.000000000 0.000000000 0.000151290 91.000000000 84.000000000 76.000000000 77.000000000
1750310253.799999952 31.2704309465 120.911965310 2.666900000 4.000000000 0.000112360 1.000000000 0.000000000 0.000000000 0.000151290 91.000000000 84.000000000 76.000000000 77.000000000
1750310254.000000000 31.270430951166674 120.911965302 2.662900000 4.000000000 0.000112360 1.000000000 0.000000000 0.000000000 0.000151290 91.000000000 84.000000000 76.000000000 77.000000000
1750310254.200000048 31.270430913666672 120.911964893 2.653300000 4.000000000 0.000112360 1.000000000 0.000000000 0.000000000 0.000151290 86.000000000 83.000000000 77.000000000 80.000000000
1750310254.400000095 31.27043091733333 120.911964072 2.612800000 4.000000000 0.000114490 1.000000000 0.000000000 0.000000000 0.000148840 86.000000000 83.000000000 77.000000000 80.000000000
1750310254.599999905 31.270430770333334 120.911963234 2.602700000 4.000000000 0.000114490 1.000000000 0.000000000 0.000000000 0.000148840 86.000000000 83.000000000 77.000000000 80.000000000
1750310254.799999952 31.270430484833327 120.911962166 2.585500000 4.000000000 0.000114490 1.000000000 0.000000000 0.000000000 0.000148840 86.000000000 83.000000000 77.000000000 80.000000000
1750310255.000000000 31.27043056166667 120.911962179 2.590800000 4.000000000 0.000114490 1.000000000 0.000000000 0.000000000 0.000148840 86.000000000 83.000000000 77.000000000 80.000000000
1750310255.200000048 31.27043058016666 120.911962289 2.582400000 4.000000000 0.000114490 1.000000000 0.000000000 0.000000000 0.000148840 86.000000000 81.500000000 76.000000000 77.000000000
1750310255.400000095 31.27043057116667 120.911962238 2.583200000 4.000000000 0.000114490 1.000000000 0.000000000 0.000000000 0.000148840 86.000000000 81.500000000 76.000000000 77.000000000
1750310255.599999905 31.270430456666674 120.911962246 2.610800000 4.000000000 0.000112360 1.000000000 0.000000000 0.000000000 0.000146410 86.000000000 81.500000000 76.000000000 77.000000000
1750310255.799999952 31.27043035599999 120.911962267 2.609800000 4.000000000 0.000112360 1.000000000 0.000000000 0.000000000 0.000146410 86.000000000 81.500000000 76.000000000 77.000000000
1750310256.000000000 31.27043020716667 120.911962273 2.611200000 4.000000000 0.000114490 1.000000000 0.000000000 0.000000000 0.000146410 86.000000000 81.500000000 76.000000000 77.000000000
1750310256.200000048 31.270429924499993 120.911962256 2.626400000 4.000000000 0.000114490 1.000000000 0.000000000 0.000000000 0.000146410 84.000000000 81.000000000 77.000000000 78.000000000
1750310256.400000095 31.270429649999997 120.911962223 2.632100000 4.000000000 0.000114490 1.000000000 0.000000000 0.000000000 0.000146410 84.000000000 81.000000000 77.000000000 78.000000000
1750310256.599999905 31.270429315833326 120.911962012 2.646300000 4.000000000 0.000114490 1.000000000 0.000000000 0.000000000 0.000144000 84.000000000 81.000000000 77.000000000 78.000000000
1750310256.799999952 31.27042904833334 120.911961916 2.640000000 4.000000000 0.000114490 1.000000000 0.000000000 0.000000000 0.000141610 84.000000000 81.000000000 77.000000000 78.000000000
1750310257.000000000 31.27042895133333 120.911961739 2.622900000 4.000000000 0.000118810 1.000000000 0.000000000 0.000000000 0.000144000 84.000000000 81.000000000 77.000000000 78.000000000
1750310257.200000048 31.270428847333335 120.911961010 2.622700000 4.000000000 0.000114490 1.000000000 0.000000000 0.000000000 0.000144000 80.000000000 74.500000000 72.000000000 69.000000000
1750310257.400000095 31.270429008999997 120.911960078 2.600500000 4.000000000 0.000114490 1.000000000 0.000000000 0.000000000 0.000144000 80.000000000 74.500000000 72.000000000 69.000000000
1750310257.599999905 31.270429486833336 120.911959401 2.515000000 4.000000000 0.000118810 1.000000000 0.000000000 0.000000000 0.000148840 80.000000000 74.500000000 72.000000000 69.000000000
1750310257.799999952 31.270429992000004 120.911958457 2.535700000 4.000000000 0.000118810 1.000000000 0.000000000 0.000000000 0.000148840 80.000000000 74.500000000 72.000000000 69.000000000
1750310258.000000000 31.27043048516667 120.911957915 2.500300000 4.000000000 0.000121000 1.000000000 0.000000000 0.000000000 0.000148840 80.000000000 74.500000000 72.000000000 69.000000000
1750310258.200000048 31.270431035499996 120.911957197 2.495300000 4.000000000 0.000116640 1.000000000 0.000000000 0.000000000 0.000148840 84.000000000 77.500000000 73.000000000 71.000000000
1750310258.400000095 31.270431056000007 120.911956547 2.466400000 4.000000000 0.000116640 1.000000000 0.000000000 0.000000000 0.000148840 84.000000000 77.500000000 73.000000000 71.000000000
1750310258.599999905 31.27043082099999 120.911956234 2.446800000 4.000000000 0.000127690 1.000000000 0.000000000 0.000000000 0.000141610 84.000000000 77.500000000 73.000000000 71.000000000
1750310258.799999952 31.270430648499996 120.911955818 2.447400000 4.000000000 0.000129960 1.000000000 0.000000000 0.000000000 0.000141610 84.000000000 77.500000000 73.000000000 71.000000000
1750310259.000000000 31.270430651166663 120.911955714 2.440500000 4.000000000 0.000129960 1.000000000 0.000000000 0.000000000 0.000141610 84.000000000 77.500000000 73.000000000 71.000000000
1750310259.200000048 31.270430652 120.911955730 2.441400000 4.000000000 0.000127690 1.000000000 0.000000000 0.000000000 0.000141610 80.000000000 76.500000000 74.000000000 73.000000000
1750310259.400000095 31.2704306185 120.911955638 2.428700000 4.000000000 0.000141610 1.000000000 0.000000000 0.000000000 0.000144000 80.000000000 76.500000000 74.000000000 73.000000000
1750310259.599999905 31.270430689999998 120.911955730 2.440600000 4.000000000 0.000141610 1.000000000 0.000000000 0.000000000 0.000144000 80.000000000 76.500000000 74.000000000 73.000000000
1750310259.799999952 31.270430753166664 120.911955746 2.439800000 4.000000000 0.000141610 1.000000000 0.000000000 0.000000000 0.000144000 80.000000000 76.500000000 74.000000000 73.000000000
1750310260.000000000 31.270430746166667 120.911955735 2.434200000 4.000000000 0.000141610 1.000000000 0.000000000 0.000000000 0.000144000 80.000000000 76.500000000 74.000000000 73.000000000
1750310260.200000048 31.270430749833338 120.911955689 2.430900000 4.000000000 0.000141610 1.000000000 0.000000000 0.000000000 0.000141610 84.000000000 78.500000000 74.000000000 73.000000000
1750310260.400000095 31.270431002166674 120.911955375 2.416800000 4.000000000 0.000141610 1.000000000 0.000000000 0.000000000 0.000141610 84.000000000 78.500000000 74.000000000 73.000000000
1750310260.599999905 31.270431604500004 120.911954779 2.391600000 4.000000000 0.000116640 1.000000000 0.000000000 0.000000000 0.000132250 84.000000000 78.500000000 74.000000000 73.000000000
1750310260.799999952 31.27043240916666 120.911954406 2.366700000 4.000000000 0.000116640 1.000000000 0.000000000 0.000000000 0.000132250 84.000000000 78.500000000 74.000000000 73.000000000
1750310261.000000000 31.27043310100001 120.911954014 2.349300000 4.000000000 0.000116640 1.000000000 0.000000000 0.000000000 0.000132250 84.000000000 78.500000000 74.000000000 73.000000000
1750310261.200000048 31.270433850333333 120.911953727 2.322900000 4.000000000 0.000116640 1.000000000 0.000000000 0.000000000 0.000132250 78.000000000 74.000000000 74.000000000 70.000000000
1750310261.400000095 31.270434480333336 120.911953383 2.298400000 4.000000000 0.000116640 1.000000000 0.000000000 0.000000000 0.000141610 78.000000000 74.000000000 74.000000000 70.000000000
1750310261.599999905 31.270435056666656 120.911952997 2.292400000 4.000000000 0.000116640 1.000000000 0.000000000 0.000000000 0.000141610 78.000000000 74.000000000 74.000000000 70.000000000
1750310261.799999952 31.270435079833334 120.911952575 2.278200000 4.000000000 0.000116640 1.000000000 0.000000000 0.000000000 0.000141610 78.000000000 74.000000000 74.000000000 70.000000000
1750310262.000000000 31.270435046333333 120.911952329 2.275100000 4.000000000 0.000116640 1.000000000 0.000000000 0.000000000 0.000141610 78.000000000 74.000000000 74.000000000 70.000000000
1750310262.200000048 31.270435071833333 120.911952074 2.269500000 4.000000000 0.000114490 1.000000000 0.000000000 0.000000000 0.000139240 80.000000000 76.000000000 75.000000000 72.000000000
1750310262.400000095 31.270435136999993 120.911952169 2.257100000 4.000000000 0.000121000 1.000000000 0.000000000 0.000000000 0.000146410 80.000000000 76.000000000 75.000000000 72.000000000
1750310262.599999905 31.270435140833342 120.911952170 2.254200000 4.000000000 0.000121000 1.000000000 0.000000000 0.000000000 0.000146410 80.000000000 76.000000000 75.000000000 72.000000000
1750310262.799999952 31.27043544883334 120.911951979 2.248600000 4.000000000 0.000121000 1.000000000 0.000000000 0.000000000 0.000146410 80.000000000 76.000000000 75.000000000 72.000000000
1750310263.000000000 31.270436034499994 120.911951654 2.241400000 4.000000000 0.000121000 1.000000000 0.000000000 0.000000000 0.000146410 80.000000000 76.000000000 75.000000000 72.000000000
1750310263.200000048 31.270436814666667 120.911951421 2.230200000 4.000000000 0.000121000 1.000000000 0.000000000 0.000000000 0.000148840 76.000000000 75.000000000 76.000000000 74.000000000
1750310263.400000095 31.270437463833332 120.911951015 2.251800000 4.000000000 0.000121000 1.000000000 0.000000000 0.000000000 0.000153760 76.000000000 75.000000000 76.000000000 74.000000000
1750310263.599999905 31.27043821699999 120.911950736 2.248000000 4.000000000 0.000121000 1.000000000 0.000000000 0.000000000 0.000153760 76.000000000 75.000000000 76.000000000 74.000000000
1750310263.799999952 31.270438886500003 120.911950242 2.238500000 4.000000000 0.000121000 1.000000000 0.000000000 0.000000000 0.000153760 76.000000000 75.000000000 76.000000000 74.000000000
1750310264.000000000 31.270439055666657 120.911949852 2.230200000 4.000000000 0.000121000 1.000000000 0.000000000 0.000000000 0.000153760 76.000000000 75.000000000 76.000000000 74.000000000
1750310264.200000048 31.270439100666664 120.911949612 2.227000000 4.000000000 0.000121000 1.000000000 0.000000000 0.000000000 0.000153760 80.000000000 77.000000000 76.000000000 74.000000000
1750310264.400000095 31.270439152833333 120.911949311 2.228800000 4.000000000 0.000121000 1.000000000 0.000000000 0.000000000 0.000153760 80.000000000 77.000000000 76.000000000 74.000000000
1750310264.599999905 31.270439155333335 120.911949282 2.259500000 4.000000000 0.000108160 1.000000000 0.000000000 0.000000000 0.000144000 80.000000000 77.000000000 76.000000000 74.000000000
1750310264.799999952 31.27043916933333 120.911949325 2.268000000 4.000000000 0.000108160 1.000000000 0.000000000 0.000000000 0.000144000 80.000000000 77.000000000 76.000000000 74.000000000
1750310265.000000000 31.27043954616667 120.911949223 2.255500000 4.000000000 0.000108160 1.000000000 0.000000000 0.000000000 0.000146410 80.000000000 77.000000000 76.000000000 74.000000000
1750310265.200000048 31.270440246166658 120.911949218 2.231300000 4.000000000 0.000110250 1.000000000 0.000000000 0.000000000 0.000146410 74.000000000 74.000000000 76.000000000 74.000000000
1750310265.400000095 31.270441026166665 120.911949229 2.212200000 4.000000000 0.000141610 1.000000000 0.000000000 0.000000000 0.000171610 74.000000000 74.000000000 76.000000000 74.000000000
1750310265.599999905 31.270441706499994 120.911949421 2.190800000 4.000000000 0.000141610 1.000000000 0.000000000 0.000000000 0.000174240 74.000000000 74.000000000 76.000000000 74.000000000
1750310265.799999952 31.270442382666673 120.911949493 2.182900000 4.000000000 0.000141610 1.000000000 0.000000000 0.000000000 0.000174240 74.000000000 74.000000000 76.000000000 74.000000000
1750310266.000000000 31.270442776166675 120.911949781 2.171000000 4.000000000 0.000141610 1.000000000 0.000000000 0.000000000 0.000174240 74.000000000 74.000000000 76.000000000 74.000000000
1750310266.200000048 31.270442797666675 120.911950183 2.169300000 4.000000000 0.000141610 1.000000000 0.000000000 0.000000000 0.000174240 70.000000000 70.000000000 74.000000000 70.000000000
1750310266.400000095 31.27044288916666 120.911950516 2.193300000 4.000000000 0.000163840 1.000000000 0.000000000 0.000000000 0.000216090 70.000000000 70.000000000 74.000000000 70.000000000
1750310266.599999905 31.270442915666663 120.911950539 2.194100000 4.000000000 0.000163840 1.000000000 0.000000000 0.000000000 0.000216090 70.000000000 70.000000000 74.000000000 70.000000000
1750310266.799999952 31.270442912333337 120.911950524 2.194500000 4.000000000 0.000163840 1.000000000 0.000000000 0.000000000 0.000216090 70.000000000 70.000000000 74.000000000 70.000000000
1750310267.000000000 31.270442912333337 120.911950486 2.194700000 4.000000000 0.000163840 1.000000000 0.000000000 0.000000000 0.000216090 70.000000000 70.000000000 74.000000000 70.000000000
1750310267.200000048 31.270443288333325 120.911950436 2.183700000 4.000000000 0.000163840 1.000000000 0.000000000 0.000000000 0.000216090 70.000000000 71.000000000 75.000000000 72.000000000
1750310267.400000095 31.270444111166668 120.911950292 2.154300000 4.000000000 0.000166410 1.000000000 0.000000000 0.000000000 0.000198810 70.000000000 71.000000000 75.000000000 72.000000000
1750310267.599999905 31.270444892 120.911950161 2.140800000 4.000000000 0.000166410 1.000000000 0.000000000 0.000000000 0.000198810 70.000000000 71.000000000 75.000000000 72.000000000
1750310267.799999952 31.27044560249999 120.911950107 2.134500000 4.000000000 0.000166410 1.000000000 0.000000000 0.000000000 0.000198810 70.000000000 71.000000000 75.000000000 72.000000000
1750310268.000000000 31.270446435500006 120.911950090 2.134600000 4.000000000 0.000166410 1.000000000 0.000000000 0.000000000 0.000198810 70.000000000 71.000000000 75.000000000 72.000000000
1750310268.200000048 31.270447122500002 120.911949791 2.128100000 4.000000000 0.000163840 1.000000000 0.000000000 0.000000000 0.000196000 78.000000000 74.000000000 74.000000000 70.000000000
1750310268.400000095 31.27044773766667 120.911949518 2.164300000 4.000000000 0.000123210 1.000000000 0.000000000 0.000000000 0.000125440 78.000000000 74.000000000 74.000000000 70.000000000
1750310268.599999905 31.27044833566667 120.911949202 2.170500000 4.000000000 0.000123210 1.000000000 0.000000000 0.000000000 0.000125440 78.000000000 74.000000000 74.000000000 70.000000000
1750310268.799999952 31.27044887566666 120.911949200 2.153600000 4.000000000 0.000123210 1.000000000 0.000000000 0.000000000 0.000125440 78.000000000 74.000000000 74.000000000 70.000000000
1750310269.000000000 31.2704487635 120.911949207 2.153700000 4.000000000 0.000123210 1.000000000 0.000000000 0.000000000 0.000125440 78.000000000 74.000000000 74.000000000 70.000000000
1750310269.200000048 31.2704487555 120.911949135 2.153700000 4.000000000 0.000123210 1.000000000 0.000000000 0.000000000 0.000125440 80.000000000 76.000000000 75.000000000 72.000000000
1750310269.400000095 31.27044871066667 120.911949021 2.156300000 4.000000000 0.000123210 1.000000000 0.000000000 0.000000000 0.000125440 80.000000000 76.000000000 75.000000000 72.000000000
1750310269.599999905 31.270448657166668 120.911948821 2.154500000 4.000000000 0.000116640 1.000000000 0.000000000 0.000000000 0.000114490 80.000000000 76.000000000 75.000000000 72.000000000
1750310269.799999952 31.270448606833327 120.911948502 2.155700000 4.000000000 0.000116640 1.000000000 0.000000000 0.000000000 0.000114490 80.000000000 76.000000000 75.000000000 72.000000000
1750310270.000000000 31.270448505666664 120.911948197 2.157200000 4.000000000 0.000116640 1.000000000 0.000000000 0.000000000 0.000114490 80.000000000 76.000000000 75.000000000 72.000000000
1750310270.200000048 31.270448437499994 120.911947911 2.151400000 4.000000000 0.000116640 1.000000000 0.000000000 0.000000000 0.000114490 82.000000000 78.000000000 76.000000000 74.000000000
1750310270.400000095 31.270448443666666 120.911947907 2.140700000 4.000000000 0.000112360 1.000000000 0.000000000 0.000000000 0.000110250 82.000000000 78.000000000 76.000000000 74.000000000
1750310270.599999905 31.270448438499997 120.911947904 2.144600000 4.000000000 0.000112360 1.000000000 0.000000000 0.000000000 0.000110250 82.000000000 78.000000000 76.000000000 74.000000000
1750310270.799999952 31.27044847166667 120.911947911 2.142400000 4.000000000 0.000112360 1.000000000 0.000000000 0.000000000 0.000112360 82.000000000 78.000000000 76.000000000 74.000000000
1750310271.000000000 31.27044879416667 120.911947908 2.140400000 4.000000000 0.000112360 1.000000000 0.000000000 0.000000000 0.000112360 82.000000000 78.000000000 76.000000000 74.000000000
1750310271.200000048 31.270449442666674 120.911947775 2.140300000 4.000000000 0.000112360 1.000000000 0.000000000 0.000000000 0.000112360 85.000000000 79.500000000 76.000000000 74.000000000
1750310271.400000095 31.270450158333333 120.911947744 2.139800000 4.000000000 0.000110250 1.000000000 0.000000000 0.000000000 0.000108160 85.000000000 79.500000000 76.000000000 74.000000000
1750310271.599999905 31.270450905000004 120.911947728 2.136400000 4.000000000 0.000110250 1.000000000 0.000000000 0.000000000 0.000108160 85.000000000 79.500000000 76.000000000 74.000000000
1750310271.799999952 31.27045158850001 120.911947644 2.130800000 4.000000000 0.000110250 1.000000000 0.000000000 0.000000000 0.000108160 85.000000000 79.500000000 76.000000000 74.000000000
1750310272.000000000 31.270452295499993 120.911947608 2.138300000 4.000000000 0.000110250 1.000000000 0.000000000 0.000000000 0.000110250 85.000000000 79.500000000 76.000000000 74.000000000
1750310272.200000048 31.270453016666664 120.911947422 2.131100000 4.000000000 0.000108160 1.000000000 0.000000000 0.000000000 0.000108160 85.000000000 80.500000000 77.000000000 76.000000000
1750310272.400000095 31.27045370966667 120.911947379 2.136000000 4.000000000 0.000108160 1.000000000 0.000000000 0.000000000 0.000108160 85.000000000 80.500000000 77.000000000 76.000000000
1750310272.599999905 31.270454462666663 120.911947439 2.105600000 4.000000000 0.000090250 1.000000000 0.000000000 0.000000000 0.000098010 85.000000000 80.500000000 77.000000000 76.000000000
1750310272.799999952 31.27045440500001 120.911947426 2.100700000 4.000000000 0.000090250 1.000000000 0.000000000 0.000000000 0.000098010 85.000000000 80.500000000 77.000000000 76.000000000
1750310273.000000000 31.270454402833337 120.911947427 2.103300000 4.000000000 0.000090250 1.000000000 0.000000000 0.000000000 0.000098010 85.000000000 80.500000000 77.000000000 76.000000000
1750310273.200000048 31.27045445183333 120.911947473 2.100400000 4.000000000 0.000090250 1.000000000 0.000000000 0.000000000 0.000098010 85.000000000 82.500000000 79.000000000 80.000000000
1750310273.400000095 31.270454467333337 120.911947686 2.101200000 4.000000000 0.000090250 1.000000000 0.000000000 0.000000000 0.000098010 85.000000000 82.500000000 79.000000000 80.000000000
1750310273.599999905 31.27045455216667 120.911947965 2.104000000 4.000000000 0.000092160 1.000000000 0.000000000 0.000000000 0.000086490 85.000000000 82.500000000 79.000000000 80.000000000
1750310273.799999952 31.27045456266667 120.911947912 2.102200000 4.000000000 0.000092160 1.000000000 0.000000000 0.000000000 0.000086490 85.000000000 82.500000000 79.000000000 80.000000000
1750310274.000000000 31.270454527666672 120.911947906 2.106400000 4.000000000 0.000092160 1.000000000 0.000000000 0.000000000 0.000086490 85.000000000 82.500000000 79.000000000 80.000000000
1750310274.200000048 31.270454588000007 120.911947878 2.101400000 4.000000000 0.000092160 1.000000000 0.000000000 0.000000000 0.000086490 87.000000000 84.500000000 80.000000000 82.000000000
1750310274.400000095 31.270455000166663 120.911947817 2.089200000 4.000000000 0.000092160 1.000000000 0.000000000 0.000000000 0.000086490 87.000000000 84.500000000 80.000000000 82.000000000
1750310274.599999905 31.27045577366667 120.911947485 2.098500000 4.000000000 0.000090250 1.000000000 0.000000000 0.000000000 0.000088360 87.000000000 84.500000000 80.000000000 82.000000000
1750310274.799999952 31.270456549333332 120.911947220 2.105100000 4.000000000 0.000090250 1.000000000 0.000000000 0.000000000 0.000088360 87.000000000 84.500000000 80.000000000 82.000000000
1750310275.000000000 31.270457159499998 120.911946935 2.095400000 4.000000000 0.000092160 1.000000000 0.000000000 0.000000000 0.000088360 87.000000000 84.500000000 80.000000000 82.000000000
1750310275.200000048 31.270457843333332 120.911946674 2.092200000 4.000000000 0.000092160 1.000000000 0.000000000 0.000000000 0.000090250 85.000000000 82.500000000 79.000000000 80.000000000
1750310275.400000095 31.27045850766666 120.911946489 2.087100000 4.000000000 0.000092160 1.000000000 0.000000000 0.000000000 0.000090250 85.000000000 82.500000000 79.000000000 80.000000000
1750310275.599999905 31.27045915416666 120.911946420 2.081300000 4.000000000 0.000098010 1.000000000 0.000000000 0.000000000 0.000098010 85.000000000 82.500000000 79.000000000 80.000000000
1750310275.799999952 31.270459907000003 120.911946345 2.077200000 4.000000000 0.000098010 1.000000000 0.000000000 0.000000000 0.000098010 85.000000000 82.500000000 79.000000000 80.000000000
1750310276.000000000 31.270460552999992 120.911946248 2.076600000 4.000000000 0.000098010 1.000000000 0.000000000 0.000000000 0.000098010 85.000000000 82.500000000 79.000000000 80.000000000
1750310276.200000048 31.270461185499997 120.911946068 2.081200000 4.000000000 0.000098010 1.000000000 0.000000000 0.000000000 0.000098010 85.000000000 83.500000000 80.000000000 82.000000000
1750310276.400000095 31.2704618275 120.911945877 2.075000000 4.000000000 0.000098010 1.000000000 0.000000000 0.000000000 0.000098010 85.000000000 83.500000000 80.000000000 82.000000000
1750310276.599999905 31.270462573166668 120.911945780 2.082900000 4.000000000 0.000094090 1.000000000 0.000000000 0.000000000 0.000092160 85.000000000 83.500000000 80.000000000 82.000000000
1750310276.799999952 31.27046236416666 120.911945782 2.080800000 4.000000000 0.000094090 1.000000000 0.000000000 0.000000000 0.000092160 85.000000000 83.500000000 80.000000000 82.000000000
1750310277.000000000 31.270462414666667 120.911945774 2.069700000 4.000000000 0.000094090 1.000000000 0.000000000 0.000000000 0.000094090 85.000000000 83.500000000 80.000000000 82.000000000
1750310277.200000048 31.270462404 120.911945731 2.079900000 4.000000000 0.000096040 1.000000000 0.000000000 0.000000000 0.000094090 82.000000000 82.000000000 80.000000000 82.000000000
1750310277.400000095 31.270462448333333 120.911945787 2.071500000 4.000000000 0.000094090 1.000000000 0.000000000 0.000000000 0.000094090 82.000000000 82.000000000 80.000000000 82.000000000
1750310277.599999905 31.27046243316667 120.911946003 2.081800000 4.000000000 0.000102010 1.000000000 0.000000000 0.000000000 0.000098010 82.000000000 82.000000000 80.000000000 82.000000000
1750310277.799999952 31.27046246916666 120.911945974 2.080400000 4.000000000 0.000102010 1.000000000 0.000000000 0.000000000 0.000098010 82.000000000 82.000000000 80.000000000 82.000000000
1750310278.000000000 31.27046250816666 120.911945998 2.087800000 4.000000000 0.000102010 1.000000000 0.000000000 0.000000000 0.000098010 82.000000000 82.000000000 80.000000000 82.000000000
1750310278.200000048 31.270462523666666 120.911945995 2.083000000 4.000000000 0.000102010 1.000000000 0.000000000 0.000000000 0.000098010 82.000000000 81.000000000 79.000000000 80.000000000
1750310278.400000095 31.270462870833327 120.911946004 2.081700000 4.000000000 0.000102010 1.000000000 0.000000000 0.000000000 0.000098010 82.000000000 81.000000000 79.000000000 80.000000000
1750310278.599999905 31.270463545833337 120.911945981 2.062400000 4.000000000 0.000100000 1.000000000 0.000000000 0.000000000 0.000123210 82.000000000 81.000000000 79.000000000 80.000000000
1750310278.799999952 31.270464328333333 120.911945842 2.071200000 4.000000000 0.000102010 1.000000000 0.000000000 0.000000000 0.000123210 82.000000000 81.000000000 79.000000000 80.000000000
1750310279.000000000 31.270465021333337 120.911945724 2.067000000 4.000000000 0.000102010 1.000000000 0.000000000 0.000000000 0.000125440 82.000000000 81.000000000 79.000000000 80.000000000
1750310279.200000048 31.27046555866667 120.911945705 2.061900000 4.000000000 0.000104040 1.000000000 0.000000000 0.000000000 0.000125440 80.000000000 79.000000000 78.000000000 78.000000000
1750310279.400000095 31.270465442666662 120.911945737 2.057000000 4.000000000 0.000104040 1.000000000 0.000000000 0.000000000 0.000125440 80.000000000 79.000000000 78.000000000 78.000000000
1750310279.599999905 31.270465400333336 120.911945729 2.042700000 4.000000000 0.000127690 1.000000000 0.000000000 0.000000000 0.000151290 80.000000000 79.000000000 78.000000000 78.000000000
1750310279.799999952 31.270465460500006 120.911945719 2.051200000 4.000000000 0.000127690 1.000000000 0.000000000 0.000000000 0.000151290 80.000000000 79.000000000 78.000000000 78.000000000
1750310280.000000000 31.270465493333333 120.911945747 2.049500000 4.000000000 0.000129960 1.000000000 0.000000000 0.000000000 0.000153760 80.000000000 79.000000000 78.000000000 78.000000000
1750310280.200000048 31.27046549683334 120.911945743 2.039800000 4.000000000 0.000129960 1.000000000 0.000000000 0.000000000 0.000153760 74.000000000 73.000000000 75.000000000 72.000000000
1750310280.400000095 31.270465540833328 120.911945814 2.050800000 4.000000000 0.000163840 1.000000000 0.000000000 0.000000000 0.000196000 74.000000000 73.000000000 75.000000000 72.000000000
1750310280.599999905 31.270465483500004 120.911945771 2.049800000 4.000000000 0.000163840 1.000000000 0.000000000 0.000000000 0.000196000 74.000000000 73.000000000 75.000000000 72.000000000
1750310280.799999952 31.270465407833328 120.911945521 2.053600000 4.000000000 0.000163840 1.000000000 0.000000000 0.000000000 0.000196000 74.000000000 73.000000000 75.000000000 72.000000000
1750310281.000000000 31.27046543433333 120.911945309 2.068600000 4.000000000 0.000163840 1.000000000 0.000000000 0.000000000 0.000196000 74.000000000 73.000000000 75.000000000 72.000000000
1750310281.200000048 31.27046536333333 120.911945266 2.062600000 4.000000000 0.000163840 1.000000000 0.000000000 0.000000000 0.000198810 63.000000000 68.500000000 76.000000000 74.000000000
1750310281.400000095 31.27046541766667 120.911945194 2.052900000 4.000000000 0.000179560 1.000000000 0.000000000 0.000000000 0.000184960 63.000000000 68.500000000 76.000000000 74.000000000
1750310281.599999905 31.270465480666672 120.911945108 2.050600000 4.000000000 0.000182250 1.000000000 0.000000000 0.000000000 0.000184960 63.000000000 68.500000000 76.000000000 74.000000000
1750310281.799999952 31.270465887499995 120.911944913 2.044100000 4.000000000 0.000182250 1.000000000 0.000000000 0.000000000 0.000184960 63.000000000 68.500000000 76.000000000 74.000000000
1750310282.000000000 31.27046657016666 120.911944723 2.047800000 4.000000000 0.000182250 1.000000000 0.000000000 0.000000000 0.000187690 63.000000000 68.500000000 76.000000000 74.000000000
1750310282.200000048 31.270467364833337 120.911944536 2.026700000 4.000000000 0.000182250 1.000000000 0.000000000 0.000000000 0.000187690 61.000000000 66.500000000 75.000000000 72.000000000
1750310282.400000095 31.270467961999998 120.911944415 2.034800000 4.000000000 0.000190440 1.000000000 0.000000000 0.000000000 0.000187690 61.000000000 66.500000000 75.000000000 72.000000000
1750310282.599999905 31.2704686445 120.911944394 2.035700000 4.000000000 0.000190440 1.000000000 0.000000000 0.000000000 0.000187690 61.000000000 66.500000000 75.000000000 72.000000000
1750310282.799999952 31.270469262000006 120.911944242 2.035800000 4.000000000 0.000190440 1.000000000 0.000000000 0.000000000 0.000187690 61.000000000 66.500000000 75.000000000 72.000000000
1750310283.000000000 31.270469955500005 120.911944251 2.035800000 4.000000000 0.000190440 1.000000000 0.000000000 0.000000000 0.000187690 61.000000000 66.500000000 75.000000000 72.000000000
1750310283.200000048 31.27047063233333 120.911944094 2.036100000 4.000000000 0.000187690 1.000000000 0.000000000 0.000000000 0.000182250 72.000000000 71.000000000 74.000000000 70.000000000
1750310283.400000095 31.270471383166665 120.911943806 2.065200000 4.000000000 0.000187690 1.000000000 0.000000000 0.000000000 0.000182250 72.000000000 71.000000000 74.000000000 70.000000000
1750310283.599999905 31.270472009000002 120.911943874 2.045200000 4.000000000 0.000136890 1.000000000 0.000000000 0.000000000 0.000148840 72.000000000 71.000000000 74.000000000 70.000000000
1750310283.799999952 31.270472731333328 120.911943792 2.053700000 4.000000000 0.000136890 1.000000000 0.000000000 0.000000000 0.000148840 72.000000000 71.000000000 74.000000000 70.000000000
1750310284.000000000 31.270473351999996 120.911943546 2.053100000 4.000000000 0.000136890 1.000000000 0.000000000 0.000000000 0.000148840 72.000000000 71.000000000 74.000000000 70.000000000
1750310284.200000048 31.270473978333328 120.911943354 2.048800000 4.000000000 0.000136890 1.000000000 0.000000000 0.000000000 0.000148840 70.000000000 72.000000000 76.000000000 74.000000000
1750310284.400000095 31.270474653500003 120.911943213 2.045900000 4.000000000 0.000125440 1.000000000 0.000000000 0.000000000 0.000134560 70.000000000 72.000000000 76.000000000 74.000000000
1750310284.599999905 31.270475357500004 120.911943016 2.051700000 4.000000000 0.000125440 1.000000000 0.000000000 0.000000000 0.000134560 70.000000000 72.000000000 76.000000000 74.000000000
1750310284.799999952 31.270476156 120.911942907 2.053100000 4.000000000 0.000125440 1.000000000 0.000000000 0.000000000 0.000134560 70.000000000 72.000000000 76.000000000 74.000000000
1750310285.000000000 31.27047698566666 120.911942820 2.068400000 4.000000000 0.000125440 1.000000000 0.000000000 0.000000000 0.000134560 70.000000000 72.000000000 76.000000000 74.000000000
1750310285.200000048 31.27047773533333 120.911942856 2.078500000 4.000000000 0.000123210 1.000000000 0.000000000 0.000000000 0.000134560 68.000000000 71.000000000 76.000000000 74.000000000
1750310285.400000095 31.270478410833334 120.911942580 2.072400000 4.000000000 0.000116640 1.000000000 0.000000000 0.000000000 0.000125440 68.000000000 71.000000000 76.000000000 74.000000000
1750310285.599999905 31.270479028500006 120.911942292 2.067200000 4.000000000 0.000116640 1.000000000 0.000000000 0.000000000 0.000125440 68.000000000 71.000000000 76.000000000 74.000000000
1750310285.799999952 31.27047972533333 120.911942260 2.052700000 4.000000000 0.000116640 1.000000000 0.000000000 0.000000000 0.000125440 68.000000000 71.000000000 76.000000000 74.000000000
1750310286.000000000 31.270480344666666 120.911941883 2.058800000 4.000000000 0.000116640 1.000000000 0.000000000 0.000000000 0.000125440 68.000000000 71.000000000 76.000000000 74.000000000
1750310286.200000048 31.27048091183333 120.911941297 2.026900000 4.000000000 0.000118810 1.000000000 0.000000000 0.000000000 0.000125440 78.000000000 78.000000000 78.000000000 78.000000000
1750310286.400000095 31.270481509999996 120.911940892 2.034700000 4.000000000 0.000114490 1.000000000 0.000000000 0.000000000 0.000125440 78.000000000 78.000000000 78.000000000 78.000000000
1750310286.599999905 31.270482102666662 120.911940549 2.034100000 4.000000000 0.000114490 1.000000000 0.000000000 0.000000000 0.000125440 78.000000000 78.000000000 78.000000000 78.000000000
1750310286.799999952 31.27048254416667 120.911940092 2.027400000 4.000000000 0.000114490 1.000000000 0.000000000 0.000000000 0.000127690 78.000000000 78.000000000 78.000000000 78.000000000
1750310287.000000000 31.270483190166672 120.911939676 2.023800000 4.000000000 0.000114490 1.000000000 0.000000000 0.000000000 0.000127690 78.000000000 78.000000000 78.000000000 78.000000000
1750310287.200000048 31.270483392833327 120.911939256 2.020800000 4.000000000 0.000114490 1.000000000 0.000000000 0.000000000 0.000127690 80.000000000 78.000000000 77.000000000 76.000000000
1750310287.400000095 31.2704833815 120.911939030 2.019500000 4.000000000 0.000114490 1.000000000 0.000000000 0.000000000 0.000127690 80.000000000 78.000000000 77.000000000 76.000000000
1750310287.599999905 31.270483599499997 120.911938836 2.039500000 4.000000000 0.000112360 1.000000000 0.000000000 0.000000000 0.000136890 80.000000000 78.000000000 77.000000000 76.000000000
1750310287.799999952 31.27048437966667 120.911938728 2.044800000 4.000000000 0.000112360 1.000000000 0.000000000 0.000000000 0.000136890 80.000000000 78.000000000 77.000000000 76.000000000
1750310288.000000000 31.270485124000004 120.911938911 2.042100000 4.000000000 0.000112360 1.000000000 0.000000000 0.000000000 0.000136890 80.000000000 78.000000000 77.000000000 76.000000000
1750310288.200000048 31.27048580799999 120.911939308 2.047400000 4.000000000 0.000112360 1.000000000 0.000000000 0.000000000 0.000136890 82.000000000 80.000000000 78.000000000 78.000000000
1750310288.400000095 31.270486048500004 120.911939690 2.058400000 4.000000000 0.000112360 1.000000000 0.000000000 0.000000000 0.000136890 82.000000000 80.000000000 78.000000000 78.000000000
1750310288.599999905 31.27048609966667 120.911939931 2.046800000 4.000000000 0.000132250 1.000000000 0.000000000 0.000000000 0.000144000 82.000000000 80.000000000 78.000000000 78.000000000
1750310288.799999952 31.27048614666667 120.911940226 2.065500000 4.000000000 0.000134560 1.000000000 0.000000000 0.000000000 0.000146410 82.000000000 80.000000000 78.000000000 78.000000000
1750310289.000000000 31.270486136833327 120.911940487 2.046300000 4.000000000 0.000134560 1.000000000 0.000000000 0.000000000 0.000146410 82.000000000 80.000000000 78.000000000 78.000000000
1750310289.200000048 31.270486149166658 120.911940402 2.047300000 4.000000000 0.000132250 1.000000000 0.000000000 0.000000000 0.000144000 87.000000000 78.500000000 74.000000000 70.000000000
1750310289.400000095 31.2704861295 120.911940415 2.048800000 4.000000000 0.000132250 1.000000000 0.000000000 0.000000000 0.000144000 87.000000000 78.500000000 74.000000000 70.000000000
1750310289.599999905 31.270486277999993 120.911940551 2.061600000 4.000000000 0.000121000 1.000000000 0.000000000 0.000000000 0.000116640 87.000000000 78.500000000 74.000000000 70.000000000
1750310289.799999952 31.270486674499992 120.911940494 2.053300000 4.000000000 0.000121000 1.000000000 0.000000000 0.000000000 0.000116640 87.000000000 78.500000000 74.000000000 70.000000000
1750310290.000000000 31.270487371 120.911940408 2.060200000 4.000000000 0.000121000 1.000000000 0.000000000 0.000000000 0.000116640 87.000000000 78.500000000 74.000000000 70.000000000
1750310290.200000048 31.270488024499997 120.911940152 2.059100000 4.000000000 0.000118810 1.000000000 0.000000000 0.000000000 0.000116640 85.000000000 81.500000000 78.000000000 78.000000000
1750310290.400000095 31.270488650333334 120.911939949 2.058900000 4.000000000 0.000118810 1.000000000 0.000000000 0.000000000 0.000116640 85.000000000 81.500000000 78.000000000 78.000000000
1750310290.599999905 31.270489361499997 120.911939731 2.050000000 4.000000000 0.000116640 1.000000000 0.000000000 0.000000000 0.000108160 85.000000000 81.500000000 78.000000000 78.000000000
1750310290.799999952 31.2704899755 120.911939477 2.057000000 4.000000000 0.000116640 1.000000000 0.000000000 0.000000000 0.000108160 85.000000000 81.500000000 78.000000000 78.000000000
1750310291.000000000 31.27049064966667 120.911939279 2.054300000 4.000000000 0.000116640 1.000000000 0.000000000 0.000000000 0.000108160 85.000000000 81.500000000 78.000000000 78.000000000
1750310291.200000048 31.270491262000007 120.911939156 2.056900000 4.000000000 0.000116640 1.000000000 0.000000000 0.000000000 0.000108160 82.000000000 82.000000000 80.000000000 82.000000000
1750310291.400000095 31.270491971666672 120.911938961 2.055100000 4.000000000 0.000116640 1.000000000 0.000000000 0.000000000 0.000108160 82.000000000 82.000000000 80.000000000 82.000000000
1750310291.599999905 31.27049254266666 120.911938829 2.064200000 4.000000000 0.000112360 1.000000000 0.000000000 0.000000000 0.000104040 82.000000000 82.000000000 80.000000000 82.000000000
1750310291.799999952 31.270493172000002 120.911938791 2.071700000 4.000000000 0.000114490 1.000000000 0.000000000 0.000000000 0.000104040 82.000000000 82.000000000 80.000000000 82.000000000
1750310292.000000000 31.27049386183333 120.911938846 2.066200000 4.000000000 0.000114490 1.000000000 0.000000000 0.000000000 0.000104040 82.000000000 82.000000000 80.000000000 82.000000000
1750310292.200000048 31.270494561666666 120.911938649 2.063300000 4.000000000 0.000114490 1.000000000 0.000000000 0.000000000 0.000104040 70.000000000 70.000000000 74.000000000 70.000000000
1750310292.400000095 31.270495166666663 120.911938212 2.066200000 4.000000000 0.000132250 1.000000000 0.000000000 0.000000000 0.000125440 70.000000000 70.000000000 74.000000000 70.000000000
1750310292.599999905 31.270495786833337 120.911937996 2.073200000 4.000000000 0.000132250 1.000000000 0.000000000 0.000000000 0.000125440 70.000000000 70.000000000 74.000000000 70.000000000
1750310292.799999952 31.27049642466666 120.911938038 2.066100000 4.000000000 0.000132250 1.000000000 0.000000000 0.000000000 0.000125440 70.000000000 70.000000000 74.000000000 70.000000000
1750310293.000000000 31.270497214000002 120.911937984 2.080200000 4.000000000 0.000132250 1.000000000 0.000000000 0.000000000 0.000125440 70.000000000 70.000000000 74.000000000 70.000000000
1750310293.200000048 31.27049776566666 120.911937877 2.060700000 4.000000000 0.000132250 1.000000000 0.000000000 0.000000000 0.000125440 78.000000000 74.000000000 74.000000000 70.000000000
1750310293.400000095 31.2704983485 120.911937543 2.064400000 4.000000000 0.000123210 1.000000000 0.000000000 0.000000000 0.000144000 78.000000000 74.000000000 74.000000000 70.000000000
1750310293.599999905 31.270499140833337 120.911937341 2.071300000 4.000000000 0.000123210 1.000000000 0.000000000 0.000000000 0.000146410 78.000000000 74.000000000 74.000000000 70.000000000
1750310293.799999952 31.27049987433334 120.911937117 2.072400000 4.000000000 0.000123210 1.000000000 0.000000000 0.000000000 0.000146410 78.000000000 74.000000000 74.000000000 70.000000000
1750310294.000000000 31.27050057983334 120.911936970 2.061700000 4.000000000 0.000123210 1.000000000 0.000000000 0.000000000 0.000146410 78.000000000 74.000000000 74.000000000 70.000000000
1750310294.200000048 31.270501135333333 120.911936766 2.076000000 4.000000000 0.000125440 1.000000000 0.000000000 0.000000000 0.000146410 70.000000000 73.000000000 77.000000000 76.000000000
1750310294.400000095 31.270501879666668 120.911936655 2.076700000 4.000000000 0.000144000 1.000000000 0.000000000 0.000000000 0.000163840 70.000000000 73.000000000 77.000000000 76.000000000
1750310294.599999905 31.270502491499997 120.911936478 2.063900000 4.000000000 0.000144000 1.000000000 0.000000000 0.000000000 0.000166410 70.000000000 73.000000000 77.000000000 76.000000000
1750310294.799999952 31.270503132833326 120.911936205 2.071500000 4.000000000 0.000144000 1.000000000 0.000000000 0.000000000 0.000166410 70.000000000 73.000000000 77.000000000 76.000000000
1750310295.000000000 31.270503814333324 120.911936030 2.076100000 4.000000000 0.000144000 1.000000000 0.000000000 0.000000000 0.000166410 70.000000000 73.000000000 77.000000000 76.000000000
1750310295.200000048 31.270504494333338 120.911935831 2.084400000 4.000000000 0.000144000 1.000000000 0.000000000 0.000000000 0.000166410 65.000000000 70.500000000 77.000000000 76.000000000
1750310295.400000095 31.270505262499995 120.911935594 2.075800000 4.000000000 0.000151290 1.000000000 0.000000000 0.000000000 0.000166410 65.000000000 70.500000000 77.000000000 76.000000000
1750310295.599999905 31.270505956166673 120.911935321 2.070500000 4.000000000 0.000151290 1.000000000 0.000000000 0.000000000 0.000166410 65.000000000 70.500000000 77.000000000 76.000000000
1750310295.799999952 31.270506640833332 120.911935163 2.080300000 4.000000000 0.000153760 1.000000000 0.000000000 0.000000000 0.000169000 65.000000000 70.500000000 77.000000000 76.000000000
1750310296.000000000 31.270507328166673 120.911935048 2.079200000 4.000000000 0.000153760 1.000000000 0.000000000 0.000000000 0.000169000 65.000000000 70.500000000 77.000000000 76.000000000
1750310296.200000048 31.270508128000003 120.911935001 2.088900000 4.000000000 0.000153760 1.000000000 0.000000000 0.000000000 0.000169000 68.000000000 70.000000000 75.000000000 72.000000000
1750310296.400000095 31.2705088095 120.911934783 2.092500000 4.000000000 0.000179560 1.000000000 0.000000000 0.000000000 0.000190440 68.000000000 70.000000000 75.000000000 72.000000000
1750310296.599999905 31.270509372999996 120.911934659 2.083800000 4.000000000 0.000179560 1.000000000 0.000000000 0.000000000 0.000190440 68.000000000 70.000000000 75.000000000 72.000000000
1750310296.799999952 31.270510088500004 120.911934442 2.086200000 4.000000000 0.000179560 1.000000000 0.000000000 0.000000000 0.000190440 68.000000000 70.000000000 75.000000000 72.000000000
1750310297.000000000 31.270510753500005 120.911934402 2.087300000 4.000000000 0.000179560 1.000000000 0.000000000 0.000000000 0.000190440 68.000000000 70.000000000 75.000000000 72.000000000
1750310297.200000048 31.27051139150001 120.911934212 2.081500000 4.000000000 0.000179560 1.000000000 0.000000000 0.000000000 0.000193210 65.000000000 66.500000000 73.000000000 68.000000000
1750310297.400000095 31.27051146383333 120.911933797 2.091000000 4.000000000 0.000201640 1.000000000 0.000000000 0.000000000 0.000272250 65.000000000 66.500000000 73.000000000 68.000000000
1750310297.599999905 31.270511513499997 120.911933650 2.064600000 4.000000000 0.000201640 1.000000000 0.000000000 0.000000000 0.000272250 65.000000000 66.500000000 73.000000000 68.000000000
1750310297.799999952 31.270511426666673 120.911933686 2.073700000 4.000000000 0.000201640 1.000000000 0.000000000 0.000000000 0.000272250 65.000000000 66.500000000 73.000000000 68.000000000
1750310298.000000000 31.270511406166662 120.911933686 2.093200000 4.000000000 0.000201640 1.000000000 0.000000000 0.000000000 0.000275560 65.000000000 66.500000000 73.000000000 68.000000000
1750310298.200000048 31.270511504500007 120.911933682 2.095100000 4.000000000 0.000198810 1.000000000 0.000000000 0.000000000 0.000268960 65.000000000 63.000000000 69.000000000 61.000000000
1750310298.400000095 31.27051203083333 120.911933822 2.091000000 4.000000000 0.000190440 1.000000000 0.000000000 0.000000000 0.000234090 65.000000000 63.000000000 69.000000000 61.000000000
1750310298.599999905 31.27051283866666 120.911933681 2.076800000 4.000000000 0.000190440 1.000000000 0.000000000 0.000000000 0.000234090 65.000000000 63.000000000 69.000000000 61.000000000
1750310298.799999952 31.270513514 120.911933560 2.068800000 4.000000000 0.000190440 1.000000000 0.000000000 0.000000000 0.000234090 65.000000000 63.000000000 69.000000000 61.000000000
1750310299.000000000 31.270514191000004 120.911933383 2.077300000 4.000000000 0.000190440 1.000000000 0.000000000 0.000000000 0.000234090 65.000000000 63.000000000 69.000000000 61.000000000
1750310299.200000048 31.270514882166665 120.911933227 2.066200000 4.000000000 0.000190440 1.000000000 0.000000000 0.000000000 0.000237160 65.000000000 67.500000000 74.000000000 70.000000000
1750310299.400000095 31.2705154935 120.911932801 2.084500000 4.000000000 0.000171610 1.000000000 0.000000000 0.000000000 0.000216090 65.000000000 67.500000000 74.000000000 70.000000000
1750310299.599999905 31.270516123166658 120.911932495 2.078900000 4.000000000 0.000171610 1.000000000 0.000000000 0.000000000 0.000216090 65.000000000 67.500000000 74.000000000 70.000000000
1750310299.799999952 31.27051680533333 120.911932392 2.086900000 4.000000000 0.000171610 1.000000000 0.000000000 0.000000000 0.000216090 65.000000000 67.500000000 74.000000000 70.000000000
1750310300.000000000 31.27051753883333 120.911932290 2.084900000 4.000000000 0.000171610 1.000000000 0.000000000 0.000000000 0.000216090 65.000000000 67.500000000 74.000000000 70.000000000
1750310300.200000048 31.27051822850001 120.911932333 2.076000000 4.000000000 0.000171610 1.000000000 0.000000000 0.000000000 0.000216090 65.000000000 66.500000000 73.000000000 68.000000000
1750310300.400000095 31.270518963499995 120.911932406 2.086400000 4.000000000 0.000169000 1.000000000 0.000000000 0.000000000 0.000231040 65.000000000 66.500000000 73.000000000 68.000000000
1750310300.599999905 31.27051972816666 120.911932325 2.087800000 4.000000000 0.000171610 1.000000000 0.000000000 0.000000000 0.000237160 65.000000000 66.500000000 73.000000000 68.000000000
1750310300.799999952 31.270520461333334 120.911932133 2.083400000 4.000000000 0.000171610 1.000000000 0.000000000 0.000000000 0.000237160 65.000000000 66.500000000 73.000000000 68.000000000
1750310301.000000000 31.270521174500004 120.911931968 2.079000000 4.000000000 0.000171610 1.000000000 0.000000000 0.000000000 0.000237160 65.000000000 66.500000000 73.000000000 68.000000000
1750310301.200000048 31.270521888000005 120.911931800 2.072800000 4.000000000 0.000171610 1.000000000 0.000000000 0.000000000 0.000234090 70.000000000 66.500000000 70.000000000 63.000000000
1750310301.400000095 31.270522505666662 120.911931561 2.093300000 4.000000000 0.000153760 1.000000000 0.000000000 0.000000000 0.000201640 70.000000000 66.500000000 70.000000000 63.000000000
1750310301.599999905 31.270523167999997 120.911931420 2.098100000 4.000000000 0.000153760 1.000000000 0.000000000 0.000000000 0.000201640 70.000000000 66.500000000 70.000000000 63.000000000
1750310301.799999952 31.27052390433333 120.911931225 2.099200000 4.000000000 0.000153760 1.000000000 0.000000000 0.000000000 0.000201640 70.000000000 66.500000000 70.000000000 63.000000000
1750310302.000000000 31.27052455766666 120.911931038 2.097100000 4.000000000 0.000153760 1.000000000 0.000000000 0.000000000 0.000201640 70.000000000 66.500000000 70.000000000 63.000000000
1750310302.200000048 31.270525225833325 120.911930864 2.085800000 4.000000000 0.000148840 1.000000000 0.000000000 0.000000000 0.000193210 74.000000000 69.500000000 71.000000000 65.000000000
1750310302.400000095 31.27052582216666 120.911930686 2.070600000 4.000000000 0.000129960 1.000000000 0.000000000 0.000000000 0.000163840 74.000000000 69.500000000 71.000000000 65.000000000
1750310302.599999905 31.270526476499995 120.911930407 2.085400000 4.000000000 0.000129960 1.000000000 0.000000000 0.000000000 0.000163840 74.000000000 69.500000000 71.000000000 65.000000000
1750310302.799999952 31.270527162500002 120.911930155 2.082300000 4.000000000 0.000129960 1.000000000 0.000000000 0.000000000 0.000163840 74.000000000 69.500000000 71.000000000 65.000000000
1750310303.000000000 31.270527798499998 120.911930050 2.081700000 4.000000000 0.000129960 1.000000000 0.000000000 0.000000000 0.000163840 74.000000000 69.500000000 71.000000000 65.000000000
1750310303.200000048 31.270528563 120.911930194 2.079500000 4.000000000 0.000132250 1.000000000 0.000000000 0.000000000 0.000161290 76.000000000 74.000000000 75.000000000 72.000000000
1750310303.400000095 31.270529299333333 120.911930268 2.068200000 4.000000000 0.000132250 1.000000000 0.000000000 0.000000000 0.000161290 76.000000000 74.000000000 75.000000000 72.000000000
1750310303.599999905 31.270529985833335 120.911930056 2.088300000 4.000000000 0.000132250 1.000000000 0.000000000 0.000000000 0.000161290 76.000000000 74.000000000 75.000000000 72.000000000
1750310303.799999952 31.2705307735 120.911929920 2.084700000 4.000000000 0.000132250 1.000000000 0.000000000 0.000000000 0.000161290 76.000000000 74.000000000 75.000000000 72.000000000
1750310304.000000000 31.270531475833337 120.911929810 2.093200000 4.000000000 0.000132250 1.000000000 0.000000000 0.000000000 0.000161290 76.000000000 74.000000000 75.000000000 72.000000000
1750310304.200000048 31.270532105 120.911929668 2.081500000 4.000000000 0.000129960 1.000000000 0.000000000 0.000000000 0.000161290 76.000000000 75.000000000 76.000000000 74.000000000
1750310304.400000095 31.27053267816666 120.911929604 2.086800000 4.000000000 0.000156250 1.000000000 0.000000000 0.000000000 0.000163840 76.000000000 75.000000000 76.000000000 74.000000000
1750310304.599999905 31.27053337133333 120.911929553 2.082600000 4.000000000 0.000156250 1.000000000 0.000000000 0.000000000 0.000163840 76.000000000 75.000000000 76.000000000 74.000000000
1750310304.799999952 31.270533978999993 120.911929316 2.092900000 4.000000000 0.000156250 1.000000000 0.000000000 0.000000000 0.000163840 76.000000000 75.000000000 76.000000000 74.000000000
1750310305.000000000 31.270534609500004 120.911928986 2.097700000 4.000000000 0.000158760 1.000000000 0.000000000 0.000000000 0.000163840 76.000000000 75.000000000 76.000000000 74.000000000
1750310305.200000048 31.27053534466667 120.911929000 2.104700000 4.000000000 0.000158760 1.000000000 0.000000000 0.000000000 0.000163840 76.000000000 73.000000000 74.000000000 70.000000000
1750310305.400000095 31.270536117666666 120.911928923 2.093200000 4.000000000 0.000158760 1.000000000 0.000000000 0.000000000 0.000171610 76.000000000 73.000000000 74.000000000 70.000000000
1750310305.599999905 31.270536816999993 120.911928693 2.084800000 4.000000000 0.000158760 1.000000000 0.000000000 0.000000000 0.000171610 76.000000000 73.000000000 74.000000000 70.000000000
1750310305.799999952 31.270537566499996 120.911928444 2.080800000 4.000000000 0.000158760 1.000000000 0.000000000 0.000000000 0.000171610 76.000000000 73.000000000 74.000000000 70.000000000
1750310306.000000000 31.270538274333333 120.911928172 2.074200000 4.000000000 0.000158760 1.000000000 0.000000000 0.000000000 0.000171610 76.000000000 73.000000000 74.000000000 70.000000000
1750310306.200000048 31.270538889666668 120.911928075 2.079800000 4.000000000 0.000158760 1.000000000 0.000000000 0.000000000 0.000171610 72.000000000 68.500000000 71.000000000 65.000000000
1750310306.400000095 31.270539329499996 120.911927552 2.089500000 4.000000000 0.000169000 1.000000000 0.000000000 0.000000000 0.000201640 72.000000000 68.500000000 71.000000000 65.000000000
1750310306.599999905 31.270539496833337 120.911927124 2.085300000 4.000000000 0.000169000 1.000000000 0.000000000 0.000000000 0.000201640 72.000000000 68.500000000 71.000000000 65.000000000
1750310306.799999952 31.27053947116667 120.911926844 2.073100000 4.000000000 0.000169000 1.000000000 0.000000000 0.000000000 0.000204490 72.000000000 68.500000000 71.000000000 65.000000000
1750310307.000000000 31.270539444166673 120.911926598 2.083800000 4.000000000 0.000169000 1.000000000 0.000000000 0.000000000 0.000204490 72.000000000 68.500000000 71.000000000 65.000000000
1750310307.200000048 31.27053941183334 120.911926448 2.100300000 4.000000000 0.000169000 1.000000000 0.000000000 0.000000000 0.000201640 74.000000000 68.500000000 70.000000000 63.000000000
1750310307.400000095 31.270539401166673 120.911926495 2.115300000 4.000000000 0.000148840 1.000000000 0.000000000 0.000000000 0.000204490 74.000000000 68.500000000 70.000000000 63.000000000
1750310307.599999905 31.270539530833332 120.911926501 2.109700000 4.000000000 0.000148840 1.000000000 0.000000000 0.000000000 0.000204490 74.000000000 68.500000000 70.000000000 63.000000000
1750310307.799999952 31.2705399595 120.911926268 2.114300000 4.000000000 0.000148840 1.000000000 0.000000000 0.000000000 0.000204490 74.000000000 68.500000000 70.000000000 63.000000000
1750310308.000000000 31.270540691833332 120.911926022 2.135800000 4.000000000 0.000151290 1.000000000 0.000000000 0.000000000 0.000210250 74.000000000 68.500000000 70.000000000 63.000000000
1750310308.200000048 31.270541422999997 120.911926025 2.117800000 4.000000000 0.000151290 1.000000000 0.000000000 0.000000000 0.000207360 68.000000000 66.500000000 71.000000000 65.000000000
1750310308.400000095 31.270542221833324 120.911926191 2.085200000 4.000000000 0.000161290 1.000000000 0.000000000 0.000000000 0.000179560 68.000000000 66.500000000 71.000000000 65.000000000
1750310308.599999905 31.270542913 120.911926266 2.069700000 4.000000000 0.000163840 1.000000000 0.000000000 0.000000000 0.000182250 68.000000000 66.500000000 71.000000000 65.000000000
1750310308.799999952 31.270543725833335 120.911926089 2.058500000 4.000000000 0.000163840 1.000000000 0.000000000 0.000000000 0.000182250 68.000000000 66.500000000 71.000000000 65.000000000
1750310309.000000000 31.270544403166667 120.911925994 2.049900000 4.000000000 0.000163840 1.000000000 0.000000000 0.000000000 0.000184960 68.000000000 66.500000000 71.000000000 65.000000000
1750310309.200000048 31.27054507183334 120.911925876 2.055500000 4.000000000 0.000161290 0.000000000 0.000000000 0.000000000 0.000176890 61.000000000 60.000000000 68.000000000 59.000000000
1750310309.400000095 31.270545707333326 120.911925782 2.111300000 4.000000000 0.000174240 0.000000000 0.000000000 0.000000000 0.000179560 61.000000000 60.000000000 68.000000000 59.000000000
1750310309.599999905 31.270546501666672 120.911925801 2.125100000 4.000000000 0.000174240 0.000000000 0.000000000 0.000000000 0.000179560 61.000000000 60.000000000 68.000000000 59.000000000
1750310309.799999952 31.270547163833328 120.911925789 2.108100000 4.000000000 0.000176890 0.000000000 0.000000000 0.000000000 0.000182250 61.000000000 60.000000000 68.000000000 59.000000000
1750310310.000000000 31.27054787 120.911925554 2.126400000 4.000000000 0.000174240 0.000000000 0.000000000 0.000000000 0.000182250 61.000000000 60.000000000 68.000000000 59.000000000
1750310310.200000048 31.270548495499995 120.911925282 2.117400000 4.000000000 0.000171610 0.000000000 0.000000000 0.000000000 0.000179560 72.000000000 67.500000000 70.000000000 63.000000000
1750310310.400000095 31.270549180333333 120.911925187 2.100000000 4.000000000 0.000139240 0.000000000 0.000000000 0.000000000 0.000161290 72.000000000 67.500000000 70.000000000 63.000000000
1750310310.599999905 31.270549816666673 120.911924972 2.076100000 4.000000000 0.000139240 0.000000000 0.000000000 0.000000000 0.000163840 72.000000000 67.500000000 70.000000000 63.000000000
1750310310.799999952 31.270550461 120.911924482 2.095100000 4.000000000 0.000141610 0.000000000 0.000000000 0.000000000 0.000163840 72.000000000 67.500000000 70.000000000 63.000000000
1750310311.000000000 31.270550650333334 120.911924112 2.096800000 4.000000000 0.000139240 0.000000000 0.000000000 0.000000000 0.000163840 72.000000000 67.500000000 70.000000000 63.000000000
1750310311.200000048 31.270550669166667 120.911923917 2.102500000 4.000000000 0.000141610 0.000000000 0.000000000 0.000000000 0.000163840 61.000000000 64.500000000 73.000000000 68.000000000
1750310311.400000095 31.27055063583333 120.911923676 2.127300000 4.000000000 0.000161290 0.000000000 0.000000000 0.000000000 0.000169000 61.000000000 64.500000000 73.000000000 68.000000000
1750310311.599999905 31.270550591166668 120.911923701 2.143900000 4.000000000 0.000161290 0.000000000 0.000000000 0.000000000 0.000169000 61.000000000 64.500000000 73.000000000 68.000000000
1750310311.799999952 31.270550791999995 120.911923703 2.130200000 4.000000000 0.000161290 0.000000000 0.000000000 0.000000000 0.000169000 61.000000000 64.500000000 73.000000000 68.000000000
1750310312.000000000 31.270551346666664 120.911923555 2.124500000 4.000000000 0.000161290 0.000000000 0.000000000 0.000000000 0.000169000 61.000000000 64.500000000 73.000000000 68.000000000
1750310312.200000048 31.270552077333335 120.911923531 2.139100000 4.000000000 0.000163840 0.000000000 0.000000000 0.000000000 0.000171610 60.000000000 63.500000000 71.000000000 67.000000000
1750310312.400000095 31.270552822 120.911923637 2.094000000 4.000000000 0.000182250 0.000000000 0.000000000 0.000000000 0.000190440 60.000000000 63.500000000 71.000000000 67.000000000
1750310312.599999905 31.270553014499995 120.911923705 2.107300000 4.000000000 0.000179560 0.000000000 0.000000000 0.000000000 0.000190440 60.000000000 63.500000000 71.000000000 67.000000000
1750310312.799999952 31.270553011666664 120.911923797 2.101700000 4.000000000 0.000182250 0.000000000 0.000000000 0.000000000 0.000190440 60.000000000 63.500000000 71.000000000 67.000000000
1750310313.000000000 31.270553006166665 120.911923788 2.105400000 4.000000000 0.000182250 0.000000000 0.000000000 0.000000000 0.000190440 60.000000000 63.500000000 71.000000000 67.000000000
1750310313.200000048 31.27055299033333 120.911923799 2.092300000 4.000000000 0.000179560 0.000000000 0.000000000 0.000000000 0.000184960 59.000000000 58.000000000 67.000000000 57.000000000
1750310313.400000095 31.270553131499994 120.911923956 2.098400000 4.000000000 0.000156250 0.000000000 0.000000000 0.000000000 0.000166410 59.000000000 58.000000000 67.000000000 57.000000000
1750310313.599999905 31.270553431500005 120.911923860 2.104300000 4.000000000 0.000156250 0.000000000 0.000000000 0.000000000 0.000169000 59.000000000 58.000000000 67.000000000 57.000000000
1750310313.799999952 31.270554052166673 120.911923682 2.117300000 4.000000000 0.000158760 0.000000000 0.000000000 0.000000000 0.000171610 59.000000000 58.000000000 67.000000000 57.000000000
1750310314.000000000 31.27055481166667 120.911923656 2.100300000 4.000000000 0.000158760 0.000000000 0.000000000 0.000000000 0.000176890 59.000000000 58.000000000 67.000000000 57.000000000
1750310314.200000048 31.270555482666666 120.911923479 2.099100000 4.000000000 0.000161290 0.000000000 0.000000000 0.000000000 0.000174240 57.000000000 59.500000000 68.000000000 62.000000000
1750310314.400000095 31.270556211500008 120.911923356 2.098000000 4.000000000 0.000184960 0.000000000 0.000000000 0.000000000 0.000158760 57.000000000 59.500000000 68.000000000 62.000000000
1750310314.599999905 31.270556889000005 120.911923072 2.107600000 4.000000000 0.000184960 0.000000000 0.000000000 0.000000000 0.000158760 57.000000000 59.500000000 68.000000000 62.000000000
1750310314.799999952 31.27055753916666 120.911922742 2.101800000 4.000000000 0.000187690 0.000000000 0.000000000 0.000000000 0.000163840 57.000000000 59.500000000 68.000000000 62.000000000
1750310315.000000000 31.270558286166676 120.911922518 2.103400000 4.000000000 0.000187690 0.000000000 0.000000000 0.000000000 0.000163840 57.000000000 59.500000000 68.000000000 62.000000000
1750310315.200000048 31.27055900916666 120.911922387 2.094100000 4.000000000 0.000190440 0.000000000 0.000000000 0.000000000 0.000166410 56.000000000 57.000000000 67.000000000 58.000000000
1750310315.400000095 31.270559464499996 120.911922174 2.111900000 4.000000000 0.000219040 0.000000000 0.000000000 0.000000000 0.000292410 56.000000000 57.000000000 67.000000000 58.000000000
1750310315.599999905 31.2705601735 120.911922061 2.134500000 4.000000000 0.000219040 0.000000000 0.000000000 0.000000000 0.000295840 56.000000000 57.000000000 67.000000000 58.000000000
1750310315.799999952 31.270560834833333 120.911921979 2.122000000 4.000000000 0.000222010 0.000000000 0.000000000 0.000000000 0.000295840 56.000000000 57.000000000 67.000000000 58.000000000
1750310316.000000000 31.27056156666667 120.911921815 2.127000000 4.000000000 0.000222010 0.000000000 0.000000000 0.000000000 0.000295840 56.000000000 57.000000000 67.000000000 58.000000000
1750310316.200000048 31.27056222583333 120.911921742 2.114900000 4.000000000 0.000219040 0.000000000 0.000000000 0.000000000 0.000292410 63.000000000 58.500000000 65.000000000 54.000000000
1750310316.400000095 31.270562901333335 120.911921685 2.098500000 4.000000000 0.000222010 0.000000000 0.000000000 0.000000000 0.000299290 63.000000000 58.500000000 65.000000000 54.000000000
1750310316.599999905 31.270563522666663 120.911921509 2.117600000 4.000000000 0.000222010 0.000000000 0.000000000 0.000000000 0.000299290 63.000000000 58.500000000 65.000000000 54.000000000
1750310316.799999952 31.270564228833337 120.911921452 2.114000000 4.000000000 0.000222010 0.000000000 0.000000000 0.000000000 0.000299290 63.000000000 58.500000000 65.000000000 54.000000000
1750310317.000000000 31.2705649145 120.911921247 2.109600000 4.000000000 0.000219040 0.000000000 0.000000000 0.000000000 0.000299290 63.000000000 58.500000000 65.000000000 54.000000000
1750310317.200000048 31.270565656666662 120.911921062 2.108500000 4.000000000 0.000216090 0.000000000 0.000000000 0.000000000 0.000289000 60.000000000 59.000000000 67.000000000 58.000000000
1750310317.400000095 31.27056635950001 120.911920964 2.105100000 4.000000000 0.000187690 0.000000000 0.000000000 0.000000000 0.000243360 60.000000000 59.000000000 67.000000000 58.000000000
1750310317.599999905 31.270567017333335 120.911920768 2.127200000 4.000000000 0.000187690 0.000000000 0.000000000 0.000000000 0.000243360 60.000000000 59.000000000 67.000000000 58.000000000
1750310317.799999952 31.270567594166664 120.911920847 2.102200000 4.000000000 0.000187690 0.000000000 0.000000000 0.000000000 0.000243360 60.000000000 59.000000000 67.000000000 58.000000000
1750310318.000000000 31.27056833266667 120.911920824 2.120700000 4.000000000 0.000187690 0.000000000 0.000000000 0.000000000 0.000243360 60.000000000 59.000000000 67.000000000 58.000000000
1750310318.200000048 31.27056896233333 120.911920642 2.120400000 4.000000000 0.000187690 0.000000000 0.000000000 0.000000000 0.000240250 63.000000000 63.000000000 69.000000000 63.000000000
1750310318.400000095 31.270569658833324 120.911920533 2.099300000 4.000000000 0.000136890 0.000000000 0.000000000 0.000000000 0.000136890 63.000000000 63.000000000 69.000000000 63.000000000
1750310318.599999905 31.270570417000002 120.911920289 2.105900000 4.000000000 0.000136890 0.000000000 0.000000000 0.000000000 0.000136890 63.000000000 63.000000000 69.000000000 63.000000000
1750310318.799999952 31.270571166833335 120.911920016 2.108700000 4.000000000 0.000136890 0.000000000 0.000000000 0.000000000 0.000136890 63.000000000 63.000000000 69.000000000 63.000000000
1750310319.000000000 31.270571790000005 120.911920025 2.111300000 4.000000000 0.000136890 0.000000000 0.000000000 0.000000000 0.000136890 63.000000000 63.000000000 69.000000000 63.000000000
1750310319.200000048 31.270571843500008 120.911920120 2.100900000 4.000000000 0.000136890 0.000000000 0.000000000 0.000000000 0.000134560 67.000000000 69.000000000 73.000000000 71.000000000
1750310319.400000095 31.27057179799999 120.911920232 2.106000000 4.000000000 0.000125440 0.000000000 0.000000000 0.000000000 0.000114490 67.000000000 69.000000000 73.000000000 71.000000000
1750310319.599999905 31.270571769 120.911920113 2.118900000 4.000000000 0.000125440 0.000000000 0.000000000 0.000000000 0.000114490 67.000000000 69.000000000 73.000000000 71.000000000
1750310319.799999952 31.270571770999993 120.911919986 2.123100000 4.000000000 0.000125440 0.000000000 0.000000000 0.000000000 0.000114490 67.000000000 69.000000000 73.000000000 71.000000000
1750310320.000000000 31.270571810000007 120.911919844 2.114000000 4.000000000 0.000127690 0.000000000 0.000000000 0.000000000 0.000114490 67.000000000 69.000000000 73.000000000 71.000000000
1750310320.200000048 31.270572003500007 120.911919491 2.124700000 4.000000000 0.000127690 0.000000000 0.000000000 0.000000000 0.000116640 71.000000000 72.000000000 74.000000000 73.000000000
1750310320.400000095 31.270572342833333 120.911918916 2.095600000 4.000000000 0.000139240 0.000000000 0.000000000 0.000000000 0.000114490 71.000000000 72.000000000 74.000000000 73.000000000
1750310320.599999905 31.270572973166665 120.911918745 2.091900000 4.000000000 0.000139240 0.000000000 0.000000000 0.000000000 0.000114490 71.000000000 72.000000000 74.000000000 73.000000000
1750310320.799999952 31.27057374633334 120.911918778 2.084100000 4.000000000 0.000139240 0.000000000 0.000000000 0.000000000 0.000114490 71.000000000 72.000000000 74.000000000 73.000000000
1750310321.000000000 31.27057431516667 120.911918977 2.086400000 4.000000000 0.000139240 0.000000000 0.000000000 0.000000000 0.000114490 71.000000000 72.000000000 74.000000000 73.000000000
1750310321.200000048 31.270574970333342 120.911919235 2.093300000 4.000000000 0.000139240 0.000000000 0.000000000 0.000000000 0.000114490 73.000000000 73.000000000 74.000000000 73.000000000
1750310321.400000095 31.27057526433333 120.911919264 2.145200000 4.000000000 0.000146410 0.000000000 0.000000000 0.000000000 0.000127690 73.000000000 73.000000000 74.000000000 73.000000000
1750310321.599999905 31.270575194999992 120.911919387 2.133300000 4.000000000 0.000146410 0.000000000 0.000000000 0.000000000 0.000127690 73.000000000 73.000000000 74.000000000 73.000000000
1750310321.799999952 31.270575174499996 120.911919362 2.109900000 4.000000000 0.000148840 0.000000000 0.000000000 0.000000000 0.000127690 73.000000000 73.000000000 74.000000000 73.000000000
1750310322.000000000 31.27057515883334 120.911919216 2.118300000 4.000000000 0.000148840 0.000000000 0.000000000 0.000000000 0.000127690 73.000000000 73.000000000 74.000000000 73.000000000
1750310322.200000048 31.270575164000007 120.911919464 2.112000000 4.000000000 0.000148840 0.000000000 0.000000000 0.000000000 0.000129960 73.000000000 72.000000000 73.000000000 71.000000000
1750310322.400000095 31.27057515916667 120.911919464 2.131900000 4.000000000 0.000151290 0.000000000 0.000000000 0.000000000 0.000118810 73.000000000 72.000000000 73.000000000 71.000000000
1750310322.599999905 31.270575142666672 120.911919493 2.114600000 4.000000000 0.000151290 0.000000000 0.000000000 0.000000000 0.000118810 73.000000000 72.000000000 73.000000000 71.000000000
1750310322.799999952 31.270575058666665 120.911919439 2.119700000 4.000000000 0.000151290 0.000000000 0.000000000 0.000000000 0.000118810 73.000000000 72.000000000 73.000000000 71.000000000
1750310323.000000000 31.270575300000004 120.911919357 2.115300000 4.000000000 0.000151290 0.000000000 0.000000000 0.000000000 0.000121000 73.000000000 72.000000000 73.000000000 71.000000000
1750310323.200000048 31.270575937666663 120.911919238 2.124900000 4.000000000 0.000156250 0.000000000 0.000000000 0.000000000 0.000123210 73.000000000 71.000000000 72.000000000 69.000000000
1750310323.400000095 31.270576765499996 120.911919045 2.110200000 4.000000000 0.000153760 0.000000000 0.000000000 0.000000000 0.000125440 73.000000000 71.000000000 72.000000000 69.000000000
1750310323.599999905 31.27057735183334 120.911919045 2.091800000 4.000000000 0.000153760 0.000000000 0.000000000 0.000000000 0.000127690 73.000000000 71.000000000 72.000000000 69.000000000
1750310323.799999952 31.27057802116667 120.911918890 2.083500000 4.000000000 0.000153760 0.000000000 0.000000000 0.000000000 0.000127690 73.000000000 71.000000000 72.000000000 69.000000000
1750310324.000000000 31.270578552499998 120.911918832 2.082500000 4.000000000 0.000156250 0.000000000 0.000000000 0.000000000 0.000127690 73.000000000 71.000000000 72.000000000 69.000000000
1750310324.200000048 31.27057929333334 120.911918883 2.073900000 4.000000000 0.000153760 0.000000000 0.000000000 0.000000000 0.000127690 73.000000000 67.500000000 68.000000000 62.000000000
1750310324.400000095 31.270580072499996 120.911918904 2.104700000 4.000000000 0.000163840 0.000000000 0.000000000 0.000000000 0.000144000 73.000000000 67.500000000 68.000000000 62.000000000
1750310324.599999905 31.27058060583333 120.911918695 2.114000000 4.000000000 0.000163840 0.000000000 0.000000000 0.000000000 0.000141610 73.000000000 67.500000000 68.000000000 62.000000000
1750310324.799999952 31.270581336999996 120.911918603 2.111800000 4.000000000 0.000166410 0.000000000 0.000000000 0.000000000 0.000144000 73.000000000 67.500000000 68.000000000 62.000000000
1750310325.000000000 31.27058204683334 120.911918343 2.117100000 4.000000000 0.000163840 0.000000000 0.000000000 0.000000000 0.000144000 73.000000000 67.500000000 68.000000000 62.000000000
1750310325.200000048 31.270582659833337 120.911917880 2.125900000 4.000000000 0.000161290 0.000000000 0.000000000 0.000000000 0.000141610 60.000000000 60.000000000 68.000000000 60.000000000
1750310325.400000095 31.27058327750001 120.911917396 2.115800000 4.000000000 0.000231040 0.000000000 0.000000000 0.000000000 0.000207360 60.000000000 60.000000000 68.000000000 60.000000000
1750310325.599999905 31.27058331250001 120.911916845 2.108200000 4.000000000 0.000231040 0.000000000 0.000000000 0.000000000 0.000207360 60.000000000 60.000000000 68.000000000 60.000000000
1750310325.799999952 31.270583328166666 120.911916711 2.102000000 4.000000000 0.000234090 0.000000000 0.000000000 0.000000000 0.000207360 60.000000000 60.000000000 68.000000000 60.000000000
1750310326.000000000 31.270583346500004 120.911916707 2.103400000 4.000000000 0.000231040 0.000000000 0.000000000 0.000000000 0.000207360 60.000000000 60.000000000 68.000000000 60.000000000
1750310326.200000048 31.27058334233334 120.911916700 2.112900000 4.000000000 0.000231040 0.000000000 0.000000000 0.000000000 0.000204490 69.000000000 66.000000000 69.000000000 63.000000000
1750310326.400000095 31.270583434000002 120.911916846 2.117200000 4.000000000 0.000193210 0.000000000 0.000000000 0.000000000 0.000174240 69.000000000 66.000000000 69.000000000 63.000000000
1750310326.599999905 31.270583851833337 120.911916917 2.119100000 4.000000000 0.000193210 0.000000000 0.000000000 0.000000000 0.000174240 69.000000000 66.000000000 69.000000000 63.000000000
1750310326.799999952 31.270584626499996 120.911916653 2.120900000 4.000000000 0.000198810 0.000000000 0.000000000 0.000000000 0.000179560 69.000000000 66.000000000 69.000000000 63.000000000
1750310327.000000000 31.2705854365 120.911916469 2.099100000 4.000000000 0.000198810 0.000000000 0.000000000 0.000000000 0.000179560 69.000000000 66.000000000 69.000000000 63.000000000
1750310327.200000048 31.270586092333332 120.911916163 2.106300000 4.000000000 0.000204490 0.000000000 0.000000000 0.000000000 0.000182250 65.000000000 64.000000000 69.000000000 63.000000000
1750310327.400000095 31.270586094833334 120.911915628 2.141900000 4.000000000 0.000237160 0.000000000 0.000000000 0.000000000 0.000184960 65.000000000 64.000000000 69.000000000 63.000000000
1750310327.599999905 31.270585993166662 120.911915364 2.139900000 4.000000000 0.000237160 0.000000000 0.000000000 0.000000000 0.000184960 65.000000000 64.000000000 69.000000000 63.000000000
1750310327.799999952 31.270586027500002 120.911915294 2.115500000 4.000000000 0.000240250 0.000000000 0.000000000 0.000000000 0.000190440 65.000000000 64.000000000 69.000000000 63.000000000
1750310328.000000000 31.270586051500004 120.911915142 2.129100000 4.000000000 0.000240250 0.000000000 0.000000000 0.000000000 0.000190440 65.000000000 64.000000000 69.000000000 63.000000000
1750310328.200000048 31.270586173166663 120.911914952 2.139900000 4.000000000 0.000240250 0.000000000 0.000000000 0.000000000 0.000184960 60.000000000 57.000000000 65.000000000 54.000000000
1750310328.400000095 31.27058669600001 120.911914841 2.136400000 4.000000000 0.000285610 0.000000000 0.000000000 0.000000000 0.000259210 60.000000000 57.000000000 65.000000000 54.000000000
1750310328.599999905 31.27058731466667 120.911914701 2.140000000 4.000000000 0.000289000 0.000000000 0.000000000 0.000000000 0.000265690 60.000000000 57.000000000 65.000000000 54.000000000
1750310328.799999952 31.27058780216666 120.911914907 2.145300000 4.000000000 0.000285610 0.000000000 0.000000000 0.000000000 0.000262440 60.000000000 57.000000000 65.000000000 54.000000000
1750310329.000000000 31.270587855333332 120.911915312 2.130800000 4.000000000 0.000285610 0.000000000 0.000000000 0.000000000 0.000265690 60.000000000 57.000000000 65.000000000 54.000000000
1750310329.200000048 31.27058790133333 120.911915504 2.146400000 4.000000000 0.000278890 0.000000000 0.000000000 0.000000000 0.000256000 56.000000000 55.000000000 65.000000000 54.000000000
1750310329.400000095 31.27058785316666 120.911915322 2.122700000 4.000000000 0.000295840 0.000000000 0.000000000 0.000000000 0.000265690 56.000000000 55.000000000 65.000000000 54.000000000
1750310329.599999905 31.27058797866667 120.911915280 2.121300000 4.000000000 0.000295840 0.000000000 0.000000000 0.000000000 0.000265690 56.000000000 55.000000000 65.000000000 54.000000000
1750310329.799999952 31.27058857466666 120.911915382 2.126900000 4.000000000 0.000299290 0.000000000 0.000000000 0.000000000 0.000265690 56.000000000 55.000000000 65.000000000 54.000000000
1750310330.000000000 31.270589303500003 120.911915347 2.138700000 4.000000000 0.000295840 0.000000000 0.000000000 0.000000000 0.000265690 56.000000000 55.000000000 65.000000000 54.000000000
1750310330.200000048 31.270590011500005 120.911915096 2.127400000 4.000000000 0.000295840 0.000000000 0.000000000 0.000000000 0.000259210 57.000000000 58.500000000 67.000000000 60.000000000
1750310330.400000095 31.270590687833334 120.911915024 2.152300000 4.000000000 0.000324000 0.000000000 0.000000000 0.000000000 0.000278890 57.000000000 58.500000000 67.000000000 60.000000000
1750310330.599999905 31.270591363333324 120.911915031 2.127600000 4.000000000 0.000324000 0.000000000 0.000000000 0.000000000 0.000278890 57.000000000 58.500000000 67.000000000 60.000000000
1750310330.799999952 31.270592092666675 120.911915028 2.146100000 4.000000000 0.000320410 0.000000000 0.000000000 0.000000000 0.000278890 57.000000000 58.500000000 67.000000000 60.000000000
1750310331.000000000 31.270592776166666 120.911915074 2.128400000 4.000000000 0.000320410 0.000000000 0.000000000 0.000000000 0.000278890 57.000000000 58.500000000 67.000000000 60.000000000
1750310331.200000048 31.270593418333334 120.911914935 2.135500000 4.000000000 0.000320410 0.000000000 0.000000000 0.000000000 0.000278890 57.000000000 60.500000000 69.000000000 64.000000000
1750310331.400000095 31.270594127833334 120.911914595 2.144200000 4.000000000 0.000285610 0.000000000 0.000000000 0.000000000 0.000225000 57.000000000 60.500000000 69.000000000 64.000000000
1750310331.599999905 31.270594735666663 120.911914391 2.130800000 4.000000000 0.000285610 0.000000000 0.000000000 0.000000000 0.000225000 57.000000000 60.500000000 69.000000000 64.000000000
1750310331.799999952 31.270595475999997 120.911914214 2.132600000 4.000000000 0.000285610 0.000000000 0.000000000 0.000000000 0.000228010 57.000000000 60.500000000 69.000000000 64.000000000
1750310332.000000000 31.270595519166662 120.911914203 2.125300000 4.000000000 0.000285610 0.000000000 0.000000000 0.000000000 0.000228010 57.000000000 60.500000000 69.000000000 64.000000000
1750310332.200000048 31.270595560000004 120.911914247 2.119800000 4.000000000 0.000278890 0.000000000 0.000000000 0.000000000 0.000225000 60.000000000 59.000000000 67.000000000 58.000000000
1750310332.400000095 31.270595523333327 120.911914335 2.094400000 4.000000000 0.000213160 0.000000000 0.000000000 0.000000000 0.000174240 60.000000000 59.000000000 67.000000000 58.000000000
1750310332.599999905 31.2705955535 120.911914343 2.101900000 4.000000000 0.000213160 0.000000000 0.000000000 0.000000000 0.000174240 60.000000000 59.000000000 67.000000000 58.000000000
1750310332.799999952 31.270595521833343 120.911914320 2.101700000 4.000000000 0.000213160 0.000000000 0.000000000 0.000000000 0.000174240 60.000000000 59.000000000 67.000000000 58.000000000
1750310333.000000000 31.270595552666663 120.911914355 2.103000000 4.000000000 0.000213160 0.000000000 0.000000000 0.000000000 0.000176890 60.000000000 59.000000000 67.000000000 58.000000000
1750310333.200000048 31.270595538166674 120.911914397 2.094300000 4.000000000 0.000213160 0.000000000 0.000000000 0.000000000 0.000174240 61.000000000 61.000000000 69.000000000 61.000000000
1750310333.400000095 31.27059557749999 120.911914392 2.096500000 4.000000000 0.000176890 0.000000000 0.000000000 0.000000000 0.000176890 61.000000000 61.000000000 69.000000000 61.000000000
1750310333.599999905 31.270595587333332 120.911914404 2.090200000 4.000000000 0.000176890 0.000000000 0.000000000 0.000000000 0.000176890 61.000000000 61.000000000 69.000000000 61.000000000
1750310333.799999952 31.270595658000005 120.911914472 2.083900000 4.000000000 0.000176890 0.000000000 0.000000000 0.000000000 0.000179560 61.000000000 61.000000000 69.000000000 61.000000000
1750310334.000000000 31.270595642333333 120.911914463 2.083500000 4.000000000 0.000176890 0.000000000 0.000000000 0.000000000 0.000179560 61.000000000 61.000000000 69.000000000 61.000000000
1750310334.200000048 31.27059559316666 120.911914429 2.094200000 4.000000000 0.000174240 0.000000000 0.000000000 0.000000000 0.000174240 61.000000000 62.000000000 70.000000000 63.000000000
1750310334.400000095 31.270595630499997 120.911914418 2.126900000 4.000000000 0.000169000 0.000000000 0.000000000 0.000000000 0.000156250 61.000000000 62.000000000 70.000000000 63.000000000
1750310334.599999905 31.270595660666658 120.911914370 2.113800000 4.000000000 0.000169000 0.000000000 0.000000000 0.000000000 0.000156250 61.000000000 62.000000000 70.000000000 63.000000000
1750310334.799999952 31.27059554916667 120.911914325 2.108400000 4.000000000 0.000171610 0.000000000 0.000000000 0.000000000 0.000161290 61.000000000 62.000000000 70.000000000 63.000000000
1750310335.000000000 31.27059554099999 120.911914239 2.116300000 4.000000000 0.000171610 0.000000000 0.000000000 0.000000000 0.000161290 61.000000000 62.000000000 70.000000000 63.000000000
1750310335.200000048 31.270595578500007 120.911914208 2.119000000 4.000000000 0.000169000 0.000000000 0.000000000 0.000000000 0.000158760 61.000000000 63.000000000 71.000000000 65.000000000
1750310335.400000095 31.270595570833336 120.911914263 2.104800000 4.000000000 0.000146410 0.000000000 0.000000000 0.000000000 0.000139240 61.000000000 63.000000000 71.000000000 65.000000000
1750310335.599999905 31.27059596783333 120.911914177 2.114500000 4.000000000 0.000146410 0.000000000 0.000000000 0.000000000 0.000139240 61.000000000 63.000000000 71.000000000 65.000000000
1750310335.799999952 31.270596699166674 120.911913903 2.124900000 4.000000000 0.000146410 0.000000000 0.000000000 0.000000000 0.000139240 61.000000000 63.000000000 71.000000000 65.000000000
1750310336.000000000 31.27059691383333 120.911913508 2.112900000 4.000000000 0.000146410 0.000000000 0.000000000 0.000000000 0.000139240 61.000000000 63.000000000 71.000000000 65.000000000
1750310336.200000048 31.270596872833337 120.911913285 2.132000000 4.000000000 0.000146410 0.000000000 0.000000000 0.000000000 0.000136890 68.000000000 68.000000000 73.000000000 68.000000000
1750310336.400000095 31.2705968355 120.911913115 2.134000000 4.000000000 0.000141610 0.000000000 0.000000000 0.000000000 0.000136890 68.000000000 68.000000000 73.000000000 68.000000000
1750310336.599999905 31.270596850333334 120.911912912 2.144600000 4.000000000 0.000141610 0.000000000 0.000000000 0.000000000 0.000136890 68.000000000 68.000000000 73.000000000 68.000000000
1750310336.799999952 31.270596855999997 120.911912891 2.130000000 4.000000000 0.000144000 0.000000000 0.000000000 0.000000000 0.000136890 68.000000000 68.000000000 73.000000000 68.000000000
1750310337.000000000 31.270596846833342 120.911912921 2.142300000 4.000000000 0.000144000 0.000000000 0.000000000 0.000000000 0.000136890 68.000000000 68.000000000 73.000000000 68.000000000
1750310337.200000048 31.27059702533333 120.911912907 2.151600000 4.000000000 0.000141610 0.000000000 0.000000000 0.000000000 0.000136890 74.000000000 69.500000000 71.000000000 65.000000000
1750310337.400000095 31.270597500999997 120.911912861 2.102900000 4.000000000 0.000146410 0.000000000 0.000000000 0.000000000 0.000146410 74.000000000 69.500000000 71.000000000 65.000000000
1750310337.599999905 31.270598315 120.911912726 2.111700000 4.000000000 0.000146410 0.000000000 0.000000000 0.000000000 0.000146410 74.000000000 69.500000000 71.000000000 65.000000000
1750310337.799999952 31.27059907183333 120.911912664 2.122400000 4.000000000 0.000148840 0.000000000 0.000000000 0.000000000 0.000146410 74.000000000 69.500000000 71.000000000 65.000000000
1750310338.000000000 31.27059972666666 120.911912715 2.108600000 4.000000000 0.000148840 0.000000000 0.000000000 0.000000000 0.000146410 74.000000000 69.500000000 71.000000000 65.000000000
1750310338.200000048 31.270600492499995 120.911912835 2.114400000 4.000000000 0.000148840 0.000000000 0.000000000 0.000000000 0.000146410 74.000000000 68.500000000 70.000000000 63.000000000
1750310338.400000095 31.27060098199999 120.911913032 2.119300000 4.000000000 0.000148840 0.000000000 0.000000000 0.000000000 0.000146410 74.000000000 68.500000000 70.000000000 63.000000000
1750310338.599999905 31.27060086333333 120.911913035 2.102900000 4.000000000 0.000156250 0.000000000 0.000000000 0.000000000 0.000129960 74.000000000 68.500000000 70.000000000 63.000000000
1750310338.799999952 31.270600954166667 120.911912964 2.108000000 4.000000000 0.000156250 0.000000000 0.000000000 0.000000000 0.000129960 74.000000000 68.500000000 70.000000000 63.000000000
1750310339.000000000 31.270600879 120.911913013 2.121400000 4.000000000 0.000156250 0.000000000 0.000000000 0.000000000 0.000132250 74.000000000 68.500000000 70.000000000 63.000000000
1750310339.200000048 31.270601113833322 120.911912990 2.112900000 4.000000000 0.000153760 0.000000000 0.000000000 0.000000000 0.000129960 74.000000000 67.500000000 69.000000000 61.000000000
1750310339.400000095 31.270601760666665 120.911912876 2.111800000 4.000000000 0.000153760 0.000000000 0.000000000 0.000000000 0.000129960 74.000000000 67.500000000 69.000000000 61.000000000
1750310339.599999905 31.270602535833333 120.911912868 2.064700000 4.000000000 0.000134560 0.000000000 0.000000000 0.000000000 0.000116640 74.000000000 67.500000000 69.000000000 61.000000000
1750310339.799999952 31.27060326116667 120.911912771 2.058100000 4.000000000 0.000134560 0.000000000 0.000000000 0.000000000 0.000116640 74.000000000 67.500000000 69.000000000 61.000000000
1750310340.000000000 31.27060390183334 120.911912616 2.052500000 4.000000000 0.000134560 0.000000000 0.000000000 0.000000000 0.000116640 74.000000000 67.500000000 69.000000000 61.000000000
1750310340.200000048 31.270604477999996 120.911912328 2.045900000 4.000000000 0.000134560 0.000000000 0.000000000 0.000000000 0.000116640 70.000000000 71.000000000 75.000000000 72.000000000
1750310340.400000095 31.270605000833328 120.911911992 2.038300000 4.000000000 0.000134560 0.000000000 0.000000000 0.000000000 0.000116640 70.000000000 71.000000000 75.000000000 72.000000000
1750310340.599999905 31.270605647833335 120.911911646 2.062600000 4.000000000 0.000125440 0.000000000 0.000000000 0.000000000 0.000102010 70.000000000 71.000000000 75.000000000 72.000000000
1750310340.799999952 31.270606324166664 120.911911358 2.058000000 4.000000000 0.000125440 0.000000000 0.000000000 0.000000000 0.000102010 70.000000000 71.000000000 75.000000000 72.000000000
1750310341.000000000 31.270607099166668 120.911911145 2.069800000 4.000000000 0.000125440 0.000000000 0.000000000 0.000000000 0.000104040 70.000000000 71.000000000 75.000000000 72.000000000
1750310341.200000048 31.270607856666672 120.911910981 2.068500000 4.000000000 0.000125440 0.000000000 0.000000000 0.000000000 0.000104040 74.000000000 71.000000000 73.000000000 68.000000000
1750310341.400000095 31.270608350499998 120.911910826 2.053200000 4.000000000 0.000118810 0.000000000 0.000000000 0.000000000 0.000096040 74.000000000 71.000000000 73.000000000 68.000000000
1750310341.599999905 31.270609062000005 120.911910655 2.046600000 4.000000000 0.000118810 0.000000000 0.000000000 0.000000000 0.000096040 74.000000000 71.000000000 73.000000000 68.000000000
1750310341.799999952 31.270609756499994 120.911910551 2.054900000 4.000000000 0.000121000 0.000000000 0.000000000 0.000000000 0.000098010 74.000000000 71.000000000 73.000000000 68.000000000
1750310342.000000000 31.270610406000003 120.911910476 2.050800000 4.000000000 0.000121000 0.000000000 0.000000000 0.000000000 0.000098010 74.000000000 71.000000000 73.000000000 68.000000000
1750310342.200000048 31.270610952 120.911910283 2.035900000 4.000000000 0.000121000 0.000000000 0.000000000 0.000000000 0.000098010 68.000000000 68.000000000 73.000000000 68.000000000
1750310342.400000095 31.270611591666665 120.911909943 2.061300000 4.000000000 0.000132250 0.000000000 0.000000000 0.000000000 0.000134560 68.000000000 68.000000000 73.000000000 68.000000000
1750310342.599999905 31.270612274 120.911909727 2.060000000 4.000000000 0.000132250 0.000000000 0.000000000 0.000000000 0.000134560 68.000000000 68.000000000 73.000000000 68.000000000
1750310342.799999952 31.27061301166667 120.911909412 2.068500000 4.000000000 0.000132250 0.000000000 0.000000000 0.000000000 0.000134560 68.000000000 68.000000000 73.000000000 68.000000000
1750310343.000000000 31.270613757666666 120.911909241 2.075400000 4.000000000 0.000132250 0.000000000 0.000000000 0.000000000 0.000134560 68.000000000 68.000000000 73.000000000 68.000000000
1750310343.200000048 31.270614525 120.911909106 2.089600000 4.000000000 0.000132250 0.000000000 0.000000000 0.000000000 0.000134560 74.000000000 71.000000000 73.000000000 68.000000000
1750310343.400000095 31.27061521333333 120.911908906 2.088700000 4.000000000 0.000116640 0.000000000 0.000000000 0.000000000 0.000116640 74.000000000 71.000000000 73.000000000 68.000000000
1750310343.599999905 31.270615881166663 120.911908791 2.093500000 4.000000000 0.000116640 0.000000000 0.000000000 0.000000000 0.000116640 74.000000000 71.000000000 73.000000000 68.000000000
1750310343.799999952 31.270616538500008 120.911908663 2.096900000 4.000000000 0.000116640 0.000000000 0.000000000 0.000000000 0.000116640 74.000000000 71.000000000 73.000000000 68.000000000
1750310344.000000000 31.270617137833327 120.911908542 2.085700000 4.000000000 0.000116640 0.000000000 0.000000000 0.000000000 0.000118810 74.000000000 71.000000000 73.000000000 68.000000000
1750310344.200000048 31.270617807500003 120.911908400 2.096300000 4.000000000 0.000118810 0.000000000 0.000000000 0.000000000 0.000118810 72.000000000 71.000000000 74.000000000 70.000000000
1750310344.400000095 31.270618495000008 120.911908227 2.094100000 4.000000000 0.000118810 0.000000000 0.000000000 0.000000000 0.000112360 72.000000000 71.000000000 74.000000000 70.000000000
1750310344.599999905 31.27061918216667 120.911908011 2.102700000 4.000000000 0.000118810 0.000000000 0.000000000 0.000000000 0.000112360 72.000000000 71.000000000 74.000000000 70.000000000
1750310344.799999952 31.27061986199999 120.911907833 2.097700000 4.000000000 0.000118810 0.000000000 0.000000000 0.000000000 0.000112360 72.000000000 71.000000000 74.000000000 70.000000000
1750310345.000000000 31.270620589333333 120.911907613 2.110100000 4.000000000 0.000118810 0.000000000 0.000000000 0.000000000 0.000112360 72.000000000 71.000000000 74.000000000 70.000000000
1750310345.200000048 31.270621347499997 120.911907572 2.104700000 4.000000000 0.000118810 0.000000000 0.000000000 0.000000000 0.000112360 76.000000000 73.500000000 73.000000000 71.000000000
1750310345.400000095 31.270621991500008 120.911907449 2.101300000 4.000000000 0.000112360 0.000000000 0.000000000 0.000000000 0.000102010 76.000000000 73.500000000 73.000000000 71.000000000
1750310345.599999905 31.27062268516667 120.911907231 2.095200000 4.000000000 0.000112360 0.000000000 0.000000000 0.000000000 0.000104040 76.000000000 73.500000000 73.000000000 71.000000000
1750310345.799999952 31.27062330999999 120.911907091 2.097000000 4.000000000 0.000112360 0.000000000 0.000000000 0.000000000 0.000104040 76.000000000 73.500000000 73.000000000 71.000000000
1750310346.000000000 31.270623966666676 120.911906961 2.100100000 4.000000000 0.000112360 0.000000000 0.000000000 0.000000000 0.000104040 76.000000000 73.500000000 73.000000000 71.000000000
1750310346.200000048 31.270624639999994 120.911906807 2.098600000 4.000000000 0.000112360 0.000000000 0.000000000 0.000000000 0.000104040 74.000000000 73.000000000 75.000000000 72.000000000
1750310346.400000095 31.270625278166676 120.911906603 2.100200000 4.000000000 0.000112360 0.000000000 0.000000000 0.000000000 0.000100000 74.000000000 73.000000000 75.000000000 72.000000000
1750310346.599999905 31.27062598566667 120.911906343 2.100600000 4.000000000 0.000112360 0.000000000 0.000000000 0.000000000 0.000100000 74.000000000 73.000000000 75.000000000 72.000000000
1750310346.799999952 31.270626662499993 120.911906138 2.102900000 4.000000000 0.000112360 0.000000000 0.000000000 0.000000000 0.000100000 74.000000000 73.000000000 75.000000000 72.000000000
1750310347.000000000 31.27062737883334 120.911906028 2.104000000 4.000000000 0.000112360 0.000000000 0.000000000 0.000000000 0.000100000 74.000000000 73.000000000 75.000000000 72.000000000
1750310347.200000048 31.27062805283333 120.911905952 2.094500000 4.000000000 0.000112360 0.000000000 0.000000000 0.000000000 0.000100000 72.000000000 71.000000000 74.000000000 70.000000000
1750310347.400000095 31.270628701333337 120.911905798 2.099200000 4.000000000 0.000106090 0.000000000 0.000000000 0.000000000 0.000096040 72.000000000 71.000000000 74.000000000 70.000000000
1750310347.599999905 31.270629509333332 120.911905792 2.087000000 4.000000000 0.000106090 0.000000000 0.000000000 0.000000000 0.000098010 72.000000000 71.000000000 74.000000000 70.000000000
1750310347.799999952 31.27063022983333 120.911905554 2.106800000 4.000000000 0.000106090 0.000000000 0.000000000 0.000000000 0.000098010 72.000000000 71.000000000 74.000000000 70.000000000
1750310348.000000000 31.270630780333335 120.911905244 2.105700000 4.000000000 0.000108160 0.000000000 0.000000000 0.000000000 0.000098010 72.000000000 71.000000000 74.000000000 70.000000000
1750310348.200000048 31.270631377166666 120.911904950 2.104800000 4.000000000 0.000106090 0.000000000 0.000000000 0.000000000 0.000098010 69.000000000 67.000000000 70.000000000 65.000000000
1750310348.400000095 31.270632110166673 120.911904639 2.113500000 4.000000000 0.000136890 0.000000000 0.000000000 0.000000000 0.000121000 69.000000000 67.000000000 70.000000000 65.000000000
1750310348.599999905 31.27063276166666 120.911904182 2.110700000 4.000000000 0.000136890 0.000000000 0.000000000 0.000000000 0.000123210 69.000000000 67.000000000 70.000000000 65.000000000
1750310348.799999952 31.270633443166673 120.911903750 2.104800000 4.000000000 0.000136890 0.000000000 0.000000000 0.000000000 0.000123210 69.000000000 67.000000000 70.000000000 65.000000000
1750310349.000000000 31.270634109499994 120.911903432 2.095600000 4.000000000 0.000136890 0.000000000 0.000000000 0.000000000 0.000123210 69.000000000 67.000000000 70.000000000 65.000000000
1750310349.200000048 31.27063466833333 120.911903056 2.095300000 4.000000000 0.000136890 0.000000000 0.000000000 0.000000000 0.000123210 65.000000000 62.500000000 68.000000000 60.000000000
1750310349.400000095 31.270634871833337 120.911902641 2.106400000 4.000000000 0.000161290 0.000000000 0.000000000 0.000000000 0.000158760 65.000000000 62.500000000 68.000000000 60.000000000
1750310349.599999905 31.270634936000008 120.911902549 2.110700000 4.000000000 0.000161290 0.000000000 0.000000000 0.000000000 0.000158760 65.000000000 62.500000000 68.000000000 60.000000000
1750310349.799999952 31.270635033000005 120.911902380 2.102900000 4.000000000 0.000161290 0.000000000 0.000000000 0.000000000 0.000158760 65.000000000 62.500000000 68.000000000 60.000000000
1750310350.000000000 31.270635291000005 120.911902179 2.097300000 4.000000000 0.000161290 0.000000000 0.000000000 0.000000000 0.000161290 65.000000000 62.500000000 68.000000000 60.000000000
1750310350.200000048 31.270635905333336 120.911902088 2.115700000 4.000000000 0.000163840 0.000000000 0.000000000 0.000000000 0.000163840 63.000000000 60.500000000 67.000000000 58.000000000
1750310350.400000095 31.270636436333334 120.911902234 2.087800000 4.000000000 0.000169000 0.000000000 0.000000000 0.000000000 0.000184960 63.000000000 60.500000000 67.000000000 58.000000000
1750310350.599999905 31.2706369605 120.911902713 2.056200000 4.000000000 0.000169000 0.000000000 0.000000000 0.000000000 0.000187690 63.000000000 60.500000000 67.000000000 58.000000000
1750310350.799999952 31.270637340666667 120.911903330 2.073600000 4.000000000 0.000169000 0.000000000 0.000000000 0.000000000 0.000187690 63.000000000 60.500000000 67.000000000 58.000000000
1750310351.000000000 31.270637452666662 120.911903637 2.070700000 4.000000000 0.000169000 0.000000000 0.000000000 0.000000000 0.000190440 63.000000000 60.500000000 67.000000000 58.000000000
1750310351.200000048 31.270637460166668 120.911903855 2.070500000 4.000000000 0.000163840 0.000000000 0.000000000 0.000000000 0.000179560 63.000000000 58.000000000 65.000000000 53.000000000
1750310351.400000095 31.270637346166666 120.911903814 2.064400000 4.000000000 0.000127690 0.000000000 0.000000000 0.000000000 0.000134560 63.000000000 58.000000000 65.000000000 53.000000000
1750310351.599999905 31.270637335999993 120.911903826 2.063100000 4.000000000 0.000127690 0.000000000 0.000000000 0.000000000 0.000134560 63.000000000 58.000000000 65.000000000 53.000000000
1750310351.799999952 31.270637334166665 120.911903825 2.061700000 4.000000000 0.000127690 0.000000000 0.000000000 0.000000000 0.000134560 63.000000000 58.000000000 65.000000000 53.000000000
1750310352.000000000 31.27063752683334 120.911903821 2.053900000 4.000000000 0.000127690 0.000000000 0.000000000 0.000000000 0.000134560 63.000000000 58.000000000 65.000000000 53.000000000
1750310352.200000048 31.27063803433333 120.911903832 2.048800000 4.000000000 0.000127690 0.000000000 0.000000000 0.000000000 0.000134560 65.000000000 66.500000000 73.000000000 68.000000000
1750310352.400000095 31.270638956833338 120.911903889 2.070500000 4.000000000 0.000116640 0.000000000 0.000000000 0.000000000 0.000123210 65.000000000 66.500000000 73.000000000 68.000000000
1750310352.599999905 31.270639736166657 120.911903722 2.080300000 4.000000000 0.000116640 0.000000000 0.000000000 0.000000000 0.000123210 65.000000000 66.500000000 73.000000000 68.000000000
1750310352.799999952 31.270640485499996 120.911903472 2.084700000 4.000000000 0.000116640 0.000000000 0.000000000 0.000000000 0.000123210 65.000000000 66.500000000 73.000000000 68.000000000
1750310353.000000000 31.270641254499992 120.911903335 2.078900000 4.000000000 0.000116640 0.000000000 0.000000000 0.000000000 0.000123210 65.000000000 66.500000000 73.000000000 68.000000000
1750310353.200000048 31.270641888 120.911903198 2.084900000 4.000000000 0.000116640 0.000000000 0.000000000 0.000000000 0.000121000 70.000000000 69.000000000 73.000000000 68.000000000
1750310353.400000095 31.270642019333337 120.911903252 2.097600000 4.000000000 0.000118810 0.000000000 0.000000000 0.000000000 0.000121000 70.000000000 69.000000000 73.000000000 68.000000000
1750310353.599999905 31.27064201766666 120.911903275 2.085800000 4.000000000 0.000118810 0.000000000 0.000000000 0.000000000 0.000121000 70.000000000 69.000000000 73.000000000 68.000000000
1750310353.799999952 31.270641989500007 120.911903214 2.091700000 4.000000000 0.000118810 0.000000000 0.000000000 0.000000000 0.000121000 70.000000000 69.000000000 73.000000000 68.000000000
1750310354.000000000 31.27064199450001 120.911903182 2.071400000 4.000000000 0.000118810 0.000000000 0.000000000 0.000000000 0.000121000 70.000000000 69.000000000 73.000000000 68.000000000
1750310354.200000048 31.27064195283333 120.911903121 2.081000000 4.000000000 0.000118810 0.000000000 0.000000000 0.000000000 0.000125440 70.000000000 71.000000000 75.000000000 72.000000000
1750310354.400000095 31.27064190366667 120.911902950 2.095000000 4.000000000 0.000116640 0.000000000 0.000000000 0.000000000 0.000121000 70.000000000 71.000000000 75.000000000 72.000000000
1750310354.599999905 31.270641880666673 120.911902757 2.094100000 4.000000000 0.000116640 0.000000000 0.000000000 0.000000000 0.000123210 70.000000000 71.000000000 75.000000000 72.000000000
1750310354.799999952 31.27064195133333 120.911902780 2.093800000 4.000000000 0.000116640 0.000000000 0.000000000 0.000000000 0.000123210 70.000000000 71.000000000 75.000000000 72.000000000
1750310355.000000000 31.27064192233334 120.911902815 2.103700000 4.000000000 0.000118810 0.000000000 0.000000000 0.000000000 0.000123210 70.000000000 71.000000000 75.000000000 72.000000000
1750310355.200000048 31.2706421715 120.911902678 2.114000000 4.000000000 0.000116640 0.000000000 0.000000000 0.000000000 0.000121000 68.000000000 66.500000000 71.000000000 65.000000000
1750310355.400000095 31.270642800000005 120.911902342 2.105700000 4.000000000 0.000121000 0.000000000 0.000000000 0.000000000 0.000139240 68.000000000 66.500000000 71.000000000 65.000000000
1750310355.599999905 31.27064351 120.911902041 2.097300000 4.000000000 0.000121000 0.000000000 0.000000000 0.000000000 0.000139240 68.000000000 66.500000000 71.000000000 65.000000000
1750310355.799999952 31.270644241 120.911901830 2.102600000 4.000000000 0.000121000 0.000000000 0.000000000 0.000000000 0.000139240 68.000000000 66.500000000 71.000000000 65.000000000
1750310356.000000000 31.27064496616667 120.911901876 2.095400000 4.000000000 0.000121000 0.000000000 0.000000000 0.000000000 0.000139240 68.000000000 66.500000000 71.000000000 65.000000000
1750310356.200000048 31.270645642666665 120.911901809 2.095200000 4.000000000 0.000118810 0.000000000 0.000000000 0.000000000 0.000136890 72.000000000 68.500000000 71.000000000 65.000000000
1750310356.400000095 31.270646235166666 120.911901658 2.094700000 4.000000000 0.000121000 0.000000000 0.000000000 0.000000000 0.000127690 72.000000000 68.500000000 71.000000000 65.000000000
1750310356.599999905 31.270646850666665 120.911901527 2.090200000 4.000000000 0.000121000 0.000000000 0.000000000 0.000000000 0.000127690 72.000000000 68.500000000 71.000000000 65.000000000
1750310356.799999952 31.270647435499995 120.911901419 2.086800000 4.000000000 0.000121000 0.000000000 0.000000000 0.000000000 0.000127690 72.000000000 68.500000000 71.000000000 65.000000000
1750310357.000000000 31.27064810516667 120.911901309 2.090400000 4.000000000 0.000121000 0.000000000 0.000000000 0.000000000 0.000127690 72.000000000 68.500000000 71.000000000 65.000000000
1750310357.200000048 31.27064884116666 120.911901175 2.086200000 4.000000000 0.000121000 0.000000000 0.000000000 0.000000000 0.000127690 72.000000000 71.000000000 74.000000000 70.000000000
1750310357.400000095 31.27064957183333 120.911900898 2.108600000 4.000000000 0.000123210 0.000000000 0.000000000 0.000000000 0.000129960 72.000000000 71.000000000 74.000000000 70.000000000
1750310357.599999905 31.270650202833338 120.911900752 2.110300000 4.000000000 0.000123210 0.000000000 0.000000000 0.000000000 0.000129960 72.000000000 71.000000000 74.000000000 70.000000000
1750310357.799999952 31.27065070933334 120.911900709 2.112600000 4.000000000 0.000123210 0.000000000 0.000000000 0.000000000 0.000132250 72.000000000 71.000000000 74.000000000 70.000000000
1750310358.000000000 31.27065141916667 120.911900522 2.106100000 4.000000000 0.000123210 0.000000000 0.000000000 0.000000000 0.000132250 72.000000000 71.000000000 74.000000000 70.000000000
1750310358.200000048 31.27065210566667 120.911900562 2.106000000 4.000000000 0.000125440 0.000000000 0.000000000 0.000000000 0.000134560 65.000000000 65.000000000 71.000000000 65.000000000
1750310358.400000095 31.270652830499998 120.911900434 2.120400000 4.000000000 0.000123210 0.000000000 0.000000000 0.000000000 0.000132250 65.000000000 65.000000000 71.000000000 65.000000000
1750310358.599999905 31.270653631166667 120.911900245 2.118700000 4.000000000 0.000123210 0.000000000 0.000000000 0.000000000 0.000132250 65.000000000 65.000000000 71.000000000 65.000000000
1750310358.799999952 31.270654304000004 120.911900059 2.132100000 4.000000000 0.000123210 0.000000000 0.000000000 0.000000000 0.000132250 65.000000000 65.000000000 71.000000000 65.000000000
1750310359.000000000 31.27065501333334 120.911900023 2.131800000 4.000000000 0.000123210 0.000000000 0.000000000 0.000000000 0.000132250 65.000000000 65.000000000 71.000000000 65.000000000
1750310359.200000048 31.270655706499994 120.911899850 2.122800000 4.000000000 0.000123210 0.000000000 0.000000000 0.000000000 0.000129960 68.000000000 66.500000000 71.000000000 65.000000000
1750310359.400000095 31.270656416833333 120.911899536 2.139100000 4.000000000 0.000100000 0.000000000 0.000000000 0.000000000 0.000121000 68.000000000 66.500000000 71.000000000 65.000000000
1750310359.599999905 31.270657153000002 120.911899149 2.142000000 4.000000000 0.000100000 0.000000000 0.000000000 0.000000000 0.000121000 68.000000000 66.500000000 71.000000000 65.000000000
1750310359.799999952 31.2706578545 120.911898878 2.136100000 4.000000000 0.000102010 0.000000000 0.000000000 0.000000000 0.000121000 68.000000000 66.500000000 71.000000000 65.000000000
1750310360.000000000 31.270658512333327 120.911898612 2.147100000 4.000000000 0.000102010 0.000000000 0.000000000 0.000000000 0.000121000 68.000000000 66.500000000 71.000000000 65.000000000
1750310360.200000048 31.270659091500008 120.911898417 2.132800000 4.000000000 0.000102010 0.000000000 0.000000000 0.000000000 0.000118810 68.000000000 69.000000000 74.000000000 70.000000000
1750310360.400000095 31.270659561333332 120.911898543 2.129400000 4.000000000 0.000102010 0.000000000 0.000000000 0.000000000 0.000118810 68.000000000 69.000000000 74.000000000 70.000000000
1750310360.599999905 31.270659484333336 120.911898535 2.117800000 4.000000000 0.000114490 0.000000000 0.000000000 0.000000000 0.000118810 68.000000000 69.000000000 74.000000000 70.000000000
1750310360.799999952 31.270659502166666 120.911898504 2.108800000 4.000000000 0.000114490 0.000000000 0.000000000 0.000000000 0.000118810 68.000000000 69.000000000 74.000000000 70.000000000
1750310361.000000000 31.27065950283334 120.911898362 2.119300000 4.000000000 0.000114490 0.000000000 0.000000000 0.000000000 0.000118810 68.000000000 69.000000000 74.000000000 70.000000000
1750310361.200000048 31.270659554000005 120.911898209 2.131600000 4.000000000 0.000114490 0.000000000 0.000000000 0.000000000 0.000118810 67.000000000 71.500000000 76.000000000 76.000000000
1750310361.400000095 31.270659917333333 120.911897771 2.144200000 4.000000000 0.000108160 0.000000000 0.000000000 0.000000000 0.000108160 67.000000000 71.500000000 76.000000000 76.000000000
1750310361.599999905 31.270660412500007 120.911897568 2.135100000 4.000000000 0.000110250 0.000000000 0.000000000 0.000000000 0.000106090 67.000000000 71.500000000 76.000000000 76.000000000
1750310361.799999952 31.270661179499996 120.911897439 2.121800000 4.000000000 0.000110250 0.000000000 0.000000000 0.000000000 0.000106090 67.000000000 71.500000000 76.000000000 76.000000000
1750310362.000000000 31.270661732333338 120.911897251 2.135900000 4.000000000 0.000110250 0.000000000 0.000000000 0.000000000 0.000108160 67.000000000 71.500000000 76.000000000 76.000000000
1750310362.200000048 31.270662433666672 120.911897210 2.121900000 4.000000000 0.000112360 0.000000000 0.000000000 0.000000000 0.000106090 63.000000000 64.000000000 70.000000000 65.000000000
1750310362.400000095 31.270663108000008 120.911897078 2.128500000 4.000000000 0.000139240 0.000000000 0.000000000 0.000000000 0.000104040 63.000000000 64.000000000 70.000000000 65.000000000
1750310362.599999905 31.270663783000003 120.911896987 2.111200000 4.000000000 0.000139240 0.000000000 0.000000000 0.000000000 0.000104040 63.000000000 64.000000000 70.000000000 65.000000000
1750310362.799999952 31.27066446650001 120.911896719 2.129100000 4.000000000 0.000139240 0.000000000 0.000000000 0.000000000 0.000104040 63.000000000 64.000000000 70.000000000 65.000000000
1750310363.000000000 31.27066528783334 120.911896608 2.121800000 4.000000000 0.000139240 0.000000000 0.000000000 0.000000000 0.000104040 63.000000000 64.000000000 70.000000000 65.000000000
1750310363.200000048 31.270665964666662 120.911896493 2.113700000 4.000000000 0.000136890 0.000000000 0.000000000 0.000000000 0.000104040 63.000000000 65.000000000 71.000000000 67.000000000
1750310363.400000095 31.27066666666667 120.911896441 2.130100000 4.000000000 0.000156250 0.000000000 0.000000000 0.000000000 0.000114490 63.000000000 65.000000000 71.000000000 67.000000000
1750310363.599999905 31.270666894166666 120.911896437 2.144800000 4.000000000 0.000158760 0.000000000 0.000000000 0.000000000 0.000116640 63.000000000 65.000000000 71.000000000 67.000000000
1750310363.799999952 31.27066674983334 120.911896430 2.139700000 4.000000000 0.000158760 0.000000000 0.000000000 0.000000000 0.000116640 63.000000000 65.000000000 71.000000000 67.000000000
1750310364.000000000 31.270666821999995 120.911896689 2.140400000 4.000000000 0.000158760 0.000000000 0.000000000 0.000000000 0.000116640 63.000000000 65.000000000 71.000000000 67.000000000
1750310364.200000048 31.270666891833343 120.911897001 2.140200000 4.000000000 0.000158760 0.000000000 0.000000000 0.000000000 0.000116640 64.000000000 68.500000000 74.000000000 73.000000000
1750310364.400000095 31.27066716633334 120.911897121 2.142600000 4.000000000 0.000166410 0.000000000 0.000000000 0.000000000 0.000116640 64.000000000 68.500000000 74.000000000 73.000000000
1750310364.599999905 31.270667763333336 120.911897284 2.138100000 4.000000000 0.000166410 0.000000000 0.000000000 0.000000000 0.000116640 64.000000000 68.500000000 74.000000000 73.000000000
1750310364.799999952 31.2706683695 120.911897101 2.144300000 4.000000000 0.000169000 0.000000000 0.000000000 0.000000000 0.000116640 64.000000000 68.500000000 74.000000000 73.000000000
1750310365.000000000 31.270669022166658 120.911896758 2.124600000 4.000000000 0.000166410 0.000000000 0.000000000 0.000000000 0.000118810 64.000000000 68.500000000 74.000000000 73.000000000
1750310365.200000048 31.270669725666664 120.911896478 2.117700000 4.000000000 0.000169000 0.000000000 0.000000000 0.000000000 0.000121000 60.000000000 63.000000000 70.000000000 66.000000000
1750310365.400000095 31.270670273500002 120.911896296 2.103000000 4.000000000 0.000169000 0.000000000 0.000000000 0.000000000 0.000169000 60.000000000 63.000000000 70.000000000 66.000000000
1750310365.599999905 31.270670990500008 120.911896022 2.116000000 4.000000000 0.000169000 0.000000000 0.000000000 0.000000000 0.000169000 60.000000000 63.000000000 70.000000000 66.000000000
1750310365.799999952 31.270671696833332 120.911895706 2.126100000 4.000000000 0.000169000 0.000000000 0.000000000 0.000000000 0.000169000 60.000000000 63.000000000 70.000000000 66.000000000
1750310366.000000000 31.270672086166655 120.911895672 2.127200000 4.000000000 0.000169000 0.000000000 0.000000000 0.000000000 0.000169000 60.000000000 63.000000000 70.000000000 66.000000000
1750310366.200000048 31.2706720005 120.911895661 2.129500000 4.000000000 0.000169000 0.000000000 0.000000000 0.000000000 0.000163840 63.000000000 63.000000000 69.000000000 63.000000000
1750310366.400000095 31.270672036833332 120.911895636 2.134400000 4.000000000 0.000123210 0.000000000 0.000000000 0.000000000 0.000127690 63.000000000 63.000000000 69.000000000 63.000000000
1750310366.599999905 31.270672149666666 120.911895496 2.128200000 4.000000000 0.000123210 0.000000000 0.000000000 0.000000000 0.000127690 63.000000000 63.000000000 69.000000000 63.000000000
1750310366.799999952 31.270672583999996 120.911894965 2.123600000 4.000000000 0.000125440 0.000000000 0.000000000 0.000000000 0.000127690 63.000000000 63.000000000 69.000000000 63.000000000
1750310367.000000000 31.27067326133333 120.911894263 2.135900000 4.000000000 0.000125440 0.000000000 0.000000000 0.000000000 0.000129960 63.000000000 63.000000000 69.000000000 63.000000000
1750310367.200000048 31.270673756833332 120.911893514 2.139500000 4.000000000 0.000121000 0.000000000 0.000000000 0.000000000 0.000127690 69.000000000 67.000000000 70.000000000 65.000000000
1750310367.400000095 31.27067418833333 120.911892884 2.126200000 4.000000000 0.000104040 0.000000000 0.000000000 0.000000000 0.000108160 69.000000000 67.000000000 70.000000000 65.000000000
1750310367.599999905 31.27067442816667 120.911892684 2.129400000 4.000000000 0.000104040 0.000000000 0.000000000 0.000000000 0.000108160 69.000000000 67.000000000 70.000000000 65.000000000
1750310367.799999952 31.270674332 120.911892743 2.125300000 4.000000000 0.000104040 0.000000000 0.000000000 0.000000000 0.000108160 69.000000000 67.000000000 70.000000000 65.000000000
1750310368.000000000 31.270674228333334 120.911892601 2.123400000 4.000000000 0.000104040 0.000000000 0.000000000 0.000000000 0.000108160 69.000000000 67.000000000 70.000000000 65.000000000
1750310368.200000048 31.270674287666665 120.911892391 2.124300000 4.000000000 0.000104040 0.000000000 0.000000000 0.000000000 0.000106090 76.000000000 73.000000000 74.000000000 70.000000000
1750310368.400000095 31.27067443083334 120.911892037 2.124000000 4.000000000 0.000104040 0.000000000 0.000000000 0.000000000 0.000106090 76.000000000 73.000000000 74.000000000 70.000000000
1750310368.599999905 31.27067466566666 120.911891427 2.128200000 4.000000000 0.000102010 0.000000000 0.000000000 0.000000000 0.000090250 76.000000000 73.000000000 74.000000000 70.000000000
1750310368.799999952 31.270675106499993 120.911890968 2.116200000 4.000000000 0.000102010 0.000000000 0.000000000 0.000000000 0.000090250 76.000000000 73.000000000 74.000000000 70.000000000
1750310369.000000000 31.270675171333323 120.911890987 2.118700000 4.000000000 0.000102010 0.000000000 0.000000000 0.000000000 0.000090250 76.000000000 73.000000000 74.000000000 70.000000000
1750310369.200000048 31.270675146166667 120.911890998 2.119700000 4.000000000 0.000102010 0.000000000 0.000000000 0.000000000 0.000090250 76.000000000 77.000000000 78.000000000 78.000000000
1750310369.400000095 31.27067511749999 120.911890922 2.116500000 4.000000000 0.000102010 0.000000000 0.000000000 0.000000000 0.000090250 76.000000000 77.000000000 78.000000000 78.000000000
1750310369.599999905 31.270675007833333 120.911890749 2.104600000 4.000000000 0.000096040 0.000000000 0.000000000 0.000000000 0.000082810 76.000000000 77.000000000 78.000000000 78.000000000
1750310369.799999952 31.27067489783333 120.911890497 2.103200000 4.000000000 0.000096040 0.000000000 0.000000000 0.000000000 0.000082810 76.000000000 77.000000000 78.000000000 78.000000000
1750310370.000000000 31.27067477683333 120.911890223 2.097900000 4.000000000 0.000096040 0.000000000 0.000000000 0.000000000 0.000082810 76.000000000 77.000000000 78.000000000 78.000000000
1750310370.200000048 31.270674668333328 120.911889966 2.092300000 4.000000000 0.000096040 1.000000000 0.000000000 0.000000000 0.000082810 80.000000000 80.000000000 78.000000000 80.000000000
1750310370.400000095 31.270674565333337 120.911889681 2.083900000 4.000000000 0.000096040 1.000000000 0.000000000 0.000000000 0.000082810 80.000000000 80.000000000 78.000000000 80.000000000
1750310370.599999905 31.270674598499994 120.911889433 2.077900000 4.000000000 0.000086490 1.000000000 0.000000000 0.000000000 0.000079210 80.000000000 80.000000000 78.000000000 80.000000000
1750310370.799999952 31.270674945333326 120.911888970 2.083100000 4.000000000 0.000086490 1.000000000 0.000000000 0.000000000 0.000079210 80.000000000 80.000000000 78.000000000 80.000000000
1750310371.000000000 31.270675469833336 120.911888650 2.080500000 4.000000000 0.000086490 1.000000000 0.000000000 0.000000000 0.000079210 80.000000000 80.000000000 78.000000000 80.000000000
1750310371.200000048 31.270676169166677 120.911888527 2.081200000 4.000000000 0.000086490 1.000000000 0.000000000 0.000000000 0.000079210 76.000000000 75.000000000 76.000000000 74.000000000
1750310371.400000095 31.270676831666663 120.911888633 2.085600000 4.000000000 0.000086490 1.000000000 0.000000000 0.000000000 0.000079210 76.000000000 75.000000000 76.000000000 74.000000000
1750310371.599999905 31.270677137666667 120.911889018 2.093300000 4.000000000 0.000084640 1.000000000 0.000000000 0.000000000 0.000079210 76.000000000 75.000000000 76.000000000 74.000000000
1750310371.799999952 31.270677239833333 120.911889228 2.092700000 4.000000000 0.000084640 1.000000000 0.000000000 0.000000000 0.000079210 76.000000000 75.000000000 76.000000000 74.000000000
1750310372.000000000 31.270677270833332 120.911889478 2.097500000 4.000000000 0.000084640 1.000000000 0.000000000 0.000000000 0.000079210 76.000000000 75.000000000 76.000000000 74.000000000
1750310372.200000048 31.270677320000004 120.911889787 2.097000000 4.000000000 0.000082810 1.000000000 0.000000000 0.000000000 0.000079210 78.000000000 76.000000000 76.000000000 74.000000000
1750310372.400000095 31.270677346 120.911890048 2.089100000 4.000000000 0.000082810 1.000000000 0.000000000 0.000000000 0.000079210 78.000000000 76.000000000 76.000000000 74.000000000
1750310372.599999905 31.27067744483334 120.911890272 2.095400000 4.000000000 0.000081000 1.000000000 0.000000000 0.000000000 0.000077440 78.000000000 76.000000000 76.000000000 74.000000000
1750310372.799999952 31.270677563999996 120.911890494 2.090500000 4.000000000 0.000081000 1.000000000 0.000000000 0.000000000 0.000077440 78.000000000 76.000000000 76.000000000 74.000000000
1750310373.000000000 31.27067769833333 120.911890704 2.096100000 4.000000000 0.000081000 1.000000000 0.000000000 0.000000000 0.000077440 78.000000000 76.000000000 76.000000000 74.000000000
1750310373.200000048 31.270677884833333 120.911890947 2.097000000 4.000000000 0.000081000 1.000000000 0.000000000 0.000000000 0.000077440 82.000000000 82.000000000 79.000000000 82.000000000
1750310373.400000095 31.270678106333335 120.911890924 2.094000000 4.000000000 0.000081000 1.000000000 0.000000000 0.000000000 0.000077440 82.000000000 82.000000000 79.000000000 82.000000000
1750310373.599999905 31.270678678833335 120.911890849 2.101500000 4.000000000 0.000081000 1.000000000 0.000000000 0.000000000 0.000073960 82.000000000 82.000000000 79.000000000 82.000000000
1750310373.799999952 31.270679187833338 120.911890357 2.106400000 4.000000000 0.000081000 1.000000000 0.000000000 0.000000000 0.000073960 82.000000000 82.000000000 79.000000000 82.000000000
1750310374.000000000 31.270679657666662 120.911889607 2.113500000 4.000000000 0.000081000 1.000000000 0.000000000 0.000000000 0.000073960 82.000000000 82.000000000 79.000000000 82.000000000
1750310374.200000048 31.270680292999998 120.911889189 2.088400000 4.000000000 0.000081000 1.000000000 0.000000000 0.000000000 0.000073960 80.000000000 80.000000000 79.000000000 80.000000000
1750310374.400000095 31.27068082866667 120.911889033 2.086800000 4.000000000 0.000082810 1.000000000 0.000000000 0.000000000 0.000075690 80.000000000 80.000000000 79.000000000 80.000000000
1750310374.599999905 31.2706811245 120.911889117 2.078300000 4.000000000 0.000084640 1.000000000 0.000000000 0.000000000 0.000073960 80.000000000 80.000000000 79.000000000 80.000000000
1750310374.799999952 31.27068140116667 120.911889066 2.082600000 4.000000000 0.000086490 1.000000000 0.000000000 0.000000000 0.000075690 80.000000000 80.000000000 79.000000000 80.000000000
1750310375.000000000 31.270681721499997 120.911889018 2.088100000 4.000000000 0.000086490 1.000000000 0.000000000 0.000000000 0.000075690 80.000000000 80.000000000 79.000000000 80.000000000
1750310375.200000048 31.27068206 120.911888992 2.080300000 4.000000000 0.000086490 1.000000000 0.000000000 0.000000000 0.000075690 80.000000000 80.000000000 77.000000000 80.000000000
1750310375.400000095 31.270682097333335 120.911888946 2.087200000 4.000000000 0.000114490 1.000000000 0.000000000 0.000000000 0.000090250 80.000000000 80.000000000 77.000000000 80.000000000
1750310375.599999905 31.270682080499995 120.911888980 2.085000000 4.000000000 0.000114490 1.000000000 0.000000000 0.000000000 0.000090250 80.000000000 80.000000000 77.000000000 80.000000000
1750310375.799999952 31.270682129833332 120.911888882 2.081700000 4.000000000 0.000116640 1.000000000 0.000000000 0.000000000 0.000090250 80.000000000 80.000000000 77.000000000 80.000000000
1750310376.000000000 31.270682138833337 120.911888266 2.080000000 4.000000000 0.000116640 1.000000000 0.000000000 0.000000000 0.000090250 80.000000000 80.000000000 77.000000000 80.000000000
1750310376.200000048 31.270682146833337 120.911887299 2.084100000 4.000000000 0.000116640 1.000000000 0.000000000 0.000000000 0.000090250 80.000000000 80.000000000 77.000000000 80.000000000
1750310376.400000095 31.270682035166672 120.911886534 2.062900000 4.000000000 0.000125440 1.000000000 0.000000000 0.000000000 0.000096040 80.000000000 80.000000000 77.000000000 80.000000000
1750310376.599999905 31.27068183583333 120.911885754 2.062100000 4.000000000 0.000125440 1.000000000 0.000000000 0.000000000 0.000098010 80.000000000 80.000000000 77.000000000 80.000000000
1750310376.799999952 31.270681982 120.911885130 2.056900000 4.000000000 0.000125440 1.000000000 0.000000000 0.000000000 0.000098010 80.000000000 80.000000000 77.000000000 80.000000000
1750310377.000000000 31.27068216133334 120.911885095 2.047200000 4.000000000 0.000125440 1.000000000 0.000000000 0.000000000 0.000098010 80.000000000 80.000000000 77.000000000 80.000000000
1750310377.200000048 31.270682161833335 120.911885066 2.059400000 4.000000000 0.000125440 1.000000000 0.000000000 0.000000000 0.000098010 77.000000000 76.000000000 75.000000000 75.000000000
1750310377.400000095 31.270682090666668 120.911885113 2.058400000 4.000000000 0.000136890 1.000000000 0.000000000 0.000000000 0.000100000 77.000000000 76.000000000 75.000000000 75.000000000
1750310377.599999905 31.270681981833334 120.911885125 2.063400000 4.000000000 0.000136890 1.000000000 0.000000000 0.000000000 0.000100000 77.000000000 76.000000000 75.000000000 75.000000000
1750310377.799999952 31.270681879666668 120.911885189 2.061500000 4.000000000 0.000136890 1.000000000 0.000000000 0.000000000 0.000100000 77.000000000 76.000000000 75.000000000 75.000000000
1750310378.000000000 31.270681748666675 120.911885201 2.059600000 4.000000000 0.000136890 1.000000000 0.000000000 0.000000000 0.000100000 77.000000000 76.000000000 75.000000000 75.000000000
1750310378.200000048 31.270681603 120.911885247 2.059600000 4.000000000 0.000136890 1.000000000 0.000000000 0.000000000 0.000100000 76.000000000 74.500000000 74.000000000 73.000000000
1750310378.400000095 31.270681387500005 120.911885219 2.059000000 4.000000000 0.000139240 1.000000000 0.000000000 0.000000000 0.000098010 76.000000000 74.500000000 74.000000000 73.000000000
1750310378.599999905 31.27068118016666 120.911885182 2.066500000 4.000000000 0.000136890 1.000000000 0.000000000 0.000000000 0.000098010 76.000000000 74.500000000 74.000000000 73.000000000
1750310378.799999952 31.270680899833337 120.911885190 2.063900000 4.000000000 0.000136890 1.000000000 0.000000000 0.000000000 0.000096040 76.000000000 74.500000000 74.000000000 73.000000000
1750310379.000000000 31.270680659166672 120.911885148 2.050200000 4.000000000 0.000136890 1.000000000 0.000000000 0.000000000 0.000096040 76.000000000 74.500000000 74.000000000 73.000000000
1750310379.200000048 31.270680491833332 120.911884699 2.036900000 4.000000000 0.000134560 1.000000000 0.000000000 0.000000000 0.000096040 76.000000000 76.000000000 76.000000000 76.000000000
1750310379.400000095 31.2706805845 120.911883937 2.037200000 4.000000000 0.000100000 1.000000000 0.000000000 0.000000000 0.000075690 76.000000000 76.000000000 76.000000000 76.000000000
1750310379.599999905 31.27068076483333 120.911883254 2.031600000 4.000000000 0.000100000 1.000000000 0.000000000 0.000000000 0.000075690 76.000000000 76.000000000 76.000000000 76.000000000
1750310379.799999952 31.270681073166656 120.911882638 2.019400000 4.000000000 0.000100000 1.000000000 0.000000000 0.000000000 0.000075690 76.000000000 76.000000000 76.000000000 76.000000000
1750310380.000000000 31.270681427833324 120.911881934 2.020300000 4.000000000 0.000100000 1.000000000 0.000000000 0.000000000 0.000075690 76.000000000 76.000000000 76.000000000 76.000000000
1750310380.200000048 31.27068193783333 120.911881311 2.016400000 4.000000000 0.000098010 1.000000000 0.000000000 0.000000000 0.000075690 78.000000000 79.000000000 78.000000000 80.000000000
1750310380.400000095 31.27068226216666 120.911880663 2.016700000 4.000000000 0.000098010 1.000000000 0.000000000 0.000000000 0.000075690 78.000000000 79.000000000 78.000000000 80.000000000
1750310380.599999905 31.270682703666665 120.911880245 2.015600000 4.000000000 0.000088360 1.000000000 0.000000000 0.000000000 0.000070560 78.000000000 79.000000000 78.000000000 80.000000000
1750310380.799999952 31.270682875333335 120.911880132 2.013200000 4.000000000 0.000088360 1.000000000 0.000000000 0.000000000 0.000070560 78.000000000 79.000000000 78.000000000 80.000000000
1750310381.000000000 31.270683132166667 120.911880089 1.996500000 4.000000000 0.000088360 1.000000000 0.000000000 0.000000000 0.000070560 78.000000000 79.000000000 78.000000000 80.000000000
1750310381.200000048 31.270683421166666 120.911879964 2.005200000 4.000000000 0.000088360 1.000000000 0.000000000 0.000000000 0.000070560 80.000000000 81.000000000 79.000000000 82.000000000
1750310381.400000095 31.270683732166674 120.911879910 1.994800000 4.000000000 0.000088360 1.000000000 0.000000000 0.000000000 0.000070560 80.000000000 81.000000000 79.000000000 82.000000000
1750310381.599999905 31.27068396283333 120.911879762 1.995800000 4.000000000 0.000081000 1.000000000 0.000000000 0.000000000 0.000068890 80.000000000 81.000000000 79.000000000 82.000000000
1750310381.799999952 31.270684185500002 120.911879635 1.994600000 4.000000000 0.000082810 1.000000000 0.000000000 0.000000000 0.000068890 80.000000000 81.000000000 79.000000000 82.000000000
1750310382.000000000 31.270684323333327 120.911879443 2.000800000 4.000000000 0.000082810 1.000000000 0.000000000 0.000000000 0.000068890 80.000000000 81.000000000 79.000000000 82.000000000
1750310382.200000048 31.27068444033334 120.911879259 2.003500000 4.000000000 0.000082810 1.000000000 0.000000000 0.000000000 0.000068890 80.000000000 80.000000000 78.000000000 80.000000000
1750310382.400000095 31.270684581500007 120.911879065 2.007200000 4.000000000 0.000082810 1.000000000 0.000000000 0.000000000 0.000068890 80.000000000 80.000000000 78.000000000 80.000000000
1750310382.599999905 31.27068477183333 120.911878769 1.998700000 4.000000000 0.000086490 1.000000000 0.000000000 0.000000000 0.000070560 80.000000000 80.000000000 78.000000000 80.000000000
1750310382.799999952 31.27068489683333 120.911878456 2.001600000 4.000000000 0.000086490 1.000000000 0.000000000 0.000000000 0.000070560 80.000000000 80.000000000 78.000000000 80.000000000
1750310383.000000000 31.270684981666662 120.911878220 2.002000000 4.000000000 0.000086490 1.000000000 0.000000000 0.000000000 0.000070560 80.000000000 80.000000000 78.000000000 80.000000000
1750310383.200000048 31.270685009000005 120.911878154 2.001800000 4.000000000 0.000086490 1.000000000 0.000000000 0.000000000 0.000070560 80.000000000 78.000000000 76.000000000 76.000000000
1750310383.400000095 31.270684996833324 120.911878172 1.998500000 4.000000000 0.000088360 1.000000000 0.000000000 0.000000000 0.000068890 80.000000000 78.000000000 76.000000000 76.000000000
1750310383.599999905 31.270684886499993 120.911878182 1.997500000 4.000000000 0.000088360 1.000000000 0.000000000 0.000000000 0.000068890 80.000000000 78.000000000 76.000000000 76.000000000
1750310383.799999952 31.270684521166658 120.911877993 1.999200000 4.000000000 0.000088360 1.000000000 0.000000000 0.000000000 0.000068890 80.000000000 78.000000000 76.000000000 76.000000000
1750310384.000000000 31.27068399266666 120.911877580 2.012100000 4.000000000 0.000088360 1.000000000 0.000000000 0.000000000 0.000068890 80.000000000 78.000000000 76.000000000 76.000000000
1750310384.200000048 31.270683346 120.911877248 2.009900000 4.000000000 0.000088360 1.000000000 0.000000000 0.000000000 0.000068890 76.000000000 76.000000000 77.000000000 76.000000000
1750310384.400000095 31.27068281866667 120.911876886 2.018700000 4.000000000 0.000092160 1.000000000 0.000000000 0.000000000 0.000068890 76.000000000 76.000000000 77.000000000 76.000000000
1750310384.599999905 31.27068222133333 120.911876701 2.016900000 4.000000000 0.000092160 1.000000000 0.000000000 0.000000000 0.000068890 76.000000000 76.000000000 77.000000000 76.000000000
1750310384.799999952 31.270681500833334 120.911876348 2.017200000 4.000000000 0.000092160 1.000000000 0.000000000 0.000000000 0.000068890 76.000000000 76.000000000 77.000000000 76.000000000
1750310385.000000000 31.27068087133334 120.911876079 2.013300000 4.000000000 0.000092160 1.000000000 0.000000000 0.000000000 0.000068890 76.000000000 76.000000000 77.000000000 76.000000000
1750310385.200000048 31.270680260999995 120.911875751 2.001000000 4.000000000 0.000092160 1.000000000 0.000000000 0.000000000 0.000068890 80.000000000 78.000000000 77.000000000 76.000000000
1750310385.400000095 31.27067966433333 120.911875507 1.998200000 4.000000000 0.000092160 1.000000000 0.000000000 0.000000000 0.000068890 80.000000000 78.000000000 77.000000000 76.000000000
1750310385.599999905 31.270679072000007 120.911875267 2.014100000 4.000000000 0.000092160 1.000000000 0.000000000 0.000000000 0.000067240 80.000000000 78.000000000 77.000000000 76.000000000
1750310385.799999952 31.270678489666665 120.911875029 2.011600000 4.000000000 0.000092160 1.000000000 0.000000000 0.000000000 0.000067240 80.000000000 78.000000000 77.000000000 76.000000000
1750310386.000000000 31.270677820333333 120.911874675 2.016500000 4.000000000 0.000092160 1.000000000 0.000000000 0.000000000 0.000067240 80.000000000 78.000000000 77.000000000 76.000000000
1750310386.200000048 31.27067714016667 120.911874365 2.027200000 4.000000000 0.000090250 1.000000000 0.000000000 0.000000000 0.000065610 85.000000000 81.500000000 78.000000000 78.000000000
1750310386.400000095 31.27067651216666 120.911874137 2.029100000 4.000000000 0.000090250 1.000000000 0.000000000 0.000000000 0.000065610 85.000000000 81.500000000 78.000000000 78.000000000
1750310386.599999905 31.270675868166677 120.911874054 2.052400000 4.000000000 0.000077440 1.000000000 0.000000000 0.000000000 0.000062410 85.000000000 81.500000000 78.000000000 78.000000000
1750310386.799999952 31.270675115666677 120.911873944 2.054300000 4.000000000 0.000077440 1.000000000 0.000000000 0.000000000 0.000062410 85.000000000 81.500000000 78.000000000 78.000000000
1750310387.000000000 31.270674338333336 120.911873815 2.063200000 4.000000000 0.000079210 1.000000000 0.000000000 0.000000000 0.000062410 85.000000000 81.500000000 78.000000000 78.000000000
1750310387.200000048 31.27067366516667 120.911873588 2.056000000 4.000000000 0.000079210 1.000000000 0.000000000 0.000000000 0.000064000 81.000000000 80.000000000 79.000000000 79.000000000
1750310387.400000095 31.27067302333333 120.911873234 2.058200000 4.000000000 0.000079210 1.000000000 0.000000000 0.000000000 0.000064000 81.000000000 80.000000000 79.000000000 79.000000000
1750310387.599999905 31.270672431333338 120.911872639 2.076200000 4.000000000 0.000082810 1.000000000 0.000000000 0.000000000 0.000064000 81.000000000 80.000000000 79.000000000 79.000000000
1750310387.799999952 31.2706719535 120.911872010 2.078600000 4.000000000 0.000082810 1.000000000 0.000000000 0.000000000 0.000064000 81.000000000 80.000000000 79.000000000 79.000000000
1750310388.000000000 31.270671420833338 120.911871404 2.082000000 4.000000000 0.000082810 1.000000000 0.000000000 0.000000000 0.000064000 81.000000000 80.000000000 79.000000000 79.000000000
1750310388.200000048 31.270670849 120.911871113 2.057900000 4.000000000 0.000082810 1.000000000 0.000000000 0.000000000 0.000065610 85.000000000 81.000000000 78.000000000 77.000000000
1750310388.400000095 31.270670215833334 120.911870815 2.054000000 4.000000000 0.000082810 1.000000000 0.000000000 0.000000000 0.000065610 85.000000000 81.000000000 78.000000000 77.000000000
1750310388.599999905 31.27066959583334 120.911870642 2.025100000 4.000000000 0.000081000 1.000000000 0.000000000 0.000000000 0.000062410 85.000000000 81.000000000 78.000000000 77.000000000
1750310388.799999952 31.270668948000008 120.911870400 2.015100000 4.000000000 0.000081000 1.000000000 0.000000000 0.000000000 0.000062410 85.000000000 81.000000000 78.000000000 77.000000000
1750310389.000000000 31.270668385500002 120.911870083 2.017500000 4.000000000 0.000081000 1.000000000 0.000000000 0.000000000 0.000062410 85.000000000 81.000000000 78.000000000 77.000000000
1750310389.200000048 31.270667730166664 120.911869759 2.017900000 4.000000000 0.000081000 1.000000000 0.000000000 0.000000000 0.000062410 87.000000000 82.500000000 78.000000000 78.000000000
1750310389.400000095 31.27066715716667 120.911869375 2.021900000 4.000000000 0.000081000 1.000000000 0.000000000 0.000000000 0.000062410 87.000000000 82.500000000 78.000000000 78.000000000
1750310389.599999905 31.270666558166667 120.911869123 2.028700000 4.000000000 0.000081000 1.000000000 0.000000000 0.000000000 0.000062410 87.000000000 82.500000000 78.000000000 78.000000000
1750310389.799999952 31.270666038166667 120.911868584 2.026400000 4.000000000 0.000081000 1.000000000 0.000000000 0.000000000 0.000062410 87.000000000 82.500000000 78.000000000 78.000000000
1750310390.000000000 31.27066544666667 120.911868109 2.027500000 4.000000000 0.000081000 1.000000000 0.000000000 0.000000000 0.000062410 87.000000000 82.500000000 78.000000000 78.000000000
1750310390.200000048 31.2706647965 120.911867938 2.017000000 4.000000000 0.000081000 1.000000000 0.000000000 0.000000000 0.000062410 85.000000000 82.000000000 79.000000000 79.000000000
1750310390.400000095 31.270664149333328 120.911867871 2.019300000 4.000000000 0.000081000 1.000000000 0.000000000 0.000000000 0.000062410 85.000000000 82.000000000 79.000000000 79.000000000
1750310390.599999905 31.270663315166672 120.911867676 2.046200000 4.000000000 0.000077440 1.000000000 0.000000000 0.000000000 0.000060840 85.000000000 82.000000000 79.000000000 79.000000000
1750310390.799999952 31.270662553333338 120.911867404 2.047600000 4.000000000 0.000077440 1.000000000 0.000000000 0.000000000 0.000060840 85.000000000 82.000000000 79.000000000 79.000000000
1750310391.000000000 31.27066189 120.911867306 2.042600000 4.000000000 0.000077440 1.000000000 0.000000000 0.000000000 0.000060840 85.000000000 82.000000000 79.000000000 79.000000000
1750310391.200000048 31.27066127383334 120.911867141 2.043500000 4.000000000 0.000079210 1.000000000 0.000000000 0.000000000 0.000060840 85.000000000 83.000000000 80.000000000 81.000000000
1750310391.400000095 31.270660613833343 120.911866793 2.044400000 4.000000000 0.000079210 1.000000000 0.000000000 0.000000000 0.000060840 85.000000000 83.000000000 80.000000000 81.000000000
1750310391.599999905 31.270659952666662 120.911866532 2.066000000 4.000000000 0.000079210 1.000000000 0.000000000 0.000000000 0.000060840 85.000000000 83.000000000 80.000000000 81.000000000
1750310391.799999952 31.27065926266667 120.911866334 2.073500000 4.000000000 0.000079210 1.000000000 0.000000000 0.000000000 0.000060840 85.000000000 83.000000000 80.000000000 81.000000000
1750310392.000000000 31.27065861833333 120.911866147 2.070300000 4.000000000 0.000079210 1.000000000 0.000000000 0.000000000 0.000060840 85.000000000 83.000000000 80.000000000 81.000000000
1750310392.200000048 31.270657944666667 120.911865683 2.068000000 4.000000000 0.000079210 1.000000000 0.000000000 0.000000000 0.000060840 85.000000000 83.000000000 80.000000000 81.000000000
1750310392.400000095 31.270657254166665 120.911865447 2.067200000 4.000000000 0.000081000 1.000000000 0.000000000 0.000000000 0.000062410 85.000000000 83.000000000 80.000000000 81.000000000
1750310392.599999905 31.270656582 120.911865332 2.054300000 4.000000000 0.000082810 1.000000000 0.000000000 0.000000000 0.000064000 85.000000000 83.000000000 80.000000000 81.000000000
1750310392.799999952 31.27065597283334 120.911865133 2.056800000 4.000000000 0.000082810 1.000000000 0.000000000 0.000000000 0.000064000 85.000000000 83.000000000 80.000000000 81.000000000
1750310393.000000000 31.270655197333326 120.911864872 2.072100000 4.000000000 0.000082810 1.000000000 0.000000000 0.000000000 0.000062410 85.000000000 83.000000000 80.000000000 81.000000000
1750310393.200000048 31.27065450016667 120.911864872 2.072400000 4.000000000 0.000082810 1.000000000 0.000000000 0.000000000 0.000064000 85.000000000 83.000000000 80.000000000 81.000000000
1750310393.400000095 31.270653932000002 120.911864934 2.056500000 4.000000000 0.000092160 1.000000000 0.000000000 0.000000000 0.000068890 85.000000000 83.000000000 80.000000000 81.000000000
1750310393.599999905 31.270653168500004 120.911864790 2.056400000 4.000000000 0.000092160 1.000000000 0.000000000 0.000000000 0.000068890 85.000000000 83.000000000 80.000000000 81.000000000
1750310393.799999952 31.27065253633333 120.911864676 2.051400000 4.000000000 0.000092160 1.000000000 0.000000000 0.000000000 0.000068890 85.000000000 83.000000000 80.000000000 81.000000000
1750310394.000000000 31.270651898166676 120.911864605 2.061900000 4.000000000 0.000092160 1.000000000 0.000000000 0.000000000 0.000068890 85.000000000 83.000000000 80.000000000 81.000000000
1750310394.200000048 31.270651272833334 120.911864490 2.057000000 4.000000000 0.000090250 1.000000000 0.000000000 0.000000000 0.000068890 89.000000000 85.500000000 80.000000000 82.000000000
1750310394.400000095 31.27065057366667 120.911864366 2.054400000 4.000000000 0.000090250 1.000000000 0.000000000 0.000000000 0.000068890 89.000000000 85.500000000 80.000000000 82.000000000
1750310394.599999905 31.27064981000001 120.911864195 2.052900000 4.000000000 0.000082810 1.000000000 0.000000000 0.000000000 0.000064000 89.000000000 85.500000000 80.000000000 82.000000000
1750310394.799999952 31.27064916016667 120.911864108 2.047100000 4.000000000 0.000082810 1.000000000 0.000000000 0.000000000 0.000064000 89.000000000 85.500000000 80.000000000 82.000000000
1750310395.000000000 31.27064847466667 120.911863927 2.053000000 4.000000000 0.000082810 1.000000000 0.000000000 0.000000000 0.000064000 89.000000000 85.500000000 80.000000000 82.000000000
1750310395.200000048 31.27064780816667 120.911863789 2.054700000 4.000000000 0.000084640 1.000000000 0.000000000 0.000000000 0.000064000 87.000000000 84.500000000 80.000000000 82.000000000
1750310395.400000095 31.270647218500002 120.911863728 2.049600000 4.000000000 0.000084640 1.000000000 0.000000000 0.000000000 0.000065610 87.000000000 84.500000000 80.000000000 82.000000000
1750310395.599999905 31.27064652050001 120.911863722 2.052000000 4.000000000 0.000086490 1.000000000 0.000000000 0.000000000 0.000067240 87.000000000 84.500000000 80.000000000 82.000000000
1750310395.799999952 31.2706458575 120.911863637 2.044000000 4.000000000 0.000088360 1.000000000 0.000000000 0.000000000 0.000067240 87.000000000 84.500000000 80.000000000 82.000000000
1750310396.000000000 31.270645163166662 120.911863411 2.038200000 4.000000000 0.000088360 1.000000000 0.000000000 0.000000000 0.000067240 87.000000000 84.500000000 80.000000000 82.000000000
1750310396.200000048 31.270644515 120.911863215 2.045100000 4.000000000 0.000088360 1.000000000 0.000000000 0.000000000 0.000067240 82.000000000 81.000000000 79.000000000 80.000000000
1750310396.400000095 31.27064378833333 120.911862900 2.040700000 4.000000000 0.000106090 1.000000000 0.000000000 0.000000000 0.000077440 82.000000000 81.000000000 79.000000000 80.000000000
1750310396.599999905 31.270643193666672 120.911862730 2.046800000 4.000000000 0.000106090 1.000000000 0.000000000 0.000000000 0.000077440 82.000000000 81.000000000 79.000000000 80.000000000
1750310396.799999952 31.270642500333338 120.911862611 2.042200000 4.000000000 0.000106090 1.000000000 0.000000000 0.000000000 0.000077440 82.000000000 81.000000000 79.000000000 80.000000000
1750310397.000000000 31.270641832333325 120.911862594 2.038800000 4.000000000 0.000106090 1.000000000 0.000000000 0.000000000 0.000077440 82.000000000 81.000000000 79.000000000 80.000000000
1750310397.200000048 31.270641182333335 120.911862367 2.031200000 4.000000000 0.000106090 1.000000000 0.000000000 0.000000000 0.000077440 82.000000000 81.000000000 79.000000000 80.000000000
1750310397.400000095 31.270640447666665 120.911862252 2.032600000 4.000000000 0.000108160 1.000000000 0.000000000 0.000000000 0.000077440 82.000000000 81.000000000 79.000000000 80.000000000
1750310397.599999905 31.27063980349999 120.911862241 2.034000000 4.000000000 0.000108160 1.000000000 0.000000000 0.000000000 0.000077440 82.000000000 81.000000000 79.000000000 80.000000000
1750310397.799999952 31.270639056833332 120.911862311 2.034300000 4.000000000 0.000108160 1.000000000 0.000000000 0.000000000 0.000077440 82.000000000 81.000000000 79.000000000 80.000000000
1750310398.000000000 31.2706384425 120.911862202 2.029000000 4.000000000 0.000108160 1.000000000 0.000000000 0.000000000 0.000077440 82.000000000 81.000000000 79.000000000 80.000000000
1750310398.200000048 31.27063786716667 120.911862066 2.028500000 4.000000000 0.000108160 1.000000000 0.000000000 0.000000000 0.000077440 82.000000000 81.000000000 79.000000000 80.000000000
1750310398.400000095 31.270637174166666 120.911861931 2.039100000 4.000000000 0.000110250 1.000000000 0.000000000 0.000000000 0.000077440 82.000000000 81.000000000 79.000000000 80.000000000
1750310398.599999905 31.270636377333332 120.911861850 2.042900000 4.000000000 0.000110250 1.000000000 0.000000000 0.000000000 0.000077440 82.000000000 81.000000000 79.000000000 80.000000000
1750310398.799999952 31.27063569533334 120.911861953 2.051900000 4.000000000 0.000110250 1.000000000 0.000000000 0.000000000 0.000077440 82.000000000 81.000000000 79.000000000 80.000000000
1750310399.000000000 31.270635023333327 120.911861986 2.045100000 4.000000000 0.000110250 1.000000000 0.000000000 0.000000000 0.000077440 82.000000000 81.000000000 79.000000000 80.000000000
1750310399.200000048 31.270634325833328 120.911862038 2.048500000 4.000000000 0.000108160 1.000000000 0.000000000 0.000000000 0.000077440 84.000000000 83.000000000 79.000000000 82.000000000
1750310399.400000095 31.270633591666666 120.911862084 2.051100000 4.000000000 0.000102010 1.000000000 0.000000000 0.000000000 0.000073960 84.000000000 83.000000000 79.000000000 82.000000000
1750310399.599999905 31.270632930666665 120.911862099 2.050700000 4.000000000 0.000102010 1.000000000 0.000000000 0.000000000 0.000073960 84.000000000 83.000000000 79.000000000 82.000000000
1750310399.799999952 31.270632275333327 120.911862195 2.041900000 4.000000000 0.000102010 1.000000000 0.000000000 0.000000000 0.000073960 84.000000000 83.000000000 79.000000000 82.000000000
1750310400.000000000 31.270631577166668 120.911862189 2.043400000 4.000000000 0.000102010 1.000000000 0.000000000 0.000000000 0.000073960 84.000000000 83.000000000 79.000000000 82.000000000
1750310400.200000048 31.270630893333333 120.911862296 2.039900000 4.000000000 0.000102010 1.000000000 0.000000000 0.000000000 0.000072250 86.000000000 85.000000000 80.000000000 84.000000000
1750310400.400000095 31.270630607166666 120.911862289 2.039800000 4.000000000 0.000102010 1.000000000 0.000000000 0.000000000 0.000073960 86.000000000 85.000000000 80.000000000 84.000000000
1750310400.599999905 31.27063073283334 120.911862280 2.042400000 4.000000000 0.000079210 1.000000000 0.000000000 0.000000000 0.000060840 86.000000000 85.000000000 80.000000000 84.000000000
1750310400.799999952 31.27063071949999 120.911862291 2.028700000 4.000000000 0.000079210 1.000000000 0.000000000 0.000000000 0.000060840 86.000000000 85.000000000 80.000000000 84.000000000
1750310401.000000000 31.270630671333336 120.911862283 2.047700000 4.000000000 0.000079210 1.000000000 0.000000000 0.000000000 0.000060840 86.000000000 85.000000000 80.000000000 84.000000000
1750310401.200000048 31.270630691833333 120.911862257 2.043300000 4.000000000 0.000079210 1.000000000 0.000000000 0.000000000 0.000060840 86.000000000 85.000000000 80.000000000 84.000000000
1750310401.400000095 31.27063065866666 120.911862256 2.052400000 4.000000000 0.000079210 1.000000000 0.000000000 0.000000000 0.000062410 86.000000000 85.000000000 80.000000000 84.000000000
1750310401.599999905 31.270630583666673 120.911862332 2.053700000 4.000000000 0.000081000 1.000000000 0.000000000 0.000000000 0.000065610 86.000000000 85.000000000 80.000000000 84.000000000
1750310401.799999952 31.27063061833333 120.911862349 2.045700000 4.000000000 0.000081000 1.000000000 0.000000000 0.000000000 0.000065610 86.000000000 85.000000000 80.000000000 84.000000000
1750310402.000000000 31.270630605500003 120.911862350 2.050300000 4.000000000 0.000081000 1.000000000 0.000000000 0.000000000 0.000065610 86.000000000 85.000000000 80.000000000 84.000000000
1750310402.200000048 31.27063060416667 120.911862343 2.050300000 4.000000000 0.000081000 1.000000000 0.000000000 0.000000000 0.000065610 86.000000000 85.000000000 80.000000000 84.000000000
1750310402.400000095 31.270630614666672 120.911862337 2.049100000 4.000000000 0.000081000 1.000000000 0.000000000 0.000000000 0.000065610 86.000000000 85.000000000 80.000000000 84.000000000
1750310402.599999905 31.270630624666666 120.911862392 2.050400000 4.000000000 0.000082810 1.000000000 0.000000000 0.000000000 0.000067240 86.000000000 85.000000000 80.000000000 84.000000000
1750310402.799999952 31.270630570500003 120.911862418 2.061100000 4.000000000 0.000082810 1.000000000 0.000000000 0.000000000 0.000067240 86.000000000 85.000000000 80.000000000 84.000000000
1750310403.000000000 31.270630422833335 120.911862404 2.057000000 4.000000000 0.000082810 1.000000000 0.000000000 0.000000000 0.000067240 86.000000000 85.000000000 80.000000000 84.000000000
1750310403.200000048 31.270629979999995 120.911862423 2.056700000 4.000000000 0.000082810 1.000000000 0.000000000 0.000000000 0.000067240 85.000000000 83.500000000 80.000000000 82.000000000
1750310403.400000095 31.270629292833334 120.911862416 2.042800000 4.000000000 0.000082810 1.000000000 0.000000000 0.000000000 0.000067240 85.000000000 83.500000000 80.000000000 82.000000000
1750310403.599999905 31.270628545833333 120.911862357 2.053800000 4.000000000 0.000073960 1.000000000 0.000000000 0.000000000 0.000065610 85.000000000 83.500000000 80.000000000 82.000000000
1750310403.799999952 31.27062791116667 120.911862399 2.038300000 4.000000000 0.000073960 1.000000000 0.000000000 0.000000000 0.000065610 85.000000000 83.500000000 80.000000000 82.000000000
1750310404.000000000 31.27062721066666 120.911862384 2.038900000 4.000000000 0.000073960 1.000000000 0.000000000 0.000000000 0.000065610 85.000000000 83.500000000 80.000000000 82.000000000
1750310404.200000048 31.270626456000002 120.911862441 2.036200000 4.000000000 0.000073960 1.000000000 0.000000000 0.000000000 0.000065610 87.000000000 84.500000000 80.000000000 82.000000000
1750310404.400000095 31.270625781333337 120.911862458 2.044200000 4.000000000 0.000073960 1.000000000 0.000000000 0.000000000 0.000065610 87.000000000 84.500000000 80.000000000 82.000000000
1750310404.599999905 31.27062506916667 120.911862436 2.038700000 4.000000000 0.000082810 1.000000000 0.000000000 0.000000000 0.000067240 87.000000000 84.500000000 80.000000000 82.000000000
1750310404.799999952 31.270624378666668 120.911862539 2.034600000 4.000000000 0.000082810 1.000000000 0.000000000 0.000000000 0.000067240 87.000000000 84.500000000 80.000000000 82.000000000
1750310405.000000000 31.270623641 120.911862619 2.044700000 4.000000000 0.000082810 1.000000000 0.000000000 0.000000000 0.000067240 87.000000000 84.500000000 80.000000000 82.000000000
1750310405.200000048 31.270622946166668 120.911862661 2.050000000 4.000000000 0.000082810 1.000000000 0.000000000 0.000000000 0.000067240 89.000000000 85.500000000 80.000000000 82.000000000
1750310405.400000095 31.27062232983333 120.911862774 2.052400000 4.000000000 0.000082810 1.000000000 0.000000000 0.000000000 0.000067240 89.000000000 85.500000000 80.000000000 82.000000000
1750310405.599999905 31.27062162916667 120.911862869 2.053100000 4.000000000 0.000079210 1.000000000 0.000000000 0.000000000 0.000064000 89.000000000 85.500000000 80.000000000 82.000000000
1750310405.799999952 31.270620953999995 120.911862973 2.057300000 4.000000000 0.000079210 1.000000000 0.000000000 0.000000000 0.000064000 89.000000000 85.500000000 80.000000000 82.000000000
1750310406.000000000 31.270620310166663 120.911863173 2.055900000 4.000000000 0.000079210 1.000000000 0.000000000 0.000000000 0.000064000 89.000000000 85.500000000 80.000000000 82.000000000
1750310406.200000048 31.27061966266666 120.911863439 2.054100000 4.000000000 0.000079210 1.000000000 0.000000000 0.000000000 0.000065610 89.000000000 85.500000000 80.000000000 82.000000000
1750310406.400000095 31.27061900000001 120.911863702 2.052300000 4.000000000 0.000079210 1.000000000 0.000000000 0.000000000 0.000065610 89.000000000 85.500000000 80.000000000 82.000000000
1750310406.599999905 31.270618379166663 120.911863925 2.046600000 4.000000000 0.000075690 1.000000000 0.000000000 0.000000000 0.000064000 89.000000000 85.500000000 80.000000000 82.000000000
1750310406.799999952 31.270617567000002 120.911863926 2.046400000 4.000000000 0.000075690 1.000000000 0.000000000 0.000000000 0.000064000 89.000000000 85.500000000 80.000000000 82.000000000
1750310407.000000000 31.270616939666667 120.911863992 2.048800000 4.000000000 0.000075690 1.000000000 0.000000000 0.000000000 0.000064000 89.000000000 85.500000000 80.000000000 82.000000000
1750310407.200000048 31.27061623266667 120.911863950 2.048900000 4.000000000 0.000075690 1.000000000 0.000000000 0.000000000 0.000064000 89.000000000 85.500000000 80.000000000 82.000000000
1750310407.400000095 31.270615694166665 120.911863728 2.048400000 4.000000000 0.000075690 1.000000000 0.000000000 0.000000000 0.000064000 89.000000000 85.500000000 80.000000000 82.000000000
1750310407.599999905 31.270615525333326 120.911863442 2.036500000 4.000000000 0.000073960 1.000000000 0.000000000 0.000000000 0.000060840 89.000000000 85.500000000 80.000000000 82.000000000
1750310407.799999952 31.270615525333326 120.911863356 2.039800000 4.000000000 0.000073960 1.000000000 0.000000000 0.000000000 0.000060840 89.000000000 85.500000000 80.000000000 82.000000000
1750310408.000000000 31.270615516166657 120.911863366 2.039700000 4.000000000 0.000073960 1.000000000 0.000000000 0.000000000 0.000060840 89.000000000 85.500000000 80.000000000 82.000000000
1750310408.200000048 31.270615427833334 120.911863392 2.039100000 4.000000000 0.000075690 1.000000000 0.000000000 0.000000000 0.000060840 89.000000000 85.500000000 80.000000000 82.000000000
1750310408.400000095 31.27061497616667 120.911863436 2.037200000 4.000000000 0.000075690 1.000000000 0.000000000 0.000000000 0.000060840 89.000000000 85.500000000 80.000000000 82.000000000
1750310408.599999905 31.270614241333334 120.911863467 2.036500000 4.000000000 0.000072250 1.000000000 0.000000000 0.000000000 0.000064000 89.000000000 85.500000000 80.000000000 82.000000000
1750310408.799999952 31.270613536833338 120.911863449 2.018900000 4.000000000 0.000072250 1.000000000 0.000000000 0.000000000 0.000064000 89.000000000 85.500000000 80.000000000 82.000000000
1750310409.000000000 31.27061287783333 120.911863697 2.030100000 4.000000000 0.000072250 1.000000000 0.000000000 0.000000000 0.000064000 89.000000000 85.500000000 80.000000000 82.000000000
1750310409.200000048 31.270612200833327 120.911863861 2.030000000 4.000000000 0.000072250 1.000000000 0.000000000 0.000000000 0.000064000 89.000000000 85.500000000 80.000000000 82.000000000
1750310409.400000095 31.270611507333342 120.911863958 2.021600000 4.000000000 0.000072250 1.000000000 0.000000000 0.000000000 0.000064000 89.000000000 85.500000000 80.000000000 82.000000000
1750310409.599999905 31.27061077016667 120.911863791 2.016400000 4.000000000 0.000072250 1.000000000 0.000000000 0.000000000 0.000064000 89.000000000 85.500000000 80.000000000 82.000000000
1750310409.799999952 31.27061005033333 120.911863885 2.021900000 4.000000000 0.000072250 1.000000000 0.000000000 0.000000000 0.000064000 89.000000000 85.500000000 80.000000000 82.000000000
1750310410.000000000 31.27060947133333 120.911864075 2.013300000 4.000000000 0.000072250 1.000000000 0.000000000 0.000000000 0.000064000 89.000000000 85.500000000 80.000000000 82.000000000
1750310410.200000048 31.27060873083333 120.911864234 2.021100000 4.000000000 0.000072250 1.000000000 0.000000000 0.000000000 0.000064000 91.000000000 86.500000000 80.000000000 82.000000000
1750310410.400000095 31.270608042999996 120.911864442 2.020200000 4.000000000 0.000073960 1.000000000 0.000000000 0.000000000 0.000064000 91.000000000 86.500000000 80.000000000 82.000000000
1750310410.599999905 31.270607444333336 120.911864854 2.029700000 4.000000000 0.000070560 1.000000000 0.000000000 0.000000000 0.000062410 91.000000000 86.500000000 80.000000000 82.000000000
1750310410.799999952 31.270606748000006 120.911865083 2.028600000 4.000000000 0.000070560 1.000000000 0.000000000 0.000000000 0.000062410 91.000000000 86.500000000 80.000000000 82.000000000
1750310411.000000000 31.270606050166663 120.911865195 2.027500000 4.000000000 0.000070560 1.000000000 0.000000000 0.000000000 0.000062410 91.000000000 86.500000000 80.000000000 82.000000000
1750310411.200000048 31.270605349166658 120.911865254 2.029700000 4.000000000 0.000070560 1.000000000 0.000000000 0.000000000 0.000062410 87.000000000 84.500000000 80.000000000 82.000000000
1750310411.400000095 31.270604719999994 120.911865240 2.019300000 4.000000000 0.000070560 1.000000000 0.000000000 0.000000000 0.000062410 87.000000000 84.500000000 80.000000000 82.000000000
1750310411.599999905 31.27060408366667 120.911865139 2.026500000 4.000000000 0.000086490 1.000000000 0.000000000 0.000000000 0.000068890 87.000000000 84.500000000 80.000000000 82.000000000
1750310411.799999952 31.270603370499998 120.911864840 2.038300000 4.000000000 0.000086490 1.000000000 0.000000000 0.000000000 0.000068890 87.000000000 84.500000000 80.000000000 82.000000000
1750310412.000000000 31.270602693833325 120.911864550 2.038700000 4.000000000 0.000086490 1.000000000 0.000000000 0.000000000 0.000068890 87.000000000 84.500000000 80.000000000 82.000000000
1750310412.200000048 31.270601995666667 120.911864498 2.039300000 4.000000000 0.000086490 1.000000000 0.000000000 0.000000000 0.000068890 91.000000000 86.500000000 80.000000000 82.000000000
1750310412.400000095 31.270601308500005 120.911864659 2.037500000 4.000000000 0.000086490 1.000000000 0.000000000 0.000000000 0.000068890 91.000000000 86.500000000 80.000000000 82.000000000
1750310412.599999905 31.270600586833325 120.911864822 2.051300000 4.000000000 0.000079210 1.000000000 0.000000000 0.000000000 0.000065610 91.000000000 86.500000000 80.000000000 82.000000000
1750310412.799999952 31.270599913166663 120.911864914 2.050000000 4.000000000 0.000079210 1.000000000 0.000000000 0.000000000 0.000067240 91.000000000 86.500000000 80.000000000 82.000000000
1750310413.000000000 31.270599221499992 120.911864889 2.046200000 4.000000000 0.000079210 1.000000000 0.000000000 0.000000000 0.000067240 91.000000000 86.500000000 80.000000000 82.000000000
1750310413.200000048 31.270598453999995 120.911864885 2.058200000 4.000000000 0.000081000 1.000000000 0.000000000 0.000000000 0.000067240 89.000000000 85.500000000 80.000000000 82.000000000
1750310413.400000095 31.270598370000002 120.911864858 2.053600000 4.000000000 0.000079210 1.000000000 0.000000000 0.000000000 0.000067240 89.000000000 85.500000000 80.000000000 82.000000000
1750310413.599999905 31.270598444833325 120.911864863 2.059100000 4.000000000 0.000081000 1.000000000 0.000000000 0.000000000 0.000070560 89.000000000 85.500000000 80.000000000 82.000000000
1750310413.799999952 31.270598380833334 120.911864853 2.063800000 4.000000000 0.000081000 1.000000000 0.000000000 0.000000000 0.000070560 89.000000000 85.500000000 80.000000000 82.000000000
1750310414.000000000 31.270598010166665 120.911864945 2.062000000 4.000000000 0.000081000 1.000000000 0.000000000 0.000000000 0.000070560 89.000000000 85.500000000 80.000000000 82.000000000
1750310414.200000048 31.270597355666666 120.911865029 2.060000000 4.000000000 0.000081000 1.000000000 0.000000000 0.000000000 0.000070560 89.000000000 85.500000000 80.000000000 82.000000000
1750310414.400000095 31.270596638833325 120.911865159 2.060900000 4.000000000 0.000081000 1.000000000 0.000000000 0.000000000 0.000070560 89.000000000 85.500000000 80.000000000 82.000000000
1750310414.599999905 31.270595959999994 120.911865361 2.045900000 4.000000000 0.000077440 1.000000000 0.000000000 0.000000000 0.000068890 89.000000000 85.500000000 80.000000000 82.000000000
1750310414.799999952 31.270595253500005 120.911865543 2.049700000 4.000000000 0.000077440 1.000000000 0.000000000 0.000000000 0.000070560 89.000000000 85.500000000 80.000000000 82.000000000
1750310415.000000000 31.270594580333338 120.911865702 2.049200000 4.000000000 0.000077440 1.000000000 0.000000000 0.000000000 0.000070560 89.000000000 85.500000000 80.000000000 82.000000000
1750310415.200000048 31.270593859499996 120.911865880 2.048500000 4.000000000 0.000077440 1.000000000 0.000000000 0.000000000 0.000070560 89.000000000 85.500000000 80.000000000 82.000000000
1750310415.400000095 31.270593179833327 120.911866059 2.045800000 4.000000000 0.000079210 1.000000000 0.000000000 0.000000000 0.000072250 89.000000000 85.500000000 80.000000000 82.000000000
1750310415.599999905 31.270592551666667 120.911866268 2.051600000 4.000000000 0.000079210 1.000000000 0.000000000 0.000000000 0.000072250 89.000000000 85.500000000 80.000000000 82.000000000
1750310415.799999952 31.270591834666675 120.911866357 2.041200000 4.000000000 0.000079210 1.000000000 0.000000000 0.000000000 0.000072250 89.000000000 85.500000000 80.000000000 82.000000000
1750310416.000000000 31.27059114416666 120.911866489 2.042200000 4.000000000 0.000079210 1.000000000 0.000000000 0.000000000 0.000072250 89.000000000 85.500000000 80.000000000 82.000000000
1750310416.200000048 31.270590506333335 120.911866606 2.047700000 4.000000000 0.000081000 1.000000000 0.000000000 0.000000000 0.000073960 89.000000000 84.500000000 79.000000000 80.000000000
1750310416.400000095 31.2705898615 120.911866830 2.045400000 4.000000000 0.000081000 1.000000000 0.000000000 0.000000000 0.000073960 89.000000000 84.500000000 79.000000000 80.000000000
1750310416.599999905 31.270589166500002 120.911867016 2.062900000 4.000000000 0.000096040 1.000000000 0.000000000 0.000000000 0.000096040 89.000000000 84.500000000 79.000000000 80.000000000
1750310416.799999952 31.270588545166675 120.911867318 2.052400000 4.000000000 0.000096040 1.000000000 0.000000000 0.000000000 0.000096040 89.000000000 84.500000000 79.000000000 80.000000000
1750310417.000000000 31.270587830500006 120.911867568 2.053800000 4.000000000 0.000096040 1.000000000 0.000000000 0.000000000 0.000096040 89.000000000 84.500000000 79.000000000 80.000000000
1750310417.200000048 31.270587149500003 120.911867800 2.063000000 4.000000000 0.000096040 1.000000000 0.000000000 0.000000000 0.000096040 89.000000000 84.500000000 79.000000000 80.000000000
1750310417.400000095 31.270586465833333 120.911867941 2.054000000 4.000000000 0.000098010 1.000000000 0.000000000 0.000000000 0.000096040 89.000000000 84.500000000 79.000000000 80.000000000
1750310417.599999905 31.270585741333335 120.911868064 2.048400000 4.000000000 0.000098010 1.000000000 0.000000000 0.000000000 0.000096040 89.000000000 84.500000000 79.000000000 80.000000000
1750310417.799999952 31.270585084333334 120.911868131 2.052400000 4.000000000 0.000098010 1.000000000 0.000000000 0.000000000 0.000096040 89.000000000 84.500000000 79.000000000 80.000000000
1750310418.000000000 31.27058445583333 120.911868093 2.046200000 4.000000000 0.000098010 1.000000000 0.000000000 0.000000000 0.000096040 89.000000000 84.500000000 79.000000000 80.000000000
1750310418.200000048 31.270583701000007 120.911868012 2.049600000 4.000000000 0.000100000 1.000000000 0.000000000 0.000000000 0.000096040 87.000000000 84.500000000 80.000000000 82.000000000
1750310418.400000095 31.27058301983334 120.911867895 2.047600000 4.000000000 0.000102010 1.000000000 0.000000000 0.000000000 0.000092160 87.000000000 84.500000000 80.000000000 82.000000000
1750310418.599999905 31.270582380166672 120.911867706 2.040600000 4.000000000 0.000102010 1.000000000 0.000000000 0.000000000 0.000090250 87.000000000 84.500000000 80.000000000 82.000000000
1750310418.799999952 31.270581695333334 120.911867665 2.045300000 4.000000000 0.000102010 1.000000000 0.000000000 0.000000000 0.000090250 87.000000000 84.500000000 80.000000000 82.000000000
1750310419.000000000 31.270581042333333 120.911867510 2.048300000 4.000000000 0.000102010 1.000000000 0.000000000 0.000000000 0.000090250 87.000000000 84.500000000 80.000000000 82.000000000
1750310419.200000048 31.270580331833344 120.911867360 2.050400000 4.000000000 0.000100000 1.000000000 0.000000000 0.000000000 0.000088360 85.000000000 83.500000000 80.000000000 82.000000000
1750310419.400000095 31.270579688333328 120.911867186 2.048500000 4.000000000 0.000100000 1.000000000 0.000000000 0.000000000 0.000090250 85.000000000 83.500000000 80.000000000 82.000000000
1750310419.599999905 31.270578954499996 120.911867402 2.059700000 4.000000000 0.000077440 1.000000000 0.000000000 0.000000000 0.000062410 85.000000000 83.500000000 80.000000000 82.000000000
1750310419.799999952 31.270578243499997 120.911867659 2.062400000 4.000000000 0.000077440 1.000000000 0.000000000 0.000000000 0.000062410 85.000000000 83.500000000 80.000000000 82.000000000
1750310420.000000000 31.270577549333325 120.911867816 2.061100000 4.000000000 0.000077440 1.000000000 0.000000000 0.000000000 0.000062410 85.000000000 83.500000000 80.000000000 82.000000000
1750310420.200000048 31.27057689433333 120.911867989 2.061300000 4.000000000 0.000077440 1.000000000 0.000000000 0.000000000 0.000062410 87.000000000 84.500000000 80.000000000 82.000000000
1750310420.400000095 31.270576207666664 120.911868180 2.066800000 4.000000000 0.000077440 1.000000000 0.000000000 0.000000000 0.000062410 87.000000000 84.500000000 80.000000000 82.000000000
1750310420.599999905 31.270575519333335 120.911868375 2.059900000 4.000000000 0.000072250 1.000000000 0.000000000 0.000000000 0.000060840 87.000000000 84.500000000 80.000000000 82.000000000
1750310420.799999952 31.27057488216667 120.911868618 2.065900000 4.000000000 0.000072250 1.000000000 0.000000000 0.000000000 0.000060840 87.000000000 84.500000000 80.000000000 82.000000000
1750310421.000000000 31.270574236166667 120.911868768 2.060800000 4.000000000 0.000072250 1.000000000 0.000000000 0.000000000 0.000060840 87.000000000 84.500000000 80.000000000 82.000000000
1750310421.200000048 31.270573642666662 120.911868982 2.061700000 4.000000000 0.000072250 1.000000000 0.000000000 0.000000000 0.000060840 87.000000000 84.500000000 80.000000000 82.000000000
1750310421.400000095 31.270573008166664 120.911869474 2.060600000 4.000000000 0.000072250 1.000000000 0.000000000 0.000000000 0.000060840 87.000000000 84.500000000 80.000000000 82.000000000
1750310421.599999905 31.27057226316667 120.911869821 2.055500000 4.000000000 0.000072250 1.000000000 0.000000000 0.000000000 0.000060840 87.000000000 84.500000000 80.000000000 82.000000000
1750310421.799999952 31.270571567999994 120.911870032 2.061600000 4.000000000 0.000072250 1.000000000 0.000000000 0.000000000 0.000060840 87.000000000 84.500000000 80.000000000 82.000000000
1750310422.000000000 31.270570902000003 120.911870001 2.061800000 4.000000000 0.000072250 1.000000000 0.000000000 0.000000000 0.000060840 87.000000000 84.500000000 80.000000000 82.000000000
1750310422.200000048 31.270570217 120.911870034 2.058700000 4.000000000 0.000072250 1.000000000 0.000000000 0.000000000 0.000060840 89.000000000 85.500000000 80.000000000 82.000000000
1750310422.400000095 31.270569534499998 120.911870077 2.062900000 4.000000000 0.000072250 1.000000000 0.000000000 0.000000000 0.000060840 89.000000000 85.500000000 80.000000000 82.000000000
1750310422.599999905 31.27056878966667 120.911869897 2.056400000 4.000000000 0.000070560 1.000000000 0.000000000 0.000000000 0.000060840 89.000000000 85.500000000 80.000000000 82.000000000
1750310422.799999952 31.270568145 120.911869721 2.059300000 4.000000000 0.000070560 1.000000000 0.000000000 0.000000000 0.000060840 89.000000000 85.500000000 80.000000000 82.000000000
1750310423.000000000 31.27056749966667 120.911869458 2.061500000 4.000000000 0.000070560 1.000000000 0.000000000 0.000000000 0.000060840 89.000000000 85.500000000 80.000000000 82.000000000
1750310423.200000048 31.2705672675 120.911869204 2.055700000 4.000000000 0.000070560 1.000000000 0.000000000 0.000000000 0.000059290 89.000000000 85.500000000 80.000000000 82.000000000
1750310423.400000095 31.270567215 120.911869074 2.055400000 4.000000000 0.000070560 1.000000000 0.000000000 0.000000000 0.000059290 89.000000000 85.500000000 80.000000000 82.000000000
1750310423.599999905 31.2705670645 120.911868784 2.070100000 4.000000000 0.000072250 1.000000000 0.000000000 0.000000000 0.000060840 89.000000000 85.500000000 80.000000000 82.000000000
1750310423.799999952 31.27056688083333 120.911868578 2.070300000 4.000000000 0.000072250 1.000000000 0.000000000 0.000000000 0.000060840 89.000000000 85.500000000 80.000000000 82.000000000
1750310424.000000000 31.270566671166662 120.911868376 2.078000000 4.000000000 0.000072250 1.000000000 0.000000000 0.000000000 0.000060840 89.000000000 85.500000000 80.000000000 82.000000000
1750310424.200000048 31.270566452833336 120.911868199 2.077400000 4.000000000 0.000072250 1.000000000 0.000000000 0.000000000 0.000060840 89.000000000 87.000000000 81.000000000 85.000000000
1750310424.400000095 31.27056624166667 120.911868025 2.076800000 4.000000000 0.000072250 1.000000000 0.000000000 0.000000000 0.000060840 89.000000000 87.000000000 81.000000000 85.000000000
1750310424.599999905 31.270566039499997 120.911867855 2.075400000 4.000000000 0.000072250 1.000000000 0.000000000 0.000000000 0.000062410 89.000000000 87.000000000 81.000000000 85.000000000
1750310424.799999952 31.2705660875 120.911867923 2.076100000 4.000000000 0.000072250 1.000000000 0.000000000 0.000000000 0.000062410 89.000000000 87.000000000 81.000000000 85.000000000
1750310425.000000000 31.270566102000004 120.911867900 2.081200000 4.000000000 0.000073960 1.000000000 0.000000000 0.000000000 0.000062410 89.000000000 87.000000000 81.000000000 85.000000000
1750310425.200000048 31.270566073833336 120.911867865 2.089200000 4.000000000 0.000073960 1.000000000 0.000000000 0.000000000 0.000062410 91.000000000 88.000000000 81.000000000 85.000000000
1750310425.400000095 31.270566052333336 120.911867850 2.099000000 4.000000000 0.000073960 1.000000000 0.000000000 0.000000000 0.000064000 91.000000000 88.000000000 81.000000000 85.000000000
1750310425.599999905 31.270566090666662 120.911867826 2.083400000 4.000000000 0.000073960 1.000000000 0.000000000 0.000000000 0.000065610 91.000000000 88.000000000 81.000000000 85.000000000
1750310425.799999952 31.270566189833332 120.911867892 2.082200000 4.000000000 0.000073960 1.000000000 0.000000000 0.000000000 0.000065610 91.000000000 88.000000000 81.000000000 85.000000000
1750310426.000000000 31.270566382166663 120.911868073 2.087100000 4.000000000 0.000073960 1.000000000 0.000000000 0.000000000 0.000067240 91.000000000 88.000000000 81.000000000 85.000000000
1750310426.200000048 31.27056662316666 120.911868275 2.084700000 4.000000000 0.000073960 1.000000000 0.000000000 0.000000000 0.000065610 89.000000000 84.500000000 79.000000000 80.000000000
1750310426.400000095 31.270566813333332 120.911868465 2.071600000 4.000000000 0.000073960 1.000000000 0.000000000 0.000000000 0.000067240 89.000000000 84.500000000 79.000000000 80.000000000
1750310426.599999905 31.2705668535 120.911868590 2.086600000 4.000000000 0.000070560 1.000000000 0.000000000 0.000000000 0.000070560 89.000000000 84.500000000 79.000000000 80.000000000
1750310426.799999952 31.27056697816667 120.911868810 2.085000000 4.000000000 0.000070560 1.000000000 0.000000000 0.000000000 0.000070560 89.000000000 84.500000000 79.000000000 80.000000000
1750310427.000000000 31.270567082166664 120.911869042 2.078000000 4.000000000 0.000070560 1.000000000 0.000000000 0.000000000 0.000070560 89.000000000 84.500000000 79.000000000 80.000000000
1750310427.200000048 31.270567158999995 120.911869257 2.066700000 4.000000000 0.000070560 1.000000000 0.000000000 0.000000000 0.000070560 91.000000000 85.500000000 79.000000000 80.000000000
1750310427.400000095 31.270567236999995 120.911869531 2.066200000 4.000000000 0.000070560 1.000000000 0.000000000 0.000000000 0.000072250 91.000000000 85.500000000 79.000000000 80.000000000
1750310427.599999905 31.270567296500005 120.911869854 2.049600000 4.000000000 0.000075690 1.000000000 0.000000000 0.000000000 0.000077440 91.000000000 85.500000000 79.000000000 80.000000000
1750310427.799999952 31.270567315666668 120.911870091 2.049400000 4.000000000 0.000075690 1.000000000 0.000000000 0.000000000 0.000077440 91.000000000 85.500000000 79.000000000 80.000000000
1750310428.000000000 31.27056729666667 120.911870127 2.051700000 4.000000000 0.000075690 1.000000000 0.000000000 0.000000000 0.000077440 91.000000000 85.500000000 79.000000000 80.000000000
1750310428.200000048 31.270567284500004 120.911870104 2.051100000 4.000000000 0.000075690 1.000000000 0.000000000 0.000000000 0.000077440 87.000000000 83.500000000 79.000000000 80.000000000
1750310428.400000095 31.270566968499992 120.911870110 2.063400000 4.000000000 0.000075690 1.000000000 0.000000000 0.000000000 0.000077440 87.000000000 83.500000000 79.000000000 80.000000000
1750310428.599999905 31.27056655683333 120.911870270 2.072700000 4.000000000 0.000073960 1.000000000 0.000000000 0.000000000 0.000077440 87.000000000 83.500000000 79.000000000 80.000000000
1750310428.799999952 31.270565809000004 120.911870444 2.069300000 4.000000000 0.000073960 1.000000000 0.000000000 0.000000000 0.000077440 87.000000000 83.500000000 79.000000000 80.000000000
1750310429.000000000 31.270565129999994 120.911870601 2.059500000 4.000000000 0.000073960 1.000000000 0.000000000 0.000000000 0.000077440 87.000000000 83.500000000 79.000000000 80.000000000
1750310429.200000048 31.270564463833324 120.911870565 2.059200000 4.000000000 0.000073960 1.000000000 0.000000000 0.000000000 0.000075690 85.000000000 83.500000000 80.000000000 82.000000000
1750310429.400000095 31.27056384716667 120.911870603 2.058900000 4.000000000 0.000073960 1.000000000 0.000000000 0.000000000 0.000075690 85.000000000 83.500000000 80.000000000 82.000000000
1750310429.599999905 31.270563103 120.911870749 2.062300000 4.000000000 0.000068890 1.000000000 0.000000000 0.000000000 0.000067240 85.000000000 83.500000000 80.000000000 82.000000000
1750310429.799999952 31.27056244483333 120.911870742 2.061800000 4.000000000 0.000068890 1.000000000 0.000000000 0.000000000 0.000067240 85.000000000 83.500000000 80.000000000 82.000000000
1750310430.000000000 31.270561805499995 120.911870730 2.056300000 4.000000000 0.000070560 1.000000000 0.000000000 0.000000000 0.000068890 85.000000000 83.500000000 80.000000000 82.000000000
1750310430.200000048 31.270561075833328 120.911870722 2.060700000 4.000000000 0.000072250 1.000000000 0.000000000 0.000000000 0.000068890 87.000000000 84.500000000 80.000000000 82.000000000
1750310430.400000095 31.270560434666663 120.911870662 2.058200000 4.000000000 0.000072250 1.000000000 0.000000000 0.000000000 0.000068890 87.000000000 84.500000000 80.000000000 82.000000000
1750310430.599999905 31.270559633666664 120.911870505 2.071500000 4.000000000 0.000072250 1.000000000 0.000000000 0.000000000 0.000065610 87.000000000 84.500000000 80.000000000 82.000000000
1750310430.799999952 31.27055891666666 120.911870456 2.076700000 4.000000000 0.000072250 1.000000000 0.000000000 0.000000000 0.000065610 87.000000000 84.500000000 80.000000000 82.000000000
1750310431.000000000 31.270558247833335 120.911870556 2.079800000 4.000000000 0.000072250 1.000000000 0.000000000 0.000000000 0.000065610 87.000000000 84.500000000 80.000000000 82.000000000
1750310431.200000048 31.270557588666662 120.911870824 2.086800000 4.000000000 0.000070560 1.000000000 0.000000000 0.000000000 0.000065610 82.000000000 80.000000000 78.000000000 78.000000000
1750310431.400000095 31.27055691833334 120.911870892 2.082000000 4.000000000 0.000084640 1.000000000 0.000000000 0.000000000 0.000077440 82.000000000 80.000000000 78.000000000 78.000000000
1750310431.599999905 31.27055636766667 120.911871095 2.073700000 4.000000000 0.000084640 1.000000000 0.000000000 0.000000000 0.000077440 82.000000000 80.000000000 78.000000000 78.000000000
1750310431.799999952 31.270555618833328 120.911871417 2.077600000 4.000000000 0.000086490 1.000000000 0.000000000 0.000000000 0.000077440 82.000000000 80.000000000 78.000000000 78.000000000
1750310432.000000000 31.270554958333335 120.911871628 2.069800000 4.000000000 0.000086490 1.000000000 0.000000000 0.000000000 0.000077440 82.000000000 80.000000000 78.000000000 78.000000000
1750310432.200000048 31.270554261 120.911871851 2.071900000 4.000000000 0.000086490 1.000000000 0.000000000 0.000000000 0.000077440 80.000000000 81.000000000 80.000000000 82.000000000
1750310432.400000095 31.2705536135 120.911872019 2.055000000 4.000000000 0.000096040 1.000000000 0.000000000 0.000000000 0.000086490 80.000000000 81.000000000 80.000000000 82.000000000
1750310432.599999905 31.270552979 120.911872332 2.052200000 4.000000000 0.000096040 1.000000000 0.000000000 0.000000000 0.000084640 80.000000000 81.000000000 80.000000000 82.000000000
1750310432.799999952 31.270552424666676 120.911872463 2.041800000 4.000000000 0.000096040 1.000000000 0.000000000 0.000000000 0.000086490 80.000000000 81.000000000 80.000000000 82.000000000
1750310433.000000000 31.270551832333325 120.911872585 2.041700000 4.000000000 0.000096040 1.000000000 0.000000000 0.000000000 0.000086490 80.000000000 81.000000000 80.000000000 82.000000000
1750310433.200000048 31.270552064 120.911872506 2.025200000 4.000000000 0.000096040 1.000000000 0.000000000 0.000000000 0.000086490 78.000000000 79.000000000 79.000000000 80.000000000
1750310433.400000095 31.270551985333327 120.911872593 2.039700000 4.000000000 0.000102010 1.000000000 0.000000000 0.000000000 0.000102010 78.000000000 79.000000000 79.000000000 80.000000000
1750310433.599999905 31.27055197916667 120.911872600 2.030000000 4.000000000 0.000102010 1.000000000 0.000000000 0.000000000 0.000102010 78.000000000 79.000000000 79.000000000 80.000000000
1750310433.799999952 31.27055193849999 120.911872608 2.036300000 4.000000000 0.000102010 1.000000000 0.000000000 0.000000000 0.000102010 78.000000000 79.000000000 79.000000000 80.000000000
1750310434.000000000 31.27055192583333 120.911872663 2.038800000 4.000000000 0.000104040 1.000000000 0.000000000 0.000000000 0.000102010 78.000000000 79.000000000 79.000000000 80.000000000
1750310434.200000048 31.270551959666662 120.911872684 2.037200000 4.000000000 0.000102010 1.000000000 0.000000000 0.000000000 0.000102010 78.000000000 77.000000000 77.000000000 76.000000000
1750310434.400000095 31.270551912000002 120.911872940 2.087600000 4.000000000 0.000112360 1.000000000 0.000000000 0.000000000 0.000106090 78.000000000 77.000000000 77.000000000 76.000000000
1750310434.599999905 31.270551941166673 120.911873153 2.085400000 4.000000000 0.000112360 1.000000000 0.000000000 0.000000000 0.000106090 78.000000000 77.000000000 77.000000000 76.000000000
1750310434.799999952 31.27055196650001 120.911873420 2.076200000 4.000000000 0.000112360 1.000000000 0.000000000 0.000000000 0.000106090 78.000000000 77.000000000 77.000000000 76.000000000
1750310435.000000000 31.270551946166663 120.911873668 2.072800000 4.000000000 0.000112360 1.000000000 0.000000000 0.000000000 0.000106090 78.000000000 77.000000000 77.000000000 76.000000000
1750310435.200000048 31.27055169733333 120.911873875 2.069000000 4.000000000 0.000110250 1.000000000 0.000000000 0.000000000 0.000106090 80.000000000 80.000000000 79.000000000 80.000000000
1750310435.400000095 31.27055127316666 120.911874165 2.064800000 4.000000000 0.000110250 1.000000000 0.000000000 0.000000000 0.000106090 80.000000000 80.000000000 79.000000000 80.000000000
1750310435.599999905 31.27055068033333 120.911874096 2.059400000 4.000000000 0.000084640 1.000000000 0.000000000 0.000000000 0.000077440 80.000000000 80.000000000 79.000000000 80.000000000
1750310435.799999952 31.270550027500008 120.911873880 2.056100000 4.000000000 0.000084640 1.000000000 0.000000000 0.000000000 0.000077440 80.000000000 80.000000000 79.000000000 80.000000000
1750310436.000000000 31.270549394499994 120.911873638 2.055800000 4.000000000 0.000084640 1.000000000 0.000000000 0.000000000 0.000077440 80.000000000 80.000000000 79.000000000 80.000000000
1750310436.200000048 31.27054878616667 120.911873322 2.051600000 4.000000000 0.000084640 1.000000000 0.000000000 0.000000000 0.000077440 80.000000000 81.000000000 80.000000000 82.000000000
1750310436.400000095 31.270548155833325 120.911873051 2.041300000 4.000000000 0.000084640 1.000000000 0.000000000 0.000000000 0.000077440 80.000000000 81.000000000 80.000000000 82.000000000
1750310436.599999905 31.270547480999994 120.911873104 2.033600000 4.000000000 0.000079210 1.000000000 0.000000000 0.000000000 0.000075690 80.000000000 81.000000000 80.000000000 82.000000000
1750310436.799999952 31.270546742999997 120.911873182 2.039300000 4.000000000 0.000079210 1.000000000 0.000000000 0.000000000 0.000075690 80.000000000 81.000000000 80.000000000 82.000000000
1750310437.000000000 31.27054595433333 120.911873177 2.045000000 4.000000000 0.000079210 1.000000000 0.000000000 0.000000000 0.000075690 80.000000000 81.000000000 80.000000000 82.000000000
1750310437.200000048 31.270545254333342 120.911873040 2.041000000 4.000000000 0.000079210 1.000000000 0.000000000 0.000000000 0.000075690 80.000000000 81.000000000 80.000000000 82.000000000
1750310437.400000095 31.270544468833336 120.911872941 2.045900000 4.000000000 0.000079210 1.000000000 0.000000000 0.000000000 0.000075690 80.000000000 81.000000000 80.000000000 82.000000000
1750310437.599999905 31.27054381483333 120.911872898 2.035500000 4.000000000 0.000072250 1.000000000 0.000000000 0.000000000 0.000070560 80.000000000 81.000000000 80.000000000 82.000000000
1750310437.799999952 31.270543190166677 120.911873094 2.034400000 4.000000000 0.000072250 1.000000000 0.000000000 0.000000000 0.000070560 80.000000000 81.000000000 80.000000000 82.000000000
1750310438.000000000 31.270542596499993 120.911873381 2.027200000 4.000000000 0.000072250 1.000000000 0.000000000 0.000000000 0.000070560 80.000000000 81.000000000 80.000000000 82.000000000
1750310438.200000048 31.270541883000007 120.911873516 2.022700000 4.000000000 0.000073960 1.000000000 0.000000000 0.000000000 0.000070560 82.000000000 82.000000000 80.000000000 82.000000000
1750310438.400000095 31.270541211999998 120.911873906 2.021700000 4.000000000 0.000073960 1.000000000 0.000000000 0.000000000 0.000070560 82.000000000 82.000000000 80.000000000 82.000000000
1750310438.599999905 31.2705405075 120.911874359 2.024700000 4.000000000 0.000072250 1.000000000 0.000000000 0.000000000 0.000067240 82.000000000 82.000000000 80.000000000 82.000000000
1750310438.799999952 31.270539861666663 120.911874845 2.030200000 4.000000000 0.000072250 1.000000000 0.000000000 0.000000000 0.000067240 82.000000000 82.000000000 80.000000000 82.000000000
1750310439.000000000 31.27053935783333 120.911875170 2.020200000 4.000000000 0.000072250 1.000000000 0.000000000 0.000000000 0.000067240 82.000000000 82.000000000 80.000000000 82.000000000
1750310439.200000048 31.270538687666658 120.911875547 2.034500000 4.000000000 0.000073960 1.000000000 0.000000000 0.000000000 0.000068890 87.000000000 84.500000000 80.000000000 82.000000000
1750310439.400000095 31.270537977999993 120.911875995 2.031600000 4.000000000 0.000073960 1.000000000 0.000000000 0.000000000 0.000068890 87.000000000 84.500000000 80.000000000 82.000000000
1750310439.599999905 31.270537218499996 120.911876421 2.043700000 4.000000000 0.000075690 1.000000000 0.000000000 0.000000000 0.000067240 87.000000000 84.500000000 80.000000000 82.000000000
1750310439.799999952 31.270536603833335 120.911876680 2.031300000 4.000000000 0.000075690 1.000000000 0.000000000 0.000000000 0.000067240 87.000000000 84.500000000 80.000000000 82.000000000
1750310440.000000000 31.27053594366666 120.911876706 2.036000000 4.000000000 0.000075690 1.000000000 0.000000000 0.000000000 0.000067240 87.000000000 84.500000000 80.000000000 82.000000000
1750310440.200000048 31.270535312333323 120.911876744 2.028700000 4.000000000 0.000075690 1.000000000 0.000000000 0.000000000 0.000067240 87.000000000 84.500000000 80.000000000 82.000000000
1750310440.400000095 31.27053472866666 120.911876569 2.023800000 4.000000000 0.000075690 1.000000000 0.000000000 0.000000000 0.000067240 87.000000000 84.500000000 80.000000000 82.000000000
1750310440.599999905 31.270534134000002 120.911876541 2.008000000 4.000000000 0.000075690 1.000000000 0.000000000 0.000000000 0.000067240 87.000000000 84.500000000 80.000000000 82.000000000
1750310440.799999952 31.270533373666666 120.911876607 2.017100000 4.000000000 0.000075690 1.000000000 0.000000000 0.000000000 0.000067240 87.000000000 84.500000000 80.000000000 82.000000000
1750310441.000000000 31.2705327005 120.911876509 2.015800000 4.000000000 0.000075690 1.000000000 0.000000000 0.000000000 0.000067240 87.000000000 84.500000000 80.000000000 82.000000000
1750310441.200000048 31.270532052166658 120.911876455 2.020800000 4.000000000 0.000075690 1.000000000 0.000000000 0.000000000 0.000067240 82.000000000 81.000000000 79.000000000 80.000000000
1750310441.400000095 31.270531252833337 120.911876572 2.051800000 4.000000000 0.000073960 1.000000000 0.000000000 0.000000000 0.000065610 82.000000000 81.000000000 79.000000000 80.000000000
1750310441.599999905 31.270530482333328 120.911876686 2.066200000 4.000000000 0.000075690 1.000000000 0.000000000 0.000000000 0.000065610 82.000000000 81.000000000 79.000000000 80.000000000
1750310441.799999952 31.27052973533334 120.911876805 2.056000000 4.000000000 0.000075690 1.000000000 0.000000000 0.000000000 0.000065610 82.000000000 81.000000000 79.000000000 80.000000000
1750310442.000000000 31.270529025166667 120.911876680 2.051600000 4.000000000 0.000075690 1.000000000 0.000000000 0.000000000 0.000065610 82.000000000 81.000000000 79.000000000 80.000000000
1750310442.200000048 31.270528374333338 120.911876534 2.044900000 4.000000000 0.000075690 1.000000000 0.000000000 0.000000000 0.000065610 83.000000000 80.000000000 78.000000000 77.000000000
1750310442.400000095 31.270527675500006 120.911876430 2.053300000 4.000000000 0.000075690 1.000000000 0.000000000 0.000000000 0.000067240 83.000000000 80.000000000 78.000000000 77.000000000
1750310442.599999905 31.270527050666672 120.911876445 2.050400000 4.000000000 0.000077440 1.000000000 0.000000000 0.000000000 0.000067240 83.000000000 80.000000000 78.000000000 77.000000000
1750310442.799999952 31.270526348333334 120.911876483 2.052100000 4.000000000 0.000077440 1.000000000 0.000000000 0.000000000 0.000067240 83.000000000 80.000000000 78.000000000 77.000000000
1750310443.000000000 31.270525571000007 120.911876415 2.052100000 4.000000000 0.000077440 1.000000000 0.000000000 0.000000000 0.000067240 83.000000000 80.000000000 78.000000000 77.000000000
1750310443.200000048 31.27052481333334 120.911876475 2.049600000 4.000000000 0.000077440 1.000000000 0.000000000 0.000000000 0.000067240 87.000000000 82.000000000 78.000000000 77.000000000
1750310443.400000095 31.270524115166666 120.911876563 2.048000000 4.000000000 0.000077440 1.000000000 0.000000000 0.000000000 0.000067240 87.000000000 82.000000000 78.000000000 77.000000000
1750310443.599999905 31.270523438166663 120.911876945 2.046300000 4.000000000 0.000073960 1.000000000 0.000000000 0.000000000 0.000067240 87.000000000 82.000000000 78.000000000 77.000000000
1750310443.799999952 31.270522783666664 120.911877338 2.045100000 4.000000000 0.000073960 1.000000000 0.000000000 0.000000000 0.000067240 87.000000000 82.000000000 78.000000000 77.000000000
1750310444.000000000 31.270522153166667 120.911877867 2.049000000 4.000000000 0.000073960 1.000000000 0.000000000 0.000000000 0.000067240 87.000000000 82.000000000 78.000000000 77.000000000
1750310444.200000048 31.270521545166673 120.911878427 2.042300000 4.000000000 0.000073960 1.000000000 0.000000000 0.000000000 0.000067240 85.000000000 82.000000000 79.000000000 79.000000000
1750310444.400000095 31.270520918666662 120.911878859 2.036000000 4.000000000 0.000073960 1.000000000 0.000000000 0.000000000 0.000067240 85.000000000 82.000000000 79.000000000 79.000000000
1750310444.599999905 31.27052029683334 120.911879207 2.029600000 4.000000000 0.000081000 1.000000000 0.000000000 0.000000000 0.000070560 85.000000000 82.000000000 79.000000000 79.000000000
1750310444.799999952 31.270519684333337 120.911879295 2.034100000 4.000000000 0.000081000 1.000000000 0.000000000 0.000000000 0.000070560 85.000000000 82.000000000 79.000000000 79.000000000
1750310445.000000000 31.270518991000003 120.911879380 2.041400000 4.000000000 0.000081000 1.000000000 0.000000000 0.000000000 0.000070560 85.000000000 82.000000000 79.000000000 79.000000000
1750310445.200000048 31.270518247333328 120.911879369 2.046100000 4.000000000 0.000082810 1.000000000 0.000000000 0.000000000 0.000070560 79.000000000 78.000000000 78.000000000 77.000000000
1750310445.400000095 31.27051758483333 120.911879484 2.047100000 4.000000000 0.000082810 1.000000000 0.000000000 0.000000000 0.000072250 79.000000000 78.000000000 78.000000000 77.000000000
1750310445.599999905 31.270516845000003 120.911879551 2.044300000 4.000000000 0.000082810 1.000000000 0.000000000 0.000000000 0.000073960 79.000000000 78.000000000 78.000000000 77.000000000
1750310445.799999952 31.270516221999998 120.911879619 2.032900000 4.000000000 0.000081000 1.000000000 0.000000000 0.000000000 0.000073960 79.000000000 78.000000000 78.000000000 77.000000000
1750310446.000000000 31.27051550083334 120.911879700 2.046100000 4.000000000 0.000081000 1.000000000 0.000000000 0.000000000 0.000073960 79.000000000 78.000000000 78.000000000 77.000000000
1750310446.200000048 31.27051482249999 120.911879788 2.043700000 4.000000000 0.000081000 1.000000000 0.000000000 0.000000000 0.000072250 75.000000000 75.000000000 77.000000000 75.000000000
1750310446.400000095 31.270514108833325 120.911879934 2.047700000 4.000000000 0.000081000 1.000000000 0.000000000 0.000000000 0.000072250 75.000000000 75.000000000 77.000000000 75.000000000
1750310446.599999905 31.270513504833332 120.911880136 2.035000000 4.000000000 0.000084640 1.000000000 0.000000000 0.000000000 0.000075690 75.000000000 75.000000000 77.000000000 75.000000000
1750310446.799999952 31.270512824999997 120.911880278 2.022700000 4.000000000 0.000084640 1.000000000 0.000000000 0.000000000 0.000075690 75.000000000 75.000000000 77.000000000 75.000000000
1750310447.000000000 31.270512183666668 120.911880282 2.016900000 4.000000000 0.000084640 1.000000000 0.000000000 0.000000000 0.000075690 75.000000000 75.000000000 77.000000000 75.000000000
1750310447.200000048 31.270511491166673 120.911880488 2.019500000 4.000000000 0.000084640 1.000000000 0.000000000 0.000000000 0.000075690 81.000000000 79.000000000 78.000000000 77.000000000
1750310447.400000095 31.27051075083334 120.911880540 2.027000000 4.000000000 0.000086490 1.000000000 0.000000000 0.000000000 0.000077440 81.000000000 79.000000000 78.000000000 77.000000000
1750310447.599999905 31.270509986166672 120.911880714 2.035700000 4.000000000 0.000082810 1.000000000 0.000000000 0.000000000 0.000070560 81.000000000 79.000000000 78.000000000 77.000000000
1750310447.799999952 31.27050937616667 120.911880912 2.019300000 4.000000000 0.000082810 1.000000000 0.000000000 0.000000000 0.000072250 81.000000000 79.000000000 78.000000000 77.000000000
1750310448.000000000 31.270508622166673 120.911881133 2.035700000 4.000000000 0.000082810 1.000000000 0.000000000 0.000000000 0.000070560 81.000000000 79.000000000 78.000000000 77.000000000
1750310448.200000048 31.27050781766667 120.911881428 2.037700000 4.000000000 0.000081000 1.000000000 0.000000000 0.000000000 0.000070560 75.000000000 72.500000000 75.000000000 70.000000000
1750310448.400000095 31.270507219500004 120.911881609 2.039100000 4.000000000 0.000081000 1.000000000 0.000000000 0.000000000 0.000070560 75.000000000 72.500000000 75.000000000 70.000000000
1750310448.599999905 31.270506587499995 120.911881706 2.029700000 4.000000000 0.000092160 1.000000000 0.000000000 0.000000000 0.000075690 75.000000000 72.500000000 75.000000000 70.000000000
1750310448.799999952 31.27050591683333 120.911881580 2.024600000 4.000000000 0.000092160 1.000000000 0.000000000 0.000000000 0.000075690 75.000000000 72.500000000 75.000000000 70.000000000
1750310449.000000000 31.27050521933333 120.911881656 2.022100000 4.000000000 0.000092160 1.000000000 0.000000000 0.000000000 0.000075690 75.000000000 72.500000000 75.000000000 70.000000000
1750310449.200000048 31.27050456016667 120.911881884 2.015400000 4.000000000 0.000092160 1.000000000 0.000000000 0.000000000 0.000075690 75.000000000 72.500000000 75.000000000 70.000000000
1750310449.400000095 31.270503823 120.911882137 2.019200000 4.000000000 0.000092160 1.000000000 0.000000000 0.000000000 0.000075690 75.000000000 72.500000000 75.000000000 70.000000000
1750310449.599999905 31.27050308933333 120.911882415 2.031500000 4.000000000 0.000088360 1.000000000 0.000000000 0.000000000 0.000075690 75.000000000 72.500000000 75.000000000 70.000000000
1750310449.799999952 31.27050243933334 120.911882945 2.031400000 4.000000000 0.000088360 1.000000000 0.000000000 0.000000000 0.000077440 75.000000000 72.500000000 75.000000000 70.000000000
1750310450.000000000 31.270501847666665 120.911883216 2.038400000 4.000000000 0.000090250 1.000000000 0.000000000 0.000000000 0.000077440 75.000000000 72.500000000 75.000000000 70.000000000
1750310450.200000048 31.27050114383333 120.911883386 2.038100000 4.000000000 0.000092160 1.000000000 0.000000000 0.000000000 0.000079210 72.000000000 72.000000000 75.000000000 72.000000000
1750310450.400000095 31.270500473666672 120.911883519 2.032200000 4.000000000 0.000116640 1.000000000 0.000000000 0.000000000 0.000098010 72.000000000 72.000000000 75.000000000 72.000000000
1750310450.599999905 31.27049982216667 120.911883644 2.021000000 4.000000000 0.000118810 1.000000000 0.000000000 0.000000000 0.000098010 72.000000000 72.000000000 75.000000000 72.000000000
1750310450.799999952 31.270499148166664 120.911883755 2.022000000 4.000000000 0.000118810 1.000000000 0.000000000 0.000000000 0.000098010 72.000000000 72.000000000 75.000000000 72.000000000
1750310451.000000000 31.27049840633333 120.911883900 2.017300000 4.000000000 0.000118810 1.000000000 0.000000000 0.000000000 0.000098010 72.000000000 72.000000000 75.000000000 72.000000000
1750310451.200000048 31.270497707666664 120.911883991 2.015400000 4.000000000 0.000116640 1.000000000 0.000000000 0.000000000 0.000098010 73.000000000 71.000000000 72.000000000 69.000000000
1750310451.400000095 31.270497049166664 120.911884091 2.011000000 4.000000000 0.000141610 1.000000000 0.000000000 0.000000000 0.000108160 73.000000000 71.000000000 72.000000000 69.000000000
1750310451.599999905 31.270496349 120.911884204 2.021600000 4.000000000 0.000144000 1.000000000 0.000000000 0.000000000 0.000110250 73.000000000 71.000000000 72.000000000 69.000000000
1750310451.799999952 31.270495742999998 120.911884059 2.014400000 4.000000000 0.000144000 1.000000000 0.000000000 0.000000000 0.000110250 73.000000000 71.000000000 72.000000000 69.000000000
1750310452.000000000 31.270495171166658 120.911883936 2.008900000 4.000000000 0.000144000 1.000000000 0.000000000 0.000000000 0.000110250 73.000000000 71.000000000 72.000000000 69.000000000
1750310452.200000048 31.270494432999996 120.911884182 2.004200000 4.000000000 0.000144000 1.000000000 0.000000000 0.000000000 0.000110250 73.000000000 70.000000000 71.000000000 67.000000000
1750310452.400000095 31.270493778666662 120.911884287 1.974300000 4.000000000 0.000174240 1.000000000 0.000000000 0.000000000 0.000116640 73.000000000 70.000000000 71.000000000 67.000000000
1750310452.599999905 31.270493222833338 120.911884389 1.975100000 4.000000000 0.000174240 1.000000000 0.000000000 0.000000000 0.000116640 73.000000000 70.000000000 71.000000000 67.000000000
1750310452.799999952 31.27049245383334 120.911884650 1.987500000 4.000000000 0.000174240 1.000000000 0.000000000 0.000000000 0.000116640 73.000000000 70.000000000 71.000000000 67.000000000
1750310453.000000000 31.270491739833332 120.911884765 1.971300000 4.000000000 0.000174240 1.000000000 0.000000000 0.000000000 0.000116640 73.000000000 70.000000000 71.000000000 67.000000000
1750310453.200000048 31.270491038666663 120.911884944 1.984300000 4.000000000 0.000171610 1.000000000 0.000000000 0.000000000 0.000114490 71.000000000 69.000000000 71.000000000 67.000000000
1750310453.400000095 31.27049026649999 120.911885039 1.985200000 4.000000000 0.000171610 1.000000000 0.000000000 0.000000000 0.000114490 71.000000000 69.000000000 71.000000000 67.000000000
1750310453.599999905 31.270489599499996 120.911885190 2.006600000 4.000000000 0.000158760 1.000000000 0.000000000 0.000000000 0.000102010 71.000000000 69.000000000 71.000000000 67.000000000
1750310453.799999952 31.270488906166662 120.911885349 2.011600000 4.000000000 0.000158760 1.000000000 0.000000000 0.000000000 0.000102010 71.000000000 69.000000000 71.000000000 67.000000000
1750310454.000000000 31.270488234666658 120.911885451 2.008100000 4.000000000 0.000158760 1.000000000 0.000000000 0.000000000 0.000102010 71.000000000 69.000000000 71.000000000 67.000000000
1750310454.200000048 31.270487582499996 120.911885643 1.994200000 4.000000000 0.000158760 1.000000000 0.000000000 0.000000000 0.000100000 71.000000000 71.000000000 73.000000000 71.000000000
1750310454.400000095 31.27048679566667 120.911885979 2.011000000 4.000000000 0.000158760 1.000000000 0.000000000 0.000000000 0.000102010 71.000000000 71.000000000 73.000000000 71.000000000
1750310454.599999905 31.27048610316666 120.911886114 2.016400000 4.000000000 0.000121000 1.000000000 0.000000000 0.000000000 0.000084640 71.000000000 71.000000000 73.000000000 71.000000000
1750310454.799999952 31.270485460833328 120.911886182 2.015600000 4.000000000 0.000121000 1.000000000 0.000000000 0.000000000 0.000084640 71.000000000 71.000000000 73.000000000 71.000000000
1750310455.000000000 31.270484764166667 120.911886360 2.012900000 4.000000000 0.000121000 1.000000000 0.000000000 0.000000000 0.000084640 71.000000000 71.000000000 73.000000000 71.000000000
1750310455.200000048 31.270484095166665 120.911886525 1.997300000 4.000000000 0.000121000 1.000000000 0.000000000 0.000000000 0.000084640 73.000000000 73.000000000 74.000000000 73.000000000
1750310455.400000095 31.270483495999997 120.911886622 1.988100000 4.000000000 0.000121000 1.000000000 0.000000000 0.000000000 0.000084640 73.000000000 73.000000000 74.000000000 73.000000000
1750310455.599999905 31.270482927666663 120.911886568 2.001100000 4.000000000 0.000108160 1.000000000 0.000000000 0.000000000 0.000079210 73.000000000 73.000000000 74.000000000 73.000000000
1750310455.799999952 31.270482222499993 120.911886737 2.008800000 4.000000000 0.000108160 1.000000000 0.000000000 0.000000000 0.000079210 73.000000000 73.000000000 74.000000000 73.000000000
1750310456.000000000 31.270481442999994 120.911887012 2.006800000 4.000000000 0.000108160 1.000000000 0.000000000 0.000000000 0.000079210 73.000000000 73.000000000 74.000000000 73.000000000
1750310456.200000048 31.270480857500004 120.911887151 2.004400000 4.000000000 0.000110250 1.000000000 0.000000000 0.000000000 0.000079210 76.000000000 74.500000000 74.000000000 73.000000000
1750310456.400000095 31.270480206499997 120.911887345 2.003000000 4.000000000 0.000110250 1.000000000 0.000000000 0.000000000 0.000081000 76.000000000 74.500000000 74.000000000 73.000000000
1750310456.599999905 31.27047946816667 120.911887539 2.008800000 4.000000000 0.000114490 1.000000000 0.000000000 0.000000000 0.000079210 76.000000000 74.500000000 74.000000000 73.000000000
1750310456.799999952 31.270478876 120.911887405 1.991500000 4.000000000 0.000114490 1.000000000 0.000000000 0.000000000 0.000079210 76.000000000 74.500000000 74.000000000 73.000000000
1750310457.000000000 31.270478225999994 120.911887452 1.998000000 4.000000000 0.000114490 1.000000000 0.000000000 0.000000000 0.000079210 76.000000000 74.500000000 74.000000000 73.000000000
1750310457.200000048 31.270477504 120.911887533 2.001100000 4.000000000 0.000114490 1.000000000 0.000000000 0.000000000 0.000079210 76.000000000 74.500000000 74.000000000 73.000000000
1750310457.400000095 31.27047692816666 120.911887677 1.986800000 4.000000000 0.000114490 1.000000000 0.000000000 0.000000000 0.000079210 76.000000000 74.500000000 74.000000000 73.000000000
1750310457.599999905 31.270476229833335 120.911887793 1.977400000 4.000000000 0.000116640 1.000000000 0.000000000 0.000000000 0.000077440 76.000000000 74.500000000 74.000000000 73.000000000
1750310457.799999952 31.27047560599999 120.911887910 1.980500000 4.000000000 0.000116640 1.000000000 0.000000000 0.000000000 0.000077440 76.000000000 74.500000000 74.000000000 73.000000000
1750310458.000000000 31.270474836666665 120.911887927 1.984100000 4.000000000 0.000116640 1.000000000 0.000000000 0.000000000 0.000077440 76.000000000 74.500000000 74.000000000 73.000000000
1750310458.200000048 31.27047409233333 120.911888112 1.993200000 4.000000000 0.000114490 1.000000000 0.000000000 0.000000000 0.000079210 80.000000000 78.000000000 76.000000000 76.000000000
1750310458.400000095 31.270473306666673 120.911888327 1.999000000 4.000000000 0.000114490 1.000000000 0.000000000 0.000000000 0.000079210 80.000000000 78.000000000 76.000000000 76.000000000
1750310458.599999905 31.270472603833326 120.911888589 2.007900000 4.000000000 0.000100000 1.000000000 0.000000000 0.000000000 0.000077440 80.000000000 78.000000000 76.000000000 76.000000000
1750310458.799999952 31.27047197616666 120.911888738 2.009500000 4.000000000 0.000100000 1.000000000 0.000000000 0.000000000 0.000077440 80.000000000 78.000000000 76.000000000 76.000000000
1750310459.000000000 31.270471396000005 120.911888773 1.996900000 4.000000000 0.000100000 1.000000000 0.000000000 0.000000000 0.000077440 80.000000000 78.000000000 76.000000000 76.000000000
1750310459.200000048 31.27047077383334 120.911888885 1.993900000 4.000000000 0.000100000 1.000000000 0.000000000 0.000000000 0.000077440 82.000000000 80.000000000 78.000000000 78.000000000
1750310459.400000095 31.27047009883333 120.911889130 1.991700000 4.000000000 0.000100000 1.000000000 0.000000000 0.000000000 0.000077440 82.000000000 80.000000000 78.000000000 78.000000000
1750310459.599999905 31.270469398166668 120.911889255 2.004500000 4.000000000 0.000084640 1.000000000 0.000000000 0.000000000 0.000077440 82.000000000 80.000000000 78.000000000 78.000000000
1750310459.799999952 31.270468666499994 120.911889577 2.010500000 4.000000000 0.000086490 1.000000000 0.000000000 0.000000000 0.000077440 82.000000000 80.000000000 78.000000000 78.000000000
1750310460.000000000 31.270467997500006 120.911889906 2.013800000 4.000000000 0.000086490 1.000000000 0.000000000 0.000000000 0.000077440 82.000000000 80.000000000 78.000000000 78.000000000
1750310460.200000048 31.270467324500004 120.911890091 2.015200000 4.000000000 0.000086490 1.000000000 0.000000000 0.000000000 0.000077440 85.000000000 82.500000000 79.000000000 80.000000000
1750310460.400000095 31.270466591833326 120.911890364 2.023300000 4.000000000 0.000086490 1.000000000 0.000000000 0.000000000 0.000077440 85.000000000 82.500000000 79.000000000 80.000000000
1750310460.599999905 31.270465771333335 120.911890626 2.044300000 4.000000000 0.000088360 1.000000000 0.000000000 0.000000000 0.000082810 85.000000000 82.500000000 79.000000000 80.000000000
1750310460.799999952 31.27046586266667 120.911890685 2.035300000 4.000000000 0.000090250 1.000000000 0.000000000 0.000000000 0.000082810 85.000000000 82.500000000 79.000000000 80.000000000
1750310461.000000000 31.27046587016666 120.911890709 2.036600000 4.000000000 0.000090250 1.000000000 0.000000000 0.000000000 0.000082810 85.000000000 82.500000000 79.000000000 80.000000000
1750310461.200000048 31.270465862500004 120.911890718 2.032800000 4.000000000 0.000090250 1.000000000 0.000000000 0.000000000 0.000082810 89.000000000 86.500000000 80.000000000 84.000000000
1750310461.400000095 31.270465881999996 120.911890730 2.022800000 4.000000000 0.000090250 1.000000000 0.000000000 0.000000000 0.000082810 89.000000000 86.500000000 80.000000000 84.000000000
1750310461.599999905 31.270465803000008 120.911890776 2.051200000 4.000000000 0.000086490 1.000000000 0.000000000 0.000000000 0.000090250 89.000000000 86.500000000 80.000000000 84.000000000
1750310461.799999952 31.270465827500004 120.911890779 2.044200000 4.000000000 0.000088360 1.000000000 0.000000000 0.000000000 0.000090250 89.000000000 86.500000000 80.000000000 84.000000000
1750310462.000000000 31.270465849999994 120.911890743 2.039000000 4.000000000 0.000088360 1.000000000 0.000000000 0.000000000 0.000090250 89.000000000 86.500000000 80.000000000 84.000000000
1750310462.200000048 31.270465833499998 120.911890731 2.035900000 4.000000000 0.000088360 1.000000000 0.000000000 0.000000000 0.000092160 82.000000000 81.000000000 79.000000000 80.000000000
1750310462.400000095 31.270465823333325 120.911890757 2.038100000 4.000000000 0.000088360 1.000000000 0.000000000 0.000000000 0.000092160 82.000000000 81.000000000 79.000000000 80.000000000
1750310462.599999905 31.27046585633333 120.911890741 2.021600000 4.000000000 0.000098010 1.000000000 0.000000000 0.000000000 0.000100000 82.000000000 81.000000000 79.000000000 80.000000000
1750310462.799999952 31.270465826000006 120.911890750 2.032300000 4.000000000 0.000098010 1.000000000 0.000000000 0.000000000 0.000100000 82.000000000 81.000000000 79.000000000 80.000000000
1750310463.000000000 31.270465829000003 120.911890769 2.032100000 4.000000000 0.000098010 1.000000000 0.000000000 0.000000000 0.000100000 82.000000000 81.000000000 79.000000000 80.000000000
1750310463.200000048 31.270465837833328 120.911890788 2.035600000 4.000000000 0.000098010 1.000000000 0.000000000 0.000000000 0.000100000 89.000000000 84.500000000 79.000000000 80.000000000
1750310463.400000095 31.270465785 120.911890769 2.036900000 4.000000000 0.000098010 1.000000000 0.000000000 0.000000000 0.000100000 89.000000000 84.500000000 79.000000000 80.000000000
1750310463.599999905 31.2704654745 120.911890792 2.027900000 4.000000000 0.000094090 1.000000000 0.000000000 0.000000000 0.000088360 89.000000000 84.500000000 79.000000000 80.000000000
1750310463.799999952 31.270464817333334 120.911890849 2.024300000 4.000000000 0.000094090 1.000000000 0.000000000 0.000000000 0.000088360 89.000000000 84.500000000 79.000000000 80.000000000
1750310464.000000000 31.27046411916666 120.911891029 2.031300000 4.000000000 0.000096040 1.000000000 0.000000000 0.000000000 0.000090250 89.000000000 84.500000000 79.000000000 80.000000000
1750310464.200000048 31.27046435683333 120.911891044 2.021100000 4.000000000 0.000098010 1.000000000 0.000000000 0.000000000 0.000092160 78.000000000 79.000000000 79.000000000 80.000000000
1750310464.400000095 31.270464307333327 120.911891036 2.045400000 4.000000000 0.000098010 1.000000000 0.000000000 0.000000000 0.000092160 78.000000000 79.000000000 79.000000000 80.000000000
1750310464.599999905 31.270464312 120.911891138 2.065000000 4.000000000 0.000112360 1.000000000 0.000000000 0.000000000 0.000139240 78.000000000 79.000000000 79.000000000 80.000000000
1750310464.799999952 31.27046435933333 120.911891277 2.057700000 4.000000000 0.000112360 1.000000000 0.000000000 0.000000000 0.000139240 78.000000000 79.000000000 79.000000000 80.000000000
1750310465.000000000 31.270464469666663 120.911891449 2.041400000 4.000000000 0.000112360 1.000000000 0.000000000 0.000000000 0.000139240 78.000000000 79.000000000 79.000000000 80.000000000
1750310465.200000048 31.2704644625 120.911891650 2.036100000 4.000000000 0.000112360 1.000000000 0.000000000 0.000000000 0.000134560 78.000000000 77.000000000 76.000000000 76.000000000
1750310465.400000095 31.270464459500005 120.911891579 2.030500000 4.000000000 0.000112360 1.000000000 0.000000000 0.000000000 0.000134560 78.000000000 77.000000000 76.000000000 76.000000000
1750310465.599999905 31.270464518166662 120.911891601 2.016600000 4.000000000 0.000132250 1.000000000 0.000000000 0.000000000 0.000190440 78.000000000 77.000000000 76.000000000 76.000000000
1750310465.799999952 31.270464299833336 120.911891608 2.023600000 4.000000000 0.000132250 1.000000000 0.000000000 0.000000000 0.000187690 78.000000000 77.000000000 76.000000000 76.000000000
1750310466.000000000 31.270463657333337 120.911891860 2.037300000 4.000000000 0.000134560 1.000000000 0.000000000 0.000000000 0.000190440 78.000000000 77.000000000 76.000000000 76.000000000
1750310466.200000048 31.270462817833334 120.911891946 2.043000000 4.000000000 0.000134560 1.000000000 0.000000000 0.000000000 0.000190440 78.000000000 78.000000000 77.000000000 78.000000000
1750310466.400000095 31.270462156000008 120.911892092 2.032100000 4.000000000 0.000134560 1.000000000 0.000000000 0.000000000 0.000190440 78.000000000 78.000000000 77.000000000 78.000000000
1750310466.599999905 31.270461501 120.911892124 2.027000000 4.000000000 0.000151290 1.000000000 0.000000000 0.000000000 0.000174240 78.000000000 78.000000000 77.000000000 78.000000000
1750310466.799999952 31.270460824666657 120.911892291 2.017300000 4.000000000 0.000153760 1.000000000 0.000000000 0.000000000 0.000174240 78.000000000 78.000000000 77.000000000 78.000000000
1750310467.000000000 31.270460143333338 120.911892395 2.026300000 4.000000000 0.000153760 1.000000000 0.000000000 0.000000000 0.000174240 78.000000000 78.000000000 77.000000000 78.000000000
1750310467.200000048 31.270459469499997 120.911892488 2.026700000 4.000000000 0.000151290 1.000000000 0.000000000 0.000000000 0.000174240 80.000000000 79.000000000 77.000000000 78.000000000
1750310467.400000095 31.270458931000007 120.911892401 1.996200000 4.000000000 0.000153760 1.000000000 0.000000000 0.000000000 0.000166410 80.000000000 79.000000000 77.000000000 78.000000000
1750310467.599999905 31.27045819833333 120.911892410 2.007200000 4.000000000 0.000153760 1.000000000 0.000000000 0.000000000 0.000166410 80.000000000 79.000000000 77.000000000 78.000000000
1750310467.799999952 31.270457485999998 120.911892416 1.998900000 4.000000000 0.000153760 1.000000000 0.000000000 0.000000000 0.000166410 80.000000000 79.000000000 77.000000000 78.000000000
1750310468.000000000 31.27045688566666 120.911892433 1.979300000 4.000000000 0.000153760 1.000000000 0.000000000 0.000000000 0.000166410 80.000000000 79.000000000 77.000000000 78.000000000
1750310468.200000048 31.270456205499997 120.911892438 1.972600000 4.000000000 0.000153760 1.000000000 0.000000000 0.000000000 0.000166410 82.000000000 81.000000000 78.000000000 80.000000000
1750310468.400000095 31.270455549666664 120.911892518 1.958600000 4.000000000 0.000153760 1.000000000 0.000000000 0.000000000 0.000166410 82.000000000 81.000000000 78.000000000 80.000000000
1750310468.599999905 31.270454704000002 120.911892574 1.986900000 4.000000000 0.000125440 1.000000000 0.000000000 0.000000000 0.000112360 82.000000000 81.000000000 78.000000000 80.000000000
1750310468.799999952 31.270454069500005 120.911892591 1.983100000 4.000000000 0.000125440 1.000000000 0.000000000 0.000000000 0.000112360 82.000000000 81.000000000 78.000000000 80.000000000
1750310469.000000000 31.270453363499996 120.911892580 1.982000000 4.000000000 0.000125440 1.000000000 0.000000000 0.000000000 0.000112360 82.000000000 81.000000000 78.000000000 80.000000000
1750310469.200000048 31.27045264633334 120.911892591 1.987500000 4.000000000 0.000123210 1.000000000 0.000000000 0.000000000 0.000110250 80.000000000 79.000000000 78.000000000 78.000000000
1750310469.400000095 31.270451938999997 120.911892541 1.996300000 4.000000000 0.000123210 1.000000000 0.000000000 0.000000000 0.000110250 80.000000000 79.000000000 78.000000000 78.000000000
1750310469.599999905 31.27045122300001 120.911892706 2.012600000 4.000000000 0.000100000 1.000000000 0.000000000 0.000000000 0.000088360 80.000000000 79.000000000 78.000000000 78.000000000
1750310469.799999952 31.27045057866667 120.911892712 2.006800000 4.000000000 0.000100000 1.000000000 0.000000000 0.000000000 0.000088360 80.000000000 79.000000000 78.000000000 78.000000000
1750310470.000000000 31.270449791666664 120.911892635 2.002000000 4.000000000 0.000100000 1.000000000 0.000000000 0.000000000 0.000088360 80.000000000 79.000000000 78.000000000 78.000000000
1750310470.200000048 31.270449031833323 120.911892621 2.014000000 4.000000000 0.000100000 1.000000000 0.000000000 0.000000000 0.000088360 82.000000000 81.000000000 79.000000000 80.000000000
1750310470.400000095 31.27044823083334 120.911892668 2.024300000 4.000000000 0.000102010 1.000000000 0.000000000 0.000000000 0.000088360 82.000000000 81.000000000 79.000000000 80.000000000
1750310470.599999905 31.27044742183334 120.911892946 2.045500000 4.000000000 0.000092160 1.000000000 0.000000000 0.000000000 0.000081000 82.000000000 81.000000000 79.000000000 80.000000000
1750310470.799999952 31.270446730499998 120.911893150 2.050900000 4.000000000 0.000092160 1.000000000 0.000000000 0.000000000 0.000081000 82.000000000 81.000000000 79.000000000 80.000000000
1750310471.000000000 31.270445983166667 120.911893489 2.040600000 4.000000000 0.000092160 1.000000000 0.000000000 0.000000000 0.000081000 82.000000000 81.000000000 79.000000000 80.000000000
1750310471.200000048 31.270445415333327 120.911893979 2.034500000 4.000000000 0.000092160 1.000000000 0.000000000 0.000000000 0.000081000 81.000000000 80.000000000 79.000000000 79.000000000
1750310471.400000095 31.270444732166666 120.911894448 2.026100000 4.000000000 0.000092160 1.000000000 0.000000000 0.000000000 0.000081000 81.000000000 80.000000000 79.000000000 79.000000000
1750310471.599999905 31.27044425700001 120.911895073 2.037000000 4.000000000 0.000096040 1.000000000 0.000000000 0.000000000 0.000084640 81.000000000 80.000000000 79.000000000 79.000000000
1750310471.799999952 31.270443836833337 120.911895748 2.028000000 4.000000000 0.000096040 1.000000000 0.000000000 0.000000000 0.000084640 81.000000000 80.000000000 79.000000000 79.000000000
1750310472.000000000 31.27044343516667 120.911896530 2.029200000 4.000000000 0.000096040 1.000000000 0.000000000 0.000000000 0.000084640 81.000000000 80.000000000 79.000000000 79.000000000
1750310472.200000048 31.27044300583333 120.911897279 2.027000000 4.000000000 0.000096040 1.000000000 0.000000000 0.000000000 0.000082810 83.000000000 82.000000000 80.000000000 81.000000000
1750310472.400000095 31.27044260016666 120.911897692 2.038500000 4.000000000 0.000096040 1.000000000 0.000000000 0.000000000 0.000084640 83.000000000 82.000000000 80.000000000 81.000000000
1750310472.599999905 31.270442148833325 120.911898126 2.028500000 4.000000000 0.000098010 1.000000000 0.000000000 0.000000000 0.000084640 83.000000000 82.000000000 80.000000000 81.000000000
1750310472.799999952 31.270441738999992 120.911898674 2.032400000 4.000000000 0.000098010 1.000000000 0.000000000 0.000000000 0.000084640 83.000000000 82.000000000 80.000000000 81.000000000
1750310473.000000000 31.270441291166662 120.911899173 2.024500000 4.000000000 0.000098010 1.000000000 0.000000000 0.000000000 0.000084640 83.000000000 82.000000000 80.000000000 81.000000000
1750310473.200000048 31.270440735000008 120.911899568 2.012900000 4.000000000 0.000098010 1.000000000 0.000000000 0.000000000 0.000084640 85.000000000 85.000000000 81.000000000 85.000000000
1750310473.400000095 31.270440158166664 120.911899984 2.009400000 4.000000000 0.000098010 1.000000000 0.000000000 0.000000000 0.000084640 85.000000000 85.000000000 81.000000000 85.000000000
1750310473.599999905 31.27043952616667 120.911900348 2.016900000 4.000000000 0.000088360 1.000000000 0.000000000 0.000000000 0.000073960 85.000000000 85.000000000 81.000000000 85.000000000
1750310473.799999952 31.270438893666665 120.911900721 2.017100000 4.000000000 0.000088360 1.000000000 0.000000000 0.000000000 0.000073960 85.000000000 85.000000000 81.000000000 85.000000000
1750310474.000000000 31.270438209666665 120.911900928 2.015200000 4.000000000 0.000090250 1.000000000 0.000000000 0.000000000 0.000073960 85.000000000 85.000000000 81.000000000 85.000000000
1750310474.200000048 31.270437625499994 120.911901263 2.017200000 4.000000000 0.000090250 1.000000000 0.000000000 0.000000000 0.000073960 85.000000000 83.500000000 80.000000000 82.000000000
1750310474.400000095 31.270436989333334 120.911901679 2.017200000 4.000000000 0.000090250 1.000000000 0.000000000 0.000000000 0.000073960 85.000000000 83.500000000 80.000000000 82.000000000
1750310474.599999905 31.270436403666665 120.911902083 2.020200000 4.000000000 0.000077440 1.000000000 0.000000000 0.000000000 0.000070560 85.000000000 83.500000000 80.000000000 82.000000000
1750310474.799999952 31.270435821999996 120.911902484 2.022800000 4.000000000 0.000077440 1.000000000 0.000000000 0.000000000 0.000070560 85.000000000 83.500000000 80.000000000 82.000000000
1750310475.000000000 31.270435366666675 120.911903073 2.027900000 4.000000000 0.000077440 1.000000000 0.000000000 0.000000000 0.000070560 85.000000000 83.500000000 80.000000000 82.000000000
1750310475.200000048 31.27043485633334 120.911903507 2.027900000 4.000000000 0.000077440 1.000000000 0.000000000 0.000000000 0.000070560 85.000000000 83.000000000 80.000000000 81.000000000
1750310475.400000095 31.2704343205 120.911904000 2.032800000 4.000000000 0.000077440 1.000000000 0.000000000 0.000000000 0.000070560 85.000000000 83.000000000 80.000000000 81.000000000
1750310475.599999905 31.270433723333326 120.911904458 2.045700000 4.000000000 0.000072250 1.000000000 0.000000000 0.000000000 0.000072250 85.000000000 83.000000000 80.000000000 81.000000000
1750310475.799999952 31.270433183833333 120.911904961 2.049000000 4.000000000 0.000072250 1.000000000 0.000000000 0.000000000 0.000072250 85.000000000 83.000000000 80.000000000 81.000000000
1750310476.000000000 31.270432726166675 120.911905482 2.052700000 4.000000000 0.000072250 1.000000000 0.000000000 0.000000000 0.000072250 85.000000000 83.000000000 80.000000000 81.000000000
1750310476.200000048 31.270432144833336 120.911906050 2.063200000 4.000000000 0.000072250 1.000000000 0.000000000 0.000000000 0.000072250 87.000000000 85.000000000 81.000000000 83.000000000
1750310476.400000095 31.27043155333334 120.911906510 2.067800000 4.000000000 0.000072250 1.000000000 0.000000000 0.000000000 0.000072250 87.000000000 85.000000000 81.000000000 83.000000000
1750310476.599999905 31.27043092849999 120.911907031 2.077300000 4.000000000 0.000067240 1.000000000 0.000000000 0.000000000 0.000065610 87.000000000 85.000000000 81.000000000 83.000000000
1750310476.799999952 31.270430384666668 120.911907507 2.075800000 4.000000000 0.000067240 1.000000000 0.000000000 0.000000000 0.000065610 87.000000000 85.000000000 81.000000000 83.000000000
1750310477.000000000 31.270429882166667 120.911908006 2.078600000 4.000000000 0.000067240 1.000000000 0.000000000 0.000000000 0.000065610 87.000000000 85.000000000 81.000000000 83.000000000
1750310477.200000048 31.27042946183333 120.911908620 2.082900000 4.000000000 0.000067240 1.000000000 0.000000000 0.000000000 0.000065610 87.000000000 85.000000000 81.000000000 83.000000000
1750310477.400000095 31.270429072666673 120.911909321 2.088000000 4.000000000 0.000067240 1.000000000 0.000000000 0.000000000 0.000065610 87.000000000 85.000000000 81.000000000 83.000000000
1750310477.599999905 31.27042889083333 120.911910027 2.083400000 4.000000000 0.000068890 1.000000000 0.000000000 0.000000000 0.000064000 87.000000000 85.000000000 81.000000000 83.000000000
1750310477.799999952 31.27042900116666 120.911910416 2.093000000 4.000000000 0.000068890 1.000000000 0.000000000 0.000000000 0.000064000 87.000000000 85.000000000 81.000000000 83.000000000
1750310478.000000000 31.27042904550001 120.911910553 2.086200000 4.000000000 0.000068890 1.000000000 0.000000000 0.000000000 0.000065610 87.000000000 85.000000000 81.000000000 83.000000000
1750310478.200000048 31.270429093666664 120.911910756 2.084300000 4.000000000 0.000068890 1.000000000 0.000000000 0.000000000 0.000065610 85.000000000 82.000000000 79.000000000 79.000000000
1750310478.400000095 31.270429154499993 120.911910975 2.079300000 4.000000000 0.000068890 1.000000000 0.000000000 0.000000000 0.000065610 85.000000000 82.000000000 79.000000000 79.000000000
1750310478.599999905 31.270429111 120.911910935 2.086800000 4.000000000 0.000082810 1.000000000 0.000000000 0.000000000 0.000073960 85.000000000 82.000000000 79.000000000 79.000000000
1750310478.799999952 31.270429074333336 120.911910931 2.084300000 4.000000000 0.000082810 1.000000000 0.000000000 0.000000000 0.000073960 85.000000000 82.000000000 79.000000000 79.000000000
1750310479.000000000 31.27042873883333 120.911911043 2.084500000 4.000000000 0.000082810 1.000000000 0.000000000 0.000000000 0.000073960 85.000000000 82.000000000 79.000000000 79.000000000
1750310479.200000048 31.27042804283333 120.911911242 2.091100000 4.000000000 0.000082810 1.000000000 0.000000000 0.000000000 0.000073960 87.000000000 84.000000000 80.000000000 81.000000000
1750310479.400000095 31.270427263499997 120.911911473 2.094900000 4.000000000 0.000082810 1.000000000 0.000000000 0.000000000 0.000073960 87.000000000 84.000000000 80.000000000 81.000000000
1750310479.599999905 31.27042658116666 120.911911643 2.093900000 4.000000000 0.000079210 1.000000000 0.000000000 0.000000000 0.000072250 87.000000000 84.000000000 80.000000000 81.000000000
1750310479.799999952 31.27042588783334 120.911911663 2.092500000 4.000000000 0.000079210 1.000000000 0.000000000 0.000000000 0.000072250 87.000000000 84.000000000 80.000000000 81.000000000
1750310480.000000000 31.270425189166673 120.911911767 2.099600000 4.000000000 0.000079210 1.000000000 0.000000000 0.000000000 0.000072250 87.000000000 84.000000000 80.000000000 81.000000000
1750310480.200000048 31.270424608500008 120.911911894 2.087200000 4.000000000 0.000079210 1.000000000 0.000000000 0.000000000 0.000072250 89.000000000 86.000000000 81.000000000 83.000000000
1750310480.400000095 31.270424023333334 120.911912050 2.077700000 4.000000000 0.000079210 1.000000000 0.000000000 0.000000000 0.000072250 89.000000000 86.000000000 81.000000000 83.000000000
1750310480.599999905 31.270423420166665 120.911912193 2.102300000 4.000000000 0.000075690 1.000000000 0.000000000 0.000000000 0.000070560 89.000000000 86.000000000 81.000000000 83.000000000
1750310480.799999952 31.2704227965 120.911912374 2.101900000 4.000000000 0.000075690 1.000000000 0.000000000 0.000000000 0.000070560 89.000000000 86.000000000 81.000000000 83.000000000
1750310481.000000000 31.270422206999996 120.911912618 2.107200000 4.000000000 0.000075690 1.000000000 0.000000000 0.000000000 0.000068890 89.000000000 86.000000000 81.000000000 83.000000000
1750310481.200000048 31.270421618166665 120.911912950 2.106900000 4.000000000 0.000075690 1.000000000 0.000000000 0.000000000 0.000070560 85.000000000 83.500000000 80.000000000 82.000000000
1750310481.400000095 31.270420980499992 120.911913195 2.108400000 4.000000000 0.000075690 1.000000000 0.000000000 0.000000000 0.000070560 85.000000000 83.500000000 80.000000000 82.000000000
1750310481.599999905 31.2704203065 120.911913254 2.130800000 4.000000000 0.000079210 1.000000000 0.000000000 0.000000000 0.000072250 85.000000000 83.500000000 80.000000000 82.000000000
1750310481.799999952 31.27041964516667 120.911913292 2.127900000 4.000000000 0.000079210 1.000000000 0.000000000 0.000000000 0.000072250 85.000000000 83.500000000 80.000000000 82.000000000
1750310482.000000000 31.27041898666667 120.911913398 2.126200000 4.000000000 0.000079210 1.000000000 0.000000000 0.000000000 0.000072250 85.000000000 83.500000000 80.000000000 82.000000000
1750310482.200000048 31.270418700833332 120.911913431 2.137800000 4.000000000 0.000079210 1.000000000 0.000000000 0.000000000 0.000072250 89.000000000 85.500000000 80.000000000 82.000000000
1750310482.400000095 31.27041885766667 120.911913408 2.119500000 4.000000000 0.000081000 1.000000000 0.000000000 0.000000000 0.000072250 89.000000000 85.500000000 80.000000000 82.000000000
1750310482.599999905 31.270418865166675 120.911913350 2.111100000 4.000000000 0.000075690 1.000000000 0.000000000 0.000000000 0.000070560 89.000000000 85.500000000 80.000000000 82.000000000
1750310482.799999952 31.270418813333336 120.911913119 2.117400000 4.000000000 0.000073960 1.000000000 0.000000000 0.000000000 0.000070560 89.000000000 85.500000000 80.000000000 82.000000000
1750310483.000000000 31.270418733166665 120.911912812 2.115000000 4.000000000 0.000073960 1.000000000 0.000000000 0.000000000 0.000068890 89.000000000 85.500000000 80.000000000 82.000000000
1750310483.200000048 31.270418656999993 120.911912545 2.107800000 4.000000000 0.000073960 1.000000000 0.000000000 0.000000000 0.000068890 78.000000000 78.000000000 78.000000000 78.000000000
1750310483.400000095 31.270418539333335 120.911912262 2.108500000 4.000000000 0.000073960 1.000000000 0.000000000 0.000000000 0.000068890 78.000000000 78.000000000 78.000000000 78.000000000
1750310483.599999905 31.270418519000003 120.911912317 2.118100000 4.000000000 0.000084640 1.000000000 0.000000000 0.000000000 0.000073960 78.000000000 78.000000000 78.000000000 78.000000000
1750310483.799999952 31.27041852299999 120.911912322 2.121700000 4.000000000 0.000084640 1.000000000 0.000000000 0.000000000 0.000073960 78.000000000 78.000000000 78.000000000 78.000000000
1750310484.000000000 31.270418434666666 120.911912398 2.129000000 4.000000000 0.000084640 1.000000000 0.000000000 0.000000000 0.000073960 78.000000000 78.000000000 78.000000000 78.000000000
1750310484.200000048 31.270418016666667 120.911912580 2.130000000 4.000000000 0.000086490 1.000000000 0.000000000 0.000000000 0.000073960 85.000000000 83.500000000 80.000000000 82.000000000
1750310484.400000095 31.270417336500003 120.911912782 2.125900000 4.000000000 0.000086490 1.000000000 0.000000000 0.000000000 0.000073960 85.000000000 83.500000000 80.000000000 82.000000000
1750310484.599999905 31.27041673166667 120.911913201 2.123700000 4.000000000 0.000090250 1.000000000 0.000000000 0.000000000 0.000075690 85.000000000 83.500000000 80.000000000 82.000000000
1750310484.799999952 31.270416187500004 120.911913681 2.137200000 4.000000000 0.000090250 1.000000000 0.000000000 0.000000000 0.000075690 85.000000000 83.500000000 80.000000000 82.000000000
1750310485.000000000 31.270415496 120.911914038 2.160300000 4.000000000 0.000090250 1.000000000 0.000000000 0.000000000 0.000077440 85.000000000 83.500000000 80.000000000 82.000000000
1750310485.200000048 31.270414912333337 120.911914397 2.159200000 4.000000000 0.000090250 1.000000000 0.000000000 0.000000000 0.000077440 78.000000000 77.000000000 77.000000000 76.000000000
1750310485.400000095 31.270414261499994 120.911914785 2.171300000 4.000000000 0.000090250 1.000000000 0.000000000 0.000000000 0.000077440 78.000000000 77.000000000 77.000000000 76.000000000
1750310485.599999905 31.27041367616667 120.911915051 2.141900000 4.000000000 0.000121000 1.000000000 0.000000000 0.000000000 0.000100000 78.000000000 77.000000000 77.000000000 76.000000000
1750310485.799999952 31.270413130999998 120.911915462 2.149200000 4.000000000 0.000121000 1.000000000 0.000000000 0.000000000 0.000100000 78.000000000 77.000000000 77.000000000 76.000000000
1750310486.000000000 31.27041253600001 120.911915936 2.147500000 4.000000000 0.000121000 1.000000000 0.000000000 0.000000000 0.000100000 78.000000000 77.000000000 77.000000000 76.000000000
1750310486.200000048 31.27041199983333 120.911916371 2.159600000 4.000000000 0.000123210 1.000000000 0.000000000 0.000000000 0.000100000 78.000000000 76.000000000 76.000000000 74.000000000
1750310486.400000095 31.270411454499992 120.911916804 2.155900000 4.000000000 0.000123210 1.000000000 0.000000000 0.000000000 0.000100000 78.000000000 76.000000000 76.000000000 74.000000000
1750310486.599999905 31.27041095366667 120.911917290 2.184000000 4.000000000 0.000118810 1.000000000 0.000000000 0.000000000 0.000106090 78.000000000 76.000000000 76.000000000 74.000000000
1750310486.799999952 31.270410351833334 120.911917674 2.187700000 4.000000000 0.000118810 1.000000000 0.000000000 0.000000000 0.000106090 78.000000000 76.000000000 76.000000000 74.000000000
1750310487.000000000 31.270409716333333 120.911917970 2.184900000 4.000000000 0.000118810 1.000000000 0.000000000 0.000000000 0.000104040 78.000000000 76.000000000 76.000000000 74.000000000
1750310487.200000048 31.27040907 120.911918305 2.178400000 4.000000000 0.000116640 1.000000000 0.000000000 0.000000000 0.000104040 78.000000000 76.000000000 76.000000000 74.000000000
1750310487.400000095 31.270408445833326 120.911918641 2.177100000 4.000000000 0.000116640 1.000000000 0.000000000 0.000000000 0.000104040 78.000000000 76.000000000 76.000000000 74.000000000
1750310487.599999905 31.270407768333328 120.911919013 2.190300000 4.000000000 0.000086490 1.000000000 0.000000000 0.000000000 0.000084640 78.000000000 76.000000000 76.000000000 74.000000000
1750310487.799999952 31.270407070666664 120.911919289 2.183500000 4.000000000 0.000086490 1.000000000 0.000000000 0.000000000 0.000084640 78.000000000 76.000000000 76.000000000 74.000000000
1750310488.000000000 31.27040642766667 120.911919622 2.197000000 4.000000000 0.000086490 1.000000000 0.000000000 0.000000000 0.000084640 78.000000000 76.000000000 76.000000000 74.000000000
1750310488.200000048 31.270405786333342 120.911919998 2.196600000 4.000000000 0.000086490 1.000000000 0.000000000 0.000000000 0.000082810 80.000000000 79.000000000 78.000000000 78.000000000
1750310488.400000095 31.270405148833333 120.911920356 2.200700000 4.000000000 0.000086490 1.000000000 0.000000000 0.000000000 0.000084640 80.000000000 79.000000000 78.000000000 78.000000000
1750310488.599999905 31.270404579 120.911920708 2.206000000 4.000000000 0.000073960 1.000000000 0.000000000 0.000000000 0.000072250 80.000000000 79.000000000 78.000000000 78.000000000
1750310488.799999952 31.27040383933334 120.911921004 2.210600000 4.000000000 0.000073960 1.000000000 0.000000000 0.000000000 0.000072250 80.000000000 79.000000000 78.000000000 78.000000000
1750310489.000000000 31.270403203166666 120.911921257 2.208300000 4.000000000 0.000073960 1.000000000 0.000000000 0.000000000 0.000072250 80.000000000 79.000000000 78.000000000 78.000000000
1750310489.200000048 31.27040266333333 120.911921687 2.215500000 4.000000000 0.000073960 1.000000000 0.000000000 0.000000000 0.000073960 80.000000000 79.000000000 78.000000000 78.000000000
1750310489.400000095 31.2704021375 120.911922157 2.219400000 4.000000000 0.000073960 1.000000000 0.000000000 0.000000000 0.000073960 80.000000000 79.000000000 78.000000000 78.000000000
1750310489.599999905 31.270401634833334 120.911922557 2.223200000 4.000000000 0.000073960 1.000000000 0.000000000 0.000000000 0.000073960 80.000000000 79.000000000 78.000000000 78.000000000
1750310489.799999952 31.27040115833333 120.911923051 2.230700000 4.000000000 0.000073960 1.000000000 0.000000000 0.000000000 0.000073960 80.000000000 79.000000000 78.000000000 78.000000000
1750310490.000000000 31.270400768833326 120.911923597 2.236700000 4.000000000 0.000073960 1.000000000 0.000000000 0.000000000 0.000073960 80.000000000 79.000000000 78.000000000 78.000000000
1750310490.200000048 31.270400313166675 120.911924210 2.244800000 4.000000000 0.000072250 1.000000000 0.000000000 0.000000000 0.000073960 80.000000000 79.000000000 78.000000000 78.000000000
1750310490.400000095 31.270399795499998 120.911924635 2.253500000 4.000000000 0.000072250 1.000000000 0.000000000 0.000000000 0.000073960 80.000000000 79.000000000 78.000000000 78.000000000
1750310490.599999905 31.27039898783333 120.911925069 2.284000000 4.000000000 0.000070560 1.000000000 0.000000000 0.000000000 0.000072250 80.000000000 79.000000000 78.000000000 78.000000000
1750310490.799999952 31.270398364000002 120.911925391 2.284800000 4.000000000 0.000070560 1.000000000 0.000000000 0.000000000 0.000072250 80.000000000 79.000000000 78.000000000 78.000000000
1750310491.000000000 31.270397746166665 120.911925762 2.290400000 4.000000000 0.000070560 1.000000000 0.000000000 0.000000000 0.000072250 80.000000000 79.000000000 78.000000000 78.000000000
1750310491.200000048 31.270397157000005 120.911926214 2.308400000 4.000000000 0.000070560 1.000000000 0.000000000 0.000000000 0.000072250 78.000000000 80.000000000 80.000000000 82.000000000
1750310491.400000095 31.270396606333335 120.911926605 2.313600000 4.000000000 0.000070560 1.000000000 0.000000000 0.000000000 0.000072250 78.000000000 80.000000000 80.000000000 82.000000000
1750310491.599999905 31.27039602083333 120.911927109 2.331100000 4.000000000 0.000068890 1.000000000 0.000000000 0.000000000 0.000067240 78.000000000 80.000000000 80.000000000 82.000000000
1750310491.799999952 31.270395551999997 120.911927731 2.341900000 4.000000000 0.000068890 1.000000000 0.000000000 0.000000000 0.000067240 78.000000000 80.000000000 80.000000000 82.000000000
1750310492.000000000 31.270395123 120.911928168 2.327400000 4.000000000 0.000070560 1.000000000 0.000000000 0.000000000 0.000067240 78.000000000 80.000000000 80.000000000 82.000000000
1750310492.200000048 31.270394620666664 120.911928611 2.333400000 4.000000000 0.000070560 1.000000000 0.000000000 0.000000000 0.000067240 80.000000000 79.000000000 78.000000000 78.000000000
1750310492.400000095 31.270393945500004 120.911928894 2.342100000 4.000000000 0.000070560 1.000000000 0.000000000 0.000000000 0.000067240 80.000000000 79.000000000 78.000000000 78.000000000
1750310492.599999905 31.27039333083333 120.911929054 2.334600000 4.000000000 0.000075690 1.000000000 0.000000000 0.000000000 0.000070560 80.000000000 79.000000000 78.000000000 78.000000000
1750310492.799999952 31.270392686666668 120.911929148 2.323500000 4.000000000 0.000075690 1.000000000 0.000000000 0.000000000 0.000070560 80.000000000 79.000000000 78.000000000 78.000000000
1750310493.000000000 31.270392046833337 120.911929332 2.313500000 4.000000000 0.000075690 1.000000000 0.000000000 0.000000000 0.000070560 80.000000000 79.000000000 78.000000000 78.000000000
1750310493.200000048 31.27039134750001 120.911929616 2.324100000 4.000000000 0.000077440 1.000000000 0.000000000 0.000000000 0.000070560 82.000000000 82.000000000 80.000000000 82.000000000
1750310493.400000095 31.27039073333333 120.911929820 2.320600000 4.000000000 0.000077440 1.000000000 0.000000000 0.000000000 0.000070560 82.000000000 82.000000000 80.000000000 82.000000000
1750310493.599999905 31.270390176999996 120.911930105 2.333800000 4.000000000 0.000086490 1.000000000 0.000000000 0.000000000 0.000082810 82.000000000 82.000000000 80.000000000 82.000000000
1750310493.799999952 31.27038959566667 120.911930450 2.322100000 4.000000000 0.000086490 1.000000000 0.000000000 0.000000000 0.000082810 82.000000000 82.000000000 80.000000000 82.000000000
1750310494.000000000 31.270388970833324 120.911930859 2.326800000 4.000000000 0.000086490 1.000000000 0.000000000 0.000000000 0.000082810 82.000000000 82.000000000 80.000000000 82.000000000
1750310494.200000048 31.27038836183334 120.911931223 2.330100000 4.000000000 0.000088360 1.000000000 0.000000000 0.000000000 0.000082810 80.000000000 79.000000000 78.000000000 78.000000000
1750310494.400000095 31.2703878585 120.911931753 2.343700000 4.000000000 0.000088360 1.000000000 0.000000000 0.000000000 0.000084640 80.000000000 79.000000000 78.000000000 78.000000000
1750310494.599999905 31.270387384833327 120.911932176 2.335800000 4.000000000 0.000082810 1.000000000 0.000000000 0.000000000 0.000081000 80.000000000 79.000000000 78.000000000 78.000000000
1750310494.799999952 31.270386898833337 120.911932780 2.359500000 4.000000000 0.000082810 1.000000000 0.000000000 0.000000000 0.000081000 80.000000000 79.000000000 78.000000000 78.000000000
1750310495.000000000 31.270386400999996 120.911933164 2.358400000 4.000000000 0.000084640 1.000000000 0.000000000 0.000000000 0.000081000 80.000000000 79.000000000 78.000000000 78.000000000
1750310495.200000048 31.270385901833336 120.911933617 2.367600000 4.000000000 0.000082810 1.000000000 0.000000000 0.000000000 0.000081000 76.000000000 75.000000000 76.000000000 74.000000000
1750310495.400000095 31.27038535733334 120.911934021 2.371900000 4.000000000 0.000084640 1.000000000 0.000000000 0.000000000 0.000081000 76.000000000 75.000000000 76.000000000 74.000000000
1750310495.599999905 31.270384800166667 120.911934428 2.376300000 4.000000000 0.000086490 1.000000000 0.000000000 0.000000000 0.000077440 76.000000000 75.000000000 76.000000000 74.000000000
1750310495.799999952 31.270384155333332 120.911934877 2.378600000 4.000000000 0.000086490 1.000000000 0.000000000 0.000000000 0.000077440 76.000000000 75.000000000 76.000000000 74.000000000
1750310496.000000000 31.27038343016666 120.911935114 2.379300000 4.000000000 0.000086490 1.000000000 0.000000000 0.000000000 0.000079210 76.000000000 75.000000000 76.000000000 74.000000000
1750310496.200000048 31.27038271483333 120.911935293 2.371900000 4.000000000 0.000088360 1.000000000 0.000000000 0.000000000 0.000079210 74.000000000 74.000000000 76.000000000 74.000000000
1750310496.400000095 31.27038193883334 120.911935398 2.391300000 4.000000000 0.000088360 1.000000000 0.000000000 0.000000000 0.000079210 74.000000000 74.000000000 76.000000000 74.000000000
1750310496.599999905 31.270381193666665 120.911935317 2.386100000 4.000000000 0.000086490 1.000000000 0.000000000 0.000000000 0.000079210 74.000000000 74.000000000 76.000000000 74.000000000
1750310496.799999952 31.270380515499994 120.911935087 2.379200000 4.000000000 0.000086490 1.000000000 0.000000000 0.000000000 0.000079210 74.000000000 74.000000000 76.000000000 74.000000000
1750310497.000000000 31.27037983933333 120.911934873 2.367100000 4.000000000 0.000086490 1.000000000 0.000000000 0.000000000 0.000079210 74.000000000 74.000000000 76.000000000 74.000000000
1750310497.200000048 31.27037909516666 120.911934657 2.377900000 4.000000000 0.000086490 1.000000000 0.000000000 0.000000000 0.000079210 78.000000000 75.000000000 75.000000000 72.000000000
1750310497.400000095 31.270378372833335 120.911934403 2.382400000 4.000000000 0.000086490 1.000000000 0.000000000 0.000000000 0.000079210 78.000000000 75.000000000 75.000000000 72.000000000
1750310497.599999905 31.270377790499992 120.911934243 2.343500000 4.000000000 0.000082810 1.000000000 0.000000000 0.000000000 0.000073960 78.000000000 75.000000000 75.000000000 72.000000000
1750310497.799999952 31.270377022666665 120.911934196 2.353000000 4.000000000 0.000082810 1.000000000 0.000000000 0.000000000 0.000073960 78.000000000 75.000000000 75.000000000 72.000000000
1750310498.000000000 31.27037628683334 120.911934205 2.355900000 4.000000000 0.000084640 1.000000000 0.000000000 0.000000000 0.000075690 78.000000000 75.000000000 75.000000000 72.000000000
1750310498.200000048 31.270375617666673 120.911934015 2.354800000 4.000000000 0.000084640 1.000000000 0.000000000 0.000000000 0.000075690 74.000000000 75.000000000 77.000000000 76.000000000
1750310498.400000095 31.270374925 120.911933647 2.351400000 4.000000000 0.000086490 1.000000000 0.000000000 0.000000000 0.000077440 74.000000000 75.000000000 77.000000000 76.000000000
1750310498.599999905 31.270374169999997 120.911933514 2.332700000 4.000000000 0.000096040 1.000000000 0.000000000 0.000000000 0.000084640 74.000000000 75.000000000 77.000000000 76.000000000
1750310498.799999952 31.27037352083333 120.911933284 2.326100000 4.000000000 0.000096040 1.000000000 0.000000000 0.000000000 0.000084640 74.000000000 75.000000000 77.000000000 76.000000000
1750310499.000000000 31.270372814333342 120.911932995 2.308100000 4.000000000 0.000096040 1.000000000 0.000000000 0.000000000 0.000086490 74.000000000 75.000000000 77.000000000 76.000000000
1750310499.200000048 31.270372139666662 120.911932774 2.297700000 4.000000000 0.000096040 1.000000000 0.000000000 0.000000000 0.000086490 70.000000000 71.000000000 75.000000000 72.000000000
1750310499.400000095 31.270371321833338 120.911932503 2.296000000 4.000000000 0.000096040 1.000000000 0.000000000 0.000000000 0.000086490 70.000000000 71.000000000 75.000000000 72.000000000
1750310499.599999905 31.270370564000004 120.911932380 2.279900000 4.000000000 0.000114490 1.000000000 0.000000000 0.000000000 0.000090250 70.000000000 71.000000000 75.000000000 72.000000000
1750310499.799999952 31.270369838166673 120.911931955 2.268200000 4.000000000 0.000114490 1.000000000 0.000000000 0.000000000 0.000090250 70.000000000 71.000000000 75.000000000 72.000000000
1750310500.000000000 31.270369197500003 120.911931588 2.262500000 4.000000000 0.000114490 1.000000000 0.000000000 0.000000000 0.000090250 70.000000000 71.000000000 75.000000000 72.000000000
1750310500.200000048 31.27036849816666 120.911931077 2.254500000 4.000000000 0.000114490 1.000000000 0.000000000 0.000000000 0.000090250 65.000000000 68.500000000 75.000000000 72.000000000
1750310500.400000095 31.270367929499997 120.911930540 2.222500000 4.000000000 0.000116640 1.000000000 0.000000000 0.000000000 0.000098010 65.000000000 68.500000000 75.000000000 72.000000000
1750310500.599999905 31.270367159333333 120.911930262 2.219000000 4.000000000 0.000116640 1.000000000 0.000000000 0.000000000 0.000098010 65.000000000 68.500000000 75.000000000 72.000000000
1750310500.799999952 31.27036647716666 120.911930003 2.206400000 4.000000000 0.000118810 1.000000000 0.000000000 0.000000000 0.000098010 65.000000000 68.500000000 75.000000000 72.000000000
1750310501.000000000 31.270365733999995 120.911929698 2.202700000 4.000000000 0.000118810 1.000000000 0.000000000 0.000000000 0.000098010 65.000000000 68.500000000 75.000000000 72.000000000
1750310501.200000048 31.270365002666665 120.911929347 2.192100000 4.000000000 0.000118810 1.000000000 0.000000000 0.000000000 0.000098010 70.000000000 70.000000000 74.000000000 70.000000000
1750310501.400000095 31.270364366833334 120.911928986 2.167000000 4.000000000 0.000116640 1.000000000 0.000000000 0.000000000 0.000098010 70.000000000 70.000000000 74.000000000 70.000000000
1750310501.599999905 31.270363590333332 120.911928593 2.186300000 4.000000000 0.000114490 1.000000000 0.000000000 0.000000000 0.000098010 70.000000000 70.000000000 74.000000000 70.000000000
1750310501.799999952 31.27036287216667 120.911928410 2.186600000 4.000000000 0.000116640 1.000000000 0.000000000 0.000000000 0.000098010 70.000000000 70.000000000 74.000000000 70.000000000
1750310502.000000000 31.27036208300001 120.911928471 2.196800000 4.000000000 0.000116640 1.000000000 0.000000000 0.000000000 0.000098010 70.000000000 70.000000000 74.000000000 70.000000000
1750310502.200000048 31.27036143800001 120.911928838 2.192300000 4.000000000 0.000114490 1.000000000 0.000000000 0.000000000 0.000096040 72.000000000 72.000000000 75.000000000 72.000000000
1750310502.400000095 31.270360670666662 120.911928845 2.182900000 4.000000000 0.000114490 1.000000000 0.000000000 0.000000000 0.000096040 72.000000000 72.000000000 75.000000000 72.000000000
1750310502.599999905 31.27035986 120.911928859 2.177200000 4.000000000 0.000082810 1.000000000 0.000000000 0.000000000 0.000070560 72.000000000 72.000000000 75.000000000 72.000000000
1750310502.799999952 31.27035924116666 120.911929121 2.179500000 4.000000000 0.000082810 1.000000000 0.000000000 0.000000000 0.000070560 72.000000000 72.000000000 75.000000000 72.000000000
1750310503.000000000 31.27035866450001 120.911929557 2.193800000 4.000000000 0.000082810 1.000000000 0.000000000 0.000000000 0.000070560 72.000000000 72.000000000 75.000000000 72.000000000
1750310503.200000048 31.270358187166664 120.911930197 2.182300000 4.000000000 0.000082810 1.000000000 0.000000000 0.000000000 0.000070560 72.000000000 71.000000000 74.000000000 70.000000000
1750310503.400000095 31.270357626666666 120.911930579 2.184000000 4.000000000 0.000082810 1.000000000 0.000000000 0.000000000 0.000070560 72.000000000 71.000000000 74.000000000 70.000000000
1750310503.599999905 31.270356911333337 120.911930821 2.181800000 4.000000000 0.000081000 1.000000000 0.000000000 0.000000000 0.000073960 72.000000000 71.000000000 74.000000000 70.000000000
1750310503.799999952 31.27035611533333 120.911930727 2.196700000 4.000000000 0.000081000 1.000000000 0.000000000 0.000000000 0.000073960 72.000000000 71.000000000 74.000000000 70.000000000
1750310504.000000000 31.270355292333335 120.911930495 2.194600000 4.000000000 0.000081000 1.000000000 0.000000000 0.000000000 0.000073960 72.000000000 71.000000000 74.000000000 70.000000000
1750310504.200000048 31.270354572166667 120.911930313 2.177000000 4.000000000 0.000081000 1.000000000 0.000000000 0.000000000 0.000073960 76.000000000 77.000000000 78.000000000 78.000000000
1750310504.400000095 31.27035391933333 120.911930401 2.173800000 4.000000000 0.000081000 1.000000000 0.000000000 0.000000000 0.000073960 76.000000000 77.000000000 78.000000000 78.000000000
1750310504.599999905 31.270353149 120.911930608 2.171200000 4.000000000 0.000079210 1.000000000 0.000000000 0.000000000 0.000072250 76.000000000 77.000000000 78.000000000 78.000000000
1750310504.799999952 31.270352406166666 120.911930750 2.174900000 4.000000000 0.000079210 1.000000000 0.000000000 0.000000000 0.000072250 76.000000000 77.000000000 78.000000000 78.000000000
1750310505.000000000 31.27035164883334 120.911931033 2.185200000 4.000000000 0.000079210 1.000000000 0.000000000 0.000000000 0.000072250 76.000000000 77.000000000 78.000000000 78.000000000
1750310505.200000048 31.2703509265 120.911931552 2.188600000 4.000000000 0.000079210 1.000000000 0.000000000 0.000000000 0.000072250 78.000000000 78.000000000 78.000000000 78.000000000
1750310505.400000095 31.270350265999994 120.911931616 2.184700000 4.000000000 0.000079210 1.000000000 0.000000000 0.000000000 0.000073960 78.000000000 78.000000000 78.000000000 78.000000000
1750310505.599999905 31.270349553166668 120.911931747 2.186000000 4.000000000 0.000079210 1.000000000 0.000000000 0.000000000 0.000072250 78.000000000 78.000000000 78.000000000 78.000000000
1750310505.799999952 31.270348934499992 120.911932050 2.188200000 4.000000000 0.000079210 1.000000000 0.000000000 0.000000000 0.000073960 78.000000000 78.000000000 78.000000000 78.000000000
1750310506.000000000 31.2703483695 120.911932275 2.176500000 4.000000000 0.000079210 1.000000000 0.000000000 0.000000000 0.000073960 78.000000000 78.000000000 78.000000000 78.000000000
1750310506.200000048 31.27034784683333 120.911932494 2.159000000 4.000000000 0.000077440 1.000000000 0.000000000 0.000000000 0.000073960 80.000000000 79.000000000 78.000000000 78.000000000
1750310506.400000095 31.270347176 120.911932757 2.164800000 4.000000000 0.000077440 1.000000000 0.000000000 0.000000000 0.000073960 80.000000000 79.000000000 78.000000000 78.000000000
1750310506.599999905 31.270346448833337 120.911933075 2.163300000 4.000000000 0.000075690 1.000000000 0.000000000 0.000000000 0.000070560 80.000000000 79.000000000 78.000000000 78.000000000
1750310506.799999952 31.270345718166666 120.911933427 2.174700000 4.000000000 0.000075690 1.000000000 0.000000000 0.000000000 0.000070560 80.000000000 79.000000000 78.000000000 78.000000000
1750310507.000000000 31.270345046166668 120.911933556 2.175400000 4.000000000 0.000075690 1.000000000 0.000000000 0.000000000 0.000070560 80.000000000 79.000000000 78.000000000 78.000000000
1750310507.200000048 31.270344305166674 120.911933726 2.170600000 4.000000000 0.000075690 1.000000000 0.000000000 0.000000000 0.000070560 82.000000000 80.000000000 78.000000000 78.000000000
1750310507.400000095 31.27034365583333 120.911934069 2.170000000 4.000000000 0.000075690 1.000000000 0.000000000 0.000000000 0.000070560 82.000000000 80.000000000 78.000000000 78.000000000
1750310507.599999905 31.270343064333332 120.911934394 2.155600000 4.000000000 0.000075690 1.000000000 0.000000000 0.000000000 0.000070560 82.000000000 80.000000000 78.000000000 78.000000000
1750310507.799999952 31.270342469833338 120.911934809 2.134200000 4.000000000 0.000077440 1.000000000 0.000000000 0.000000000 0.000070560 82.000000000 80.000000000 78.000000000 78.000000000
1750310508.000000000 31.270341833000003 120.911935329 2.149600000 4.000000000 0.000077440 1.000000000 0.000000000 0.000000000 0.000070560 82.000000000 80.000000000 78.000000000 78.000000000
1750310508.200000048 31.270341052999996 120.911935856 2.168900000 4.000000000 0.000075690 1.000000000 0.000000000 0.000000000 0.000070560 80.000000000 78.000000000 77.000000000 76.000000000
1750310508.400000095 31.270340387999994 120.911936015 2.164300000 4.000000000 0.000075690 1.000000000 0.000000000 0.000000000 0.000070560 80.000000000 78.000000000 77.000000000 76.000000000
1750310508.599999905 31.270339685500005 120.911936176 2.170800000 4.000000000 0.000075690 1.000000000 0.000000000 0.000000000 0.000068890 80.000000000 78.000000000 77.000000000 76.000000000
1750310508.799999952 31.270339057 120.911936387 2.154100000 4.000000000 0.000075690 1.000000000 0.000000000 0.000000000 0.000068890 80.000000000 78.000000000 77.000000000 76.000000000
1750310509.000000000 31.27033912350001 120.911936367 2.141200000 4.000000000 0.000075690 1.000000000 0.000000000 0.000000000 0.000068890 80.000000000 78.000000000 77.000000000 76.000000000
1750310509.200000048 31.270339117666666 120.911936384 2.142500000 4.000000000 0.000075690 1.000000000 0.000000000 0.000000000 0.000068890 78.000000000 77.000000000 77.000000000 76.000000000
1750310509.400000095 31.2703390865 120.911936383 2.142800000 4.000000000 0.000075690 1.000000000 0.000000000 0.000000000 0.000068890 78.000000000 77.000000000 77.000000000 76.000000000
1750310509.599999905 31.27033906183334 120.911936361 2.145900000 4.000000000 0.000081000 1.000000000 0.000000000 0.000000000 0.000072250 78.000000000 77.000000000 77.000000000 76.000000000
1750310509.799999952 31.270339010499995 120.911936300 2.135600000 4.000000000 0.000081000 1.000000000 0.000000000 0.000000000 0.000072250 78.000000000 77.000000000 77.000000000 76.000000000
1750310510.000000000 31.270338879166673 120.911936014 2.133000000 4.000000000 0.000081000 1.000000000 0.000000000 0.000000000 0.000072250 78.000000000 77.000000000 77.000000000 76.000000000
1750310510.200000048 31.2703387425 120.911935691 2.120800000 4.000000000 0.000079210 1.000000000 0.000000000 0.000000000 0.000072250 87.000000000 83.500000000 79.000000000 80.000000000
1750310510.400000095 31.270338565666663 120.911935430 2.120000000 4.000000000 0.000081000 1.000000000 0.000000000 0.000000000 0.000072250 87.000000000 83.500000000 79.000000000 80.000000000
1750310510.599999905 31.270338419833337 120.911935246 2.127200000 4.000000000 0.000075690 1.000000000 0.000000000 0.000000000 0.000070560 87.000000000 83.500000000 79.000000000 80.000000000
1750310510.799999952 31.27033820333334 120.911934995 2.131200000 4.000000000 0.000077440 1.000000000 0.000000000 0.000000000 0.000072250 87.000000000 83.500000000 79.000000000 80.000000000
1750310511.000000000 31.270337958833338 120.911934809 2.115300000 4.000000000 0.000077440 1.000000000 0.000000000 0.000000000 0.000070560 87.000000000 83.500000000 79.000000000 80.000000000
1750310511.200000048 31.27033775166666 120.911934687 2.118900000 4.000000000 0.000077440 1.000000000 0.000000000 0.000000000 0.000070560 76.000000000 75.000000000 76.000000000 74.000000000
1750310511.400000095 31.270337543833335 120.911934587 2.119600000 4.000000000 0.000077440 1.000000000 0.000000000 0.000000000 0.000070560 76.000000000 75.000000000 76.000000000 74.000000000
1750310511.599999905 31.270337299999994 120.911934570 2.115800000 4.000000000 0.000086490 1.000000000 0.000000000 0.000000000 0.000077440 76.000000000 75.000000000 76.000000000 74.000000000
1750310511.799999952 31.270337182666665 120.911934566 2.119400000 4.000000000 0.000086490 1.000000000 0.000000000 0.000000000 0.000077440 76.000000000 75.000000000 76.000000000 74.000000000
1750310512.000000000 31.27033675366667 120.911934600 2.123500000 4.000000000 0.000086490 1.000000000 0.000000000 0.000000000 0.000077440 76.000000000 75.000000000 76.000000000 74.000000000
1750310512.200000048 31.270336426 120.911934444 2.106700000 4.000000000 0.000084640 1.000000000 0.000000000 0.000000000 0.000077440 78.000000000 75.000000000 75.000000000 72.000000000
1750310512.400000095 31.270336178333338 120.911934561 2.108300000 4.000000000 0.000084640 1.000000000 0.000000000 0.000000000 0.000077440 78.000000000 75.000000000 75.000000000 72.000000000
1750310512.599999905 31.2703359005 120.911934577 2.110800000 4.000000000 0.000081000 1.000000000 0.000000000 0.000000000 0.000073960 78.000000000 75.000000000 75.000000000 72.000000000
1750310512.799999952 31.270335821833328 120.911934554 2.095400000 4.000000000 0.000082810 1.000000000 0.000000000 0.000000000 0.000073960 78.000000000 75.000000000 75.000000000 72.000000000
1750310513.000000000 31.270335850833334 120.911934595 2.107300000 4.000000000 0.000082810 1.000000000 0.000000000 0.000000000 0.000073960 78.000000000 75.000000000 75.000000000 72.000000000
1750310513.200000048 31.270335875833325 120.911934635 2.107400000 4.000000000 0.000082810 1.000000000 0.000000000 0.000000000 0.000073960 72.000000000 71.000000000 74.000000000 70.000000000
1750310513.400000095 31.270335972166663 120.911934993 2.113400000 4.000000000 0.000082810 1.000000000 0.000000000 0.000000000 0.000075690 72.000000000 71.000000000 74.000000000 70.000000000
1750310513.599999905 31.27033587933333 120.911935614 2.126300000 4.000000000 0.000098010 1.000000000 0.000000000 0.000000000 0.000090250 72.000000000 71.000000000 74.000000000 70.000000000
1750310513.799999952 31.270335961499995 120.911936428 2.130700000 4.000000000 0.000098010 1.000000000 0.000000000 0.000000000 0.000090250 72.000000000 71.000000000 74.000000000 70.000000000
1750310514.000000000 31.27033602516667 120.911937184 2.140700000 4.000000000 0.000098010 1.000000000 0.000000000 0.000000000 0.000090250 72.000000000 71.000000000 74.000000000 70.000000000
1750310514.200000048 31.270336221333338 120.911937869 2.159500000 4.000000000 0.000098010 1.000000000 0.000000000 0.000000000 0.000090250 72.000000000 71.000000000 74.000000000 70.000000000
1750310514.400000095 31.270336477166666 120.911938472 2.170200000 4.000000000 0.000098010 1.000000000 0.000000000 0.000000000 0.000090250 72.000000000 71.000000000 74.000000000 70.000000000
1750310514.599999905 31.27033667149999 120.911939192 2.167100000 4.000000000 0.000110250 1.000000000 0.000000000 0.000000000 0.000098010 72.000000000 71.000000000 74.000000000 70.000000000
1750310514.799999952 31.270336962000002 120.911939886 2.174400000 4.000000000 0.000110250 1.000000000 0.000000000 0.000000000 0.000098010 72.000000000 71.000000000 74.000000000 70.000000000
1750310515.000000000 31.270337249833332 120.911940528 2.182600000 4.000000000 0.000112360 1.000000000 0.000000000 0.000000000 0.000098010 72.000000000 71.000000000 74.000000000 70.000000000
1750310515.200000048 31.27033753683334 120.911941155 2.196100000 4.000000000 0.000112360 1.000000000 0.000000000 0.000000000 0.000098010 70.000000000 69.000000000 73.000000000 68.000000000
1750310515.400000095 31.27033779 120.911941936 2.208300000 4.000000000 0.000112360 1.000000000 0.000000000 0.000000000 0.000098010 70.000000000 69.000000000 73.000000000 68.000000000
1750310515.599999905 31.270338016500006 120.911942680 2.222700000 4.000000000 0.000114490 1.000000000 0.000000000 0.000000000 0.000098010 70.000000000 69.000000000 73.000000000 68.000000000
1750310515.799999952 31.270338392 120.911943218 2.231300000 4.000000000 0.000114490 1.000000000 0.000000000 0.000000000 0.000098010 70.000000000 69.000000000 73.000000000 68.000000000
1750310516.000000000 31.27033873916666 120.911943779 2.252000000 4.000000000 0.000114490 1.000000000 0.000000000 0.000000000 0.000098010 70.000000000 69.000000000 73.000000000 68.000000000
1750310516.200000048 31.270339176999997 120.911944414 2.252600000 4.000000000 0.000114490 1.000000000 0.000000000 0.000000000 0.000098010 70.000000000 69.000000000 73.000000000 68.000000000
1750310516.400000095 31.2703395825 120.911944987 2.262400000 4.000000000 0.000129960 1.000000000 0.000000000 0.000000000 0.000102010 70.000000000 69.000000000 73.000000000 68.000000000
1750310516.599999905 31.270339974166674 120.911945639 2.279200000 4.000000000 0.000129960 1.000000000 0.000000000 0.000000000 0.000102010 70.000000000 69.000000000 73.000000000 68.000000000
1750310516.799999952 31.270340303833336 120.911946356 2.291900000 4.000000000 0.000129960 1.000000000 0.000000000 0.000000000 0.000102010 70.000000000 69.000000000 73.000000000 68.000000000
1750310517.000000000 31.270340460166665 120.911947089 2.292000000 4.000000000 0.000129960 1.000000000 0.000000000 0.000000000 0.000102010 70.000000000 69.000000000 73.000000000 68.000000000
1750310517.200000048 31.270340556500003 120.911947869 2.292300000 4.000000000 0.000127690 1.000000000 0.000000000 0.000000000 0.000100000 68.000000000 68.000000000 73.000000000 68.000000000
1750310517.400000095 31.270340589166665 120.911948695 2.305900000 4.000000000 0.000127690 1.000000000 0.000000000 0.000000000 0.000100000 68.000000000 68.000000000 73.000000000 68.000000000
1750310517.599999905 31.270340657666665 120.911949453 2.338000000 4.000000000 0.000098010 1.000000000 0.000000000 0.000000000 0.000077440 68.000000000 68.000000000 73.000000000 68.000000000
1750310517.799999952 31.270340839 120.911950139 2.342600000 4.000000000 0.000098010 1.000000000 0.000000000 0.000000000 0.000077440 68.000000000 68.000000000 73.000000000 68.000000000
1750310518.000000000 31.27034097533334 120.911950889 2.364300000 4.000000000 0.000098010 1.000000000 0.000000000 0.000000000 0.000077440 68.000000000 68.000000000 73.000000000 68.000000000
1750310518.200000048 31.270341129499997 120.911951586 2.379200000 4.000000000 0.000098010 1.000000000 0.000000000 0.000000000 0.000077440 70.000000000 71.000000000 75.000000000 72.000000000
1750310518.400000095 31.270341235000004 120.911952317 2.389300000 4.000000000 0.000098010 1.000000000 0.000000000 0.000000000 0.000077440 70.000000000 71.000000000 75.000000000 72.000000000
1750310518.599999905 31.270341424666668 120.911953127 2.393800000 4.000000000 0.000081000 1.000000000 0.000000000 0.000000000 0.000070560 70.000000000 71.000000000 75.000000000 72.000000000
1750310518.799999952 31.270341630000004 120.911953859 2.407600000 4.000000000 0.000081000 1.000000000 0.000000000 0.000000000 0.000070560 70.000000000 71.000000000 75.000000000 72.000000000
1750310519.000000000 31.270341823500004 120.911954542 2.406800000 4.000000000 0.000081000 1.000000000 0.000000000 0.000000000 0.000070560 70.000000000 71.000000000 75.000000000 72.000000000
1750310519.200000048 31.27034205616667 120.911955337 2.433200000 4.000000000 0.000081000 1.000000000 0.000000000 0.000000000 0.000070560 76.000000000 73.000000000 74.000000000 70.000000000
1750310519.400000095 31.27034229666667 120.911956030 2.440200000 4.000000000 0.000081000 1.000000000 0.000000000 0.000000000 0.000070560 76.000000000 73.000000000 74.000000000 70.000000000
1750310519.599999905 31.27034252316666 120.911956625 2.456600000 4.000000000 0.000073960 1.000000000 0.000000000 0.000000000 0.000067240 76.000000000 73.000000000 74.000000000 70.000000000
1750310519.799999952 31.270342900166668 120.911957238 2.462400000 4.000000000 0.000073960 1.000000000 0.000000000 0.000000000 0.000067240 76.000000000 73.000000000 74.000000000 70.000000000
1750310520.000000000 31.27034310366666 120.911957885 2.464800000 4.000000000 0.000075690 1.000000000 0.000000000 0.000000000 0.000067240 76.000000000 73.000000000 74.000000000 70.000000000
1750310520.200000048 31.27034323699999 120.911958677 2.473900000 4.000000000 0.000075690 1.000000000 0.000000000 0.000000000 0.000068890 76.000000000 75.000000000 76.000000000 74.000000000
1750310520.400000095 31.270343349666675 120.911959411 2.485500000 4.000000000 0.000075690 1.000000000 0.000000000 0.000000000 0.000068890 76.000000000 75.000000000 76.000000000 74.000000000
1750310520.599999905 31.27034342383334 120.911960192 2.486100000 4.000000000 0.000075690 1.000000000 0.000000000 0.000000000 0.000070560 76.000000000 75.000000000 76.000000000 74.000000000
1750310520.799999952 31.2703435895 120.911960928 2.500100000 4.000000000 0.000075690 1.000000000 0.000000000 0.000000000 0.000070560 76.000000000 75.000000000 76.000000000 74.000000000
1750310521.000000000 31.27034371383334 120.911961648 2.515900000 4.000000000 0.000075690 1.000000000 0.000000000 0.000000000 0.000070560 76.000000000 75.000000000 76.000000000 74.000000000
1750310521.200000048 31.2703438235 120.911962446 2.526000000 4.000000000 0.000075690 1.000000000 0.000000000 0.000000000 0.000070560 78.000000000 76.000000000 76.000000000 74.000000000
1750310521.400000095 31.270343928166668 120.911963215 2.537700000 4.000000000 0.000075690 1.000000000 0.000000000 0.000000000 0.000070560 78.000000000 76.000000000 76.000000000 74.000000000
1750310521.599999905 31.270344100333332 120.911963846 2.534300000 4.000000000 0.000072250 1.000000000 0.000000000 0.000000000 0.000068890 78.000000000 76.000000000 76.000000000 74.000000000
1750310521.799999952 31.27034445833334 120.911964517 2.542100000 4.000000000 0.000072250 1.000000000 0.000000000 0.000000000 0.000068890 78.000000000 76.000000000 76.000000000 74.000000000
1750310522.000000000 31.270344801166672 120.911965151 2.553500000 4.000000000 0.000072250 1.000000000 0.000000000 0.000000000 0.000068890 78.000000000 76.000000000 76.000000000 74.000000000
1750310522.200000048 31.270345185333326 120.911965892 2.560600000 4.000000000 0.000070560 1.000000000 0.000000000 0.000000000 0.000068890 80.000000000 77.000000000 76.000000000 74.000000000
1750310522.400000095 31.27034529966666 120.911966740 2.566900000 4.000000000 0.000070560 1.000000000 0.000000000 0.000000000 0.000068890 80.000000000 77.000000000 76.000000000 74.000000000
1750310522.599999905 31.2703454345 120.911967589 2.593700000 4.000000000 0.000067240 1.000000000 0.000000000 0.000000000 0.000065610 80.000000000 77.000000000 76.000000000 74.000000000
1750310522.799999952 31.270345531333334 120.911968403 2.597300000 4.000000000 0.000068890 1.000000000 0.000000000 0.000000000 0.000065610 80.000000000 77.000000000 76.000000000 74.000000000
1750310523.000000000 31.27034564883334 120.911969172 2.611200000 4.000000000 0.000068890 1.000000000 0.000000000 0.000000000 0.000065610 80.000000000 77.000000000 76.000000000 74.000000000
1750310523.200000048 31.270345786500002 120.911969926 2.611700000 4.000000000 0.000068890 1.000000000 0.000000000 0.000000000 0.000067240 82.000000000 80.000000000 78.000000000 78.000000000
1750310523.400000095 31.2703458995 120.911970638 2.619000000 4.000000000 0.000068890 1.000000000 0.000000000 0.000000000 0.000067240 82.000000000 80.000000000 78.000000000 78.000000000
1750310523.599999905 31.270346051666664 120.911971345 2.627200000 4.000000000 0.000072250 1.000000000 0.000000000 0.000000000 0.000067240 82.000000000 80.000000000 78.000000000 78.000000000
1750310523.799999952 31.270346168999993 120.911972152 2.629800000 4.000000000 0.000072250 1.000000000 0.000000000 0.000000000 0.000067240 82.000000000 80.000000000 78.000000000 78.000000000
1750310524.000000000 31.27034631250001 120.911972967 2.633600000 4.000000000 0.000072250 1.000000000 0.000000000 0.000000000 0.000067240 82.000000000 80.000000000 78.000000000 78.000000000
1750310524.200000048 31.270346441 120.911973747 2.647300000 4.000000000 0.000070560 1.000000000 0.000000000 0.000000000 0.000067240 80.000000000 78.000000000 77.000000000 76.000000000
1750310524.400000095 31.270346628500008 120.911974588 2.650100000 4.000000000 0.000070560 1.000000000 0.000000000 0.000000000 0.000067240 80.000000000 78.000000000 77.000000000 76.000000000
1750310524.599999905 31.270346770333333 120.911975228 2.675700000 4.000000000 0.000068890 1.000000000 0.000000000 0.000000000 0.000064000 80.000000000 78.000000000 77.000000000 76.000000000
1750310524.799999952 31.27034694566666 120.911976060 2.688700000 4.000000000 0.000068890 1.000000000 0.000000000 0.000000000 0.000064000 80.000000000 78.000000000 77.000000000 76.000000000
1750310525.000000000 31.27034710316667 120.911976854 2.689100000 4.000000000 0.000068890 1.000000000 0.000000000 0.000000000 0.000064000 80.000000000 78.000000000 77.000000000 76.000000000
1750310525.200000048 31.270347270333332 120.911977536 2.700000000 4.000000000 0.000068890 1.000000000 0.000000000 0.000000000 0.000065610 82.000000000 80.000000000 78.000000000 78.000000000
1750310525.400000095 31.270347459999996 120.911978222 2.703300000 4.000000000 0.000068890 1.000000000 0.000000000 0.000000000 0.000065610 82.000000000 80.000000000 78.000000000 78.000000000
1750310525.599999905 31.270347657000002 120.911978895 2.715400000 4.000000000 0.000065610 1.000000000 0.000000000 0.000000000 0.000060840 82.000000000 80.000000000 78.000000000 78.000000000
1750310525.799999952 31.270347928000007 120.911979690 2.726600000 4.000000000 0.000065610 1.000000000 0.000000000 0.000000000 0.000060840 82.000000000 80.000000000 78.000000000 78.000000000
1750310526.000000000 31.270348190999997 120.911980447 2.739800000 4.000000000 0.000065610 1.000000000 0.000000000 0.000000000 0.000060840 82.000000000 80.000000000 78.000000000 78.000000000
1750310526.200000048 31.270348464833333 120.911981134 2.750000000 4.000000000 0.000065610 1.000000000 0.000000000 0.000000000 0.000060840 85.000000000 82.500000000 79.000000000 80.000000000
1750310526.400000095 31.27034885533334 120.911981837 2.753600000 4.000000000 0.000065610 1.000000000 0.000000000 0.000000000 0.000060840 85.000000000 82.500000000 79.000000000 80.000000000
1750310526.599999905 31.270349134666674 120.911982560 2.767900000 4.000000000 0.000065610 1.000000000 0.000000000 0.000000000 0.000064000 85.000000000 82.500000000 79.000000000 80.000000000
1750310526.799999952 31.27034953750001 120.911983211 2.769700000 4.000000000 0.000065610 1.000000000 0.000000000 0.000000000 0.000064000 85.000000000 82.500000000 79.000000000 80.000000000
1750310527.000000000 31.270349785000008 120.911984041 2.788000000 4.000000000 0.000065610 1.000000000 0.000000000 0.000000000 0.000064000 85.000000000 82.500000000 79.000000000 80.000000000
1750310527.200000048 31.270349931666672 120.911984819 2.790300000 4.000000000 0.000067240 1.000000000 0.000000000 0.000000000 0.000064000 85.000000000 82.500000000 79.000000000 80.000000000
1750310527.400000095 31.27035005083333 120.911985624 2.794100000 4.000000000 0.000067240 1.000000000 0.000000000 0.000000000 0.000064000 85.000000000 82.500000000 79.000000000 80.000000000
1750310527.599999905 31.270350224166663 120.911986420 2.813500000 4.000000000 0.000062410 1.000000000 0.000000000 0.000000000 0.000064000 85.000000000 82.500000000 79.000000000 80.000000000
1750310527.799999952 31.270350414333336 120.911987167 2.810900000 4.000000000 0.000062410 1.000000000 0.000000000 0.000000000 0.000064000 85.000000000 82.500000000 79.000000000 80.000000000
1750310528.000000000 31.270350527666665 120.911987949 2.824400000 4.000000000 0.000062410 1.000000000 0.000000000 0.000000000 0.000064000 85.000000000 82.500000000 79.000000000 80.000000000
1750310528.200000048 31.27035072216667 120.911988678 2.825100000 4.000000000 0.000062410 1.000000000 0.000000000 0.000000000 0.000064000 82.000000000 80.000000000 78.000000000 78.000000000
1750310528.400000095 31.270350912833337 120.911989487 2.836300000 4.000000000 0.000064000 1.000000000 0.000000000 0.000000000 0.000064000 82.000000000 80.000000000 78.000000000 78.000000000
1750310528.599999905 31.270351105499998 120.911990177 2.821300000 4.000000000 0.000064000 1.000000000 0.000000000 0.000000000 0.000064000 82.000000000 80.000000000 78.000000000 78.000000000
1750310528.799999952 31.27035127900001 120.911991001 2.836600000 4.000000000 0.000065610 1.000000000 0.000000000 0.000000000 0.000064000 82.000000000 80.000000000 78.000000000 78.000000000
1750310529.000000000 31.270351514166663 120.911991753 2.838700000 4.000000000 0.000065610 1.000000000 0.000000000 0.000000000 0.000064000 82.000000000 80.000000000 78.000000000 78.000000000
1750310529.200000048 31.270351727000005 120.911992474 2.845500000 4.000000000 0.000065610 1.000000000 0.000000000 0.000000000 0.000065610 76.000000000 75.000000000 76.000000000 74.000000000
1750310529.400000095 31.27035192833334 120.911993234 2.847600000 4.000000000 0.000065610 1.000000000 0.000000000 0.000000000 0.000064000 76.000000000 75.000000000 76.000000000 74.000000000
1750310529.599999905 31.270352262000003 120.911994027 2.852300000 4.000000000 0.000077440 1.000000000 0.000000000 0.000000000 0.000075690 76.000000000 75.000000000 76.000000000 74.000000000
1750310529.799999952 31.270352637166667 120.911994722 2.861800000 4.000000000 0.000077440 1.000000000 0.000000000 0.000000000 0.000075690 76.000000000 75.000000000 76.000000000 74.000000000
1750310530.000000000 31.270352954499998 120.911995372 2.869900000 4.000000000 0.000077440 1.000000000 0.000000000 0.000000000 0.000075690 76.000000000 75.000000000 76.000000000 74.000000000
1750310530.200000048 31.270353251499998 120.911996117 2.866900000 4.000000000 0.000075690 1.000000000 0.000000000 0.000000000 0.000075690 80.000000000 78.000000000 77.000000000 76.000000000
1750310530.400000095 31.27035351016667 120.911996898 2.866400000 4.000000000 0.000075690 1.000000000 0.000000000 0.000000000 0.000075690 80.000000000 78.000000000 77.000000000 76.000000000
1750310530.599999905 31.27035356483333 120.911997709 2.872800000 4.000000000 0.000065610 1.000000000 0.000000000 0.000000000 0.000064000 80.000000000 78.000000000 77.000000000 76.000000000
1750310530.799999952 31.27035362783333 120.911998589 2.874600000 4.000000000 0.000065610 1.000000000 0.000000000 0.000000000 0.000064000 80.000000000 78.000000000 77.000000000 76.000000000
1750310531.000000000 31.27035366983334 120.911999347 2.870700000 4.000000000 0.000065610 1.000000000 0.000000000 0.000000000 0.000064000 80.000000000 78.000000000 77.000000000 76.000000000
1750310531.200000048 31.270353723166664 120.912000143 2.874100000 4.000000000 0.000067240 1.000000000 0.000000000 0.000000000 0.000064000 80.000000000 80.000000000 79.000000000 80.000000000
1750310531.400000095 31.270353768999996 120.912001027 2.877400000 4.000000000 0.000067240 1.000000000 0.000000000 0.000000000 0.000064000 80.000000000 80.000000000 79.000000000 80.000000000
1750310531.599999905 31.270353820833336 120.912001919 2.887900000 4.000000000 0.000070560 1.000000000 0.000000000 0.000000000 0.000067240 80.000000000 80.000000000 79.000000000 80.000000000
1750310531.799999952 31.270353683500005 120.912002753 2.877400000 4.000000000 0.000070560 1.000000000 0.000000000 0.000000000 0.000067240 80.000000000 80.000000000 79.000000000 80.000000000
1750310532.000000000 31.270353736333334 120.912003564 2.880200000 4.000000000 0.000070560 1.000000000 0.000000000 0.000000000 0.000067240 80.000000000 80.000000000 79.000000000 80.000000000
1750310532.200000048 31.270353936333322 120.912004397 2.882100000 4.000000000 0.000070560 1.000000000 0.000000000 0.000000000 0.000067240 80.000000000 80.000000000 79.000000000 80.000000000
1750310532.400000095 31.27035411916667 120.912005261 2.888800000 4.000000000 0.000072250 1.000000000 0.000000000 0.000000000 0.000067240 80.000000000 80.000000000 79.000000000 80.000000000
1750310532.599999905 31.270354378833332 120.912006032 2.885100000 4.000000000 0.000073960 1.000000000 0.000000000 0.000000000 0.000068890 80.000000000 80.000000000 79.000000000 80.000000000
1750310532.799999952 31.270354601333338 120.912006828 2.883200000 4.000000000 0.000073960 1.000000000 0.000000000 0.000000000 0.000070560 80.000000000 80.000000000 79.000000000 80.000000000
1750310533.000000000 31.270354801333326 120.912007594 2.880400000 4.000000000 0.000073960 1.000000000 0.000000000 0.000000000 0.000070560 80.000000000 80.000000000 79.000000000 80.000000000
1750310533.200000048 31.270354984166673 120.912008390 2.884000000 4.000000000 0.000073960 1.000000000 0.000000000 0.000000000 0.000070560 74.000000000 74.000000000 76.000000000 74.000000000
1750310533.400000095 31.270355413000004 120.912009064 2.888000000 4.000000000 0.000073960 1.000000000 0.000000000 0.000000000 0.000070560 74.000000000 74.000000000 76.000000000 74.000000000
1750310533.599999905 31.270355675666664 120.912009858 2.908800000 4.000000000 0.000088360 1.000000000 0.000000000 0.000000000 0.000086490 74.000000000 74.000000000 76.000000000 74.000000000
1750310533.799999952 31.270355943666658 120.912010611 2.906100000 4.000000000 0.000088360 1.000000000 0.000000000 0.000000000 0.000086490 74.000000000 74.000000000 76.000000000 74.000000000
1750310534.000000000 31.27035608366667 120.912011364 2.909000000 4.000000000 0.000088360 1.000000000 0.000000000 0.000000000 0.000086490 74.000000000 74.000000000 76.000000000 74.000000000
1750310534.200000048 31.27035620533333 120.912012113 2.918100000 4.000000000 0.000088360 1.000000000 0.000000000 0.000000000 0.000088360 73.000000000 75.500000000 77.000000000 78.000000000
1750310534.400000095 31.270356260499995 120.912012900 2.916600000 4.000000000 0.000088360 1.000000000 0.000000000 0.000000000 0.000088360 73.000000000 75.500000000 77.000000000 78.000000000
1750310534.599999905 31.27035633366667 120.912013663 2.924600000 4.000000000 0.000092160 1.000000000 0.000000000 0.000000000 0.000098010 73.000000000 75.500000000 77.000000000 78.000000000
1750310534.799999952 31.27035644766667 120.912014501 2.931600000 4.000000000 0.000092160 1.000000000 0.000000000 0.000000000 0.000098010 73.000000000 75.500000000 77.000000000 78.000000000
1750310535.000000000 31.270356612833325 120.912015273 2.928200000 4.000000000 0.000092160 1.000000000 0.000000000 0.000000000 0.000098010 73.000000000 75.500000000 77.000000000 78.000000000
1750310535.200000048 31.27035679433334 120.912016081 2.943200000 4.000000000 0.000092160 1.000000000 0.000000000 0.000000000 0.000100000 72.000000000 75.000000000 78.000000000 78.000000000
1750310535.400000095 31.270356955500006 120.912016874 2.953300000 4.000000000 0.000092160 1.000000000 0.000000000 0.000000000 0.000100000 72.000000000 75.000000000 78.000000000 78.000000000
1750310535.599999905 31.27035716383334 120.912017600 2.938400000 4.000000000 0.000100000 1.000000000 0.000000000 0.000000000 0.000112360 72.000000000 75.000000000 78.000000000 78.000000000
1750310535.799999952 31.27035733933333 120.912018359 2.938000000 4.000000000 0.000100000 1.000000000 0.000000000 0.000000000 0.000112360 72.000000000 75.000000000 78.000000000 78.000000000
1750310536.000000000 31.2703575365 120.912019153 2.935900000 4.000000000 0.000100000 1.000000000 0.000000000 0.000000000 0.000112360 72.000000000 75.000000000 78.000000000 78.000000000
1750310536.200000048 31.270357788666672 120.912019988 2.942100000 4.000000000 0.000100000 1.000000000 0.000000000 0.000000000 0.000112360 74.000000000 74.000000000 76.000000000 74.000000000
1750310536.400000095 31.27035799266666 120.912020764 2.951600000 4.000000000 0.000100000 1.000000000 0.000000000 0.000000000 0.000112360 74.000000000 74.000000000 76.000000000 74.000000000
1750310536.599999905 31.270358151833335 120.912021619 2.967200000 4.000000000 0.000102010 1.000000000 0.000000000 0.000000000 0.000114490 74.000000000 74.000000000 76.000000000 74.000000000
1750310536.799999952 31.27035835533333 120.912022409 2.966900000 4.000000000 0.000102010 1.000000000 0.000000000 0.000000000 0.000112360 74.000000000 74.000000000 76.000000000 74.000000000
1750310537.000000000 31.270358590166666 120.912023189 2.966700000 4.000000000 0.000102010 1.000000000 0.000000000 0.000000000 0.000112360 74.000000000 74.000000000 76.000000000 74.000000000
1750310537.200000048 31.270358791333337 120.912023931 2.970600000 4.000000000 0.000102010 1.000000000 0.000000000 0.000000000 0.000112360 74.000000000 76.000000000 78.000000000 78.000000000
1750310537.400000095 31.27035904266667 120.912024725 2.979500000 4.000000000 0.000102010 1.000000000 0.000000000 0.000000000 0.000114490 74.000000000 76.000000000 78.000000000 78.000000000
1750310537.599999905 31.270359311333323 120.912025480 2.971900000 4.000000000 0.000075690 1.000000000 0.000000000 0.000000000 0.000092160 74.000000000 76.000000000 78.000000000 78.000000000
1750310537.799999952 31.270359543333328 120.912026215 2.968300000 4.000000000 0.000075690 1.000000000 0.000000000 0.000000000 0.000092160 74.000000000 76.000000000 78.000000000 78.000000000
1750310538.000000000 31.270359802166666 120.912026970 2.961700000 4.000000000 0.000075690 1.000000000 0.000000000 0.000000000 0.000092160 74.000000000 76.000000000 78.000000000 78.000000000
1750310538.200000048 31.27036007866667 120.912027705 2.968500000 4.000000000 0.000075690 1.000000000 0.000000000 0.000000000 0.000090250 76.000000000 76.000000000 77.000000000 76.000000000
1750310538.400000095 31.2703602255 120.912028500 2.964300000 4.000000000 0.000075690 1.000000000 0.000000000 0.000000000 0.000090250 76.000000000 76.000000000 77.000000000 76.000000000
1750310538.599999905 31.270360318 120.912029350 2.964100000 4.000000000 0.000073960 1.000000000 0.000000000 0.000000000 0.000088360 76.000000000 76.000000000 77.000000000 76.000000000
1750310538.799999952 31.270360455000002 120.912030118 2.962600000 4.000000000 0.000073960 1.000000000 0.000000000 0.000000000 0.000088360 76.000000000 76.000000000 77.000000000 76.000000000
1750310539.000000000 31.270360585333336 120.912030874 2.960900000 4.000000000 0.000073960 1.000000000 0.000000000 0.000000000 0.000088360 76.000000000 76.000000000 77.000000000 76.000000000
1750310539.200000048 31.270360791166667 120.912031654 2.964300000 4.000000000 0.000073960 1.000000000 0.000000000 0.000000000 0.000088360 76.000000000 78.000000000 79.000000000 80.000000000
1750310539.400000095 31.270360950333327 120.912032494 2.965100000 4.000000000 0.000073960 1.000000000 0.000000000 0.000000000 0.000088360 76.000000000 78.000000000 79.000000000 80.000000000
1750310539.599999905 31.27036105566667 120.912033253 2.962200000 4.000000000 0.000072250 1.000000000 0.000000000 0.000000000 0.000088360 76.000000000 78.000000000 79.000000000 80.000000000
1750310539.799999952 31.270361188500004 120.912034106 2.963600000 4.000000000 0.000072250 1.000000000 0.000000000 0.000000000 0.000088360 76.000000000 78.000000000 79.000000000 80.000000000
1750310540.000000000 31.270361235333326 120.912034934 2.960300000 4.000000000 0.000072250 1.000000000 0.000000000 0.000000000 0.000088360 76.000000000 78.000000000 79.000000000 80.000000000
1750310540.200000048 31.270361327999993 120.912035686 2.958200000 4.000000000 0.000072250 1.000000000 0.000000000 0.000000000 0.000086490 82.000000000 82.000000000 79.000000000 82.000000000
1750310540.400000095 31.27036137016667 120.912036489 2.958400000 4.000000000 0.000072250 1.000000000 0.000000000 0.000000000 0.000086490 82.000000000 82.000000000 79.000000000 82.000000000
1750310540.599999905 31.270361403833334 120.912037273 2.968600000 4.000000000 0.000072250 1.000000000 0.000000000 0.000000000 0.000082810 82.000000000 82.000000000 79.000000000 82.000000000
1750310540.799999952 31.270361423333327 120.912038105 2.958900000 4.000000000 0.000072250 1.000000000 0.000000000 0.000000000 0.000082810 82.000000000 82.000000000 79.000000000 82.000000000
1750310541.000000000 31.2703615975 120.912038903 2.971000000 4.000000000 0.000072250 1.000000000 0.000000000 0.000000000 0.000082810 82.000000000 82.000000000 79.000000000 82.000000000
1750310541.200000048 31.27036174866666 120.912039709 2.966100000 4.000000000 0.000073960 1.000000000 0.000000000 0.000000000 0.000082810 86.000000000 86.000000000 81.000000000 86.000000000
1750310541.400000095 31.270361873499994 120.912040569 2.974100000 4.000000000 0.000073960 1.000000000 0.000000000 0.000000000 0.000082810 86.000000000 86.000000000 81.000000000 86.000000000
1750310541.599999905 31.270362163166666 120.912041407 2.989300000 4.000000000 0.000068890 1.000000000 0.000000000 0.000000000 0.000067240 86.000000000 86.000000000 81.000000000 86.000000000
1750310541.799999952 31.27036234816667 120.912042175 2.991500000 4.000000000 0.000068890 1.000000000 0.000000000 0.000000000 0.000067240 86.000000000 86.000000000 81.000000000 86.000000000
1750310542.000000000 31.27036236283334 120.912043065 2.990600000 4.000000000 0.000068890 1.000000000 0.000000000 0.000000000 0.000067240 86.000000000 86.000000000 81.000000000 86.000000000
1750310542.200000048 31.270362473999995 120.912043891 2.989000000 4.000000000 0.000068890 1.000000000 0.000000000 0.000000000 0.000067240 87.000000000 86.000000000 81.000000000 85.000000000
1750310542.400000095 31.270362770666665 120.912044646 2.990100000 4.000000000 0.000068890 1.000000000 0.000000000 0.000000000 0.000067240 87.000000000 86.000000000 81.000000000 85.000000000
1750310542.599999905 31.27036313133334 120.912045270 2.992300000 4.000000000 0.000062410 1.000000000 0.000000000 0.000000000 0.000056250 87.000000000 86.000000000 81.000000000 85.000000000
1750310542.799999952 31.270363646666667 120.912045947 2.991900000 4.000000000 0.000062410 1.000000000 0.000000000 0.000000000 0.000056250 87.000000000 86.000000000 81.000000000 85.000000000
1750310543.000000000 31.270364033000007 120.912046636 2.994800000 4.000000000 0.000062410 1.000000000 0.000000000 0.000000000 0.000056250 87.000000000 86.000000000 81.000000000 85.000000000
1750310543.200000048 31.27036430999999 120.912047429 3.001100000 4.000000000 0.000062410 1.000000000 0.000000000 0.000000000 0.000057760 85.000000000 85.000000000 81.000000000 85.000000000
1750310543.400000095 31.270364439166656 120.912048330 3.000800000 4.000000000 0.000062410 1.000000000 0.000000000 0.000000000 0.000057760 85.000000000 85.000000000 81.000000000 85.000000000
1750310543.599999905 31.27036458483333 120.912049291 3.019200000 4.000000000 0.000065610 1.000000000 0.000000000 0.000000000 0.000065610 85.000000000 85.000000000 81.000000000 85.000000000
1750310543.799999952 31.27036472216666 120.912050112 3.027000000 4.000000000 0.000065610 1.000000000 0.000000000 0.000000000 0.000065610 85.000000000 85.000000000 81.000000000 85.000000000
1750310544.000000000 31.270364735 120.912050918 3.032100000 4.000000000 0.000065610 1.000000000 0.000000000 0.000000000 0.000065610 85.000000000 85.000000000 81.000000000 85.000000000
1750310544.200000048 31.27036481416667 120.912051670 3.033200000 4.000000000 0.000065610 1.000000000 0.000000000 0.000000000 0.000065610 89.000000000 87.000000000 81.000000000 85.000000000
1750310544.400000095 31.270364913500003 120.912052445 3.031600000 4.000000000 0.000065610 1.000000000 0.000000000 0.000000000 0.000067240 89.000000000 87.000000000 81.000000000 85.000000000
1750310544.599999905 31.270365051833323 120.912053186 3.010000000 4.000000000 0.000065610 1.000000000 0.000000000 0.000000000 0.000068890 89.000000000 87.000000000 81.000000000 85.000000000
1750310544.799999952 31.270365178833345 120.912054021 3.018600000 4.000000000 0.000065610 1.000000000 0.000000000 0.000000000 0.000068890 89.000000000 87.000000000 81.000000000 85.000000000
1750310545.000000000 31.270365349166667 120.912054828 3.022500000 4.000000000 0.000065610 1.000000000 0.000000000 0.000000000 0.000068890 89.000000000 87.000000000 81.000000000 85.000000000
1750310545.200000048 31.270365545666664 120.912055646 3.027300000 4.000000000 0.000067240 1.000000000 0.000000000 0.000000000 0.000068890 91.000000000 88.500000000 81.000000000 86.000000000
1750310545.400000095 31.27036568733334 120.912056446 3.032300000 4.000000000 0.000067240 1.000000000 0.000000000 0.000000000 0.000068890 91.000000000 88.500000000 81.000000000 86.000000000
1750310545.599999905 31.270365882500002 120.912057223 3.021900000 4.000000000 0.000065610 1.000000000 0.000000000 0.000000000 0.000064000 91.000000000 88.500000000 81.000000000 86.000000000
1750310545.799999952 31.27036603966667 120.912058067 3.018100000 4.000000000 0.000065610 1.000000000 0.000000000 0.000000000 0.000064000 91.000000000 88.500000000 81.000000000 86.000000000
1750310546.000000000 31.270366149833336 120.912058763 3.013700000 4.000000000 0.000067240 1.000000000 0.000000000 0.000000000 0.000064000 91.000000000 88.500000000 81.000000000 86.000000000
1750310546.200000048 31.270366304999996 120.912059521 3.010600000 4.000000000 0.000067240 1.000000000 0.000000000 0.000000000 0.000064000 89.000000000 87.000000000 81.000000000 85.000000000
1750310546.400000095 31.27036649766667 120.912060270 3.011500000 4.000000000 0.000067240 1.000000000 0.000000000 0.000000000 0.000065610 89.000000000 87.000000000 81.000000000 85.000000000
1750310546.599999905 31.2703666245 120.912061099 3.008900000 4.000000000 0.000065610 1.000000000 0.000000000 0.000000000 0.000067240 89.000000000 87.000000000 81.000000000 85.000000000
1750310546.799999952 31.2703668165 120.912061826 3.009300000 4.000000000 0.000065610 1.000000000 0.000000000 0.000000000 0.000067240 89.000000000 87.000000000 81.000000000 85.000000000
1750310547.000000000 31.27036698883333 120.912062636 3.023500000 4.000000000 0.000065610 1.000000000 0.000000000 0.000000000 0.000067240 89.000000000 87.000000000 81.000000000 85.000000000
1750310547.200000048 31.27036709716667 120.912063498 3.031200000 4.000000000 0.000065610 1.000000000 0.000000000 0.000000000 0.000067240 84.000000000 84.000000000 80.000000000 84.000000000
1750310547.400000095 31.27036717333334 120.912064348 3.033100000 4.000000000 0.000065610 1.000000000 0.000000000 0.000000000 0.000067240 84.000000000 84.000000000 80.000000000 84.000000000
1750310547.599999905 31.270367387666667 120.912065150 3.023300000 4.000000000 0.000065610 1.000000000 0.000000000 0.000000000 0.000065610 84.000000000 84.000000000 80.000000000 84.000000000
1750310547.799999952 31.270367641500002 120.912065846 3.016700000 4.000000000 0.000065610 1.000000000 0.000000000 0.000000000 0.000065610 84.000000000 84.000000000 80.000000000 84.000000000
1750310548.000000000 31.270367933166668 120.912066434 3.011000000 4.000000000 0.000065610 1.000000000 0.000000000 0.000000000 0.000065610 84.000000000 84.000000000 80.000000000 84.000000000
1750310548.200000048 31.27036830033333 120.912067228 3.010700000 4.000000000 0.000065610 1.000000000 0.000000000 0.000000000 0.000065610 87.000000000 86.000000000 81.000000000 85.000000000
1750310548.400000095 31.270368555333334 120.912067976 3.014200000 4.000000000 0.000065610 1.000000000 0.000000000 0.000000000 0.000065610 87.000000000 86.000000000 81.000000000 85.000000000
1750310548.599999905 31.270368862333328 120.912068838 3.026400000 4.000000000 0.000065610 1.000000000 0.000000000 0.000000000 0.000062410 87.000000000 86.000000000 81.000000000 85.000000000
1750310548.799999952 31.27036898916667 120.912069675 3.028200000 4.000000000 0.000065610 1.000000000 0.000000000 0.000000000 0.000062410 87.000000000 86.000000000 81.000000000 85.000000000
1750310549.000000000 31.27036901066667 120.912070550 3.031700000 4.000000000 0.000065610 1.000000000 0.000000000 0.000000000 0.000062410 87.000000000 86.000000000 81.000000000 85.000000000
1750310549.200000048 31.270368996499997 120.912071319 3.032500000 4.000000000 0.000067240 1.000000000 0.000000000 0.000000000 0.000064000 87.000000000 86.000000000 81.000000000 85.000000000
1750310549.400000095 31.270368842833335 120.912072288 3.041600000 4.000000000 0.000067240 1.000000000 0.000000000 0.000000000 0.000064000 87.000000000 86.000000000 81.000000000 85.000000000
1750310549.599999905 31.270368735999995 120.912073120 3.036900000 4.000000000 0.000065610 1.000000000 0.000000000 0.000000000 0.000060840 87.000000000 86.000000000 81.000000000 85.000000000
1750310549.799999952 31.270368874166664 120.912073918 3.035200000 4.000000000 0.000065610 1.000000000 0.000000000 0.000000000 0.000060840 87.000000000 86.000000000 81.000000000 85.000000000
1750310550.000000000 31.270369077499993 120.912074643 3.040800000 4.000000000 0.000065610 1.000000000 0.000000000 0.000000000 0.000060840 87.000000000 86.000000000 81.000000000 85.000000000
1750310550.200000048 31.270369265499994 120.912075462 3.047500000 4.000000000 0.000065610 1.000000000 0.000000000 0.000000000 0.000060840 87.000000000 86.000000000 81.000000000 85.000000000
1750310550.400000095 31.270369557166674 120.912076235 3.040800000 4.000000000 0.000065610 1.000000000 0.000000000 0.000000000 0.000060840 87.000000000 86.000000000 81.000000000 85.000000000
1750310550.599999905 31.27036998316666 120.912076987 3.039800000 4.000000000 0.000065610 1.000000000 0.000000000 0.000000000 0.000060840 87.000000000 86.000000000 81.000000000 85.000000000
1750310550.799999952 31.27037034066666 120.912077739 3.042200000 4.000000000 0.000065610 1.000000000 0.000000000 0.000000000 0.000060840 87.000000000 86.000000000 81.000000000 85.000000000
1750310551.000000000 31.270370669833326 120.912078466 3.042500000 4.000000000 0.000065610 1.000000000 0.000000000 0.000000000 0.000060840 87.000000000 86.000000000 81.000000000 85.000000000
1750310551.200000048 31.270371016 120.912079275 3.045400000 4.000000000 0.000067240 1.000000000 0.000000000 0.000000000 0.000062410 85.000000000 85.000000000 81.000000000 85.000000000
1750310551.400000095 31.27037128966667 120.912079995 3.042700000 4.000000000 0.000067240 1.000000000 0.000000000 0.000000000 0.000062410 85.000000000 85.000000000 81.000000000 85.000000000
1750310551.599999905 31.270371425666667 120.912080759 3.046700000 4.000000000 0.000065610 1.000000000 0.000000000 0.000000000 0.000060840 85.000000000 85.000000000 81.000000000 85.000000000
1750310551.799999952 31.270371630833324 120.912081586 3.046500000 4.000000000 0.000065610 1.000000000 0.000000000 0.000000000 0.000060840 85.000000000 85.000000000 81.000000000 85.000000000
1750310552.000000000 31.27037175833334 120.912082397 3.044700000 4.000000000 0.000065610 1.000000000 0.000000000 0.000000000 0.000060840 85.000000000 85.000000000 81.000000000 85.000000000
1750310552.200000048 31.27037190833333 120.912083169 3.040900000 4.000000000 0.000065610 1.000000000 0.000000000 0.000000000 0.000060840 89.000000000 86.500000000 80.000000000 84.000000000
1750310552.400000095 31.270372101166657 120.912083978 3.040200000 4.000000000 0.000065610 1.000000000 0.000000000 0.000000000 0.000062410 89.000000000 86.500000000 80.000000000 84.000000000
1750310552.599999905 31.27037221766666 120.912084740 3.046900000 4.000000000 0.000065610 1.000000000 0.000000000 0.000000000 0.000060840 89.000000000 86.500000000 80.000000000 84.000000000
1750310552.799999952 31.2703724 120.912085634 3.057300000 4.000000000 0.000065610 1.000000000 0.000000000 0.000000000 0.000062410 89.000000000 86.500000000 80.000000000 84.000000000
1750310553.000000000 31.270372506166666 120.912086460 3.060100000 4.000000000 0.000067240 1.000000000 0.000000000 0.000000000 0.000062410 89.000000000 86.500000000 80.000000000 84.000000000
1750310553.200000048 31.270372713499995 120.912087269 3.055700000 4.000000000 0.000067240 1.000000000 0.000000000 0.000000000 0.000062410 82.000000000 83.000000000 80.000000000 84.000000000
1750310553.400000095 31.2703729145 120.912088078 3.045500000 4.000000000 0.000067240 1.000000000 0.000000000 0.000000000 0.000062410 82.000000000 83.000000000 80.000000000 84.000000000
1750310553.599999905 31.270373068166663 120.912088738 3.029300000 4.000000000 0.000082810 1.000000000 0.000000000 0.000000000 0.000075690 82.000000000 83.000000000 80.000000000 84.000000000
1750310553.799999952 31.270373249499997 120.912089587 3.029600000 4.000000000 0.000082810 1.000000000 0.000000000 0.000000000 0.000075690 82.000000000 83.000000000 80.000000000 84.000000000
1750310554.000000000 31.270373429333333 120.912090370 3.024500000 4.000000000 0.000082810 1.000000000 0.000000000 0.000000000 0.000075690 82.000000000 83.000000000 80.000000000 84.000000000
1750310554.200000048 31.270373624499996 120.912091281 3.027300000 4.000000000 0.000082810 1.000000000 0.000000000 0.000000000 0.000075690 82.000000000 83.000000000 80.000000000 84.000000000
1750310554.400000095 31.270373755999998 120.912092119 3.022600000 4.000000000 0.000082810 1.000000000 0.000000000 0.000000000 0.000077440 82.000000000 83.000000000 80.000000000 84.000000000
1750310554.599999905 31.270373806166674 120.912093051 3.034800000 4.000000000 0.000086490 1.000000000 0.000000000 0.000000000 0.000075690 82.000000000 83.000000000 80.000000000 84.000000000
1750310554.799999952 31.27037390433334 120.912093857 3.031600000 4.000000000 0.000086490 1.000000000 0.000000000 0.000000000 0.000075690 82.000000000 83.000000000 80.000000000 84.000000000
1750310555.000000000 31.270374164166668 120.912094472 3.026300000 4.000000000 0.000086490 1.000000000 0.000000000 0.000000000 0.000075690 82.000000000 83.000000000 80.000000000 84.000000000
1750310555.200000048 31.27037461100001 120.912095075 3.037200000 4.000000000 0.000086490 1.000000000 0.000000000 0.000000000 0.000075690 82.000000000 83.000000000 80.000000000 84.000000000
1750310555.400000095 31.270374913500007 120.912095677 3.018500000 4.000000000 0.000086490 1.000000000 0.000000000 0.000000000 0.000075690 82.000000000 83.000000000 80.000000000 84.000000000
1750310555.599999905 31.270375149333333 120.912096355 3.021500000 4.000000000 0.000094090 1.000000000 0.000000000 0.000000000 0.000086490 82.000000000 83.000000000 80.000000000 84.000000000
1750310555.799999952 31.270375454333333 120.912096947 3.027200000 4.000000000 0.000094090 1.000000000 0.000000000 0.000000000 0.000084640 82.000000000 83.000000000 80.000000000 84.000000000
1750310556.000000000 31.270375717000007 120.912097612 3.028600000 4.000000000 0.000094090 1.000000000 0.000000000 0.000000000 0.000084640 82.000000000 83.000000000 80.000000000 84.000000000
1750310556.200000048 31.270375774833326 120.912098478 3.031700000 4.000000000 0.000092160 1.000000000 0.000000000 0.000000000 0.000084640 84.000000000 84.000000000 80.000000000 84.000000000
1750310556.400000095 31.27037586983333 120.912099263 3.038200000 4.000000000 0.000092160 1.000000000 0.000000000 0.000000000 0.000084640 84.000000000 84.000000000 80.000000000 84.000000000
1750310556.599999905 31.270375914666673 120.912100118 3.041700000 4.000000000 0.000075690 1.000000000 0.000000000 0.000000000 0.000077440 84.000000000 84.000000000 80.000000000 84.000000000
1750310556.799999952 31.2703761155 120.912101001 3.059000000 4.000000000 0.000075690 1.000000000 0.000000000 0.000000000 0.000077440 84.000000000 84.000000000 80.000000000 84.000000000
1750310557.000000000 31.270376297 120.912101806 3.059000000 4.000000000 0.000075690 1.000000000 0.000000000 0.000000000 0.000077440 84.000000000 84.000000000 80.000000000 84.000000000
1750310557.200000048 31.270376433833334 120.912102607 3.069100000 4.000000000 0.000075690 1.000000000 0.000000000 0.000000000 0.000077440 89.000000000 89.000000000 82.000000000 89.000000000
1750310557.400000095 31.270376577333337 120.912103336 3.058700000 4.000000000 0.000075690 1.000000000 0.000000000 0.000000000 0.000077440 89.000000000 89.000000000 82.000000000 89.000000000
1750310557.599999905 31.270376831500002 120.912104157 3.049900000 4.000000000 0.000070560 1.000000000 0.000000000 0.000000000 0.000070560 89.000000000 89.000000000 82.000000000 89.000000000
1750310557.799999952 31.270376951333333 120.912104851 3.041500000 4.000000000 0.000070560 1.000000000 0.000000000 0.000000000 0.000070560 89.000000000 89.000000000 82.000000000 89.000000000
1750310558.000000000 31.270377098499992 120.912105707 3.041100000 4.000000000 0.000070560 1.000000000 0.000000000 0.000000000 0.000070560 89.000000000 89.000000000 82.000000000 89.000000000
1750310558.200000048 31.270377247166664 120.912106574 3.044300000 4.000000000 0.000070560 1.000000000 0.000000000 0.000000000 0.000070560 89.000000000 87.500000000 81.000000000 86.000000000
1750310558.400000095 31.270377394166673 120.912107417 3.051100000 4.000000000 0.000070560 1.000000000 0.000000000 0.000000000 0.000070560 89.000000000 87.500000000 81.000000000 86.000000000
1750310558.599999905 31.270377514499998 120.912108371 3.076000000 4.000000000 0.000070560 1.000000000 0.000000000 0.000000000 0.000062410 89.000000000 87.500000000 81.000000000 86.000000000
1750310558.799999952 31.270377658166666 120.912109140 3.075300000 4.000000000 0.000070560 1.000000000 0.000000000 0.000000000 0.000062410 89.000000000 87.500000000 81.000000000 86.000000000
1750310559.000000000 31.270377841166663 120.912110012 3.075000000 4.000000000 0.000070560 1.000000000 0.000000000 0.000000000 0.000062410 89.000000000 87.500000000 81.000000000 86.000000000
1750310559.200000048 31.27037812266667 120.912110810 3.078200000 4.000000000 0.000070560 1.000000000 0.000000000 0.000000000 0.000062410 89.000000000 87.500000000 81.000000000 86.000000000
1750310559.400000095 31.270378440833326 120.912111495 3.074100000 4.000000000 0.000070560 1.000000000 0.000000000 0.000000000 0.000062410 89.000000000 87.500000000 81.000000000 86.000000000
1750310559.599999905 31.270378735666668 120.912112095 3.061200000 4.000000000 0.000068890 1.000000000 0.000000000 0.000000000 0.000057760 89.000000000 87.500000000 81.000000000 86.000000000
1750310559.799999952 31.270379019833328 120.912112817 3.061300000 4.000000000 0.000068890 1.000000000 0.000000000 0.000000000 0.000057760 89.000000000 87.500000000 81.000000000 86.000000000
1750310560.000000000 31.27037930183333 120.912113522 3.060500000 4.000000000 0.000068890 1.000000000 0.000000000 0.000000000 0.000057760 89.000000000 87.500000000 81.000000000 86.000000000
1750310560.200000048 31.27037959416667 120.912114296 3.065900000 4.000000000 0.000068890 1.000000000 0.000000000 0.000000000 0.000057760 91.000000000 88.500000000 81.000000000 86.000000000
1750310560.400000095 31.270379794666667 120.912115116 3.065400000 4.000000000 0.000068890 1.000000000 0.000000000 0.000000000 0.000057760 91.000000000 88.500000000 81.000000000 86.000000000
1750310560.599999905 31.27037997266666 120.912115899 3.079400000 4.000000000 0.000067240 1.000000000 0.000000000 0.000000000 0.000060840 91.000000000 88.500000000 81.000000000 86.000000000
1750310560.799999952 31.27038032466666 120.912116670 3.076900000 4.000000000 0.000067240 1.000000000 0.000000000 0.000000000 0.000060840 91.000000000 88.500000000 81.000000000 86.000000000
1750310561.000000000 31.270380621166666 120.912117464 3.069300000 4.000000000 0.000067240 1.000000000 0.000000000 0.000000000 0.000060840 91.000000000 88.500000000 81.000000000 86.000000000
1750310561.200000048 31.270380876333334 120.912118150 3.065900000 4.000000000 0.000067240 1.000000000 0.000000000 0.000000000 0.000060840 86.000000000 85.000000000 80.000000000 84.000000000
1750310561.400000095 31.270381189000005 120.912118848 3.062500000 4.000000000 0.000067240 1.000000000 0.000000000 0.000000000 0.000060840 86.000000000 85.000000000 80.000000000 84.000000000
1750310561.599999905 31.27038149633333 120.912119495 3.062400000 4.000000000 0.000067240 1.000000000 0.000000000 0.000000000 0.000060840 86.000000000 85.000000000 80.000000000 84.000000000
1750310561.799999952 31.270381849833328 120.912120222 3.051700000 4.000000000 0.000067240 1.000000000 0.000000000 0.000000000 0.000062410 86.000000000 85.000000000 80.000000000 84.000000000
1750310562.000000000 31.270382162333334 120.912121039 3.050800000 4.000000000 0.000067240 1.000000000 0.000000000 0.000000000 0.000062410 86.000000000 85.000000000 80.000000000 84.000000000
1750310562.200000048 31.270382124999998 120.912121888 3.049900000 4.000000000 0.000067240 1.000000000 0.000000000 0.000000000 0.000062410 91.000000000 87.500000000 80.000000000 84.000000000
1750310562.400000095 31.2703821195 120.912122810 3.059100000 4.000000000 0.000067240 1.000000000 0.000000000 0.000000000 0.000062410 91.000000000 87.500000000 80.000000000 84.000000000
1750310562.599999905 31.270382273833334 120.912123690 3.072600000 4.000000000 0.000065610 1.000000000 0.000000000 0.000000000 0.000060840 91.000000000 87.500000000 80.000000000 84.000000000
1750310562.799999952 31.27038236 120.912124490 3.074000000 4.000000000 0.000065610 1.000000000 0.000000000 0.000000000 0.000060840 91.000000000 87.500000000 80.000000000 84.000000000
1750310563.000000000 31.270382398333325 120.912125242 3.065000000 4.000000000 0.000065610 1.000000000 0.000000000 0.000000000 0.000060840 91.000000000 87.500000000 80.000000000 84.000000000
1750310563.200000048 31.270382404000003 120.912126076 3.061300000 4.000000000 0.000065610 1.000000000 0.000000000 0.000000000 0.000060840 86.000000000 84.000000000 79.000000000 82.000000000
1750310563.400000095 31.27038223466667 120.912126968 3.056300000 4.000000000 0.000065610 1.000000000 0.000000000 0.000000000 0.000060840 86.000000000 84.000000000 79.000000000 82.000000000
1750310563.599999905 31.270382039833336 120.912127720 3.028100000 4.000000000 0.000065610 1.000000000 0.000000000 0.000000000 0.000062410 86.000000000 84.000000000 79.000000000 82.000000000
1750310563.799999952 31.270382032499995 120.912128598 3.030100000 4.000000000 0.000065610 1.000000000 0.000000000 0.000000000 0.000062410 86.000000000 84.000000000 79.000000000 82.000000000
1750310564.000000000 31.270382139333336 120.912129456 3.034800000 4.000000000 0.000065610 1.000000000 0.000000000 0.000000000 0.000062410 86.000000000 84.000000000 79.000000000 82.000000000
1750310564.200000048 31.270382232000003 120.912130147 3.036100000 4.000000000 0.000065610 1.000000000 0.000000000 0.000000000 0.000062410 86.000000000 85.000000000 80.000000000 84.000000000
1750310564.400000095 31.270382351833334 120.912131007 3.035400000 4.000000000 0.000065610 1.000000000 0.000000000 0.000000000 0.000062410 86.000000000 85.000000000 80.000000000 84.000000000
1750310564.599999905 31.270382485833338 120.912131791 3.038000000 4.000000000 0.000062410 1.000000000 0.000000000 0.000000000 0.000059290 86.000000000 85.000000000 80.000000000 84.000000000
1750310564.799999952 31.270382637500006 120.912132636 3.031100000 4.000000000 0.000062410 1.000000000 0.000000000 0.000000000 0.000060840 86.000000000 85.000000000 80.000000000 84.000000000
1750310565.000000000 31.2703828465 120.912133408 3.037200000 4.000000000 0.000062410 1.000000000 0.000000000 0.000000000 0.000060840 86.000000000 85.000000000 80.000000000 84.000000000
1750310565.200000048 31.270382998166667 120.912134259 3.041800000 4.000000000 0.000064000 1.000000000 0.000000000 0.000000000 0.000060840 82.000000000 83.000000000 80.000000000 84.000000000
1750310565.400000095 31.270383150833325 120.912135082 3.039000000 4.000000000 0.000062410 1.000000000 0.000000000 0.000000000 0.000060840 82.000000000 83.000000000 80.000000000 84.000000000
1750310565.599999905 31.270383281833332 120.912135889 3.063400000 4.000000000 0.000068890 1.000000000 0.000000000 0.000000000 0.000067240 82.000000000 83.000000000 80.000000000 84.000000000
1750310565.799999952 31.270383427166664 120.912136639 3.061800000 4.000000000 0.000068890 1.000000000 0.000000000 0.000000000 0.000067240 82.000000000 83.000000000 80.000000000 84.000000000
1750310566.000000000 31.270383625333338 120.912137462 3.061500000 4.000000000 0.000068890 1.000000000 0.000000000 0.000000000 0.000067240 82.000000000 83.000000000 80.000000000 84.000000000
1750310566.200000048 31.270383732499994 120.912138200 3.060400000 4.000000000 0.000068890 1.000000000 0.000000000 0.000000000 0.000067240 82.000000000 82.000000000 79.000000000 82.000000000
1750310566.400000095 31.270383933333335 120.912138939 3.059200000 4.000000000 0.000068890 1.000000000 0.000000000 0.000000000 0.000067240 82.000000000 82.000000000 79.000000000 82.000000000
1750310566.599999905 31.270384180833332 120.912139751 3.046900000 4.000000000 0.000067240 1.000000000 0.000000000 0.000000000 0.000065610 82.000000000 82.000000000 79.000000000 82.000000000
1750310566.799999952 31.270384376500004 120.912140647 3.052300000 4.000000000 0.000067240 1.000000000 0.000000000 0.000000000 0.000065610 82.000000000 82.000000000 79.000000000 82.000000000
1750310567.000000000 31.270384558666663 120.912141388 3.047400000 4.000000000 0.000067240 1.000000000 0.000000000 0.000000000 0.000065610 82.000000000 82.000000000 79.000000000 82.000000000
1750310567.200000048 31.270384813000007 120.912142218 3.051700000 4.000000000 0.000067240 1.000000000 0.000000000 0.000000000 0.000067240 84.000000000 83.000000000 79.000000000 82.000000000
1750310567.400000095 31.270385020999996 120.912142928 3.050900000 4.000000000 0.000067240 1.000000000 0.000000000 0.000000000 0.000067240 84.000000000 83.000000000 79.000000000 82.000000000
1750310567.599999905 31.270385212500003 120.912143723 3.052500000 4.000000000 0.000062410 1.000000000 0.000000000 0.000000000 0.000065610 84.000000000 83.000000000 79.000000000 82.000000000
1750310567.799999952 31.27038543483333 120.912144421 3.048100000 4.000000000 0.000062410 1.000000000 0.000000000 0.000000000 0.000065610 84.000000000 83.000000000 79.000000000 82.000000000
1750310568.000000000 31.270385576833334 120.912145119 3.046400000 4.000000000 0.000062410 1.000000000 0.000000000 0.000000000 0.000065610 84.000000000 83.000000000 79.000000000 82.000000000
1750310568.200000048 31.27038581566667 120.912145942 3.053300000 4.000000000 0.000062410 1.000000000 0.000000000 0.000000000 0.000067240 80.000000000 80.000000000 78.000000000 80.000000000
1750310568.400000095 31.270385977999993 120.912146750 3.056200000 4.000000000 0.000062410 1.000000000 0.000000000 0.000000000 0.000067240 80.000000000 80.000000000 78.000000000 80.000000000
1750310568.599999905 31.270386201333338 120.912147552 3.057700000 4.000000000 0.000088360 1.000000000 0.000000000 0.000000000 0.000084640 80.000000000 80.000000000 78.000000000 80.000000000
1750310568.799999952 31.270386120833336 120.912147376 3.057300000 4.000000000 0.000088360 1.000000000 0.000000000 0.000000000 0.000086490 80.000000000 80.000000000 78.000000000 80.000000000
1750310569.000000000 31.270386143333326 120.912147393 3.059100000 4.000000000 0.000088360 1.000000000 0.000000000 0.000000000 0.000084640 80.000000000 80.000000000 78.000000000 80.000000000
1750310569.200000048 31.270386134000006 120.912147442 3.065000000 4.000000000 0.000090250 1.000000000 0.000000000 0.000000000 0.000086490 80.000000000 80.000000000 78.000000000 80.000000000
1750310569.400000095 31.270386150666667 120.912147452 3.060300000 4.000000000 0.000090250 1.000000000 0.000000000 0.000000000 0.000086490 80.000000000 80.000000000 78.000000000 80.000000000
1750310569.599999905 31.270386281 120.912147846 3.068000000 4.000000000 0.000104040 1.000000000 0.000000000 0.000000000 0.000104040 80.000000000 80.000000000 78.000000000 80.000000000
1750310569.799999952 31.270386541500002 120.912148652 3.075200000 4.000000000 0.000106090 1.000000000 0.000000000 0.000000000 0.000104040 80.000000000 80.000000000 78.000000000 80.000000000
1750310570.000000000 31.270386811999998 120.912149411 3.067200000 4.000000000 0.000106090 1.000000000 0.000000000 0.000000000 0.000104040 80.000000000 80.000000000 78.000000000 80.000000000
1750310570.200000048 31.270386758666675 120.912149374 3.064800000 4.000000000 0.000106090 1.000000000 0.000000000 0.000000000 0.000104040 78.000000000 78.000000000 77.000000000 78.000000000
1750310570.400000095 31.27038675066666 120.912149345 3.068800000 4.000000000 0.000106090 1.000000000 0.000000000 0.000000000 0.000104040 78.000000000 78.000000000 77.000000000 78.000000000
1750310570.599999905 31.270386782499997 120.912149391 3.062200000 4.000000000 0.000118810 1.000000000 0.000000000 0.000000000 0.000114490 78.000000000 78.000000000 77.000000000 78.000000000
1750310570.799999952 31.270386791166672 120.912149378 3.055900000 4.000000000 0.000118810 1.000000000 0.000000000 0.000000000 0.000114490 78.000000000 78.000000000 77.000000000 78.000000000
1750310571.000000000 31.270386786666677 120.912149403 3.063000000 4.000000000 0.000118810 1.000000000 0.000000000 0.000000000 0.000114490 78.000000000 78.000000000 77.000000000 78.000000000
1750310571.200000048 31.270386786833342 120.912149399 3.061600000 4.000000000 0.000118810 1.000000000 0.000000000 0.000000000 0.000114490 80.000000000 79.000000000 77.000000000 78.000000000
1750310571.400000095 31.270386884000004 120.912149731 3.062000000 4.000000000 0.000118810 1.000000000 0.000000000 0.000000000 0.000114490 80.000000000 79.000000000 77.000000000 78.000000000
1750310571.599999905 31.270387153166666 120.912150407 3.063000000 4.000000000 0.000118810 1.000000000 0.000000000 0.000000000 0.000116640 80.000000000 79.000000000 77.000000000 78.000000000
1750310571.799999952 31.270387490000005 120.912151175 3.061300000 4.000000000 0.000118810 1.000000000 0.000000000 0.000000000 0.000116640 80.000000000 79.000000000 77.000000000 78.000000000
1750310572.000000000 31.27038779583333 120.912151954 3.069800000 4.000000000 0.000118810 1.000000000 0.000000000 0.000000000 0.000116640 80.000000000 79.000000000 77.000000000 78.000000000
1750310572.200000048 31.270388101833333 120.912152649 3.073400000 4.000000000 0.000116640 1.000000000 0.000000000 0.000000000 0.000114490 78.000000000 77.000000000 77.000000000 76.000000000
1750310572.400000095 31.27038836983334 120.912153464 3.075400000 4.000000000 0.000116640 1.000000000 0.000000000 0.000000000 0.000114490 78.000000000 77.000000000 77.000000000 76.000000000
1750310572.599999905 31.270388579166664 120.912154163 3.078000000 4.000000000 0.000086490 1.000000000 0.000000000 0.000000000 0.000082810 78.000000000 77.000000000 77.000000000 76.000000000
1750310572.799999952 31.270388501499994 120.912154251 3.073900000 4.000000000 0.000086490 1.000000000 0.000000000 0.000000000 0.000082810 78.000000000 77.000000000 77.000000000 76.000000000
1750310573.000000000 31.27038853383334 120.912154216 3.073800000 4.000000000 0.000086490 1.000000000 0.000000000 0.000000000 0.000082810 78.000000000 77.000000000 77.000000000 76.000000000
1750310573.200000048 31.270388646 120.912154130 3.076200000 4.000000000 0.000086490 1.000000000 0.000000000 0.000000000 0.000082810 80.000000000 80.000000000 79.000000000 80.000000000
1750310573.400000095 31.270388795833327 120.912154040 3.072500000 4.000000000 0.000086490 1.000000000 0.000000000 0.000000000 0.000082810 80.000000000 80.000000000 79.000000000 80.000000000
1750310573.599999905 31.27038895716666 120.912153944 3.067600000 4.000000000 0.000081000 1.000000000 0.000000000 0.000000000 0.000079210 80.000000000 80.000000000 79.000000000 80.000000000
1750310573.799999952 31.270389161166662 120.912153861 3.067900000 4.000000000 0.000081000 1.000000000 0.000000000 0.000000000 0.000079210 80.000000000 80.000000000 79.000000000 80.000000000
1750310574.000000000 31.270389381 120.912153829 3.070200000 4.000000000 0.000081000 1.000000000 0.000000000 0.000000000 0.000079210 80.000000000 80.000000000 79.000000000 80.000000000
1750310574.200000048 31.270389627666674 120.912153808 3.077200000 4.000000000 0.000081000 1.000000000 0.000000000 0.000000000 0.000079210 80.000000000 79.000000000 78.000000000 78.000000000
1750310574.400000095 31.270389874333333 120.912153806 3.074800000 4.000000000 0.000081000 1.000000000 0.000000000 0.000000000 0.000081000 80.000000000 79.000000000 78.000000000 78.000000000
1750310574.599999905 31.270390011666677 120.912153927 3.072700000 4.000000000 0.000082810 1.000000000 0.000000000 0.000000000 0.000081000 80.000000000 79.000000000 78.000000000 78.000000000
1750310574.799999952 31.270390300000003 120.912154469 3.078600000 4.000000000 0.000084640 1.000000000 0.000000000 0.000000000 0.000081000 80.000000000 79.000000000 78.000000000 78.000000000
1750310575.000000000 31.270390312833342 120.912155246 3.076600000 4.000000000 0.000082810 1.000000000 0.000000000 0.000000000 0.000081000 80.000000000 79.000000000 78.000000000 78.000000000
1750310575.200000048 31.27039016016667 120.912156067 3.073800000 4.000000000 0.000084640 1.000000000 0.000000000 0.000000000 0.000081000 80.000000000 79.000000000 78.000000000 78.000000000
1750310575.400000095 31.270389879999996 120.912156897 3.069100000 4.000000000 0.000084640 1.000000000 0.000000000 0.000000000 0.000081000 80.000000000 79.000000000 78.000000000 78.000000000
1750310575.599999905 31.270389689666672 120.912157665 3.064100000 4.000000000 0.000082810 1.000000000 0.000000000 0.000000000 0.000079210 80.000000000 79.000000000 78.000000000 78.000000000
1750310575.799999952 31.27038946733333 120.912158386 3.055800000 4.000000000 0.000082810 1.000000000 0.000000000 0.000000000 0.000079210 80.000000000 79.000000000 78.000000000 78.000000000
1750310576.000000000 31.270389130333342 120.912159188 3.058500000 4.000000000 0.000082810 1.000000000 0.000000000 0.000000000 0.000079210 80.000000000 79.000000000 78.000000000 78.000000000
1750310576.200000048 31.270388574166674 120.912159678 3.056500000 4.000000000 0.000082810 1.000000000 0.000000000 0.000000000 0.000081000 80.000000000 79.000000000 78.000000000 78.000000000
1750310576.400000095 31.270388125833335 120.912159732 3.049500000 4.000000000 0.000082810 1.000000000 0.000000000 0.000000000 0.000081000 80.000000000 79.000000000 78.000000000 78.000000000
1750310576.599999905 31.270387878166673 120.912159813 3.040400000 4.000000000 0.000086490 1.000000000 0.000000000 0.000000000 0.000082810 80.000000000 79.000000000 78.000000000 78.000000000
1750310576.799999952 31.270387908833328 120.912159812 3.038300000 4.000000000 0.000086490 1.000000000 0.000000000 0.000000000 0.000082810 80.000000000 79.000000000 78.000000000 78.000000000
1750310577.000000000 31.270387900333333 120.912159802 3.039500000 4.000000000 0.000086490 1.000000000 0.000000000 0.000000000 0.000082810 80.000000000 79.000000000 78.000000000 78.000000000
1750310577.200000048 31.270387905999996 120.912160127 3.034300000 4.000000000 0.000086490 1.000000000 0.000000000 0.000000000 0.000082810 82.000000000 81.000000000 79.000000000 80.000000000
1750310577.400000095 31.27038786916667 120.912160881 3.032600000 4.000000000 0.000086490 1.000000000 0.000000000 0.000000000 0.000082810 82.000000000 81.000000000 79.000000000 80.000000000
1750310577.599999905 31.270388021166667 120.912161778 3.031500000 4.000000000 0.000088360 1.000000000 0.000000000 0.000000000 0.000082810 82.000000000 81.000000000 79.000000000 80.000000000
1750310577.799999952 31.27038819633333 120.912162489 3.026600000 4.000000000 0.000086490 1.000000000 0.000000000 0.000000000 0.000082810 82.000000000 81.000000000 79.000000000 80.000000000
1750310578.000000000 31.270388450166664 120.912163378 3.026100000 4.000000000 0.000086490 1.000000000 0.000000000 0.000000000 0.000082810 82.000000000 81.000000000 79.000000000 80.000000000
1750310578.200000048 31.27038869233334 120.912164101 3.027400000 4.000000000 0.000088360 1.000000000 0.000000000 0.000000000 0.000082810 82.000000000 81.000000000 79.000000000 80.000000000
1750310578.400000095 31.27038905083333 120.912164819 3.032500000 4.000000000 0.000088360 1.000000000 0.000000000 0.000000000 0.000082810 82.000000000 81.000000000 79.000000000 80.000000000
1750310578.599999905 31.270389345500007 120.912165617 3.046700000 4.000000000 0.000088360 1.000000000 0.000000000 0.000000000 0.000081000 82.000000000 81.000000000 79.000000000 80.000000000
1750310578.799999952 31.270389629333337 120.912166355 3.049400000 4.000000000 0.000088360 1.000000000 0.000000000 0.000000000 0.000081000 82.000000000 81.000000000 79.000000000 80.000000000
1750310579.000000000 31.27038977166667 120.912167182 3.053800000 4.000000000 0.000088360 1.000000000 0.000000000 0.000000000 0.000081000 82.000000000 81.000000000 79.000000000 80.000000000
1750310579.200000048 31.27038982133334 120.912168043 3.042500000 4.000000000 0.000088360 1.000000000 0.000000000 0.000000000 0.000081000 80.000000000 80.000000000 79.000000000 80.000000000
1750310579.400000095 31.27038978116667 120.912168809 3.041700000 4.000000000 0.000088360 1.000000000 0.000000000 0.000000000 0.000081000 80.000000000 80.000000000 79.000000000 80.000000000
1750310579.599999905 31.270389639499996 120.912169696 3.030100000 4.000000000 0.000086490 1.000000000 0.000000000 0.000000000 0.000081000 80.000000000 80.000000000 79.000000000 80.000000000
1750310579.799999952 31.270389728166663 120.912170511 3.029500000 4.000000000 0.000086490 1.000000000 0.000000000 0.000000000 0.000081000 80.000000000 80.000000000 79.000000000 80.000000000
1750310580.000000000 31.27038986433334 120.912171327 3.029600000 4.000000000 0.000086490 1.000000000 0.000000000 0.000000000 0.000081000 80.000000000 80.000000000 79.000000000 80.000000000
1750310580.200000048 31.270390055999997 120.912172141 3.024500000 4.000000000 0.000086490 1.000000000 0.000000000 0.000000000 0.000082810 85.000000000 82.500000000 79.000000000 80.000000000
1750310580.400000095 31.270390364500003 120.912172940 3.027200000 4.000000000 0.000086490 1.000000000 0.000000000 0.000000000 0.000082810 85.000000000 82.500000000 79.000000000 80.000000000
1750310580.599999905 31.270390536833332 120.912173737 3.035200000 4.000000000 0.000082810 1.000000000 0.000000000 0.000000000 0.000079210 85.000000000 82.500000000 79.000000000 80.000000000
1750310580.799999952 31.270390764 120.912174574 3.035800000 4.000000000 0.000082810 1.000000000 0.000000000 0.000000000 0.000079210 85.000000000 82.500000000 79.000000000 80.000000000
1750310581.000000000 31.270390853166674 120.912175382 3.042100000 4.000000000 0.000082810 1.000000000 0.000000000 0.000000000 0.000079210 85.000000000 82.500000000 79.000000000 80.000000000
1750310581.200000048 31.270390975333328 120.912176218 3.047200000 4.000000000 0.000084640 1.000000000 0.000000000 0.000000000 0.000079210 82.000000000 80.000000000 78.000000000 78.000000000
1750310581.400000095 31.270391104666672 120.912177047 3.048400000 4.000000000 0.000084640 1.000000000 0.000000000 0.000000000 0.000079210 82.000000000 80.000000000 78.000000000 78.000000000
1750310581.599999905 31.270391180333334 120.912177836 3.045300000 4.000000000 0.000084640 1.000000000 0.000000000 0.000000000 0.000077440 82.000000000 80.000000000 78.000000000 78.000000000
1750310581.799999952 31.27039132466666 120.912178656 3.046200000 4.000000000 0.000084640 1.000000000 0.000000000 0.000000000 0.000077440 82.000000000 80.000000000 78.000000000 78.000000000
1750310582.000000000 31.27039141633334 120.912179510 3.061900000 4.000000000 0.000084640 1.000000000 0.000000000 0.000000000 0.000077440 82.000000000 80.000000000 78.000000000 78.000000000
1750310582.200000048 31.27039152783334 120.912180221 3.068700000 4.000000000 0.000084640 1.000000000 0.000000000 0.000000000 0.000077440 80.000000000 78.000000000 77.000000000 76.000000000
1750310582.400000095 31.270391654999997 120.912181066 3.069300000 4.000000000 0.000084640 1.000000000 0.000000000 0.000000000 0.000077440 80.000000000 78.000000000 77.000000000 76.000000000
1750310582.599999905 31.27039196066667 120.912181861 3.056000000 4.000000000 0.000082810 1.000000000 0.000000000 0.000000000 0.000075690 80.000000000 78.000000000 77.000000000 76.000000000
1750310582.799999952 31.270392105833338 120.912182695 3.059500000 4.000000000 0.000082810 1.000000000 0.000000000 0.000000000 0.000075690 80.000000000 78.000000000 77.000000000 76.000000000
1750310583.000000000 31.27039223283333 120.912183453 3.055400000 4.000000000 0.000082810 1.000000000 0.000000000 0.000000000 0.000077440 80.000000000 78.000000000 77.000000000 76.000000000
1750310583.200000048 31.270392489333332 120.912184302 3.048800000 4.000000000 0.000082810 1.000000000 0.000000000 0.000000000 0.000077440 80.000000000 79.000000000 78.000000000 78.000000000
1750310583.400000095 31.270392671833335 120.912185086 3.032400000 4.000000000 0.000082810 1.000000000 0.000000000 0.000000000 0.000077440 80.000000000 79.000000000 78.000000000 78.000000000
1750310583.599999905 31.270392844166665 120.912185953 3.040100000 4.000000000 0.000082810 1.000000000 0.000000000 0.000000000 0.000075690 80.000000000 79.000000000 78.000000000 78.000000000
1750310583.799999952 31.27039297416667 120.912186717 3.034500000 4.000000000 0.000082810 1.000000000 0.000000000 0.000000000 0.000075690 80.000000000 79.000000000 78.000000000 78.000000000
1750310584.000000000 31.2703931155 120.912187462 3.032800000 4.000000000 0.000082810 1.000000000 0.000000000 0.000000000 0.000075690 80.000000000 79.000000000 78.000000000 78.000000000
1750310584.200000048 31.27039330383333 120.912188299 3.037900000 4.000000000 0.000082810 1.000000000 0.000000000 0.000000000 0.000075690 74.000000000 75.000000000 77.000000000 76.000000000
1750310584.400000095 31.27039336466666 120.912189014 3.027000000 4.000000000 0.000082810 1.000000000 0.000000000 0.000000000 0.000075690 74.000000000 75.000000000 77.000000000 76.000000000
1750310584.599999905 31.2703935025 120.912189814 3.043800000 4.000000000 0.000081000 1.000000000 0.000000000 0.000000000 0.000072250 74.000000000 75.000000000 77.000000000 76.000000000
1750310584.799999952 31.270393608333336 120.912190642 3.040000000 4.000000000 0.000081000 1.000000000 0.000000000 0.000000000 0.000072250 74.000000000 75.000000000 77.000000000 76.000000000
1750310585.000000000 31.270393870333336 120.912191450 3.037600000 4.000000000 0.000081000 1.000000000 0.000000000 0.000000000 0.000072250 74.000000000 75.000000000 77.000000000 76.000000000
1750310585.200000048 31.270394022666665 120.912192188 3.039800000 4.000000000 0.000081000 1.000000000 0.000000000 0.000000000 0.000073960 78.000000000 77.000000000 77.000000000 76.000000000
1750310585.400000095 31.270394224 120.912193050 3.028900000 4.000000000 0.000081000 1.000000000 0.000000000 0.000000000 0.000073960 78.000000000 77.000000000 77.000000000 76.000000000
1750310585.599999905 31.270394356166662 120.912193742 3.026000000 4.000000000 0.000082810 1.000000000 0.000000000 0.000000000 0.000072250 78.000000000 77.000000000 77.000000000 76.000000000
1750310585.799999952 31.270394556 120.912194435 3.028700000 4.000000000 0.000082810 1.000000000 0.000000000 0.000000000 0.000072250 78.000000000 77.000000000 77.000000000 76.000000000
1750310586.000000000 31.270394793666668 120.912195292 3.036200000 4.000000000 0.000082810 1.000000000 0.000000000 0.000000000 0.000072250 78.000000000 77.000000000 77.000000000 76.000000000
1750310586.200000048 31.270395076499995 120.912196120 3.033500000 4.000000000 0.000082810 1.000000000 0.000000000 0.000000000 0.000072250 82.000000000 78.000000000 76.000000000 74.000000000
1750310586.400000095 31.270395354666675 120.912196909 3.028200000 4.000000000 0.000082810 1.000000000 0.000000000 0.000000000 0.000072250 82.000000000 78.000000000 76.000000000 74.000000000
1750310586.599999905 31.270395581499997 120.912197666 3.031400000 4.000000000 0.000081000 1.000000000 0.000000000 0.000000000 0.000072250 82.000000000 78.000000000 76.000000000 74.000000000
1750310586.799999952 31.270395847499998 120.912198353 3.034900000 4.000000000 0.000082810 1.000000000 0.000000000 0.000000000 0.000072250 82.000000000 78.000000000 76.000000000 74.000000000
1750310587.000000000 31.27039607266667 120.912199034 3.031200000 4.000000000 0.000082810 1.000000000 0.000000000 0.000000000 0.000072250 82.000000000 78.000000000 76.000000000 74.000000000
1750310587.200000048 31.270396358166664 120.912199840 3.028400000 4.000000000 0.000082810 1.000000000 0.000000000 0.000000000 0.000072250 80.000000000 80.000000000 79.000000000 80.000000000
1750310587.400000095 31.270396634000008 120.912200544 3.024300000 4.000000000 0.000082810 1.000000000 0.000000000 0.000000000 0.000073960 80.000000000 80.000000000 79.000000000 80.000000000
1750310587.599999905 31.27039675366666 120.912201435 3.035900000 4.000000000 0.000081000 1.000000000 0.000000000 0.000000000 0.000073960 80.000000000 80.000000000 79.000000000 80.000000000
1750310587.799999952 31.270396865500004 120.912202297 3.033800000 4.000000000 0.000081000 1.000000000 0.000000000 0.000000000 0.000073960 80.000000000 80.000000000 79.000000000 80.000000000
1750310588.000000000 31.270396953666662 120.912203123 3.027000000 4.000000000 0.000081000 1.000000000 0.000000000 0.000000000 0.000073960 80.000000000 80.000000000 79.000000000 80.000000000
1750310588.200000048 31.27039705716666 120.912203982 3.037000000 4.000000000 0.000081000 1.000000000 0.000000000 0.000000000 0.000075690 78.000000000 77.000000000 77.000000000 76.000000000
1750310588.400000095 31.270397121000002 120.912204754 3.035700000 4.000000000 0.000082810 1.000000000 0.000000000 0.000000000 0.000075690 78.000000000 77.000000000 77.000000000 76.000000000
1750310588.599999905 31.270397261166664 120.912205511 3.032000000 4.000000000 0.000108160 1.000000000 0.000000000 0.000000000 0.000094090 78.000000000 77.000000000 77.000000000 76.000000000
1750310588.799999952 31.270397412500003 120.912206295 3.028300000 4.000000000 0.000108160 1.000000000 0.000000000 0.000000000 0.000094090 78.000000000 77.000000000 77.000000000 76.000000000
1750310589.000000000 31.27039749966667 120.912207143 3.025600000 4.000000000 0.000108160 1.000000000 0.000000000 0.000000000 0.000094090 78.000000000 77.000000000 77.000000000 76.000000000
1750310589.200000048 31.270397555166667 120.912207863 3.016500000 4.000000000 0.000108160 1.000000000 0.000000000 0.000000000 0.000094090 72.000000000 71.000000000 74.000000000 70.000000000
1750310589.400000095 31.2703976545 120.912208743 3.023600000 4.000000000 0.000108160 1.000000000 0.000000000 0.000000000 0.000094090 72.000000000 71.000000000 74.000000000 70.000000000
1750310589.599999905 31.270397766333332 120.912209527 3.007800000 4.000000000 0.000121000 1.000000000 0.000000000 0.000000000 0.000102010 72.000000000 71.000000000 74.000000000 70.000000000
1750310589.799999952 31.270397861999996 120.912210283 3.006100000 4.000000000 0.000121000 1.000000000 0.000000000 0.000000000 0.000102010 72.000000000 71.000000000 74.000000000 70.000000000
1750310590.000000000 31.270397995500005 120.912211176 3.015500000 4.000000000 0.000121000 1.000000000 0.000000000 0.000000000 0.000102010 72.000000000 71.000000000 74.000000000 70.000000000
1750310590.200000048 31.270398111999995 120.912211995 3.010300000 4.000000000 0.000121000 1.000000000 0.000000000 0.000000000 0.000102010 74.000000000 72.000000000 74.000000000 70.000000000
1750310590.400000095 31.270398303000007 120.912212819 3.006800000 4.000000000 0.000121000 1.000000000 0.000000000 0.000000000 0.000102010 74.000000000 72.000000000 74.000000000 70.000000000
1750310590.599999905 31.270398419166668 120.912213534 2.998800000 4.000000000 0.000121000 1.000000000 0.000000000 0.000000000 0.000098010 74.000000000 72.000000000 74.000000000 70.000000000
1750310590.799999952 31.27039854216666 120.912214368 2.995300000 4.000000000 0.000121000 1.000000000 0.000000000 0.000000000 0.000098010 74.000000000 72.000000000 74.000000000 70.000000000
1750310591.000000000 31.270398661166666 120.912215173 2.988800000 4.000000000 0.000121000 1.000000000 0.000000000 0.000000000 0.000098010 74.000000000 72.000000000 74.000000000 70.000000000
1750310591.200000048 31.27039874966667 120.912215923 2.986400000 4.000000000 0.000121000 1.000000000 0.000000000 0.000000000 0.000096040 74.000000000 73.000000000 75.000000000 72.000000000
1750310591.400000095 31.270398896166668 120.912216693 2.986100000 4.000000000 0.000121000 1.000000000 0.000000000 0.000000000 0.000096040 74.000000000 73.000000000 75.000000000 72.000000000
1750310591.599999905 31.270399016166664 120.912217500 2.996800000 4.000000000 0.000096040 1.000000000 0.000000000 0.000000000 0.000077440 74.000000000 73.000000000 75.000000000 72.000000000
1750310591.799999952 31.270399166000004 120.912218241 2.986900000 4.000000000 0.000096040 1.000000000 0.000000000 0.000000000 0.000077440 74.000000000 73.000000000 75.000000000 72.000000000
1750310592.000000000 31.270399303999994 120.912219002 2.990100000 4.000000000 0.000096040 1.000000000 0.000000000 0.000000000 0.000077440 74.000000000 73.000000000 75.000000000 72.000000000
1750310592.200000048 31.270399489666673 120.912219819 2.989700000 4.000000000 0.000094090 1.000000000 0.000000000 0.000000000 0.000075690 74.000000000 73.000000000 75.000000000 72.000000000
1750310592.400000095 31.270399667999996 120.912220609 2.987900000 4.000000000 0.000094090 1.000000000 0.000000000 0.000000000 0.000077440 74.000000000 73.000000000 75.000000000 72.000000000
1750310592.599999905 31.270399822 120.912221430 2.995000000 4.000000000 0.000081000 1.000000000 0.000000000 0.000000000 0.000072250 74.000000000 73.000000000 75.000000000 72.000000000
1750310592.799999952 31.270400096166668 120.912222279 2.995900000 4.000000000 0.000081000 1.000000000 0.000000000 0.000000000 0.000072250 74.000000000 73.000000000 75.000000000 72.000000000
1750310593.000000000 31.270400277333337 120.912223059 2.990500000 4.000000000 0.000081000 1.000000000 0.000000000 0.000000000 0.000072250 74.000000000 73.000000000 75.000000000 72.000000000
1750310593.200000048 31.270400483999993 120.912223767 2.989100000 4.000000000 0.000081000 1.000000000 0.000000000 0.000000000 0.000072250 76.000000000 76.000000000 77.000000000 76.000000000
1750310593.400000095 31.270400788833328 120.912224546 2.991800000 4.000000000 0.000081000 1.000000000 0.000000000 0.000000000 0.000072250 76.000000000 76.000000000 77.000000000 76.000000000
1750310593.599999905 31.270400962833335 120.912225356 2.980800000 4.000000000 0.000077440 1.000000000 0.000000000 0.000000000 0.000075690 76.000000000 76.000000000 77.000000000 76.000000000
1750310593.799999952 31.27040120833334 120.912226206 2.978400000 4.000000000 0.000077440 1.000000000 0.000000000 0.000000000 0.000075690 76.000000000 76.000000000 77.000000000 76.000000000
1750310594.000000000 31.270401368166674 120.912226937 2.973800000 4.000000000 0.000077440 1.000000000 0.000000000 0.000000000 0.000075690 76.000000000 76.000000000 77.000000000 76.000000000
1750310594.200000048 31.270401499833326 120.912227758 2.970300000 4.000000000 0.000077440 1.000000000 0.000000000 0.000000000 0.000075690 76.000000000 77.000000000 78.000000000 78.000000000
1750310594.400000095 31.270401599833335 120.912228526 2.969600000 4.000000000 0.000077440 1.000000000 0.000000000 0.000000000 0.000075690 76.000000000 77.000000000 78.000000000 78.000000000
1750310594.599999905 31.270401726833327 120.912229331 2.969100000 4.000000000 0.000073960 1.000000000 0.000000000 0.000000000 0.000073960 76.000000000 77.000000000 78.000000000 78.000000000
1750310594.799999952 31.270401786333338 120.912230113 2.964800000 4.000000000 0.000073960 1.000000000 0.000000000 0.000000000 0.000073960 76.000000000 77.000000000 78.000000000 78.000000000
1750310595.000000000 31.270401916500006 120.912230851 2.961700000 4.000000000 0.000073960 1.000000000 0.000000000 0.000000000 0.000073960 76.000000000 77.000000000 78.000000000 78.000000000
1750310595.200000048 31.270401996999993 120.912231579 2.955700000 4.000000000 0.000073960 1.000000000 0.000000000 0.000000000 0.000073960 78.000000000 77.000000000 77.000000000 76.000000000
1750310595.400000095 31.270402151166664 120.912232399 2.957300000 4.000000000 0.000073960 1.000000000 0.000000000 0.000000000 0.000073960 78.000000000 77.000000000 77.000000000 76.000000000
1750310595.599999905 31.270402262000005 120.912233191 2.947500000 4.000000000 0.000070560 1.000000000 0.000000000 0.000000000 0.000073960 78.000000000 77.000000000 77.000000000 76.000000000
1750310595.799999952 31.27040237316666 120.912233900 2.953300000 4.000000000 0.000070560 1.000000000 0.000000000 0.000000000 0.000073960 78.000000000 77.000000000 77.000000000 76.000000000
1750310596.000000000 31.27040251616667 120.912234755 2.952400000 4.000000000 0.000070560 1.000000000 0.000000000 0.000000000 0.000073960 78.000000000 77.000000000 77.000000000 76.000000000
1750310596.200000048 31.270402698333328 120.912235562 2.956000000 4.000000000 0.000070560 1.000000000 0.000000000 0.000000000 0.000073960 80.000000000 79.000000000 78.000000000 78.000000000
1750310596.400000095 31.270402823333328 120.912236310 2.959900000 4.000000000 0.000070560 1.000000000 0.000000000 0.000000000 0.000073960 80.000000000 79.000000000 78.000000000 78.000000000
1750310596.599999905 31.270402955166674 120.912237126 2.962200000 4.000000000 0.000073960 1.000000000 0.000000000 0.000000000 0.000075690 80.000000000 79.000000000 78.000000000 78.000000000
1750310596.799999952 31.270403139833334 120.912237909 2.964300000 4.000000000 0.000073960 1.000000000 0.000000000 0.000000000 0.000075690 80.000000000 79.000000000 78.000000000 78.000000000
1750310597.000000000 31.27040328533333 120.912238640 2.962900000 4.000000000 0.000073960 1.000000000 0.000000000 0.000000000 0.000075690 80.000000000 79.000000000 78.000000000 78.000000000
1750310597.200000048 31.270403490333337 120.912239443 2.961600000 4.000000000 0.000073960 1.000000000 0.000000000 0.000000000 0.000075690 80.000000000 79.000000000 78.000000000 78.000000000
1750310597.400000095 31.27040372483333 120.912240249 2.967400000 4.000000000 0.000073960 1.000000000 0.000000000 0.000000000 0.000075690 80.000000000 79.000000000 78.000000000 78.000000000
1750310597.599999905 31.270403915166668 120.912241019 2.978900000 4.000000000 0.000082810 1.000000000 0.000000000 0.000000000 0.000073960 80.000000000 79.000000000 78.000000000 78.000000000
1750310597.799999952 31.270404118499997 120.912241792 2.983300000 4.000000000 0.000082810 1.000000000 0.000000000 0.000000000 0.000073960 80.000000000 79.000000000 78.000000000 78.000000000
1750310598.000000000 31.270404192499996 120.912242663 2.986600000 4.000000000 0.000082810 1.000000000 0.000000000 0.000000000 0.000073960 80.000000000 79.000000000 78.000000000 78.000000000
1750310598.200000048 31.270404353999993 120.912243425 2.979700000 4.000000000 0.000082810 1.000000000 0.000000000 0.000000000 0.000073960 80.000000000 79.000000000 78.000000000 78.000000000
1750310598.400000095 31.270404471333336 120.912244214 2.983400000 4.000000000 0.000082810 1.000000000 0.000000000 0.000000000 0.000073960 80.000000000 79.000000000 78.000000000 78.000000000
1750310598.599999905 31.270404543166663 120.912245060 2.995000000 4.000000000 0.000086490 1.000000000 0.000000000 0.000000000 0.000070560 80.000000000 79.000000000 78.000000000 78.000000000
1750310598.799999952 31.270404756666665 120.912245895 2.994000000 4.000000000 0.000086490 1.000000000 0.000000000 0.000000000 0.000070560 80.000000000 79.000000000 78.000000000 78.000000000
1750310599.000000000 31.2704049055 120.912246767 2.992400000 4.000000000 0.000086490 1.000000000 0.000000000 0.000000000 0.000070560 80.000000000 79.000000000 78.000000000 78.000000000
1750310599.200000048 31.27040501766666 120.912247542 2.995100000 4.000000000 0.000088360 1.000000000 0.000000000 0.000000000 0.000070560 76.000000000 76.000000000 77.000000000 76.000000000
1750310599.400000095 31.270405149 120.912248285 2.995100000 4.000000000 0.000088360 1.000000000 0.000000000 0.000000000 0.000070560 76.000000000 76.000000000 77.000000000 76.000000000
1750310599.599999905 31.270405303666664 120.912249091 2.994000000 4.000000000 0.000088360 1.000000000 0.000000000 0.000000000 0.000070560 76.000000000 76.000000000 77.000000000 76.000000000
1750310599.799999952 31.270405442833336 120.912249879 2.993600000 4.000000000 0.000088360 1.000000000 0.000000000 0.000000000 0.000070560 76.000000000 76.000000000 77.000000000 76.000000000
1750310600.000000000 31.270405658 120.912250661 2.998100000 4.000000000 0.000088360 1.000000000 0.000000000 0.000000000 0.000070560 76.000000000 76.000000000 77.000000000 76.000000000
1750310600.200000048 31.27040581366667 120.912251524 3.005800000 4.000000000 0.000086490 1.000000000 0.000000000 0.000000000 0.000072250 80.000000000 78.000000000 77.000000000 76.000000000
1750310600.400000095 31.270405974833338 120.912252274 2.999900000 4.000000000 0.000088360 1.000000000 0.000000000 0.000000000 0.000072250 80.000000000 78.000000000 77.000000000 76.000000000
1750310600.599999905 31.2704061325 120.912253064 3.000700000 4.000000000 0.000081000 1.000000000 0.000000000 0.000000000 0.000072250 80.000000000 78.000000000 77.000000000 76.000000000
1750310600.799999952 31.27040625166667 120.912254053 3.007600000 4.000000000 0.000081000 1.000000000 0.000000000 0.000000000 0.000072250 80.000000000 78.000000000 77.000000000 76.000000000
1750310601.000000000 31.27040648383334 120.912254703 2.999500000 4.000000000 0.000082810 1.000000000 0.000000000 0.000000000 0.000072250 80.000000000 78.000000000 77.000000000 76.000000000
1750310601.200000048 31.27040663583334 120.912255543 3.002900000 4.000000000 0.000082810 1.000000000 0.000000000 0.000000000 0.000072250 78.000000000 79.000000000 78.000000000 80.000000000
1750310601.400000095 31.270406832000006 120.912256364 3.008000000 4.000000000 0.000082810 1.000000000 0.000000000 0.000000000 0.000073960 78.000000000 79.000000000 78.000000000 80.000000000
1750310601.599999905 31.27040691916666 120.912256973 3.007000000 4.000000000 0.000086490 1.000000000 0.000000000 0.000000000 0.000075690 78.000000000 79.000000000 78.000000000 80.000000000
1750310601.799999952 31.270407069833325 120.912257764 3.004400000 4.000000000 0.000086490 1.000000000 0.000000000 0.000000000 0.000075690 78.000000000 79.000000000 78.000000000 80.000000000
1750310602.000000000 31.270407298500004 120.912258462 2.998600000 4.000000000 0.000088360 1.000000000 0.000000000 0.000000000 0.000075690 78.000000000 79.000000000 78.000000000 80.000000000
1750310602.200000048 31.270407452 120.912259206 3.010100000 4.000000000 0.000088360 1.000000000 0.000000000 0.000000000 0.000075690 73.000000000 73.000000000 74.000000000 73.000000000
1750310602.400000095 31.27040757649999 120.912259925 3.010600000 4.000000000 0.000088360 1.000000000 0.000000000 0.000000000 0.000075690 73.000000000 73.000000000 74.000000000 73.000000000
1750310602.599999905 31.270407817666666 120.912260628 2.999700000 4.000000000 0.000102010 1.000000000 0.000000000 0.000000000 0.000081000 73.000000000 73.000000000 74.000000000 73.000000000
1750310602.799999952 31.27040817466667 120.912261263 3.000200000 4.000000000 0.000104040 1.000000000 0.000000000 0.000000000 0.000081000 73.000000000 73.000000000 74.000000000 73.000000000
1750310603.000000000 31.270408597 120.912262087 3.011000000 4.000000000 0.000104040 1.000000000 0.000000000 0.000000000 0.000081000 73.000000000 73.000000000 74.000000000 73.000000000
1750310603.200000048 31.27040898283333 120.912262757 3.013100000 4.000000000 0.000102010 1.000000000 0.000000000 0.000000000 0.000081000 73.000000000 73.000000000 74.000000000 73.000000000
1750310603.400000095 31.270409103833344 120.912263551 3.017100000 4.000000000 0.000102010 1.000000000 0.000000000 0.000000000 0.000081000 73.000000000 73.000000000 74.000000000 73.000000000
1750310603.599999905 31.270409136166677 120.912264309 3.016400000 4.000000000 0.000125440 1.000000000 0.000000000 0.000000000 0.000100000 73.000000000 73.000000000 74.000000000 73.000000000
1750310603.799999952 31.270409205166672 120.912265160 3.016300000 4.000000000 0.000125440 1.000000000 0.000000000 0.000000000 0.000100000 73.000000000 73.000000000 74.000000000 73.000000000
1750310604.000000000 31.270409205166672 120.912266020 3.019500000 4.000000000 0.000125440 1.000000000 0.000000000 0.000000000 0.000100000 73.000000000 73.000000000 74.000000000 73.000000000
1750310604.200000048 31.27040930183334 120.912266703 3.008600000 4.000000000 0.000125440 1.000000000 0.000000000 0.000000000 0.000100000 73.000000000 74.500000000 76.000000000 76.000000000
1750310604.400000095 31.270409331666656 120.912267517 3.018000000 4.000000000 0.000125440 1.000000000 0.000000000 0.000000000 0.000102010 73.000000000 74.500000000 76.000000000 76.000000000
1750310604.599999905 31.27040942716667 120.912268214 3.002400000 4.000000000 0.000127690 1.000000000 0.000000000 0.000000000 0.000110250 73.000000000 74.500000000 76.000000000 76.000000000
1750310604.799999952 31.270409553166658 120.912269002 2.998100000 4.000000000 0.000127690 1.000000000 0.000000000 0.000000000 0.000110250 73.000000000 74.500000000 76.000000000 76.000000000
1750310605.000000000 31.270409720000004 120.912269845 3.008600000 4.000000000 0.000129960 1.000000000 0.000000000 0.000000000 0.000110250 73.000000000 74.500000000 76.000000000 76.000000000
1750310605.200000048 31.270409825166666 120.912270644 3.002000000 4.000000000 0.000129960 1.000000000 0.000000000 0.000000000 0.000110250 75.000000000 76.000000000 76.000000000 77.000000000
1750310605.400000095 31.270409909999998 120.912271436 2.994300000 4.000000000 0.000129960 1.000000000 0.000000000 0.000000000 0.000110250 75.000000000 76.000000000 76.000000000 77.000000000
1750310605.599999905 31.270409964500004 120.912272164 2.987000000 4.000000000 0.000129960 1.000000000 0.000000000 0.000000000 0.000110250 75.000000000 76.000000000 76.000000000 77.000000000
1750310605.799999952 31.270410068333334 120.912272990 2.992000000 4.000000000 0.000129960 1.000000000 0.000000000 0.000000000 0.000110250 75.000000000 76.000000000 76.000000000 77.000000000
1750310606.000000000 31.27041011616666 120.912273965 3.025200000 4.000000000 0.000129960 1.000000000 0.000000000 0.000000000 0.000110250 75.000000000 76.000000000 76.000000000 77.000000000
1750310606.200000048 31.270410228833327 120.912274706 3.018500000 4.000000000 0.000127690 1.000000000 0.000000000 0.000000000 0.000110250 78.000000000 77.000000000 76.000000000 76.000000000
1750310606.400000095 31.2704103385 120.912275511 3.018100000 4.000000000 0.000127690 1.000000000 0.000000000 0.000000000 0.000108160 78.000000000 77.000000000 76.000000000 76.000000000
1750310606.599999905 31.27041052583334 120.912276296 2.993700000 4.000000000 0.000123210 1.000000000 0.000000000 0.000000000 0.000108160 78.000000000 77.000000000 76.000000000 76.000000000
1750310606.799999952 31.270410734500004 120.912277044 2.985700000 4.000000000 0.000125440 1.000000000 0.000000000 0.000000000 0.000108160 78.000000000 77.000000000 76.000000000 76.000000000
1750310607.000000000 31.270410899333342 120.912277808 2.986100000 4.000000000 0.000125440 1.000000000 0.000000000 0.000000000 0.000108160 78.000000000 77.000000000 76.000000000 76.000000000
1750310607.200000048 31.27041107066667 120.912278545 2.980400000 4.000000000 0.000123210 1.000000000 0.000000000 0.000000000 0.000106090 80.000000000 79.000000000 77.000000000 78.000000000
1750310607.400000095 31.270411179000007 120.912279294 2.979400000 4.000000000 0.000121000 1.000000000 0.000000000 0.000000000 0.000106090 80.000000000 79.000000000 77.000000000 78.000000000
1750310607.599999905 31.27041137916666 120.912279994 2.983600000 4.000000000 0.000098010 1.000000000 0.000000000 0.000000000 0.000084640 80.000000000 79.000000000 77.000000000 78.000000000
1750310607.799999952 31.270411582666668 120.912280731 2.990700000 4.000000000 0.000098010 1.000000000 0.000000000 0.000000000 0.000084640 80.000000000 79.000000000 77.000000000 78.000000000
1750310608.000000000 31.27041176183333 120.912281552 2.996800000 4.000000000 0.000098010 1.000000000 0.000000000 0.000000000 0.000084640 80.000000000 79.000000000 77.000000000 78.000000000
1750310608.200000048 31.270411975833326 120.912282276 2.994800000 4.000000000 0.000098010 1.000000000 0.000000000 0.000000000 0.000084640 80.000000000 81.000000000 79.000000000 82.000000000
1750310608.400000095 31.270412113666666 120.912283101 2.989600000 4.000000000 0.000098010 1.000000000 0.000000000 0.000000000 0.000084640 80.000000000 81.000000000 79.000000000 82.000000000
1750310608.599999905 31.27041233716666 120.912283788 2.979300000 4.000000000 0.000086490 1.000000000 0.000000000 0.000000000 0.000079210 80.000000000 81.000000000 79.000000000 82.000000000
1750310608.799999952 31.270412507833328 120.912284645 2.989800000 4.000000000 0.000086490 1.000000000 0.000000000 0.000000000 0.000079210 80.000000000 81.000000000 79.000000000 82.000000000
1750310609.000000000 31.27041272066667 120.912285442 2.989700000 4.000000000 0.000086490 1.000000000 0.000000000 0.000000000 0.000079210 80.000000000 81.000000000 79.000000000 82.000000000
1750310609.200000048 31.270412931833334 120.912286170 2.988700000 4.000000000 0.000086490 1.000000000 0.000000000 0.000000000 0.000079210 80.000000000 81.000000000 79.000000000 82.000000000
1750310609.400000095 31.270413129333335 120.912286974 2.991200000 4.000000000 0.000086490 1.000000000 0.000000000 0.000000000 0.000079210 80.000000000 81.000000000 79.000000000 82.000000000
1750310609.599999905 31.270413318500005 120.912287713 2.994600000 4.000000000 0.000081000 1.000000000 0.000000000 0.000000000 0.000077440 80.000000000 81.000000000 79.000000000 82.000000000
1750310609.799999952 31.270413497666667 120.912288465 2.994700000 4.000000000 0.000081000 1.000000000 0.000000000 0.000000000 0.000077440 80.000000000 81.000000000 79.000000000 82.000000000
1750310610.000000000 31.270413709833335 120.912289272 2.992800000 4.000000000 0.000081000 1.000000000 0.000000000 0.000000000 0.000077440 80.000000000 81.000000000 79.000000000 82.000000000
1750310610.200000048 31.270413993333335 120.912290123 2.998500000 4.000000000 0.000081000 1.000000000 0.000000000 0.000000000 0.000077440 84.000000000 84.000000000 80.000000000 84.000000000
1750310610.400000095 31.270414221500005 120.912290905 3.014200000 4.000000000 0.000081000 1.000000000 0.000000000 0.000000000 0.000077440 84.000000000 84.000000000 80.000000000 84.000000000
1750310610.599999905 31.270414395333333 120.912291747 3.025400000 4.000000000 0.000077440 1.000000000 0.000000000 0.000000000 0.000072250 84.000000000 84.000000000 80.000000000 84.000000000
1750310610.799999952 31.270414796833336 120.912292438 3.023800000 4.000000000 0.000077440 1.000000000 0.000000000 0.000000000 0.000072250 84.000000000 84.000000000 80.000000000 84.000000000
1750310611.000000000 31.27041523316666 120.912293206 3.035500000 4.000000000 0.000077440 1.000000000 0.000000000 0.000000000 0.000072250 84.000000000 84.000000000 80.000000000 84.000000000
1750310611.200000048 31.270415557000007 120.912293935 3.030400000 4.000000000 0.000077440 1.000000000 0.000000000 0.000000000 0.000073960 84.000000000 84.000000000 80.000000000 84.000000000
1750310611.400000095 31.270415905333337 120.912294681 3.034700000 4.000000000 0.000079210 1.000000000 0.000000000 0.000000000 0.000073960 84.000000000 84.000000000 80.000000000 84.000000000
1750310611.599999905 31.27041611033333 120.912295472 3.036000000 4.000000000 0.000073960 1.000000000 0.000000000 0.000000000 0.000073960 84.000000000 84.000000000 80.000000000 84.000000000
1750310611.799999952 31.270416282499994 120.912296198 3.036000000 4.000000000 0.000073960 1.000000000 0.000000000 0.000000000 0.000073960 84.000000000 84.000000000 80.000000000 84.000000000
1750310612.000000000 31.27041638516667 120.912296951 3.035800000 4.000000000 0.000073960 1.000000000 0.000000000 0.000000000 0.000073960 84.000000000 84.000000000 80.000000000 84.000000000
1750310612.200000048 31.270416382000008 120.912297762 3.038200000 4.000000000 0.000073960 1.000000000 0.000000000 0.000000000 0.000073960 84.000000000 84.000000000 80.000000000 84.000000000
1750310612.400000095 31.270416431499996 120.912298599 3.037100000 4.000000000 0.000073960 1.000000000 0.000000000 0.000000000 0.000073960 84.000000000 84.000000000 80.000000000 84.000000000
1750310612.599999905 31.270416536666673 120.912299448 3.019600000 4.000000000 0.000073960 1.000000000 0.000000000 0.000000000 0.000073960 84.000000000 84.000000000 80.000000000 84.000000000
1750310612.799999952 31.270416653500007 120.912300304 3.022800000 4.000000000 0.000073960 1.000000000 0.000000000 0.000000000 0.000073960 84.000000000 84.000000000 80.000000000 84.000000000
1750310613.000000000 31.270416686666664 120.912301076 3.019600000 4.000000000 0.000073960 1.000000000 0.000000000 0.000000000 0.000073960 84.000000000 84.000000000 80.000000000 84.000000000
1750310613.200000048 31.270416748499997 120.912302054 3.024800000 4.000000000 0.000073960 1.000000000 0.000000000 0.000000000 0.000073960 86.000000000 86.000000000 80.000000000 86.000000000
1750310613.400000095 31.270416846833342 120.912302750 3.016400000 4.000000000 0.000073960 1.000000000 0.000000000 0.000000000 0.000073960 86.000000000 86.000000000 80.000000000 86.000000000
1750310613.599999905 31.270416747 120.912303675 2.994300000 4.000000000 0.000073960 1.000000000 0.000000000 0.000000000 0.000073960 86.000000000 86.000000000 80.000000000 86.000000000
1750310613.799999952 31.270416827999995 120.912304396 2.993600000 4.000000000 0.000073960 1.000000000 0.000000000 0.000000000 0.000073960 86.000000000 86.000000000 80.000000000 86.000000000
1750310614.000000000 31.2704170425 120.912305219 2.996800000 4.000000000 0.000073960 1.000000000 0.000000000 0.000000000 0.000073960 86.000000000 86.000000000 80.000000000 86.000000000
1750310614.200000048 31.270417233333333 120.912306020 2.989800000 4.000000000 0.000073960 1.000000000 0.000000000 0.000000000 0.000073960 86.000000000 86.000000000 80.000000000 86.000000000
1750310614.400000095 31.2704172885 120.912306892 2.987300000 4.000000000 0.000073960 1.000000000 0.000000000 0.000000000 0.000073960 86.000000000 86.000000000 80.000000000 86.000000000
1750310614.599999905 31.27041755733333 120.912307614 2.996700000 4.000000000 0.000067240 1.000000000 0.000000000 0.000000000 0.000068890 86.000000000 86.000000000 80.000000000 86.000000000
1750310614.799999952 31.270417895500003 120.912308357 2.998800000 4.000000000 0.000067240 1.000000000 0.000000000 0.000000000 0.000068890 86.000000000 86.000000000 80.000000000 86.000000000
1750310615.000000000 31.27041833716666 120.912309005 2.995500000 4.000000000 0.000065610 1.000000000 0.000000000 0.000000000 0.000068890 86.000000000 86.000000000 80.000000000 86.000000000
1750310615.200000048 31.27041871616666 120.912309669 2.995700000 4.000000000 0.000067240 1.000000000 0.000000000 0.000000000 0.000068890 84.000000000 84.000000000 80.000000000 84.000000000
1750310615.400000095 31.2704190475 120.912310393 3.001600000 4.000000000 0.000067240 1.000000000 0.000000000 0.000000000 0.000068890 84.000000000 84.000000000 80.000000000 84.000000000
1750310615.599999905 31.270419083500002 120.912311233 3.006600000 4.000000000 0.000067240 1.000000000 0.000000000 0.000000000 0.000068890 84.000000000 84.000000000 80.000000000 84.000000000
1750310615.799999952 31.27041910566666 120.912311998 3.002800000 4.000000000 0.000067240 1.000000000 0.000000000 0.000000000 0.000068890 84.000000000 84.000000000 80.000000000 84.000000000
1750310616.000000000 31.270419169000007 120.912312808 3.006200000 4.000000000 0.000067240 1.000000000 0.000000000 0.000000000 0.000068890 84.000000000 84.000000000 80.000000000 84.000000000
1750310616.200000048 31.270419197500004 120.912313673 3.011500000 4.000000000 0.000067240 1.000000000 0.000000000 0.000000000 0.000068890 84.000000000 84.000000000 80.000000000 84.000000000
1750310616.400000095 31.270419224166673 120.912314521 3.013400000 4.000000000 0.000067240 1.000000000 0.000000000 0.000000000 0.000068890 84.000000000 84.000000000 80.000000000 84.000000000
1750310616.599999905 31.270419267166673 120.912315420 3.012400000 4.000000000 0.000067240 1.000000000 0.000000000 0.000000000 0.000068890 84.000000000 84.000000000 80.000000000 84.000000000
1750310616.799999952 31.270419259166673 120.912316321 3.015400000 4.000000000 0.000067240 1.000000000 0.000000000 0.000000000 0.000068890 84.000000000 84.000000000 80.000000000 84.000000000
1750310617.000000000 31.270419323 120.912317135 3.014100000 4.000000000 0.000067240 1.000000000 0.000000000 0.000000000 0.000068890 84.000000000 84.000000000 80.000000000 84.000000000
1750310617.200000048 31.27041931383333 120.912318015 3.014300000 4.000000000 0.000068890 1.000000000 0.000000000 0.000000000 0.000070560 84.000000000 84.000000000 80.000000000 84.000000000
1750310617.400000095 31.2704193175 120.912318913 3.006800000 4.000000000 0.000068890 1.000000000 0.000000000 0.000000000 0.000070560 84.000000000 84.000000000 80.000000000 84.000000000
1750310617.599999905 31.270419434333334 120.912319680 2.994700000 4.000000000 0.000067240 1.000000000 0.000000000 0.000000000 0.000068890 84.000000000 84.000000000 80.000000000 84.000000000
1750310617.799999952 31.27041949433334 120.912320526 2.996700000 4.000000000 0.000067240 1.000000000 0.000000000 0.000000000 0.000068890 84.000000000 84.000000000 80.000000000 84.000000000
1750310618.000000000 31.27041952383334 120.912321295 2.992600000 4.000000000 0.000067240 1.000000000 0.000000000 0.000000000 0.000068890 84.000000000 84.000000000 80.000000000 84.000000000
1750310618.200000048 31.2704195125 120.912322059 2.982800000 4.000000000 0.000067240 1.000000000 0.000000000 0.000000000 0.000068890 86.000000000 85.000000000 80.000000000 84.000000000
1750310618.400000095 31.27041959666667 120.912322818 2.975900000 4.000000000 0.000067240 1.000000000 0.000000000 0.000000000 0.000068890 86.000000000 85.000000000 80.000000000 84.000000000
1750310618.599999905 31.270419606333334 120.912323603 2.976100000 4.000000000 0.000067240 1.000000000 0.000000000 0.000000000 0.000067240 86.000000000 85.000000000 80.000000000 84.000000000
1750310618.799999952 31.27041960566666 120.912324475 2.980800000 4.000000000 0.000067240 1.000000000 0.000000000 0.000000000 0.000067240 86.000000000 85.000000000 80.000000000 84.000000000
1750310619.000000000 31.270419754999992 120.912325314 2.982100000 4.000000000 0.000067240 1.000000000 0.000000000 0.000000000 0.000067240 86.000000000 85.000000000 80.000000000 84.000000000
1750310619.200000048 31.27041975266667 120.912326125 2.978200000 4.000000000 0.000067240 1.000000000 0.000000000 0.000000000 0.000067240 86.000000000 84.000000000 79.000000000 82.000000000
1750310619.400000095 31.27041987983334 120.912326943 2.980000000 4.000000000 0.000067240 1.000000000 0.000000000 0.000000000 0.000067240 86.000000000 84.000000000 79.000000000 82.000000000
1750310619.599999905 31.27041998083334 120.912327712 2.976800000 4.000000000 0.000065610 1.000000000 0.000000000 0.000000000 0.000064000 86.000000000 84.000000000 79.000000000 82.000000000
1750310619.799999952 31.27042008833334 120.912328475 2.970200000 4.000000000 0.000065610 1.000000000 0.000000000 0.000000000 0.000064000 86.000000000 84.000000000 79.000000000 82.000000000
1750310620.000000000 31.270420192166668 120.912329320 2.971900000 4.000000000 0.000065610 1.000000000 0.000000000 0.000000000 0.000065610 86.000000000 84.000000000 79.000000000 82.000000000
1750310620.200000048 31.270420298666664 120.912330183 2.972500000 4.000000000 0.000065610 1.000000000 0.000000000 0.000000000 0.000065610 82.000000000 82.000000000 79.000000000 82.000000000
1750310620.400000095 31.27042041716666 120.912330932 2.970000000 4.000000000 0.000065610 1.000000000 0.000000000 0.000000000 0.000065610 82.000000000 82.000000000 79.000000000 82.000000000
1750310620.599999905 31.270420531666673 120.912331741 2.974900000 4.000000000 0.000062410 1.000000000 0.000000000 0.000000000 0.000067240 82.000000000 82.000000000 79.000000000 82.000000000
1750310620.799999952 31.27042062066667 120.912332492 2.970900000 4.000000000 0.000062410 1.000000000 0.000000000 0.000000000 0.000067240 82.000000000 82.000000000 79.000000000 82.000000000
1750310621.000000000 31.27042072816667 120.912333274 2.973900000 4.000000000 0.000062410 1.000000000 0.000000000 0.000000000 0.000067240 82.000000000 82.000000000 79.000000000 82.000000000
1750310621.200000048 31.270420915666662 120.912334106 2.975200000 4.000000000 0.000064000 1.000000000 0.000000000 0.000000000 0.000067240 86.000000000 84.000000000 79.000000000 82.000000000
1750310621.400000095 31.270421027666657 120.912334889 2.969000000 4.000000000 0.000064000 1.000000000 0.000000000 0.000000000 0.000067240 86.000000000 84.000000000 79.000000000 82.000000000
1750310621.599999905 31.27042118433333 120.912335761 2.970800000 4.000000000 0.000060840 1.000000000 0.000000000 0.000000000 0.000064000 86.000000000 84.000000000 79.000000000 82.000000000
1750310621.799999952 31.27042134283333 120.912336600 2.973600000 4.000000000 0.000060840 1.000000000 0.000000000 0.000000000 0.000064000 86.000000000 84.000000000 79.000000000 82.000000000
1750310622.000000000 31.270421492166662 120.912337331 2.972700000 4.000000000 0.000060840 1.000000000 0.000000000 0.000000000 0.000065610 86.000000000 84.000000000 79.000000000 82.000000000
1750310622.200000048 31.27042162233333 120.912338071 2.971900000 4.000000000 0.000062410 1.000000000 0.000000000 0.000000000 0.000065610 82.000000000 82.000000000 79.000000000 82.000000000
1750310622.400000095 31.270421805333328 120.912338850 2.978700000 4.000000000 0.000062410 1.000000000 0.000000000 0.000000000 0.000065610 82.000000000 82.000000000 79.000000000 82.000000000
1750310622.599999905 31.2704219245 120.912339532 2.968800000 4.000000000 0.000065610 1.000000000 0.000000000 0.000000000 0.000068890 82.000000000 82.000000000 79.000000000 82.000000000
1750310622.799999952 31.27042220366667 120.912340231 2.967600000 4.000000000 0.000065610 1.000000000 0.000000000 0.000000000 0.000070560 82.000000000 82.000000000 79.000000000 82.000000000
1750310623.000000000 31.270422513 120.912340982 2.972600000 4.000000000 0.000065610 1.000000000 0.000000000 0.000000000 0.000070560 82.000000000 82.000000000 79.000000000 82.000000000
1750310623.200000048 31.270422874833343 120.912341784 2.975800000 4.000000000 0.000065610 1.000000000 0.000000000 0.000000000 0.000070560 82.000000000 82.000000000 79.000000000 82.000000000
1750310623.400000095 31.270423187999995 120.912342568 2.979400000 4.000000000 0.000065610 1.000000000 0.000000000 0.000000000 0.000070560 82.000000000 82.000000000 79.000000000 82.000000000
1750310623.599999905 31.270423465833332 120.912343330 2.977400000 4.000000000 0.000088360 1.000000000 0.000000000 0.000000000 0.000082810 82.000000000 82.000000000 79.000000000 82.000000000
1750310623.799999952 31.270423499166668 120.912344260 2.971100000 4.000000000 0.000088360 1.000000000 0.000000000 0.000000000 0.000082810 82.000000000 82.000000000 79.000000000 82.000000000
1750310624.000000000 31.27042344666667 120.912345048 2.964300000 4.000000000 0.000088360 1.000000000 0.000000000 0.000000000 0.000082810 82.000000000 82.000000000 79.000000000 82.000000000
1750310624.200000048 31.270423404 120.912345963 2.966500000 4.000000000 0.000088360 1.000000000 0.000000000 0.000000000 0.000082810 86.000000000 84.000000000 79.000000000 82.000000000
1750310624.400000095 31.270423372833335 120.912346749 2.959100000 4.000000000 0.000088360 1.000000000 0.000000000 0.000000000 0.000082810 86.000000000 84.000000000 79.000000000 82.000000000
1750310624.599999905 31.27042333116667 120.912347551 2.967500000 4.000000000 0.000094090 1.000000000 0.000000000 0.000000000 0.000088360 86.000000000 84.000000000 79.000000000 82.000000000
1750310624.799999952 31.270423213 120.912348461 2.965400000 4.000000000 0.000094090 1.000000000 0.000000000 0.000000000 0.000090250 86.000000000 84.000000000 79.000000000 82.000000000
1750310625.000000000 31.27042316316667 120.912349251 2.969300000 4.000000000 0.000094090 1.000000000 0.000000000 0.000000000 0.000088360 86.000000000 84.000000000 79.000000000 82.000000000
1750310625.200000048 31.270423111666673 120.912350050 2.954400000 4.000000000 0.000096040 1.000000000 0.000000000 0.000000000 0.000090250 86.000000000 84.000000000 79.000000000 82.000000000
1750310625.400000095 31.270422932666662 120.912350932 2.949700000 4.000000000 0.000096040 1.000000000 0.000000000 0.000000000 0.000090250 86.000000000 84.000000000 79.000000000 82.000000000
1750310625.599999905 31.27042299033333 120.912351773 2.915500000 4.000000000 0.000102010 1.000000000 0.000000000 0.000000000 0.000100000 86.000000000 84.000000000 79.000000000 82.000000000
1750310625.799999952 31.270423114500005 120.912352573 2.909500000 4.000000000 0.000102010 1.000000000 0.000000000 0.000000000 0.000098010 86.000000000 84.000000000 79.000000000 82.000000000
1750310626.000000000 31.270423183666665 120.912353393 2.903800000 4.000000000 0.000102010 1.000000000 0.000000000 0.000000000 0.000098010 86.000000000 84.000000000 79.000000000 82.000000000
1750310626.200000048 31.270423290333326 120.912354189 2.901000000 4.000000000 0.000100000 1.000000000 0.000000000 0.000000000 0.000098010 86.000000000 84.000000000 79.000000000 82.000000000
1750310626.400000095 31.2704232065 120.912355098 2.896500000 4.000000000 0.000100000 1.000000000 0.000000000 0.000000000 0.000098010 86.000000000 84.000000000 79.000000000 82.000000000
1750310626.599999905 31.270423260499996 120.912355825 2.911100000 4.000000000 0.000084640 1.000000000 0.000000000 0.000000000 0.000086490 86.000000000 84.000000000 79.000000000 82.000000000
1750310626.799999952 31.270423414333322 120.912356607 2.911000000 4.000000000 0.000084640 1.000000000 0.000000000 0.000000000 0.000086490 86.000000000 84.000000000 79.000000000 82.000000000
1750310627.000000000 31.27042363866667 120.912357309 2.916300000 4.000000000 0.000084640 1.000000000 0.000000000 0.000000000 0.000086490 86.000000000 84.000000000 79.000000000 82.000000000
1750310627.200000048 31.270423891000007 120.912358070 2.917500000 4.000000000 0.000084640 1.000000000 0.000000000 0.000000000 0.000084640 89.000000000 87.500000000 81.000000000 86.000000000
1750310627.400000095 31.270424271833335 120.912358671 2.919500000 4.000000000 0.000084640 1.000000000 0.000000000 0.000000000 0.000086490 89.000000000 87.500000000 81.000000000 86.000000000
1750310627.599999905 31.270424603833334 120.912359347 2.929900000 4.000000000 0.000068890 1.000000000 0.000000000 0.000000000 0.000068890 89.000000000 87.500000000 81.000000000 86.000000000
1750310627.799999952 31.270424925166665 120.912360186 2.938500000 4.000000000 0.000068890 1.000000000 0.000000000 0.000000000 0.000068890 89.000000000 87.500000000 81.000000000 86.000000000
1750310628.000000000 31.27042507233334 120.912361010 2.936100000 4.000000000 0.000068890 1.000000000 0.000000000 0.000000000 0.000068890 89.000000000 87.500000000 81.000000000 86.000000000
1750310628.200000048 31.27042510966666 120.912361904 2.939900000 4.000000000 0.000068890 1.000000000 0.000000000 0.000000000 0.000068890 89.000000000 87.500000000 81.000000000 86.000000000
1750310628.400000095 31.270425176499998 120.912362799 2.949400000 4.000000000 0.000068890 1.000000000 0.000000000 0.000000000 0.000068890 89.000000000 87.500000000 81.000000000 86.000000000
1750310628.599999905 31.270425268500006 120.912363665 2.953100000 4.000000000 0.000067240 1.000000000 0.000000000 0.000000000 0.000067240 89.000000000 87.500000000 81.000000000 86.000000000
1750310628.799999952 31.270425316499995 120.912364427 2.950600000 4.000000000 0.000067240 1.000000000 0.000000000 0.000000000 0.000067240 89.000000000 87.500000000 81.000000000 86.000000000
1750310629.000000000 31.270425460666672 120.912365302 2.952000000 4.000000000 0.000067240 1.000000000 0.000000000 0.000000000 0.000067240 89.000000000 87.500000000 81.000000000 86.000000000
1750310629.200000048 31.270425454666665 120.912366126 2.949200000 4.000000000 0.000068890 1.000000000 0.000000000 0.000000000 0.000067240 89.000000000 87.500000000 81.000000000 86.000000000
1750310629.400000095 31.270425426333333 120.912367012 2.945100000 4.000000000 0.000068890 1.000000000 0.000000000 0.000000000 0.000067240 89.000000000 87.500000000 81.000000000 86.000000000
1750310629.599999905 31.27042550516667 120.912367793 2.935300000 4.000000000 0.000068890 1.000000000 0.000000000 0.000000000 0.000064000 89.000000000 87.500000000 81.000000000 86.000000000
1750310629.799999952 31.27042563366666 120.912368510 2.934800000 4.000000000 0.000067240 1.000000000 0.000000000 0.000000000 0.000064000 89.000000000 87.500000000 81.000000000 86.000000000
1750310630.000000000 31.270425660499996 120.912369330 2.930300000 4.000000000 0.000068890 1.000000000 0.000000000 0.000000000 0.000064000 89.000000000 87.500000000 81.000000000 86.000000000
1750310630.200000048 31.270425748000008 120.912370158 2.927000000 4.000000000 0.000068890 1.000000000 0.000000000 0.000000000 0.000065610 89.000000000 87.500000000 81.000000000 86.000000000
1750310630.400000095 31.27042585966666 120.912370965 2.929400000 4.000000000 0.000068890 1.000000000 0.000000000 0.000000000 0.000065610 89.000000000 87.500000000 81.000000000 86.000000000
1750310630.599999905 31.270425926166666 120.912371785 2.926600000 4.000000000 0.000068890 1.000000000 0.000000000 0.000000000 0.000064000 89.000000000 87.500000000 81.000000000 86.000000000
1750310630.799999952 31.27042600216666 120.912372591 2.925900000 4.000000000 0.000068890 1.000000000 0.000000000 0.000000000 0.000064000 89.000000000 87.500000000 81.000000000 86.000000000
1750310631.000000000 31.270426165333333 120.912373444 2.925100000 4.000000000 0.000068890 1.000000000 0.000000000 0.000000000 0.000064000 89.000000000 87.500000000 81.000000000 86.000000000
1750310631.200000048 31.27042627483334 120.912374253 2.925400000 4.000000000 0.000068890 1.000000000 0.000000000 0.000000000 0.000064000 89.000000000 87.500000000 81.000000000 86.000000000
1750310631.400000095 31.270426380333333 120.912374951 2.925100000 4.000000000 0.000068890 1.000000000 0.000000000 0.000000000 0.000064000 89.000000000 87.500000000 81.000000000 86.000000000
1750310631.599999905 31.2704264745 120.912375697 2.916600000 4.000000000 0.000068890 1.000000000 0.000000000 0.000000000 0.000064000 89.000000000 87.500000000 81.000000000 86.000000000
1750310631.799999952 31.270426587000003 120.912376446 2.915300000 4.000000000 0.000068890 1.000000000 0.000000000 0.000000000 0.000064000 89.000000000 87.500000000 81.000000000 86.000000000
1750310632.000000000 31.270426680333344 120.912377299 2.920400000 4.000000000 0.000068890 1.000000000 0.000000000 0.000000000 0.000064000 89.000000000 87.500000000 81.000000000 86.000000000
1750310632.200000048 31.270426855166676 120.912378028 2.915600000 4.000000000 0.000068890 1.000000000 0.000000000 0.000000000 0.000064000 91.000000000 88.500000000 81.000000000 86.000000000
1750310632.400000095 31.270426952000008 120.912378956 2.920500000 4.000000000 0.000068890 1.000000000 0.000000000 0.000000000 0.000064000 91.000000000 88.500000000 81.000000000 86.000000000
1750310632.599999905 31.270427064666663 120.912379790 2.921700000 4.000000000 0.000060840 1.000000000 0.000000000 0.000000000 0.000062410 91.000000000 88.500000000 81.000000000 86.000000000
1750310632.799999952 31.270427233666666 120.912380471 2.918100000 4.000000000 0.000060840 1.000000000 0.000000000 0.000000000 0.000062410 91.000000000 88.500000000 81.000000000 86.000000000
1750310633.000000000 31.270427387666672 120.912381289 2.923400000 4.000000000 0.000062410 1.000000000 0.000000000 0.000000000 0.000062410 91.000000000 88.500000000 81.000000000 86.000000000
1750310633.200000048 31.27042743616667 120.912382122 2.916200000 4.000000000 0.000062410 1.000000000 0.000000000 0.000000000 0.000062410 91.000000000 90.000000000 83.000000000 89.000000000
1750310633.400000095 31.27042758249999 120.912382944 2.919100000 4.000000000 0.000062410 1.000000000 0.000000000 0.000000000 0.000062410 91.000000000 90.000000000 83.000000000 89.000000000
1750310633.599999905 31.270427692333328 120.912383727 2.913500000 4.000000000 0.000057760 1.000000000 0.000000000 0.000000000 0.000059290 91.000000000 90.000000000 83.000000000 89.000000000
1750310633.799999952 31.270427765833333 120.912384541 2.914000000 4.000000000 0.000057760 1.000000000 0.000000000 0.000000000 0.000059290 91.000000000 90.000000000 83.000000000 89.000000000
1750310634.000000000 31.270427796333337 120.912385374 2.914500000 4.000000000 0.000059290 1.000000000 0.000000000 0.000000000 0.000059290 91.000000000 90.000000000 83.000000000 89.000000000
1750310634.200000048 31.270427796666667 120.912386170 2.897600000 4.000000000 0.000059290 1.000000000 0.000000000 0.000000000 0.000059290 91.000000000 90.000000000 83.000000000 89.000000000
1750310634.400000095 31.270427956666666 120.912386935 2.900600000 4.000000000 0.000059290 1.000000000 0.000000000 0.000000000 0.000059290 91.000000000 90.000000000 83.000000000 89.000000000
1750310634.599999905 31.27042821783334 120.912387599 2.908600000 4.000000000 0.000062410 1.000000000 0.000000000 0.000000000 0.000060840 91.000000000 90.000000000 83.000000000 89.000000000
1750310634.799999952 31.27042857283334 120.912388227 2.904500000 4.000000000 0.000062410 1.000000000 0.000000000 0.000000000 0.000060840 91.000000000 90.000000000 83.000000000 89.000000000
1750310635.000000000 31.270429030166667 120.912388871 2.917800000 4.000000000 0.000062410 1.000000000 0.000000000 0.000000000 0.000060840 91.000000000 90.000000000 83.000000000 89.000000000
1750310635.200000048 31.270429477500002 120.912389526 2.916600000 4.000000000 0.000062410 1.000000000 0.000000000 0.000000000 0.000060840 91.000000000 90.000000000 83.000000000 89.000000000
1750310635.400000095 31.270429805000006 120.912390249 2.919500000 4.000000000 0.000062410 1.000000000 0.000000000 0.000000000 0.000060840 91.000000000 90.000000000 83.000000000 89.000000000
1750310635.599999905 31.270430072500005 120.912390962 2.916300000 4.000000000 0.000065610 1.000000000 0.000000000 0.000000000 0.000062410 91.000000000 90.000000000 83.000000000 89.000000000
1750310635.799999952 31.270430148833327 120.912391845 2.930000000 4.000000000 0.000065610 1.000000000 0.000000000 0.000000000 0.000062410 91.000000000 90.000000000 83.000000000 89.000000000
1750310636.000000000 31.270430182333328 120.912392673 2.923100000 4.000000000 0.000065610 1.000000000 0.000000000 0.000000000 0.000062410 91.000000000 90.000000000 83.000000000 89.000000000
1750310636.200000048 31.270430243999996 120.912393517 2.925300000 4.000000000 0.000065610 1.000000000 0.000000000 0.000000000 0.000062410 91.000000000 90.000000000 83.000000000 89.000000000
1750310636.400000095 31.270430223666665 120.912394382 2.925700000 4.000000000 0.000065610 1.000000000 0.000000000 0.000000000 0.000062410 91.000000000 90.000000000 83.000000000 89.000000000
1750310636.599999905 31.270430214 120.912395110 2.922800000 4.000000000 0.000065610 1.000000000 0.000000000 0.000000000 0.000062410 91.000000000 90.000000000 83.000000000 89.000000000
1750310636.799999952 31.27043022800001 120.912395882 2.921700000 4.000000000 0.000065610 1.000000000 0.000000000 0.000000000 0.000062410 91.000000000 90.000000000 83.000000000 89.000000000
1750310637.000000000 31.270430305333335 120.912396688 2.917500000 4.000000000 0.000065610 1.000000000 0.000000000 0.000000000 0.000062410 91.000000000 90.000000000 83.000000000 89.000000000
1750310637.200000048 31.270430393833337 120.912397430 2.918500000 4.000000000 0.000065610 1.000000000 0.000000000 0.000000000 0.000062410 91.000000000 90.000000000 83.000000000 89.000000000
1750310637.400000095 31.270430491166664 120.912398257 2.918500000 4.000000000 0.000065610 1.000000000 0.000000000 0.000000000 0.000062410 91.000000000 90.000000000 83.000000000 89.000000000
1750310637.599999905 31.270430579999996 120.912399129 2.919000000 4.000000000 0.000067240 1.000000000 0.000000000 0.000000000 0.000062410 91.000000000 90.000000000 83.000000000 89.000000000
1750310637.799999952 31.27043063233333 120.912399993 2.916800000 4.000000000 0.000067240 1.000000000 0.000000000 0.000000000 0.000062410 91.000000000 90.000000000 83.000000000 89.000000000
1750310638.000000000 31.270430713833335 120.912400738 2.911600000 4.000000000 0.000067240 1.000000000 0.000000000 0.000000000 0.000062410 91.000000000 90.000000000 83.000000000 89.000000000
1750310638.200000048 31.270430708000006 120.912401586 2.911700000 4.000000000 0.000068890 1.000000000 0.000000000 0.000000000 0.000064000 91.000000000 90.000000000 83.000000000 89.000000000
1750310638.400000095 31.270430782000005 120.912402430 2.912700000 4.000000000 0.000068890 1.000000000 0.000000000 0.000000000 0.000064000 91.000000000 90.000000000 83.000000000 89.000000000
1750310638.599999905 31.27043084883333 120.912403175 2.919400000 4.000000000 0.000065610 1.000000000 0.000000000 0.000000000 0.000064000 91.000000000 90.000000000 83.000000000 89.000000000
1750310638.799999952 31.270430868000005 120.912403892 2.910300000 4.000000000 0.000064000 1.000000000 0.000000000 0.000000000 0.000064000 91.000000000 90.000000000 83.000000000 89.000000000
1750310639.000000000 31.270430812499995 120.912404724 2.914000000 4.000000000 0.000064000 1.000000000 0.000000000 0.000000000 0.000064000 91.000000000 90.000000000 83.000000000 89.000000000
1750310639.200000048 31.27043092466667 120.912405472 2.903900000 4.000000000 0.000065610 1.000000000 0.000000000 0.000000000 0.000064000 89.000000000 89.000000000 83.000000000 89.000000000
1750310639.400000095 31.27043117066667 120.912406230 2.911200000 4.000000000 0.000065610 1.000000000 0.000000000 0.000000000 0.000064000 89.000000000 89.000000000 83.000000000 89.000000000
1750310639.599999905 31.27043141433333 120.912406973 2.910500000 4.000000000 0.000060840 1.000000000 0.000000000 0.000000000 0.000062410 89.000000000 89.000000000 83.000000000 89.000000000
1750310639.799999952 31.270431775666665 120.912407683 2.920400000 4.000000000 0.000060840 1.000000000 0.000000000 0.000000000 0.000062410 89.000000000 89.000000000 83.000000000 89.000000000
1750310640.000000000 31.27043206333333 120.912408406 2.919800000 4.000000000 0.000060840 1.000000000 0.000000000 0.000000000 0.000062410 89.000000000 89.000000000 83.000000000 89.000000000
1750310640.200000048 31.270432131000007 120.912409236 2.919100000 4.000000000 0.000062410 1.000000000 0.000000000 0.000000000 0.000064000 89.000000000 89.000000000 83.000000000 89.000000000
1750310640.400000095 31.270432170999996 120.912410047 2.919700000 4.000000000 0.000062410 1.000000000 0.000000000 0.000000000 0.000064000 89.000000000 89.000000000 83.000000000 89.000000000
1750310640.599999905 31.270432228666664 120.912410861 2.944300000 4.000000000 0.000070560 1.000000000 0.000000000 0.000000000 0.000065610 89.000000000 89.000000000 83.000000000 89.000000000
1750310640.799999952 31.2704322605 120.912411672 2.937200000 4.000000000 0.000070560 1.000000000 0.000000000 0.000000000 0.000065610 89.000000000 89.000000000 83.000000000 89.000000000
1750310641.000000000 31.270432358999997 120.912412484 2.939400000 4.000000000 0.000070560 1.000000000 0.000000000 0.000000000 0.000065610 89.000000000 89.000000000 83.000000000 89.000000000
1750310641.200000048 31.27043250433333 120.912413355 2.947200000 4.000000000 0.000070560 1.000000000 0.000000000 0.000000000 0.000065610 86.000000000 86.000000000 81.000000000 86.000000000
1750310641.400000095 31.27043256666667 120.912414062 2.940100000 4.000000000 0.000070560 1.000000000 0.000000000 0.000000000 0.000065610 86.000000000 86.000000000 81.000000000 86.000000000
1750310641.599999905 31.27043259066666 120.912414993 2.929600000 4.000000000 0.000079210 1.000000000 0.000000000 0.000000000 0.000068890 86.000000000 86.000000000 81.000000000 86.000000000
1750310641.799999952 31.270432719166664 120.912415919 2.932800000 4.000000000 0.000079210 1.000000000 0.000000000 0.000000000 0.000068890 86.000000000 86.000000000 81.000000000 86.000000000
1750310642.000000000 31.270432898166675 120.912416793 2.928500000 4.000000000 0.000079210 1.000000000 0.000000000 0.000000000 0.000070560 86.000000000 86.000000000 81.000000000 86.000000000
1750310642.200000048 31.270432988500005 120.912417528 2.922700000 4.000000000 0.000081000 1.000000000 0.000000000 0.000000000 0.000070560 86.000000000 85.000000000 80.000000000 84.000000000
1750310642.400000095 31.2704330575 120.912418268 2.924600000 4.000000000 0.000081000 1.000000000 0.000000000 0.000000000 0.000070560 86.000000000 85.000000000 80.000000000 84.000000000
1750310642.599999905 31.2704331825 120.912419129 2.930300000 4.000000000 0.000082810 1.000000000 0.000000000 0.000000000 0.000075690 86.000000000 85.000000000 80.000000000 84.000000000
1750310642.799999952 31.270433337 120.912419782 2.923600000 4.000000000 0.000082810 1.000000000 0.000000000 0.000000000 0.000075690 86.000000000 85.000000000 80.000000000 84.000000000
1750310643.000000000 31.27043342766666 120.912420575 2.920100000 4.000000000 0.000082810 1.000000000 0.000000000 0.000000000 0.000075690 86.000000000 85.000000000 80.000000000 84.000000000
1750310643.200000048 31.270433569999994 120.912421459 2.921100000 4.000000000 0.000082810 1.000000000 0.000000000 0.000000000 0.000075690 88.000000000 87.000000000 81.000000000 86.000000000
1750310643.400000095 31.270433742999998 120.912422233 2.921400000 4.000000000 0.000082810 1.000000000 0.000000000 0.000000000 0.000075690 88.000000000 87.000000000 81.000000000 86.000000000
1750310643.599999905 31.270433924499997 120.912423084 2.921800000 4.000000000 0.000098010 1.000000000 0.000000000 0.000000000 0.000094090 88.000000000 87.000000000 81.000000000 86.000000000
1750310643.799999952 31.27043402966666 120.912423810 2.912900000 4.000000000 0.000098010 1.000000000 0.000000000 0.000000000 0.000094090 88.000000000 87.000000000 81.000000000 86.000000000
1750310644.000000000 31.270434107 120.912424610 2.915400000 4.000000000 0.000098010 1.000000000 0.000000000 0.000000000 0.000094090 88.000000000 87.000000000 81.000000000 86.000000000
1750310644.200000048 31.27043418783333 120.912425379 2.912800000 4.000000000 0.000098010 1.000000000 0.000000000 0.000000000 0.000094090 84.000000000 84.000000000 80.000000000 84.000000000
1750310644.400000095 31.27043432233333 120.912426173 2.912400000 4.000000000 0.000098010 1.000000000 0.000000000 0.000000000 0.000094090 84.000000000 84.000000000 80.000000000 84.000000000
1750310644.599999905 31.27043444200001 120.912426928 2.910900000 4.000000000 0.000104040 1.000000000 0.000000000 0.000000000 0.000092160 84.000000000 84.000000000 80.000000000 84.000000000
1750310644.799999952 31.270434581333333 120.912427727 2.908800000 4.000000000 0.000104040 1.000000000 0.000000000 0.000000000 0.000092160 84.000000000 84.000000000 80.000000000 84.000000000
1750310645.000000000 31.270434831499998 120.912428416 2.914100000 4.000000000 0.000104040 1.000000000 0.000000000 0.000000000 0.000092160 84.000000000 84.000000000 80.000000000 84.000000000
1750310645.200000048 31.27043508433333 120.912429256 2.912000000 4.000000000 0.000104040 1.000000000 0.000000000 0.000000000 0.000092160 84.000000000 84.000000000 80.000000000 84.000000000
1750310645.400000095 31.270435145999997 120.912430043 2.915600000 4.000000000 0.000104040 1.000000000 0.000000000 0.000000000 0.000092160 84.000000000 84.000000000 80.000000000 84.000000000
1750310645.599999905 31.270435231666667 120.912430836 2.916600000 4.000000000 0.000104040 1.000000000 0.000000000 0.000000000 0.000096040 84.000000000 84.000000000 80.000000000 84.000000000
1750310645.799999952 31.270435321500003 120.912431673 2.918000000 4.000000000 0.000104040 1.000000000 0.000000000 0.000000000 0.000096040 84.000000000 84.000000000 80.000000000 84.000000000
1750310646.000000000 31.270435391999996 120.912432546 2.920900000 4.000000000 0.000104040 1.000000000 0.000000000 0.000000000 0.000096040 84.000000000 84.000000000 80.000000000 84.000000000
1750310646.200000048 31.270435549500007 120.912433228 2.908700000 4.000000000 0.000102010 1.000000000 0.000000000 0.000000000 0.000096040 88.000000000 87.000000000 81.000000000 86.000000000
1750310646.400000095 31.270435690833324 120.912433940 2.911800000 4.000000000 0.000102010 1.000000000 0.000000000 0.000000000 0.000096040 88.000000000 87.000000000 81.000000000 86.000000000
1750310646.599999905 31.270435832666664 120.912434667 2.913500000 4.000000000 0.000081000 1.000000000 0.000000000 0.000000000 0.000075690 88.000000000 87.000000000 81.000000000 86.000000000
1750310646.799999952 31.270436009500003 120.912435353 2.907400000 4.000000000 0.000081000 1.000000000 0.000000000 0.000000000 0.000075690 88.000000000 87.000000000 81.000000000 86.000000000
1750310647.000000000 31.270436196666665 120.912435980 2.909800000 4.000000000 0.000081000 1.000000000 0.000000000 0.000000000 0.000075690 88.000000000 87.000000000 81.000000000 86.000000000
1750310647.200000048 31.27043639850001 120.912436790 2.917600000 4.000000000 0.000081000 1.000000000 0.000000000 0.000000000 0.000075690 86.000000000 86.000000000 81.000000000 86.000000000
1750310647.400000095 31.270436435666667 120.912437631 2.920000000 4.000000000 0.000081000 1.000000000 0.000000000 0.000000000 0.000075690 86.000000000 86.000000000 81.000000000 86.000000000
1750310647.599999905 31.27043643883333 120.912438394 2.913600000 4.000000000 0.000077440 1.000000000 0.000000000 0.000000000 0.000067240 86.000000000 86.000000000 81.000000000 86.000000000
1750310647.799999952 31.270436525500003 120.912439183 2.909000000 4.000000000 0.000077440 1.000000000 0.000000000 0.000000000 0.000067240 86.000000000 86.000000000 81.000000000 86.000000000
1750310648.000000000 31.270436621833326 120.912439990 2.909400000 4.000000000 0.000077440 1.000000000 0.000000000 0.000000000 0.000067240 86.000000000 86.000000000 81.000000000 86.000000000
1750310648.200000048 31.270436715833327 120.912440812 2.911000000 4.000000000 0.000077440 1.000000000 0.000000000 0.000000000 0.000068890 86.000000000 86.000000000 81.000000000 86.000000000
1750310648.400000095 31.270436794666665 120.912441627 2.910900000 4.000000000 0.000077440 1.000000000 0.000000000 0.000000000 0.000068890 86.000000000 86.000000000 81.000000000 86.000000000
1750310648.599999905 31.270436877500003 120.912442497 2.911700000 4.000000000 0.000077440 1.000000000 0.000000000 0.000000000 0.000067240 86.000000000 86.000000000 81.000000000 86.000000000
1750310648.799999952 31.270436986333337 120.912443389 2.908800000 4.000000000 0.000077440 1.000000000 0.000000000 0.000000000 0.000067240 86.000000000 86.000000000 81.000000000 86.000000000
1750310649.000000000 31.270437111000007 120.912444226 2.910600000 4.000000000 0.000077440 1.000000000 0.000000000 0.000000000 0.000067240 86.000000000 86.000000000 81.000000000 86.000000000
1750310649.200000048 31.2704371855 120.912445040 2.904000000 4.000000000 0.000077440 1.000000000 0.000000000 0.000000000 0.000067240 89.000000000 87.500000000 81.000000000 86.000000000
1750310649.400000095 31.270437259000005 120.912445847 2.895500000 4.000000000 0.000077440 1.000000000 0.000000000 0.000000000 0.000067240 89.000000000 87.500000000 81.000000000 86.000000000
1750310649.599999905 31.2704373765 120.912446499 2.899400000 4.000000000 0.000075690 1.000000000 0.000000000 0.000000000 0.000065610 89.000000000 87.500000000 81.000000000 86.000000000
1750310649.799999952 31.270437559 120.912447259 2.893700000 4.000000000 0.000075690 1.000000000 0.000000000 0.000000000 0.000067240 89.000000000 87.500000000 81.000000000 86.000000000
1750310650.000000000 31.27043778866667 120.912448063 2.889900000 4.000000000 0.000075690 1.000000000 0.000000000 0.000000000 0.000067240 89.000000000 87.500000000 81.000000000 86.000000000
1750310650.200000048 31.270437979833332 120.912448741 2.887700000 4.000000000 0.000077440 1.000000000 0.000000000 0.000000000 0.000067240 86.000000000 86.000000000 81.000000000 86.000000000
1750310650.400000095 31.27043823566666 120.912449588 2.892600000 4.000000000 0.000077440 1.000000000 0.000000000 0.000000000 0.000067240 86.000000000 86.000000000 81.000000000 86.000000000
1750310650.599999905 31.270438573166672 120.912450367 2.901200000 4.000000000 0.000073960 1.000000000 0.000000000 0.000000000 0.000067240 86.000000000 86.000000000 81.000000000 86.000000000
1750310650.799999952 31.270438925166673 120.912451136 2.907000000 4.000000000 0.000073960 1.000000000 0.000000000 0.000000000 0.000067240 86.000000000 86.000000000 81.000000000 86.000000000
1750310651.000000000 31.27043925033334 120.912451959 2.911000000 4.000000000 0.000073960 1.000000000 0.000000000 0.000000000 0.000067240 86.000000000 86.000000000 81.000000000 86.000000000
1750310651.200000048 31.27043928766666 120.912452800 2.906600000 4.000000000 0.000073960 1.000000000 0.000000000 0.000000000 0.000067240 84.000000000 85.000000000 81.000000000 86.000000000
1750310651.400000095 31.270439267499995 120.912453526 2.900600000 4.000000000 0.000073960 1.000000000 0.000000000 0.000000000 0.000067240 84.000000000 85.000000000 81.000000000 86.000000000
1750310651.599999905 31.27043926666667 120.912454177 2.886300000 4.000000000 0.000075690 1.000000000 0.000000000 0.000000000 0.000067240 84.000000000 85.000000000 81.000000000 86.000000000
1750310651.799999952 31.270439345166665 120.912454902 2.882600000 4.000000000 0.000075690 1.000000000 0.000000000 0.000000000 0.000067240 84.000000000 85.000000000 81.000000000 86.000000000
1750310652.000000000 31.270439399499992 120.912455707 2.873200000 4.000000000 0.000075690 1.000000000 0.000000000 0.000000000 0.000067240 84.000000000 85.000000000 81.000000000 86.000000000
1750310652.200000048 31.270439413999995 120.912456531 2.870900000 4.000000000 0.000075690 1.000000000 0.000000000 0.000000000 0.000068890 86.000000000 85.000000000 80.000000000 84.000000000
1750310652.400000095 31.270439407666657 120.912457393 2.868000000 4.000000000 0.000075690 1.000000000 0.000000000 0.000000000 0.000068890 86.000000000 85.000000000 80.000000000 84.000000000
1750310652.599999905 31.270439414500004 120.912458147 2.868500000 4.000000000 0.000075690 1.000000000 0.000000000 0.000000000 0.000068890 86.000000000 85.000000000 80.000000000 84.000000000
1750310652.799999952 31.2704392805 120.912459007 2.861800000 4.000000000 0.000075690 1.000000000 0.000000000 0.000000000 0.000068890 86.000000000 85.000000000 80.000000000 84.000000000
1750310653.000000000 31.270439300333337 120.912459799 2.854400000 4.000000000 0.000075690 1.000000000 0.000000000 0.000000000 0.000068890 86.000000000 85.000000000 80.000000000 84.000000000
1750310653.200000048 31.270439497833337 120.912460516 2.846500000 4.000000000 0.000075690 1.000000000 0.000000000 0.000000000 0.000068890 86.000000000 85.000000000 80.000000000 84.000000000
1750310653.400000095 31.270439632666665 120.912461230 2.835500000 4.000000000 0.000075690 1.000000000 0.000000000 0.000000000 0.000068890 86.000000000 85.000000000 80.000000000 84.000000000
1750310653.599999905 31.27043979716666 120.912461987 2.827200000 4.000000000 0.000081000 1.000000000 0.000000000 0.000000000 0.000068890 86.000000000 85.000000000 80.000000000 84.000000000
1750310653.799999952 31.270440047166673 120.912462587 2.827700000 4.000000000 0.000081000 1.000000000 0.000000000 0.000000000 0.000068890 86.000000000 85.000000000 80.000000000 84.000000000
1750310654.000000000 31.270440342166665 120.912463239 2.829800000 4.000000000 0.000081000 1.000000000 0.000000000 0.000000000 0.000068890 86.000000000 85.000000000 80.000000000 84.000000000
1750310654.200000048 31.270440426999997 120.912463996 2.827700000 4.000000000 0.000081000 1.000000000 0.000000000 0.000000000 0.000068890 84.000000000 84.000000000 80.000000000 84.000000000
1750310654.400000095 31.270440544500005 120.912464758 2.833600000 4.000000000 0.000081000 1.000000000 0.000000000 0.000000000 0.000068890 84.000000000 84.000000000 80.000000000 84.000000000
1750310654.599999905 31.270440647499996 120.912465559 2.843500000 4.000000000 0.000079210 1.000000000 0.000000000 0.000000000 0.000067240 84.000000000 84.000000000 80.000000000 84.000000000
1750310654.799999952 31.27044074150001 120.912466355 2.844700000 4.000000000 0.000079210 1.000000000 0.000000000 0.000000000 0.000067240 84.000000000 84.000000000 80.000000000 84.000000000
1750310655.000000000 31.270440797166657 120.912467159 2.843200000 4.000000000 0.000079210 1.000000000 0.000000000 0.000000000 0.000067240 84.000000000 84.000000000 80.000000000 84.000000000
1750310655.200000048 31.270440933499998 120.912467957 2.842500000 4.000000000 0.000079210 1.000000000 0.000000000 0.000000000 0.000067240 84.000000000 84.000000000 80.000000000 84.000000000
1750310655.400000095 31.270441021833335 120.912468735 2.838800000 4.000000000 0.000079210 1.000000000 0.000000000 0.000000000 0.000067240 84.000000000 84.000000000 80.000000000 84.000000000
1750310655.599999905 31.270441180999995 120.912469496 2.834500000 4.000000000 0.000077440 1.000000000 0.000000000 0.000000000 0.000065610 84.000000000 84.000000000 80.000000000 84.000000000
1750310655.799999952 31.27044129816666 120.912470230 2.827800000 4.000000000 0.000077440 1.000000000 0.000000000 0.000000000 0.000065610 84.000000000 84.000000000 80.000000000 84.000000000
1750310656.000000000 31.270441467166663 120.912470947 2.823300000 4.000000000 0.000077440 1.000000000 0.000000000 0.000000000 0.000065610 84.000000000 84.000000000 80.000000000 84.000000000
1750310656.200000048 31.270441504333334 120.912471634 2.823800000 4.000000000 0.000079210 1.000000000 0.000000000 0.000000000 0.000065610 84.000000000 84.000000000 80.000000000 84.000000000
1750310656.400000095 31.270441618333336 120.912472360 2.825800000 4.000000000 0.000079210 1.000000000 0.000000000 0.000000000 0.000067240 84.000000000 84.000000000 80.000000000 84.000000000
1750310656.599999905 31.27044169166666 120.912473181 2.833100000 4.000000000 0.000079210 1.000000000 0.000000000 0.000000000 0.000067240 84.000000000 84.000000000 80.000000000 84.000000000
1750310656.799999952 31.270441855166666 120.912473881 2.833100000 4.000000000 0.000077440 1.000000000 0.000000000 0.000000000 0.000067240 84.000000000 84.000000000 80.000000000 84.000000000
1750310657.000000000 31.270442099500002 120.912474471 2.827400000 4.000000000 0.000077440 1.000000000 0.000000000 0.000000000 0.000067240 84.000000000 84.000000000 80.000000000 84.000000000
1750310657.200000048 31.270442451333338 120.912475061 2.825900000 4.000000000 0.000079210 1.000000000 0.000000000 0.000000000 0.000067240 84.000000000 84.000000000 80.000000000 84.000000000
1750310657.400000095 31.27044276449999 120.912475841 2.834600000 4.000000000 0.000079210 1.000000000 0.000000000 0.000000000 0.000067240 84.000000000 84.000000000 80.000000000 84.000000000
1750310657.599999905 31.27044303533333 120.912476652 2.826400000 4.000000000 0.000079210 1.000000000 0.000000000 0.000000000 0.000070560 84.000000000 84.000000000 80.000000000 84.000000000
1750310657.799999952 31.270443301499995 120.912477373 2.830200000 4.000000000 0.000079210 1.000000000 0.000000000 0.000000000 0.000070560 84.000000000 84.000000000 80.000000000 84.000000000
1750310658.000000000 31.270443436166673 120.912478161 2.833300000 4.000000000 0.000079210 1.000000000 0.000000000 0.000000000 0.000070560 84.000000000 84.000000000 80.000000000 84.000000000
1750310658.200000048 31.270443708000002 120.912478883 2.835300000 4.000000000 0.000079210 1.000000000 0.000000000 0.000000000 0.000070560 84.000000000 84.000000000 80.000000000 84.000000000
1750310658.400000095 31.270443998666664 120.912479598 2.836300000 4.000000000 0.000079210 1.000000000 0.000000000 0.000000000 0.000072250 84.000000000 84.000000000 80.000000000 84.000000000
1750310658.599999905 31.27044406633334 120.912480374 2.838800000 4.000000000 0.000079210 1.000000000 0.000000000 0.000000000 0.000070560 84.000000000 84.000000000 80.000000000 84.000000000
1750310658.799999952 31.270444025666663 120.912481249 2.843800000 4.000000000 0.000079210 1.000000000 0.000000000 0.000000000 0.000070560 84.000000000 84.000000000 80.000000000 84.000000000
1750310659.000000000 31.27044399900001 120.912482153 2.840600000 4.000000000 0.000079210 1.000000000 0.000000000 0.000000000 0.000070560 84.000000000 84.000000000 80.000000000 84.000000000
1750310659.200000048 31.270443974999992 120.912482934 2.836300000 4.000000000 0.000079210 1.000000000 0.000000000 0.000000000 0.000070560 84.000000000 84.000000000 80.000000000 84.000000000
1750310659.400000095 31.270444001666675 120.912483706 2.828200000 4.000000000 0.000079210 1.000000000 0.000000000 0.000000000 0.000070560 84.000000000 84.000000000 80.000000000 84.000000000
1750310659.599999905 31.270443888833327 120.912484414 2.819200000 4.000000000 0.000084640 1.000000000 0.000000000 0.000000000 0.000073960 84.000000000 84.000000000 80.000000000 84.000000000
1750310659.799999952 31.270443709666665 120.912485221 2.814900000 4.000000000 0.000084640 1.000000000 0.000000000 0.000000000 0.000073960 84.000000000 84.000000000 80.000000000 84.000000000
1750310660.000000000 31.270443607000004 120.912486084 2.810900000 4.000000000 0.000084640 1.000000000 0.000000000 0.000000000 0.000073960 84.000000000 84.000000000 80.000000000 84.000000000
1750310660.200000048 31.27044358566667 120.912486684 2.800100000 4.000000000 0.000084640 1.000000000 0.000000000 0.000000000 0.000073960 86.000000000 85.000000000 80.000000000 84.000000000
1750310660.400000095 31.27044354183333 120.912487375 2.804000000 4.000000000 0.000084640 1.000000000 0.000000000 0.000000000 0.000073960 86.000000000 85.000000000 80.000000000 84.000000000
1750310660.599999905 31.270443582 120.912488205 2.807100000 4.000000000 0.000081000 1.000000000 0.000000000 0.000000000 0.000072250 86.000000000 85.000000000 80.000000000 84.000000000
1750310660.799999952 31.27044379450001 120.912488930 2.802600000 4.000000000 0.000081000 1.000000000 0.000000000 0.000000000 0.000072250 86.000000000 85.000000000 80.000000000 84.000000000
1750310661.000000000 31.27044399383334 120.912489653 2.800300000 4.000000000 0.000081000 1.000000000 0.000000000 0.000000000 0.000072250 86.000000000 85.000000000 80.000000000 84.000000000
1750310661.200000048 31.27044426883333 120.912490386 2.804600000 4.000000000 0.000081000 1.000000000 0.000000000 0.000000000 0.000072250 84.000000000 84.000000000 80.000000000 84.000000000
1750310661.400000095 31.270444563333328 120.912491044 2.805200000 4.000000000 0.000082810 1.000000000 0.000000000 0.000000000 0.000073960 84.000000000 84.000000000 80.000000000 84.000000000
1750310661.599999905 31.270444849499995 120.912491625 2.821300000 4.000000000 0.000090250 1.000000000 0.000000000 0.000000000 0.000086490 84.000000000 84.000000000 80.000000000 84.000000000
1750310661.799999952 31.270445238166673 120.912492220 2.827600000 4.000000000 0.000090250 1.000000000 0.000000000 0.000000000 0.000086490 84.000000000 84.000000000 80.000000000 84.000000000
1750310662.000000000 31.270445597666665 120.912493019 2.841400000 4.000000000 0.000090250 1.000000000 0.000000000 0.000000000 0.000086490 84.000000000 84.000000000 80.000000000 84.000000000
1750310662.200000048 31.270446010833325 120.912493766 2.841900000 4.000000000 0.000090250 1.000000000 0.000000000 0.000000000 0.000086490 84.000000000 83.000000000 79.000000000 82.000000000
1750310662.400000095 31.27044625133334 120.912494523 2.846100000 4.000000000 0.000090250 1.000000000 0.000000000 0.000000000 0.000086490 84.000000000 83.000000000 79.000000000 82.000000000
1750310662.599999905 31.270446343000003 120.912495383 2.840200000 4.000000000 0.000098010 1.000000000 0.000000000 0.000000000 0.000098010 84.000000000 83.000000000 79.000000000 82.000000000
1750310662.799999952 31.270446404333327 120.912496157 2.833200000 4.000000000 0.000098010 1.000000000 0.000000000 0.000000000 0.000098010 84.000000000 83.000000000 79.000000000 82.000000000
1750310663.000000000 31.27044640566666 120.912497014 2.835200000 4.000000000 0.000098010 1.000000000 0.000000000 0.000000000 0.000098010 84.000000000 83.000000000 79.000000000 82.000000000
1750310663.200000048 31.270446421666662 120.912497845 2.835300000 4.000000000 0.000098010 1.000000000 0.000000000 0.000000000 0.000098010 84.000000000 84.000000000 80.000000000 84.000000000
1750310663.400000095 31.270446422999996 120.912498561 2.827400000 4.000000000 0.000098010 1.000000000 0.000000000 0.000000000 0.000098010 84.000000000 84.000000000 80.000000000 84.000000000
1750310663.599999905 31.27044649166666 120.912499220 2.815500000 4.000000000 0.000108160 1.000000000 0.000000000 0.000000000 0.000100000 84.000000000 84.000000000 80.000000000 84.000000000
1750310663.799999952 31.270446514666673 120.912499877 2.814900000 4.000000000 0.000108160 1.000000000 0.000000000 0.000000000 0.000102010 84.000000000 84.000000000 80.000000000 84.000000000
1750310664.000000000 31.270446585166667 120.912500579 2.817800000 4.000000000 0.000108160 1.000000000 0.000000000 0.000000000 0.000100000 84.000000000 84.000000000 80.000000000 84.000000000
1750310664.200000048 31.270446706499996 120.912501313 2.810500000 4.000000000 0.000108160 1.000000000 0.000000000 0.000000000 0.000100000 84.000000000 85.000000000 81.000000000 86.000000000
1750310664.400000095 31.270446834166663 120.912502199 2.813400000 4.000000000 0.000108160 1.000000000 0.000000000 0.000000000 0.000100000 84.000000000 85.000000000 81.000000000 86.000000000
1750310664.599999905 31.270446963333328 120.912502948 2.792800000 4.000000000 0.000108160 1.000000000 0.000000000 0.000000000 0.000100000 84.000000000 85.000000000 81.000000000 86.000000000
1750310664.799999952 31.27044714 120.912503620 2.791500000 4.000000000 0.000108160 1.000000000 0.000000000 0.000000000 0.000100000 84.000000000 85.000000000 81.000000000 86.000000000
1750310665.000000000 31.270447285499998 120.912504218 2.797500000 4.000000000 0.000108160 1.000000000 0.000000000 0.000000000 0.000100000 84.000000000 85.000000000 81.000000000 86.000000000
1750310665.200000048 31.27044747299999 120.912504971 2.795400000 4.000000000 0.000106090 1.000000000 0.000000000 0.000000000 0.000100000 84.000000000 85.000000000 81.000000000 86.000000000
1750310665.400000095 31.270447598999993 120.912505768 2.787100000 4.000000000 0.000106090 1.000000000 0.000000000 0.000000000 0.000100000 84.000000000 85.000000000 81.000000000 86.000000000
1750310665.599999905 31.270447777 120.912506486 2.781100000 4.000000000 0.000081000 1.000000000 0.000000000 0.000000000 0.000070560 84.000000000 85.000000000 81.000000000 86.000000000
1750310665.799999952 31.270447938333334 120.912507238 2.783700000 4.000000000 0.000081000 1.000000000 0.000000000 0.000000000 0.000070560 84.000000000 85.000000000 81.000000000 86.000000000
1750310666.000000000 31.27044810183334 120.912507803 2.778500000 4.000000000 0.000081000 1.000000000 0.000000000 0.000000000 0.000070560 84.000000000 85.000000000 81.000000000 86.000000000
1750310666.200000048 31.270448309499997 120.912508418 2.782200000 4.000000000 0.000081000 1.000000000 0.000000000 0.000000000 0.000072250 84.000000000 85.000000000 81.000000000 86.000000000
1750310666.400000095 31.270448564333336 120.912509122 2.787000000 4.000000000 0.000081000 1.000000000 0.000000000 0.000000000 0.000072250 84.000000000 85.000000000 81.000000000 86.000000000
1750310666.599999905 31.270448721833333 120.912509894 2.793200000 4.000000000 0.000079210 1.000000000 0.000000000 0.000000000 0.000068890 84.000000000 85.000000000 81.000000000 86.000000000
1750310666.799999952 31.270448879333344 120.912510684 2.791700000 4.000000000 0.000079210 1.000000000 0.000000000 0.000000000 0.000068890 84.000000000 85.000000000 81.000000000 86.000000000
1750310667.000000000 31.270448987500004 120.912511456 2.785100000 4.000000000 0.000079210 1.000000000 0.000000000 0.000000000 0.000068890 84.000000000 85.000000000 81.000000000 86.000000000
1750310667.200000048 31.270449147833332 120.912512194 2.784100000 4.000000000 0.000079210 1.000000000 0.000000000 0.000000000 0.000068890 84.000000000 85.000000000 81.000000000 86.000000000
1750310667.400000095 31.270449351833335 120.912512863 2.778200000 4.000000000 0.000079210 1.000000000 0.000000000 0.000000000 0.000068890 84.000000000 85.000000000 81.000000000 86.000000000
1750310667.599999905 31.270449414333328 120.912513717 2.767500000 4.000000000 0.000077440 1.000000000 0.000000000 0.000000000 0.000068890 84.000000000 85.000000000 81.000000000 86.000000000
1750310667.799999952 31.270449485 120.912514412 2.762100000 4.000000000 0.000077440 1.000000000 0.000000000 0.000000000 0.000068890 84.000000000 85.000000000 81.000000000 86.000000000
1750310668.000000000 31.270449503500004 120.912515193 2.755100000 4.000000000 0.000077440 1.000000000 0.000000000 0.000000000 0.000068890 84.000000000 85.000000000 81.000000000 86.000000000
1750310668.200000048 31.270449564833328 120.912515978 2.753800000 4.000000000 0.000077440 1.000000000 0.000000000 0.000000000 0.000068890 84.000000000 86.000000000 82.000000000 88.000000000
1750310668.400000095 31.270449617500006 120.912516768 2.750000000 4.000000000 0.000077440 1.000000000 0.000000000 0.000000000 0.000068890 84.000000000 86.000000000 82.000000000 88.000000000
1750310668.599999905 31.270449643666666 120.912517612 2.754000000 4.000000000 0.000077440 1.000000000 0.000000000 0.000000000 0.000068890 84.000000000 86.000000000 82.000000000 88.000000000
1750310668.799999952 31.27044972266667 120.912518346 2.750500000 4.000000000 0.000077440 1.000000000 0.000000000 0.000000000 0.000068890 84.000000000 86.000000000 82.000000000 88.000000000
1750310669.000000000 31.270449809666673 120.912519147 2.746600000 4.000000000 0.000077440 1.000000000 0.000000000 0.000000000 0.000068890 84.000000000 86.000000000 82.000000000 88.000000000
1750310669.200000048 31.270449885666665 120.912519984 2.749700000 4.000000000 0.000077440 1.000000000 0.000000000 0.000000000 0.000068890 82.000000000 84.000000000 81.000000000 86.000000000
1750310669.400000095 31.27044998683334 120.912520774 2.747000000 4.000000000 0.000077440 1.000000000 0.000000000 0.000000000 0.000068890 82.000000000 84.000000000 81.000000000 86.000000000
1750310669.599999905 31.2704501125 120.912521526 2.746600000 4.000000000 0.000075690 1.000000000 0.000000000 0.000000000 0.000067240 82.000000000 84.000000000 81.000000000 86.000000000
1750310669.799999952 31.270450242333325 120.912522279 2.741400000 4.000000000 0.000075690 1.000000000 0.000000000 0.000000000 0.000068890 82.000000000 84.000000000 81.000000000 86.000000000
1750310670.000000000 31.27045038349999 120.912523156 2.748000000 4.000000000 0.000075690 1.000000000 0.000000000 0.000000000 0.000068890 82.000000000 84.000000000 81.000000000 86.000000000
1750310670.200000048 31.270450537666676 120.912523936 2.740100000 4.000000000 0.000075690 1.000000000 0.000000000 0.000000000 0.000068890 86.000000000 86.000000000 81.000000000 86.000000000
1750310670.400000095 31.270450670833327 120.912524736 2.742300000 4.000000000 0.000075690 1.000000000 0.000000000 0.000000000 0.000068890 86.000000000 86.000000000 81.000000000 86.000000000
1750310670.599999905 31.270450758500004 120.912525509 2.744800000 4.000000000 0.000075690 1.000000000 0.000000000 0.000000000 0.000065610 86.000000000 86.000000000 81.000000000 86.000000000
1750310670.799999952 31.270450924499997 120.912526254 2.740000000 4.000000000 0.000075690 1.000000000 0.000000000 0.000000000 0.000065610 86.000000000 86.000000000 81.000000000 86.000000000
1750310671.000000000 31.270451099666673 120.912527031 2.732600000 4.000000000 0.000075690 1.000000000 0.000000000 0.000000000 0.000067240 86.000000000 86.000000000 81.000000000 86.000000000
1750310671.200000048 31.270451229166667 120.912527735 2.728500000 4.000000000 0.000075690 1.000000000 0.000000000 0.000000000 0.000065610 91.000000000 88.500000000 81.000000000 86.000000000
1750310671.400000095 31.270451378999994 120.912528526 2.733700000 4.000000000 0.000075690 1.000000000 0.000000000 0.000000000 0.000065610 91.000000000 88.500000000 81.000000000 86.000000000
1750310671.599999905 31.270451557499996 120.912529280 2.737400000 4.000000000 0.000072250 1.000000000 0.000000000 0.000000000 0.000065610 91.000000000 88.500000000 81.000000000 86.000000000
1750310671.799999952 31.27045174033333 120.912530016 2.741200000 4.000000000 0.000073960 1.000000000 0.000000000 0.000000000 0.000067240 91.000000000 88.500000000 81.000000000 86.000000000
1750310672.000000000 31.270451954833334 120.912530710 2.737400000 4.000000000 0.000073960 1.000000000 0.000000000 0.000000000 0.000065610 91.000000000 88.500000000 81.000000000 86.000000000
1750310672.200000048 31.270452071833333 120.912531480 2.738000000 4.000000000 0.000073960 1.000000000 0.000000000 0.000000000 0.000067240 91.000000000 90.000000000 83.000000000 89.000000000
1750310672.400000095 31.270452231999997 120.912532119 2.736700000 4.000000000 0.000073960 1.000000000 0.000000000 0.000000000 0.000067240 91.000000000 90.000000000 83.000000000 89.000000000
1750310672.599999905 31.270452420500007 120.912532793 2.730800000 4.000000000 0.000072250 1.000000000 0.000000000 0.000000000 0.000065610 91.000000000 90.000000000 83.000000000 89.000000000
1750310672.799999952 31.270452589166666 120.912533457 2.729100000 4.000000000 0.000072250 1.000000000 0.000000000 0.000000000 0.000065610 91.000000000 90.000000000 83.000000000 89.000000000
1750310673.000000000 31.270452807500007 120.912534151 2.734700000 4.000000000 0.000072250 1.000000000 0.000000000 0.000000000 0.000065610 91.000000000 90.000000000 83.000000000 89.000000000
1750310673.200000048 31.27045303833333 120.912534987 2.739000000 4.000000000 0.000072250 1.000000000 0.000000000 0.000000000 0.000065610 89.000000000 89.000000000 83.000000000 89.000000000
1750310673.400000095 31.27045330850001 120.912535666 2.738200000 4.000000000 0.000072250 1.000000000 0.000000000 0.000000000 0.000065610 89.000000000 89.000000000 83.000000000 89.000000000
1750310673.599999905 31.27045365966667 120.912536390 2.739800000 4.000000000 0.000070560 1.000000000 0.000000000 0.000000000 0.000065610 89.000000000 89.000000000 83.000000000 89.000000000
1750310673.799999952 31.270453947333337 120.912537151 2.734400000 4.000000000 0.000070560 1.000000000 0.000000000 0.000000000 0.000065610 89.000000000 89.000000000 83.000000000 89.000000000
1750310674.000000000 31.270454216999994 120.912537866 2.738800000 4.000000000 0.000070560 1.000000000 0.000000000 0.000000000 0.000065610 89.000000000 89.000000000 83.000000000 89.000000000
1750310674.200000048 31.270454471500003 120.912538600 2.736300000 4.000000000 0.000070560 1.000000000 0.000000000 0.000000000 0.000065610 89.000000000 87.500000000 81.000000000 86.000000000
1750310674.400000095 31.270454813166666 120.912539342 2.727000000 4.000000000 0.000072250 1.000000000 0.000000000 0.000000000 0.000067240 89.000000000 87.500000000 81.000000000 86.000000000
1750310674.599999905 31.270455092333336 120.912539950 2.736800000 4.000000000 0.000070560 1.000000000 0.000000000 0.000000000 0.000068890 89.000000000 87.500000000 81.000000000 86.000000000
1750310674.799999952 31.27045539433334 120.912540728 2.730200000 4.000000000 0.000070560 1.000000000 0.000000000 0.000000000 0.000068890 89.000000000 87.500000000 81.000000000 86.000000000
1750310675.000000000 31.27045566016666 120.912541473 2.728900000 4.000000000 0.000070560 1.000000000 0.000000000 0.000000000 0.000068890 89.000000000 87.500000000 81.000000000 86.000000000
1750310675.200000048 31.270455550999998 120.912541297 2.726600000 4.000000000 0.000070560 1.000000000 0.000000000 0.000000000 0.000067240 89.000000000 86.500000000 80.000000000 84.000000000
1750310675.400000095 31.2704555735 120.912541357 2.728700000 4.000000000 0.000070560 1.000000000 0.000000000 0.000000000 0.000068890 89.000000000 86.500000000 80.000000000 84.000000000
1750310675.599999905 31.270455606499993 120.912541412 2.740300000 4.000000000 0.000072250 1.000000000 0.000000000 0.000000000 0.000068890 89.000000000 86.500000000 80.000000000 84.000000000
1750310675.799999952 31.270455600666665 120.912541401 2.740700000 4.000000000 0.000072250 1.000000000 0.000000000 0.000000000 0.000068890 89.000000000 86.500000000 80.000000000 84.000000000
1750310676.000000000 31.27045564299999 120.912541388 2.741400000 4.000000000 0.000072250 1.000000000 0.000000000 0.000000000 0.000068890 89.000000000 86.500000000 80.000000000 84.000000000
1750310676.200000048 31.27045575983334 120.912541305 2.743900000 4.000000000 0.000072250 1.000000000 0.000000000 0.000000000 0.000070560 86.000000000 86.000000000 81.000000000 86.000000000
1750310676.400000095 31.270455961833335 120.912541187 2.753900000 4.000000000 0.000073960 1.000000000 0.000000000 0.000000000 0.000070560 86.000000000 86.000000000 81.000000000 86.000000000
1750310676.599999905 31.270456166166667 120.912541098 2.749100000 4.000000000 0.000077440 1.000000000 0.000000000 0.000000000 0.000073960 86.000000000 86.000000000 81.000000000 86.000000000
1750310676.799999952 31.27045638466666 120.912541076 2.755000000 4.000000000 0.000077440 1.000000000 0.000000000 0.000000000 0.000072250 86.000000000 86.000000000 81.000000000 86.000000000
1750310677.000000000 31.270456629833333 120.912541066 2.764900000 4.000000000 0.000077440 1.000000000 0.000000000 0.000000000 0.000072250 86.000000000 86.000000000 81.000000000 86.000000000
1750310677.200000048 31.27045658033333 120.912541086 2.765300000 4.000000000 0.000077440 1.000000000 0.000000000 0.000000000 0.000073960 86.000000000 86.000000000 81.000000000 86.000000000
1750310677.400000095 31.270456557499998 120.912541129 2.767900000 4.000000000 0.000077440 1.000000000 0.000000000 0.000000000 0.000073960 86.000000000 86.000000000 81.000000000 86.000000000
1750310677.599999905 31.270456541 120.912541452 2.757700000 4.000000000 0.000077440 1.000000000 0.000000000 0.000000000 0.000072250 86.000000000 86.000000000 81.000000000 86.000000000
1750310677.799999952 31.270456690000003 120.912542186 2.759400000 4.000000000 0.000077440 1.000000000 0.000000000 0.000000000 0.000072250 86.000000000 86.000000000 81.000000000 86.000000000
1750310678.000000000 31.2704567655 120.912543102 2.758800000 4.000000000 0.000077440 1.000000000 0.000000000 0.000000000 0.000072250 86.000000000 86.000000000 81.000000000 86.000000000
1750310678.200000048 31.270456846000002 120.912543854 2.754600000 4.000000000 0.000077440 1.000000000 0.000000000 0.000000000 0.000073960 86.000000000 85.000000000 80.000000000 84.000000000
1750310678.400000095 31.270456956666663 120.912544653 2.755000000 4.000000000 0.000077440 1.000000000 0.000000000 0.000000000 0.000073960 86.000000000 85.000000000 80.000000000 84.000000000
1750310678.599999905 31.27045710499999 120.912545455 2.740900000 4.000000000 0.000079210 1.000000000 0.000000000 0.000000000 0.000072250 86.000000000 85.000000000 80.000000000 84.000000000
1750310678.799999952 31.27045720783333 120.912546280 2.733500000 4.000000000 0.000081000 1.000000000 0.000000000 0.000000000 0.000072250 86.000000000 85.000000000 80.000000000 84.000000000
1750310679.000000000 31.270457197 120.912547013 2.734600000 4.000000000 0.000081000 1.000000000 0.000000000 0.000000000 0.000073960 86.000000000 85.000000000 80.000000000 84.000000000
1750310679.200000048 31.27045715 120.912547907 2.729500000 4.000000000 0.000082810 1.000000000 0.000000000 0.000000000 0.000073960 84.000000000 83.000000000 79.000000000 82.000000000
1750310679.400000095 31.2704571675 120.912548648 2.723800000 4.000000000 0.000082810 1.000000000 0.000000000 0.000000000 0.000073960 84.000000000 83.000000000 79.000000000 82.000000000
1750310679.599999905 31.270457247833335 120.912549430 2.713000000 4.000000000 0.000102010 1.000000000 0.000000000 0.000000000 0.000094090 84.000000000 83.000000000 79.000000000 82.000000000
1750310679.799999952 31.270457400666672 120.912550205 2.710500000 4.000000000 0.000102010 1.000000000 0.000000000 0.000000000 0.000094090 84.000000000 83.000000000 79.000000000 82.000000000
1750310680.000000000 31.270457516333337 120.912551047 2.707500000 4.000000000 0.000100000 1.000000000 0.000000000 0.000000000 0.000094090 84.000000000 83.000000000 79.000000000 82.000000000
1750310680.200000048 31.27045757016667 120.912551918 2.703600000 4.000000000 0.000100000 1.000000000 0.000000000 0.000000000 0.000094090 82.000000000 82.000000000 79.000000000 82.000000000
1750310680.400000095 31.270457637333337 120.912552713 2.698000000 4.000000000 0.000100000 1.000000000 0.000000000 0.000000000 0.000094090 82.000000000 82.000000000 79.000000000 82.000000000
1750310680.599999905 31.270457839333332 120.912553422 2.694800000 4.000000000 0.000106090 1.000000000 0.000000000 0.000000000 0.000098010 82.000000000 82.000000000 79.000000000 82.000000000
1750310680.799999952 31.270458053166664 120.912554327 2.696900000 4.000000000 0.000106090 1.000000000 0.000000000 0.000000000 0.000098010 82.000000000 82.000000000 79.000000000 82.000000000
1750310681.000000000 31.270458196999996 120.912555144 2.685800000 4.000000000 0.000106090 1.000000000 0.000000000 0.000000000 0.000098010 82.000000000 82.000000000 79.000000000 82.000000000
1750310681.200000048 31.2704583795 120.912555880 2.688500000 4.000000000 0.000106090 1.000000000 0.000000000 0.000000000 0.000100000 82.000000000 83.000000000 80.000000000 84.000000000
1750310681.400000095 31.270458602999994 120.912556698 2.680800000 4.000000000 0.000106090 1.000000000 0.000000000 0.000000000 0.000100000 82.000000000 83.000000000 80.000000000 84.000000000
1750310681.599999905 31.270458824833327 120.912557483 2.686700000 4.000000000 0.000102010 1.000000000 0.000000000 0.000000000 0.000102010 82.000000000 83.000000000 80.000000000 84.000000000
1750310681.799999952 31.27045901383333 120.912558201 2.681300000 4.000000000 0.000102010 1.000000000 0.000000000 0.000000000 0.000102010 82.000000000 83.000000000 80.000000000 84.000000000
1750310682.000000000 31.270459314500002 120.912558961 2.683200000 4.000000000 0.000104040 1.000000000 0.000000000 0.000000000 0.000102010 82.000000000 83.000000000 80.000000000 84.000000000
1750310682.200000048 31.270459613666674 120.912559661 2.673100000 4.000000000 0.000102010 1.000000000 0.000000000 0.000000000 0.000102010 82.000000000 80.000000000 77.000000000 78.000000000
1750310682.400000095 31.270460015499992 120.912560481 2.678800000 4.000000000 0.000102010 1.000000000 0.000000000 0.000000000 0.000102010 82.000000000 80.000000000 77.000000000 78.000000000
1750310682.599999905 31.270460298666663 120.912561211 2.684300000 4.000000000 0.000106090 1.000000000 0.000000000 0.000000000 0.000104040 82.000000000 80.000000000 77.000000000 78.000000000
1750310682.799999952 31.270460416166657 120.912562084 2.683700000 4.000000000 0.000106090 1.000000000 0.000000000 0.000000000 0.000104040 82.000000000 80.000000000 77.000000000 78.000000000
1750310683.000000000 31.27046046033334 120.912562962 2.678800000 4.000000000 0.000106090 1.000000000 0.000000000 0.000000000 0.000102010 82.000000000 80.000000000 77.000000000 78.000000000
1750310683.200000048 31.270460534999998 120.912563722 2.679000000 4.000000000 0.000106090 1.000000000 0.000000000 0.000000000 0.000102010 82.000000000 81.000000000 78.000000000 80.000000000
1750310683.400000095 31.27046052349999 120.912564428 2.662200000 4.000000000 0.000106090 1.000000000 0.000000000 0.000000000 0.000100000 82.000000000 81.000000000 78.000000000 80.000000000
1750310683.599999905 31.270460586 120.912565239 2.662000000 4.000000000 0.000110250 1.000000000 0.000000000 0.000000000 0.000096040 82.000000000 81.000000000 78.000000000 80.000000000
1750310683.799999952 31.270460534666668 120.912566002 2.658600000 4.000000000 0.000110250 1.000000000 0.000000000 0.000000000 0.000096040 82.000000000 81.000000000 78.000000000 80.000000000
1750310684.000000000 31.27046059 120.912566835 2.652700000 4.000000000 0.000110250 1.000000000 0.000000000 0.000000000 0.000096040 82.000000000 81.000000000 78.000000000 80.000000000
1750310684.200000048 31.270460660333327 120.912567565 2.647300000 4.000000000 0.000108160 1.000000000 0.000000000 0.000000000 0.000094090 84.000000000 84.000000000 80.000000000 84.000000000
1750310684.400000095 31.270460660833336 120.912568400 2.645300000 4.000000000 0.000108160 1.000000000 0.000000000 0.000000000 0.000096040 84.000000000 84.000000000 80.000000000 84.000000000
1750310684.599999905 31.270460809499994 120.912569189 2.626700000 4.000000000 0.000079210 1.000000000 0.000000000 0.000000000 0.000068890 84.000000000 84.000000000 80.000000000 84.000000000
1750310684.799999952 31.270460945833335 120.912569894 2.621200000 4.000000000 0.000079210 1.000000000 0.000000000 0.000000000 0.000068890 84.000000000 84.000000000 80.000000000 84.000000000
1750310685.000000000 31.270461129166662 120.912570645 2.617300000 4.000000000 0.000079210 1.000000000 0.000000000 0.000000000 0.000068890 84.000000000 84.000000000 80.000000000 84.000000000
1750310685.200000048 31.270461350999994 120.912571459 2.615000000 4.000000000 0.000079210 1.000000000 0.000000000 0.000000000 0.000068890 86.000000000 86.000000000 81.000000000 86.000000000
1750310685.400000095 31.270461556666675 120.912572269 2.611700000 4.000000000 0.000079210 1.000000000 0.000000000 0.000000000 0.000068890 86.000000000 86.000000000 81.000000000 86.000000000
1750310685.599999905 31.27046173316667 120.912573065 2.619600000 4.000000000 0.000072250 1.000000000 0.000000000 0.000000000 0.000065610 86.000000000 86.000000000 81.000000000 86.000000000
1750310685.799999952 31.270461933166672 120.912573753 2.608600000 4.000000000 0.000072250 1.000000000 0.000000000 0.000000000 0.000065610 86.000000000 86.000000000 81.000000000 86.000000000
1750310686.000000000 31.270461928000003 120.912574403 2.601900000 4.000000000 0.000072250 1.000000000 0.000000000 0.000000000 0.000065610 86.000000000 86.000000000 81.000000000 86.000000000
1750310686.200000048 31.270462132666665 120.912575052 2.603600000 4.000000000 0.000072250 1.000000000 0.000000000 0.000000000 0.000065610 86.000000000 86.000000000 81.000000000 86.000000000
1750310686.400000095 31.27046237416667 120.912575708 2.596900000 4.000000000 0.000072250 1.000000000 0.000000000 0.000000000 0.000065610 86.000000000 86.000000000 81.000000000 86.000000000
1750310686.599999905 31.27046272166666 120.912576306 2.593900000 4.000000000 0.000072250 1.000000000 0.000000000 0.000000000 0.000064000 86.000000000 86.000000000 81.000000000 86.000000000
1750310686.799999952 31.27046299833333 120.912577154 2.595200000 4.000000000 0.000072250 1.000000000 0.000000000 0.000000000 0.000064000 86.000000000 86.000000000 81.000000000 86.000000000
1750310687.000000000 31.270463078999995 120.912577928 2.601900000 4.000000000 0.000072250 1.000000000 0.000000000 0.000000000 0.000064000 86.000000000 86.000000000 81.000000000 86.000000000
1750310687.200000048 31.27046328666667 120.912578739 2.602900000 4.000000000 0.000072250 1.000000000 0.000000000 0.000000000 0.000064000 84.000000000 85.000000000 81.000000000 86.000000000
1750310687.400000095 31.270463457000005 120.912579629 2.611100000 4.000000000 0.000072250 1.000000000 0.000000000 0.000000000 0.000064000 84.000000000 85.000000000 81.000000000 86.000000000
1750310687.599999905 31.270463601833328 120.912580440 2.617700000 4.000000000 0.000065610 1.000000000 0.000000000 0.000000000 0.000062410 84.000000000 85.000000000 81.000000000 86.000000000
1750310687.799999952 31.270463738666663 120.912581355 2.632700000 4.000000000 0.000065610 1.000000000 0.000000000 0.000000000 0.000062410 84.000000000 85.000000000 81.000000000 86.000000000
1750310688.000000000 31.2704638485 120.912582145 2.616300000 4.000000000 0.000065610 1.000000000 0.000000000 0.000000000 0.000062410 84.000000000 85.000000000 81.000000000 86.000000000
1750310688.200000048 31.270464034 120.912582863 2.613100000 4.000000000 0.000067240 1.000000000 0.000000000 0.000000000 0.000062410 82.000000000 83.000000000 80.000000000 84.000000000
1750310688.400000095 31.27046418533334 120.912583777 2.612400000 4.000000000 0.000067240 1.000000000 0.000000000 0.000000000 0.000062410 82.000000000 83.000000000 80.000000000 84.000000000
1750310688.599999905 31.27046431783333 120.912584621 2.605300000 4.000000000 0.000068890 1.000000000 0.000000000 0.000000000 0.000062410 82.000000000 83.000000000 80.000000000 84.000000000
1750310688.799999952 31.27046450766666 120.912585343 2.600300000 4.000000000 0.000068890 1.000000000 0.000000000 0.000000000 0.000062410 82.000000000 83.000000000 80.000000000 84.000000000
1750310689.000000000 31.270464705333325 120.912586143 2.592700000 4.000000000 0.000068890 1.000000000 0.000000000 0.000000000 0.000062410 82.000000000 83.000000000 80.000000000 84.000000000
1750310689.200000048 31.27046486816667 120.912586954 2.587300000 4.000000000 0.000068890 1.000000000 0.000000000 0.000000000 0.000062410 86.000000000 85.000000000 80.000000000 84.000000000
1750310689.400000095 31.27046506633333 120.912587630 2.583400000 4.000000000 0.000068890 1.000000000 0.000000000 0.000000000 0.000062410 86.000000000 85.000000000 80.000000000 84.000000000
1750310689.599999905 31.270465230833338 120.912588431 2.592500000 4.000000000 0.000070560 1.000000000 0.000000000 0.000000000 0.000064000 86.000000000 85.000000000 80.000000000 84.000000000
1750310689.799999952 31.270465416666667 120.912589272 2.594000000 4.000000000 0.000070560 1.000000000 0.000000000 0.000000000 0.000064000 86.000000000 85.000000000 80.000000000 84.000000000
1750310690.000000000 31.270465626000004 120.912590118 2.602000000 4.000000000 0.000070560 1.000000000 0.000000000 0.000000000 0.000064000 86.000000000 85.000000000 80.000000000 84.000000000
1750310690.200000048 31.270465777 120.912590840 2.584300000 4.000000000 0.000070560 1.000000000 0.000000000 0.000000000 0.000064000 80.000000000 81.000000000 80.000000000 82.000000000
1750310690.400000095 31.270465918666673 120.912591540 2.581800000 4.000000000 0.000070560 1.000000000 0.000000000 0.000000000 0.000064000 80.000000000 81.000000000 80.000000000 82.000000000
1750310690.599999905 31.270466117166663 120.912592415 2.569700000 4.000000000 0.000088360 1.000000000 0.000000000 0.000000000 0.000088360 80.000000000 81.000000000 80.000000000 82.000000000
1750310690.799999952 31.270466301499994 120.912593049 2.555600000 4.000000000 0.000088360 1.000000000 0.000000000 0.000000000 0.000090250 80.000000000 81.000000000 80.000000000 82.000000000
1750310691.000000000 31.27046645833333 120.912593794 2.557400000 4.000000000 0.000088360 1.000000000 0.000000000 0.000000000 0.000090250 80.000000000 81.000000000 80.000000000 82.000000000
1750310691.200000048 31.270466665 120.912594533 2.556300000 4.000000000 0.000088360 1.000000000 0.000000000 0.000000000 0.000090250 76.000000000 79.000000000 80.000000000 82.000000000
1750310691.400000095 31.270466865833328 120.912595308 2.550600000 4.000000000 0.000088360 1.000000000 0.000000000 0.000000000 0.000090250 76.000000000 79.000000000 80.000000000 82.000000000
1750310691.599999905 31.270467080166668 120.912596089 2.545500000 4.000000000 0.000090250 1.000000000 0.000000000 0.000000000 0.000102010 76.000000000 79.000000000 80.000000000 82.000000000
1750310691.799999952 31.270467294 120.912596804 2.536100000 4.000000000 0.000090250 1.000000000 0.000000000 0.000000000 0.000102010 76.000000000 79.000000000 80.000000000 82.000000000
1750310692.000000000 31.270467536166663 120.912597658 2.546100000 4.000000000 0.000090250 1.000000000 0.000000000 0.000000000 0.000102010 76.000000000 79.000000000 80.000000000 82.000000000
1750310692.200000048 31.270467754833334 120.912598364 2.538200000 4.000000000 0.000090250 1.000000000 0.000000000 0.000000000 0.000102010 82.000000000 81.000000000 79.000000000 80.000000000
1750310692.400000095 31.270467982 120.912599105 2.530000000 4.000000000 0.000090250 1.000000000 0.000000000 0.000000000 0.000102010 82.000000000 81.000000000 79.000000000 80.000000000
1750310692.599999905 31.270468247500006 120.912600058 2.533100000 4.000000000 0.000086490 1.000000000 0.000000000 0.000000000 0.000090250 82.000000000 81.000000000 79.000000000 80.000000000
1750310692.799999952 31.270468480000005 120.912600818 2.522500000 4.000000000 0.000086490 1.000000000 0.000000000 0.000000000 0.000090250 82.000000000 81.000000000 79.000000000 80.000000000
1750310693.000000000 31.270468679999993 120.912601583 2.508500000 4.000000000 0.000086490 1.000000000 0.000000000 0.000000000 0.000090250 82.000000000 81.000000000 79.000000000 80.000000000
1750310693.200000048 31.270468822833323 120.912602343 2.504900000 4.000000000 0.000084640 1.000000000 0.000000000 0.000000000 0.000088360 85.000000000 83.500000000 80.000000000 82.000000000
1750310693.400000095 31.270469079999998 120.912603083 2.497500000 4.000000000 0.000084640 1.000000000 0.000000000 0.000000000 0.000088360 85.000000000 83.500000000 80.000000000 82.000000000
1750310693.599999905 31.270469352000006 120.912603937 2.502000000 4.000000000 0.000064000 1.000000000 0.000000000 0.000000000 0.000064000 85.000000000 83.500000000 80.000000000 82.000000000
1750310693.799999952 31.27046943350001 120.912604598 2.484800000 4.000000000 0.000064000 1.000000000 0.000000000 0.000000000 0.000064000 85.000000000 83.500000000 80.000000000 82.000000000
1750310694.000000000 31.270469612 120.912605327 2.478400000 4.000000000 0.000064000 1.000000000 0.000000000 0.000000000 0.000064000 85.000000000 83.500000000 80.000000000 82.000000000
1750310694.200000048 31.270469962999996 120.912606123 2.488600000 4.000000000 0.000064000 1.000000000 0.000000000 0.000000000 0.000064000 89.000000000 90.000000000 85.000000000 91.000000000
1750310694.400000095 31.2704702355 120.912606847 2.485400000 4.000000000 0.000065610 1.000000000 0.000000000 0.000000000 0.000064000 89.000000000 90.000000000 85.000000000 91.000000000
1750310694.599999905 31.27047050916667 120.912607676 2.480000000 4.000000000 0.000064000 1.000000000 0.000000000 0.000000000 0.000064000 89.000000000 90.000000000 85.000000000 91.000000000
1750310694.799999952 31.270470741833336 120.912608391 2.473600000 4.000000000 0.000064000 1.000000000 0.000000000 0.000000000 0.000064000 89.000000000 90.000000000 85.000000000 91.000000000
1750310695.000000000 31.270470936333325 120.912609109 2.467600000 4.000000000 0.000064000 1.000000000 0.000000000 0.000000000 0.000064000 89.000000000 90.000000000 85.000000000 91.000000000
1750310695.200000048 31.27047118 120.912609774 2.454600000 4.000000000 0.000065610 1.000000000 0.000000000 0.000000000 0.000064000 89.000000000 90.000000000 85.000000000 91.000000000
1750310695.400000095 31.270471432999997 120.912610532 2.454900000 4.000000000 0.000065610 1.000000000 0.000000000 0.000000000 0.000064000 89.000000000 90.000000000 85.000000000 91.000000000
1750310695.599999905 31.270471676166665 120.912611452 2.449000000 4.000000000 0.000064000 1.000000000 0.000000000 0.000000000 0.000064000 89.000000000 90.000000000 85.000000000 91.000000000
1750310695.799999952 31.270472000166663 120.912612055 2.439200000 4.000000000 0.000064000 1.000000000 0.000000000 0.000000000 0.000064000 89.000000000 90.000000000 85.000000000 91.000000000
1750310696.000000000 31.27047222916667 120.912612808 2.440000000 4.000000000 0.000064000 1.000000000 0.000000000 0.000000000 0.000064000 89.000000000 90.000000000 85.000000000 91.000000000
1750310696.200000048 31.270472495999996 120.912613630 2.431500000 4.000000000 0.000064000 1.000000000 0.000000000 0.000000000 0.000064000 91.000000000 91.000000000 85.000000000 91.000000000
1750310696.400000095 31.270472820166674 120.912614345 2.427100000 4.000000000 0.000064000 1.000000000 0.000000000 0.000000000 0.000064000 91.000000000 91.000000000 85.000000000 91.000000000
1750310696.599999905 31.270473124999995 120.912615122 2.422300000 4.000000000 0.000062410 1.000000000 0.000000000 0.000000000 0.000060840 91.000000000 91.000000000 85.000000000 91.000000000
1750310696.799999952 31.270473387833334 120.912616009 2.421000000 4.000000000 0.000062410 1.000000000 0.000000000 0.000000000 0.000060840 91.000000000 91.000000000 85.000000000 91.000000000
1750310697.000000000 31.27047361583334 120.912616798 2.412400000 4.000000000 0.000062410 1.000000000 0.000000000 0.000000000 0.000060840 91.000000000 91.000000000 85.000000000 91.000000000
1750310697.200000048 31.270473847000005 120.912617700 2.407500000 4.000000000 0.000062410 1.000000000 0.000000000 0.000000000 0.000060840 91.000000000 91.000000000 85.000000000 91.000000000
1750310697.400000095 31.270474126833335 120.912618491 2.402500000 4.000000000 0.000062410 1.000000000 0.000000000 0.000000000 0.000060840 91.000000000 91.000000000 85.000000000 91.000000000
1750310697.599999905 31.270474480333334 120.912619109 2.393900000 4.000000000 0.000062410 1.000000000 0.000000000 0.000000000 0.000059290 91.000000000 91.000000000 85.000000000 91.000000000
1750310697.799999952 31.270474645999997 120.912619883 2.380600000 4.000000000 0.000062410 1.000000000 0.000000000 0.000000000 0.000059290 91.000000000 91.000000000 85.000000000 91.000000000
1750310698.000000000 31.270474877666672 120.912620607 2.370300000 4.000000000 0.000062410 1.000000000 0.000000000 0.000000000 0.000059290 91.000000000 91.000000000 85.000000000 91.000000000
1750310698.200000048 31.2704750435 120.912621306 2.360400000 4.000000000 0.000064000 1.000000000 0.000000000 0.000000000 0.000059290 95.000000000 93.000000000 85.000000000 91.000000000
1750310698.400000095 31.270475273166667 120.912622116 2.359400000 4.000000000 0.000064000 1.000000000 0.000000000 0.000000000 0.000059290 95.000000000 93.000000000 85.000000000 91.000000000
1750310698.599999905 31.2704754155 120.912622934 2.359000000 4.000000000 0.000062410 1.000000000 0.000000000 0.000000000 0.000059290 95.000000000 93.000000000 85.000000000 91.000000000
1750310698.799999952 31.270475651833337 120.912623683 2.347800000 4.000000000 0.000062410 1.000000000 0.000000000 0.000000000 0.000059290 95.000000000 93.000000000 85.000000000 91.000000000
1750310699.000000000 31.270475790666666 120.912624456 2.339000000 4.000000000 0.000062410 1.000000000 0.000000000 0.000000000 0.000059290 95.000000000 93.000000000 85.000000000 91.000000000
1750310699.200000048 31.270475978166672 120.912625132 2.337400000 4.000000000 0.000062410 1.000000000 0.000000000 0.000000000 0.000059290 95.000000000 93.000000000 85.000000000 91.000000000
1750310699.400000095 31.270476180000003 120.912625900 2.326200000 4.000000000 0.000062410 1.000000000 0.000000000 0.000000000 0.000059290 95.000000000 93.000000000 85.000000000 91.000000000
1750310699.599999905 31.270476406499995 120.912626684 2.309700000 4.000000000 0.000059290 1.000000000 0.000000000 0.000000000 0.000057760 95.000000000 93.000000000 85.000000000 91.000000000
1750310699.799999952 31.270476486000007 120.912627486 2.303200000 4.000000000 0.000057760 1.000000000 0.000000000 0.000000000 0.000057760 95.000000000 93.000000000 85.000000000 91.000000000
1750310700.000000000 31.270476621166665 120.912628287 2.301300000 4.000000000 0.000059290 1.000000000 0.000000000 0.000000000 0.000057760 95.000000000 93.000000000 85.000000000 91.000000000
1750310700.200000048 31.27047677333333 120.912629017 2.295700000 4.000000000 0.000059290 1.000000000 0.000000000 0.000000000 0.000059290 95.000000000 92.000000000 84.000000000 89.000000000
1750310700.400000095 31.270477010999997 120.912629862 2.299300000 4.000000000 0.000059290 1.000000000 0.000000000 0.000000000 0.000059290 95.000000000 92.000000000 84.000000000 89.000000000
1750310700.599999905 31.270477225999997 120.912630525 2.297500000 4.000000000 0.000060840 1.000000000 0.000000000 0.000000000 0.000057760 95.000000000 92.000000000 84.000000000 89.000000000
1750310700.799999952 31.270477420333336 120.912631291 2.300300000 4.000000000 0.000060840 1.000000000 0.000000000 0.000000000 0.000057760 95.000000000 92.000000000 84.000000000 89.000000000
1750310701.000000000 31.270477585833333 120.912632128 2.295200000 4.000000000 0.000060840 1.000000000 0.000000000 0.000000000 0.000057760 95.000000000 92.000000000 84.000000000 89.000000000
1750310701.200000048 31.270477760000006 120.912632938 2.292400000 4.000000000 0.000060840 1.000000000 0.000000000 0.000000000 0.000057760 93.000000000 91.000000000 84.000000000 89.000000000
1750310701.400000095 31.270477943666663 120.912633885 2.290900000 4.000000000 0.000060840 1.000000000 0.000000000 0.000000000 0.000057760 93.000000000 91.000000000 84.000000000 89.000000000
1750310701.599999905 31.270478077333337 120.912634589 2.283400000 4.000000000 0.000059290 1.000000000 0.000000000 0.000000000 0.000054760 93.000000000 91.000000000 84.000000000 89.000000000
1750310701.799999952 31.270478343833332 120.912635462 2.284300000 4.000000000 0.000059290 1.000000000 0.000000000 0.000000000 0.000056250 93.000000000 91.000000000 84.000000000 89.000000000
1750310702.000000000 31.270478485166677 120.912636289 2.282700000 4.000000000 0.000059290 1.000000000 0.000000000 0.000000000 0.000054760 93.000000000 91.000000000 84.000000000 89.000000000
1750310702.200000048 31.27047871100001 120.912637057 2.278400000 4.000000000 0.000059290 1.000000000 0.000000000 0.000000000 0.000056250 95.000000000 92.000000000 84.000000000 89.000000000
1750310702.400000095 31.27047892366666 120.912637862 2.273800000 4.000000000 0.000059290 1.000000000 0.000000000 0.000000000 0.000056250 95.000000000 92.000000000 84.000000000 89.000000000
1750310702.599999905 31.270479104666663 120.912638737 2.275000000 4.000000000 0.000059290 1.000000000 0.000000000 0.000000000 0.000053290 95.000000000 92.000000000 84.000000000 89.000000000
1750310702.799999952 31.270479277666666 120.912639473 2.263400000 4.000000000 0.000059290 1.000000000 0.000000000 0.000000000 0.000053290 95.000000000 92.000000000 84.000000000 89.000000000
1750310703.000000000 31.270479463166666 120.912640260 2.267400000 4.000000000 0.000059290 1.000000000 0.000000000 0.000000000 0.000053290 95.000000000 92.000000000 84.000000000 89.000000000
1750310703.200000048 31.270479617999996 120.912641030 2.257200000 4.000000000 0.000059290 1.000000000 0.000000000 0.000000000 0.000053290 93.000000000 91.000000000 84.000000000 89.000000000
1750310703.400000095 31.270479766833333 120.912641838 2.254000000 4.000000000 0.000059290 1.000000000 0.000000000 0.000000000 0.000053290 93.000000000 91.000000000 84.000000000 89.000000000
1750310703.599999905 31.27048001033333 120.912642773 2.241500000 4.000000000 0.000059290 1.000000000 0.000000000 0.000000000 0.000053290 93.000000000 91.000000000 84.000000000 89.000000000
1750310703.799999952 31.270480105000004 120.912643538 2.234400000 4.000000000 0.000059290 1.000000000 0.000000000 0.000000000 0.000053290 93.000000000 91.000000000 84.000000000 89.000000000
1750310704.000000000 31.270480343166668 120.912644291 2.220200000 4.000000000 0.000059290 1.000000000 0.000000000 0.000000000 0.000053290 93.000000000 91.000000000 84.000000000 89.000000000
1750310704.200000048 31.270480632 120.912645085 2.220100000 4.000000000 0.000060840 1.000000000 0.000000000 0.000000000 0.000054760 91.000000000 89.000000000 83.000000000 87.000000000
1750310704.400000095 31.270480802999998 120.912645886 2.214100000 4.000000000 0.000060840 1.000000000 0.000000000 0.000000000 0.000054760 91.000000000 89.000000000 83.000000000 87.000000000
1750310704.599999905 31.27048068083333 120.912646523 2.210200000 4.000000000 0.000060840 1.000000000 0.000000000 0.000000000 0.000056250 91.000000000 89.000000000 83.000000000 87.000000000
1750310704.799999952 31.270480452666675 120.912646930 2.208100000 4.000000000 0.000060840 1.000000000 0.000000000 0.000000000 0.000056250 91.000000000 89.000000000 83.000000000 87.000000000
1750310705.000000000 31.27048024183334 120.912647133 2.210300000 4.000000000 0.000062410 1.000000000 0.000000000 0.000000000 0.000056250 91.000000000 89.000000000 83.000000000 87.000000000
1750310705.200000048 31.270480062666664 120.912647297 2.207400000 4.000000000 0.000062410 1.000000000 0.000000000 0.000000000 0.000056250 80.000000000 81.000000000 80.000000000 82.000000000
1750310705.400000095 31.27047988066667 120.912647452 2.204200000 4.000000000 0.000062410 1.000000000 0.000000000 0.000000000 0.000056250 80.000000000 81.000000000 80.000000000 82.000000000
1750310705.599999905 31.27047967916667 120.912647663 2.207400000 4.000000000 0.000081000 1.000000000 0.000000000 0.000000000 0.000075690 80.000000000 81.000000000 80.000000000 82.000000000
1750310705.799999952 31.27047949883334 120.912647820 2.196800000 4.000000000 0.000081000 1.000000000 0.000000000 0.000000000 0.000075690 80.000000000 81.000000000 80.000000000 82.000000000
1750310706.000000000 31.270479394999995 120.912648064 2.200000000 4.000000000 0.000081000 1.000000000 0.000000000 0.000000000 0.000075690 80.000000000 81.000000000 80.000000000 82.000000000
1750310706.200000048 31.270479376333327 120.912648280 2.198900000 4.000000000 0.000081000 1.000000000 0.000000000 0.000000000 0.000075690 78.000000000 79.000000000 79.000000000 80.000000000
1750310706.400000095 31.27047959016666 120.912648650 2.198700000 4.000000000 0.000081000 1.000000000 0.000000000 0.000000000 0.000075690 78.000000000 79.000000000 79.000000000 80.000000000
1750310706.599999905 31.270480152000005 120.912649285 2.189500000 4.000000000 0.000094090 1.000000000 0.000000000 0.000000000 0.000082810 78.000000000 79.000000000 79.000000000 80.000000000
1750310706.799999952 31.2704807155 120.912649527 2.199000000 4.000000000 0.000094090 1.000000000 0.000000000 0.000000000 0.000084640 78.000000000 79.000000000 79.000000000 80.000000000
1750310707.000000000 31.270480669333324 120.912649471 2.198800000 4.000000000 0.000094090 1.000000000 0.000000000 0.000000000 0.000084640 78.000000000 79.000000000 79.000000000 80.000000000
1750310707.200000048 31.270480717166663 120.912649493 2.206000000 4.000000000 0.000092160 1.000000000 0.000000000 0.000000000 0.000084640 76.000000000 79.000000000 80.000000000 82.000000000
1750310707.400000095 31.2704806885 120.912649580 2.205500000 4.000000000 0.000094090 1.000000000 0.000000000 0.000000000 0.000084640 76.000000000 79.000000000 80.000000000 82.000000000
1750310707.599999905 31.270480586666665 120.912649829 2.214600000 4.000000000 0.000096040 1.000000000 0.000000000 0.000000000 0.000088360 76.000000000 79.000000000 80.000000000 82.000000000
1750310707.799999952 31.27048054666666 120.912650112 2.210200000 4.000000000 0.000096040 1.000000000 0.000000000 0.000000000 0.000088360 76.000000000 79.000000000 80.000000000 82.000000000
1750310708.000000000 31.270480475833324 120.912650325 2.199400000 4.000000000 0.000096040 1.000000000 0.000000000 0.000000000 0.000088360 76.000000000 79.000000000 80.000000000 82.000000000
1750310708.200000048 31.270480503833326 120.912650566 2.199500000 4.000000000 0.000096040 1.000000000 0.000000000 0.000000000 0.000088360 78.000000000 80.000000000 80.000000000 82.000000000
1750310708.400000095 31.2704805085 120.912650739 2.189300000 4.000000000 0.000096040 1.000000000 0.000000000 0.000000000 0.000088360 78.000000000 80.000000000 80.000000000 82.000000000
1750310708.599999905 31.27048064183333 120.912651071 2.182700000 4.000000000 0.000079210 1.000000000 0.000000000 0.000000000 0.000082810 78.000000000 80.000000000 80.000000000 82.000000000
1750310708.799999952 31.2704807465 120.912651088 2.195700000 4.000000000 0.000081000 1.000000000 0.000000000 0.000000000 0.000084640 78.000000000 80.000000000 80.000000000 82.000000000
1750310709.000000000 31.27048073200001 120.912651053 2.203800000 4.000000000 0.000081000 1.000000000 0.000000000 0.000000000 0.000086490 78.000000000 80.000000000 80.000000000 82.000000000
1750310709.200000048 31.27048075966667 120.912651056 2.196800000 4.000000000 0.000077440 1.000000000 0.000000000 0.000000000 0.000082810 80.000000000 77.000000000 76.000000000 74.000000000
1750310709.400000095 31.270480681833334 120.912651039 2.190600000 4.000000000 0.000079210 1.000000000 0.000000000 0.000000000 0.000082810 80.000000000 77.000000000 76.000000000 74.000000000
1750310709.599999905 31.27048067766667 120.912651153 2.166100000 4.000000000 0.000070560 1.000000000 0.000000000 0.000000000 0.000068890 80.000000000 77.000000000 76.000000000 74.000000000
1750310709.799999952 31.270480759999998 120.912651164 2.176600000 4.000000000 0.000070560 1.000000000 0.000000000 0.000000000 0.000070560 80.000000000 77.000000000 76.000000000 74.000000000
1750310710.000000000 31.27048095233333 120.912651353 2.184400000 4.000000000 0.000070560 1.000000000 0.000000000 0.000000000 0.000070560 80.000000000 77.000000000 76.000000000 74.000000000
1750310710.200000048 31.270481024666665 120.912651364 2.191800000 4.000000000 0.000068890 1.000000000 0.000000000 0.000000000 0.000068890 78.000000000 76.000000000 76.000000000 74.000000000
1750310710.400000095 31.2704809735 120.912651363 2.189800000 4.000000000 0.000068890 1.000000000 0.000000000 0.000000000 0.000068890 78.000000000 76.000000000 76.000000000 74.000000000
1750310710.599999905 31.270480893666672 120.912651348 2.188800000 4.000000000 0.000068890 1.000000000 0.000000000 0.000000000 0.000075690 78.000000000 76.000000000 76.000000000 74.000000000
1750310710.799999952 31.270480959833336 120.912651286 2.181600000 4.000000000 0.000070560 1.000000000 0.000000000 0.000000000 0.000075690 78.000000000 76.000000000 76.000000000 74.000000000
1750310711.000000000 31.2704813645 120.912651041 2.188900000 4.000000000 0.000070560 1.000000000 0.000000000 0.000000000 0.000075690 78.000000000 76.000000000 76.000000000 74.000000000
1750310711.200000048 31.27048201783333 120.912650740 2.190200000 4.000000000 0.000068890 1.000000000 0.000000000 0.000000000 0.000075690 87.000000000 87.000000000 83.000000000 87.000000000
1750310711.400000095 31.2704826625 120.912650443 2.190600000 4.000000000 0.000068890 1.000000000 0.000000000 0.000000000 0.000075690 87.000000000 87.000000000 83.000000000 87.000000000
1750310711.599999905 31.270483279000004 120.912650069 2.189600000 4.000000000 0.000068890 1.000000000 0.000000000 0.000000000 0.000073960 87.000000000 87.000000000 83.000000000 87.000000000
1750310711.799999952 31.27048392733333 120.912649725 2.188100000 4.000000000 0.000070560 1.000000000 0.000000000 0.000000000 0.000073960 87.000000000 87.000000000 83.000000000 87.000000000
1750310712.000000000 31.270484588833327 120.912649252 2.191200000 4.000000000 0.000070560 1.000000000 0.000000000 0.000000000 0.000073960 87.000000000 87.000000000 83.000000000 87.000000000
1750310712.200000048 31.270485225166667 120.912648913 2.189500000 4.000000000 0.000070560 1.000000000 0.000000000 0.000000000 0.000073960 93.000000000 91.000000000 83.000000000 89.000000000
1750310712.400000095 31.270485847999993 120.912648484 2.186400000 4.000000000 0.000070560 1.000000000 0.000000000 0.000000000 0.000073960 93.000000000 91.000000000 83.000000000 89.000000000
1750310712.599999905 31.270486464499996 120.912648070 2.192000000 4.000000000 0.000068890 1.000000000 0.000000000 0.000000000 0.000068890 93.000000000 91.000000000 83.000000000 89.000000000
1750310712.799999952 31.27048702966667 120.912647719 2.188700000 4.000000000 0.000068890 1.000000000 0.000000000 0.000000000 0.000068890 93.000000000 91.000000000 83.000000000 89.000000000
1750310713.000000000 31.27048756716667 120.912647310 2.182200000 4.000000000 0.000068890 1.000000000 0.000000000 0.000000000 0.000068890 93.000000000 91.000000000 83.000000000 89.000000000
1750310713.200000048 31.270488187500007 120.912646895 2.177500000 4.000000000 0.000068890 1.000000000 0.000000000 0.000000000 0.000068890 91.000000000 90.000000000 84.000000000 89.000000000
1750310713.400000095 31.270488703833337 120.912646517 2.181300000 4.000000000 0.000068890 1.000000000 0.000000000 0.000000000 0.000068890 91.000000000 90.000000000 84.000000000 89.000000000
1750310713.599999905 31.270489336833336 120.912646080 2.183200000 4.000000000 0.000068890 1.000000000 0.000000000 0.000000000 0.000064000 91.000000000 90.000000000 84.000000000 89.000000000
1750310713.799999952 31.27048995983334 120.912645662 2.187100000 4.000000000 0.000068890 1.000000000 0.000000000 0.000000000 0.000064000 91.000000000 90.000000000 84.000000000 89.000000000
1750310714.000000000 31.270490516833334 120.912645298 2.182800000 4.000000000 0.000068890 1.000000000 0.000000000 0.000000000 0.000064000 91.000000000 90.000000000 84.000000000 89.000000000
1750310714.200000048 31.270491085000003 120.912644858 2.185300000 4.000000000 0.000068890 1.000000000 0.000000000 0.000000000 0.000064000 91.000000000 90.000000000 84.000000000 89.000000000
1750310714.400000095 31.270491679166668 120.912644365 2.182500000 4.000000000 0.000068890 1.000000000 0.000000000 0.000000000 0.000064000 91.000000000 90.000000000 84.000000000 89.000000000
1750310714.599999905 31.27049223733333 120.912643955 2.184300000 4.000000000 0.000065610 1.000000000 0.000000000 0.000000000 0.000059290 91.000000000 90.000000000 84.000000000 89.000000000
1750310714.799999952 31.27049284266667 120.912643601 2.178800000 4.000000000 0.000065610 1.000000000 0.000000000 0.000000000 0.000059290 91.000000000 90.000000000 84.000000000 89.000000000
1750310715.000000000 31.270493465166666 120.912643181 2.180800000 4.000000000 0.000065610 1.000000000 0.000000000 0.000000000 0.000059290 91.000000000 90.000000000 84.000000000 89.000000000
1750310715.200000048 31.270493948166674 120.912642671 2.178200000 4.000000000 0.000065610 1.000000000 0.000000000 0.000000000 0.000059290 93.000000000 91.000000000 84.000000000 89.000000000
1750310715.400000095 31.270494464833334 120.912642210 2.175400000 4.000000000 0.000065610 1.000000000 0.000000000 0.000000000 0.000059290 93.000000000 91.000000000 84.000000000 89.000000000
1750310715.599999905 31.270494927499996 120.912641674 2.188200000 4.000000000 0.000064000 1.000000000 0.000000000 0.000000000 0.000059290 93.000000000 91.000000000 84.000000000 89.000000000
1750310715.799999952 31.270495392499996 120.912641077 2.189100000 4.000000000 0.000064000 1.000000000 0.000000000 0.000000000 0.000059290 93.000000000 91.000000000 84.000000000 89.000000000
1750310716.000000000 31.270495980666666 120.912640464 2.195300000 4.000000000 0.000064000 1.000000000 0.000000000 0.000000000 0.000059290 93.000000000 91.000000000 84.000000000 89.000000000
1750310716.200000048 31.270496474833337 120.912639878 2.202900000 4.000000000 0.000064000 1.000000000 0.000000000 0.000000000 0.000059290 93.000000000 91.000000000 84.000000000 89.000000000
1750310716.400000095 31.27049707083333 120.912639292 2.203600000 4.000000000 0.000064000 1.000000000 0.000000000 0.000000000 0.000059290 93.000000000 91.000000000 84.000000000 89.000000000
1750310716.599999905 31.270497749666674 120.912638919 2.205900000 4.000000000 0.000060840 1.000000000 0.000000000 0.000000000 0.000056250 93.000000000 91.000000000 84.000000000 89.000000000
1750310716.799999952 31.270498411999995 120.912638692 2.201800000 4.000000000 0.000060840 1.000000000 0.000000000 0.000000000 0.000056250 93.000000000 91.000000000 84.000000000 89.000000000
1750310717.000000000 31.27049912066667 120.912638521 2.202900000 4.000000000 0.000060840 1.000000000 0.000000000 0.000000000 0.000056250 93.000000000 91.000000000 84.000000000 89.000000000
1750310717.200000048 31.270499928999996 120.912638472 2.195600000 4.000000000 0.000060840 1.000000000 0.000000000 0.000000000 0.000057760 93.000000000 91.000000000 84.000000000 89.000000000
1750310717.400000095 31.2705005805 120.912638293 2.191400000 4.000000000 0.000060840 1.000000000 0.000000000 0.000000000 0.000057760 93.000000000 91.000000000 84.000000000 89.000000000
1750310717.599999905 31.27050116800001 120.912637841 2.173500000 4.000000000 0.000062410 1.000000000 0.000000000 0.000000000 0.000056250 93.000000000 91.000000000 84.000000000 89.000000000
1750310717.799999952 31.27050174083334 120.912637455 2.173400000 4.000000000 0.000062410 1.000000000 0.000000000 0.000000000 0.000056250 93.000000000 91.000000000 84.000000000 89.000000000
1750310718.000000000 31.27050237399999 120.912637027 2.171500000 4.000000000 0.000062410 1.000000000 0.000000000 0.000000000 0.000057760 93.000000000 91.000000000 84.000000000 89.000000000
1750310718.200000048 31.27050294866666 120.912636656 2.171600000 4.000000000 0.000062410 1.000000000 0.000000000 0.000000000 0.000057760 93.000000000 92.000000000 85.000000000 91.000000000
1750310718.400000095 31.27050358849999 120.912636233 2.171800000 4.000000000 0.000062410 1.000000000 0.000000000 0.000000000 0.000057760 93.000000000 92.000000000 85.000000000 91.000000000
1750310718.599999905 31.270504154833333 120.912635763 2.170600000 4.000000000 0.000060840 1.000000000 0.000000000 0.000000000 0.000057760 93.000000000 92.000000000 85.000000000 91.000000000
1750310718.799999952 31.270504699666674 120.912635242 2.169200000 4.000000000 0.000060840 1.000000000 0.000000000 0.000000000 0.000056250 93.000000000 92.000000000 85.000000000 91.000000000
1750310719.000000000 31.270505298833342 120.912634782 2.169700000 4.000000000 0.000060840 1.000000000 0.000000000 0.000000000 0.000057760 93.000000000 92.000000000 85.000000000 91.000000000
1750310719.200000048 31.2705058735 120.912634378 2.166400000 4.000000000 0.000060840 1.000000000 0.000000000 0.000000000 0.000057760 93.000000000 92.000000000 85.000000000 91.000000000
1750310719.400000095 31.270506549333334 120.912634106 2.168100000 4.000000000 0.000060840 1.000000000 0.000000000 0.000000000 0.000057760 93.000000000 92.000000000 85.000000000 91.000000000
1750310719.599999905 31.270507176833334 120.912633992 2.158600000 4.000000000 0.000060840 1.000000000 0.000000000 0.000000000 0.000056250 93.000000000 92.000000000 85.000000000 91.000000000
1750310719.799999952 31.270507813333325 120.912633508 2.153200000 4.000000000 0.000060840 1.000000000 0.000000000 0.000000000 0.000056250 93.000000000 92.000000000 85.000000000 91.000000000
1750310720.000000000 31.27050834933334 120.912633012 2.155400000 4.000000000 0.000060840 1.000000000 0.000000000 0.000000000 0.000056250 93.000000000 92.000000000 85.000000000 91.000000000
1750310720.200000048 31.270508950500002 120.912632586 2.151200000 4.000000000 0.000060840 1.000000000 0.000000000 0.000000000 0.000056250 95.000000000 94.000000000 86.000000000 93.000000000
1750310720.400000095 31.27050951433334 120.912632116 2.151100000 4.000000000 0.000060840 1.000000000 0.000000000 0.000000000 0.000056250 95.000000000 94.000000000 86.000000000 93.000000000
1750310720.599999905 31.270510108500005 120.912631620 2.156600000 4.000000000 0.000060840 1.000000000 0.000000000 0.000000000 0.000056250 95.000000000 94.000000000 86.000000000 93.000000000
1750310720.799999952 31.270510665499998 120.912631137 2.153300000 4.000000000 0.000060840 1.000000000 0.000000000 0.000000000 0.000056250 95.000000000 94.000000000 86.000000000 93.000000000
1750310721.000000000 31.270511201666665 120.912630623 2.154200000 4.000000000 0.000060840 1.000000000 0.000000000 0.000000000 0.000056250 95.000000000 94.000000000 86.000000000 93.000000000
1750310721.200000048 31.270511800666668 120.912630151 2.151800000 4.000000000 0.000060840 1.000000000 0.000000000 0.000000000 0.000056250 95.000000000 94.000000000 86.000000000 93.000000000
1750310721.400000095 31.27051238766667 120.912629668 2.154600000 4.000000000 0.000060840 1.000000000 0.000000000 0.000000000 0.000056250 95.000000000 94.000000000 86.000000000 93.000000000
1750310721.599999905 31.270512923500007 120.912629217 2.158400000 4.000000000 0.000059290 1.000000000 0.000000000 0.000000000 0.000054760 95.000000000 94.000000000 86.000000000 93.000000000
1750310721.799999952 31.270513510833325 120.912628730 2.153800000 4.000000000 0.000059290 1.000000000 0.000000000 0.000000000 0.000054760 95.000000000 94.000000000 86.000000000 93.000000000
1750310722.000000000 31.270514128166667 120.912628393 2.154100000 4.000000000 0.000059290 1.000000000 0.000000000 0.000000000 0.000054760 95.000000000 94.000000000 86.000000000 93.000000000
1750310722.200000048 31.270514745666674 120.912627894 2.155900000 4.000000000 0.000059290 1.000000000 0.000000000 0.000000000 0.000054760 95.000000000 94.000000000 86.000000000 93.000000000
1750310722.400000095 31.2705153055 120.912627407 2.153700000 4.000000000 0.000059290 1.000000000 0.000000000 0.000000000 0.000054760 95.000000000 94.000000000 86.000000000 93.000000000
1750310722.599999905 31.2705157715 120.912626813 2.160700000 4.000000000 0.000059290 1.000000000 0.000000000 0.000000000 0.000054760 95.000000000 94.000000000 86.000000000 93.000000000
1750310722.799999952 31.27051631883333 120.912626313 2.155200000 4.000000000 0.000059290 1.000000000 0.000000000 0.000000000 0.000056250 95.000000000 94.000000000 86.000000000 93.000000000
1750310723.000000000 31.2705168615 120.912625936 2.153800000 4.000000000 0.000059290 1.000000000 0.000000000 0.000000000 0.000056250 95.000000000 94.000000000 86.000000000 93.000000000
1750310723.200000048 31.270517480166674 120.912625483 2.156500000 4.000000000 0.000060840 1.000000000 0.000000000 0.000000000 0.000056250 91.000000000 91.000000000 85.000000000 91.000000000
1750310723.400000095 31.270518120666665 120.912625032 2.156600000 4.000000000 0.000060840 1.000000000 0.000000000 0.000000000 0.000057760 91.000000000 91.000000000 85.000000000 91.000000000
1750310723.599999905 31.270518748 120.912624668 2.159700000 4.000000000 0.000072250 1.000000000 0.000000000 0.000000000 0.000064000 91.000000000 91.000000000 85.000000000 91.000000000
1750310723.799999952 31.270519405499996 120.912624407 2.151900000 4.000000000 0.000072250 1.000000000 0.000000000 0.000000000 0.000064000 91.000000000 91.000000000 85.000000000 91.000000000
1750310724.000000000 31.270519970166674 120.912623863 2.149000000 4.000000000 0.000072250 1.000000000 0.000000000 0.000000000 0.000064000 91.000000000 91.000000000 85.000000000 91.000000000
1750310724.200000048 31.270520549333327 120.912623349 2.143800000 4.000000000 0.000072250 1.000000000 0.000000000 0.000000000 0.000065610 91.000000000 91.000000000 85.000000000 91.000000000
1750310724.400000095 31.27052117466667 120.912622964 2.148500000 4.000000000 0.000073960 1.000000000 0.000000000 0.000000000 0.000065610 91.000000000 91.000000000 85.000000000 91.000000000
1750310724.599999905 31.27052170249999 120.912622582 2.150000000 4.000000000 0.000079210 1.000000000 0.000000000 0.000000000 0.000070560 91.000000000 91.000000000 85.000000000 91.000000000
1750310724.799999952 31.270522218833335 120.912622138 2.137600000 4.000000000 0.000079210 1.000000000 0.000000000 0.000000000 0.000070560 91.000000000 91.000000000 85.000000000 91.000000000
1750310725.000000000 31.270522829666675 120.912621852 2.145000000 4.000000000 0.000079210 1.000000000 0.000000000 0.000000000 0.000070560 91.000000000 91.000000000 85.000000000 91.000000000
1750310725.200000048 31.270523440666665 120.912621470 2.142600000 4.000000000 0.000079210 1.000000000 0.000000000 0.000000000 0.000070560 87.000000000 88.000000000 84.000000000 89.000000000
1750310725.400000095 31.270524031666667 120.912621083 2.146400000 4.000000000 0.000079210 1.000000000 0.000000000 0.000000000 0.000070560 87.000000000 88.000000000 84.000000000 89.000000000
1750310725.599999905 31.270524672500002 120.912620726 2.139600000 4.000000000 0.000084640 1.000000000 0.000000000 0.000000000 0.000079210 87.000000000 88.000000000 84.000000000 89.000000000
1750310725.799999952 31.27052526333334 120.912620317 2.144200000 4.000000000 0.000084640 1.000000000 0.000000000 0.000000000 0.000079210 87.000000000 88.000000000 84.000000000 89.000000000
1750310726.000000000 31.27052588716667 120.912619806 2.146600000 4.000000000 0.000084640 1.000000000 0.000000000 0.000000000 0.000079210 87.000000000 88.000000000 84.000000000 89.000000000
1750310726.200000048 31.270526507166664 120.912619341 2.154100000 4.000000000 0.000084640 1.000000000 0.000000000 0.000000000 0.000079210 85.000000000 86.000000000 83.000000000 87.000000000
1750310726.400000095 31.270527019166664 120.912618953 2.155400000 4.000000000 0.000086490 1.000000000 0.000000000 0.000000000 0.000079210 85.000000000 86.000000000 83.000000000 87.000000000
1750310726.599999905 31.270527582833324 120.912618488 2.160400000 4.000000000 0.000094090 1.000000000 0.000000000 0.000000000 0.000086490 85.000000000 86.000000000 83.000000000 87.000000000
1750310726.799999952 31.270528154000004 120.912617989 2.160600000 4.000000000 0.000094090 1.000000000 0.000000000 0.000000000 0.000086490 85.000000000 86.000000000 83.000000000 87.000000000
1750310727.000000000 31.270528718666668 120.912617609 2.159300000 4.000000000 0.000092160 1.000000000 0.000000000 0.000000000 0.000084640 85.000000000 86.000000000 83.000000000 87.000000000
1750310727.200000048 31.270529362000005 120.912617241 2.166300000 4.000000000 0.000092160 1.000000000 0.000000000 0.000000000 0.000084640 80.000000000 82.500000000 82.000000000 85.000000000
1750310727.400000095 31.27052999583333 120.912616822 2.167200000 4.000000000 0.000092160 1.000000000 0.000000000 0.000000000 0.000084640 80.000000000 82.500000000 82.000000000 85.000000000
1750310727.599999905 31.270530622833334 120.912616375 2.168000000 4.000000000 0.000088360 1.000000000 0.000000000 0.000000000 0.000081000 80.000000000 82.500000000 82.000000000 85.000000000
1750310727.799999952 31.270531213166663 120.912616040 2.165600000 4.000000000 0.000088360 1.000000000 0.000000000 0.000000000 0.000081000 80.000000000 82.500000000 82.000000000 85.000000000
1750310728.000000000 31.270531907000006 120.912615895 2.158500000 4.000000000 0.000088360 1.000000000 0.000000000 0.000000000 0.000081000 80.000000000 82.500000000 82.000000000 85.000000000
1750310728.200000048 31.270532656499995 120.912615758 2.154200000 4.000000000 0.000086490 1.000000000 0.000000000 0.000000000 0.000079210 89.000000000 89.000000000 84.000000000 89.000000000
1750310728.400000095 31.270533366833334 120.912615495 2.155300000 4.000000000 0.000086490 1.000000000 0.000000000 0.000000000 0.000079210 89.000000000 89.000000000 84.000000000 89.000000000
1750310728.599999905 31.27053411733334 120.912615136 2.158200000 4.000000000 0.000068890 1.000000000 0.000000000 0.000000000 0.000064000 89.000000000 89.000000000 84.000000000 89.000000000
1750310728.799999952 31.270534730500003 120.912614730 2.160600000 4.000000000 0.000068890 1.000000000 0.000000000 0.000000000 0.000064000 89.000000000 89.000000000 84.000000000 89.000000000
1750310729.000000000 31.270535164500004 120.912614729 2.153400000 4.000000000 0.000068890 1.000000000 0.000000000 0.000000000 0.000064000 89.000000000 89.000000000 84.000000000 89.000000000
1750310729.200000048 31.270535319999993 120.912614855 2.149300000 4.000000000 0.000068890 1.000000000 0.000000000 0.000000000 0.000064000 87.000000000 88.000000000 84.000000000 89.000000000
1750310729.400000095 31.27053542983333 120.912614850 2.151200000 4.000000000 0.000068890 1.000000000 0.000000000 0.000000000 0.000064000 87.000000000 88.000000000 84.000000000 89.000000000
1750310729.599999905 31.270535384499993 120.912614903 2.156100000 4.000000000 0.000064000 1.000000000 0.000000000 0.000000000 0.000059290 87.000000000 88.000000000 84.000000000 89.000000000
1750310729.799999952 31.27053539883333 120.912614668 2.160100000 4.000000000 0.000064000 1.000000000 0.000000000 0.000000000 0.000059290 87.000000000 88.000000000 84.000000000 89.000000000
1750310730.000000000 31.27053564233333 120.912614086 2.169600000 4.000000000 0.000064000 1.000000000 0.000000000 0.000000000 0.000059290 87.000000000 88.000000000 84.000000000 89.000000000
1750310730.200000048 31.27053590033333 120.912613088 2.189500000 4.000000000 0.000065610 1.000000000 0.000000000 0.000000000 0.000059290 89.000000000 90.000000000 85.000000000 91.000000000
1750310730.400000095 31.270536055333338 120.912612310 2.184400000 4.000000000 0.000065610 1.000000000 0.000000000 0.000000000 0.000060840 89.000000000 90.000000000 85.000000000 91.000000000
1750310730.599999905 31.270536385666674 120.912611334 2.210100000 4.000000000 0.000065610 1.000000000 0.000000000 0.000000000 0.000067240 89.000000000 90.000000000 85.000000000 91.000000000
1750310730.799999952 31.270536602333323 120.912610547 2.216700000 4.000000000 0.000065610 1.000000000 0.000000000 0.000000000 0.000067240 89.000000000 90.000000000 85.000000000 91.000000000
1750310731.000000000 31.270536691000004 120.912609771 2.216500000 4.000000000 0.000065610 1.000000000 0.000000000 0.000000000 0.000067240 89.000000000 90.000000000 85.000000000 91.000000000
1750310731.200000048 31.27053683533333 120.912608981 2.218400000 4.000000000 0.000065610 1.000000000 0.000000000 0.000000000 0.000067240 91.000000000 91.000000000 85.000000000 91.000000000
1750310731.400000095 31.27053683566666 120.912608254 2.224800000 4.000000000 0.000065610 1.000000000 0.000000000 0.000000000 0.000067240 91.000000000 91.000000000 85.000000000 91.000000000
1750310731.599999905 31.270536689500005 120.912608027 2.222300000 4.000000000 0.000064000 1.000000000 0.000000000 0.000000000 0.000059290 91.000000000 91.000000000 85.000000000 91.000000000
1750310731.799999952 31.270536578833344 120.912607947 2.217900000 4.000000000 0.000064000 1.000000000 0.000000000 0.000000000 0.000059290 91.000000000 91.000000000 85.000000000 91.000000000
1750310732.000000000 31.270536425000003 120.912607820 2.221300000 4.000000000 0.000064000 1.000000000 0.000000000 0.000000000 0.000059290 91.000000000 91.000000000 85.000000000 91.000000000
1750310732.200000048 31.270536463166664 120.912607837 2.220500000 4.000000000 0.000064000 1.000000000 0.000000000 0.000000000 0.000059290 93.000000000 92.000000000 85.000000000 91.000000000
1750310732.400000095 31.270536511833328 120.912607782 2.220100000 4.000000000 0.000064000 1.000000000 0.000000000 0.000000000 0.000059290 93.000000000 92.000000000 85.000000000 91.000000000
1750310732.599999905 31.270536683499998 120.912607402 2.219500000 4.000000000 0.000064000 1.000000000 0.000000000 0.000000000 0.000057760 93.000000000 92.000000000 85.000000000 91.000000000
1750310732.799999952 31.27053712366667 120.912606685 2.224200000 4.000000000 0.000064000 1.000000000 0.000000000 0.000000000 0.000057760 93.000000000 92.000000000 85.000000000 91.000000000
1750310733.000000000 31.270537571999995 120.912606049 2.225000000 4.000000000 0.000064000 1.000000000 0.000000000 0.000000000 0.000057760 93.000000000 92.000000000 85.000000000 91.000000000
1750310733.200000048 31.270537958666665 120.912605379 2.227300000 4.000000000 0.000064000 1.000000000 0.000000000 0.000000000 0.000057760 93.000000000 92.000000000 85.000000000 91.000000000
1750310733.400000095 31.270538363333344 120.912604720 2.227400000 4.000000000 0.000064000 1.000000000 0.000000000 0.000000000 0.000057760 93.000000000 92.000000000 85.000000000 91.000000000
1750310733.599999905 31.27053873283333 120.912604053 2.226200000 4.000000000 0.000062410 1.000000000 0.000000000 0.000000000 0.000059290 93.000000000 92.000000000 85.000000000 91.000000000
1750310733.799999952 31.270539242499993 120.912603380 2.226100000 4.000000000 0.000062410 1.000000000 0.000000000 0.000000000 0.000057760 93.000000000 92.000000000 85.000000000 91.000000000
1750310734.000000000 31.270539548666676 120.912602816 2.214100000 4.000000000 0.000062410 1.000000000 0.000000000 0.000000000 0.000059290 93.000000000 92.000000000 85.000000000 91.000000000
1750310734.200000048 31.270540003500003 120.912602411 2.214900000 4.000000000 0.000062410 1.000000000 0.000000000 0.000000000 0.000059290 93.000000000 92.000000000 85.000000000 91.000000000
1750310734.400000095 31.270539917999997 120.912602525 2.206600000 4.000000000 0.000062410 1.000000000 0.000000000 0.000000000 0.000059290 93.000000000 92.000000000 85.000000000 91.000000000
1750310734.599999905 31.270539872166665 120.912602558 2.198500000 4.000000000 0.000062410 1.000000000 0.000000000 0.000000000 0.000057760 93.000000000 92.000000000 85.000000000 91.000000000
1750310734.799999952 31.270539816333326 120.912602503 2.197700000 4.000000000 0.000062410 1.000000000 0.000000000 0.000000000 0.000057760 93.000000000 92.000000000 85.000000000 91.000000000
1750310735.000000000 31.27053974416667 120.912602471 2.199200000 4.000000000 0.000062410 1.000000000 0.000000000 0.000000000 0.000057760 93.000000000 92.000000000 85.000000000 91.000000000
1750310735.200000048 31.270539636500004 120.912602364 2.208900000 4.000000000 0.000064000 1.000000000 0.000000000 0.000000000 0.000057760 93.000000000 92.000000000 85.000000000 91.000000000
1750310735.400000095 31.27053952983333 120.912602234 2.211700000 4.000000000 0.000064000 1.000000000 0.000000000 0.000000000 0.000057760 93.000000000 92.000000000 85.000000000 91.000000000
1750310735.599999905 31.270539349666663 120.912602033 2.221400000 4.000000000 0.000060840 1.000000000 0.000000000 0.000000000 0.000054760 93.000000000 92.000000000 85.000000000 91.000000000
1750310735.799999952 31.270539235 120.912601815 2.227000000 4.000000000 0.000060840 1.000000000 0.000000000 0.000000000 0.000054760 93.000000000 92.000000000 85.000000000 91.000000000
1750310736.000000000 31.27053905533333 120.912601607 2.222500000 4.000000000 0.000060840 1.000000000 0.000000000 0.000000000 0.000054760 93.000000000 92.000000000 85.000000000 91.000000000
1750310736.200000048 31.270538966333334 120.912601390 2.223100000 4.000000000 0.000060840 1.000000000 0.000000000 0.000000000 0.000054760 93.000000000 91.000000000 84.000000000 89.000000000
1750310736.400000095 31.270539090166665 120.912600941 2.220300000 4.000000000 0.000060840 1.000000000 0.000000000 0.000000000 0.000054760 93.000000000 91.000000000 84.000000000 89.000000000
1750310736.599999905 31.270539463000006 120.912600219 2.224200000 4.000000000 0.000065610 1.000000000 0.000000000 0.000000000 0.000056250 93.000000000 91.000000000 84.000000000 89.000000000
1750310736.799999952 31.270540043833336 120.912599914 2.228000000 4.000000000 0.000065610 1.000000000 0.000000000 0.000000000 0.000056250 93.000000000 91.000000000 84.000000000 89.000000000
1750310737.000000000 31.270540804999996 120.912599740 2.225900000 4.000000000 0.000065610 1.000000000 0.000000000 0.000000000 0.000056250 93.000000000 91.000000000 84.000000000 89.000000000
1750310737.200000048 31.270541604499996 120.912599776 2.220400000 4.000000000 0.000065610 1.000000000 0.000000000 0.000000000 0.000056250 93.000000000 92.000000000 85.000000000 91.000000000
1750310737.400000095 31.27054230916667 120.912600091 2.212400000 4.000000000 0.000065610 1.000000000 0.000000000 0.000000000 0.000056250 93.000000000 92.000000000 85.000000000 91.000000000
1750310737.599999905 31.27054258533333 120.912600460 2.197100000 4.000000000 0.000068890 1.000000000 0.000000000 0.000000000 0.000056250 93.000000000 92.000000000 85.000000000 91.000000000
1750310737.799999952 31.270542674333342 120.912600619 2.193400000 4.000000000 0.000068890 1.000000000 0.000000000 0.000000000 0.000056250 93.000000000 92.000000000 85.000000000 91.000000000
1750310738.000000000 31.27054265316667 120.912600578 2.190400000 4.000000000 0.000068890 1.000000000 0.000000000 0.000000000 0.000056250 93.000000000 92.000000000 85.000000000 91.000000000
1750310738.200000048 31.27054267133333 120.912600588 2.192000000 4.000000000 0.000068890 1.000000000 0.000000000 0.000000000 0.000056250 89.000000000 88.000000000 83.000000000 87.000000000
1750310738.400000095 31.270542918333334 120.912600431 2.186100000 4.000000000 0.000068890 1.000000000 0.000000000 0.000000000 0.000056250 89.000000000 88.000000000 83.000000000 87.000000000
1750310738.599999905 31.270543483833336 120.912600208 2.209200000 4.000000000 0.000072250 1.000000000 0.000000000 0.000000000 0.000056250 89.000000000 88.000000000 83.000000000 87.000000000
1750310738.799999952 31.270544124333327 120.912599752 2.213900000 4.000000000 0.000072250 1.000000000 0.000000000 0.000000000 0.000056250 89.000000000 88.000000000 83.000000000 87.000000000
1750310739.000000000 31.270544626166668 120.912599286 2.217400000 4.000000000 0.000072250 1.000000000 0.000000000 0.000000000 0.000056250 89.000000000 88.000000000 83.000000000 87.000000000
1750310739.200000048 31.270545021333334 120.912598774 2.211700000 4.000000000 0.000072250 1.000000000 0.000000000 0.000000000 0.000056250 91.000000000 89.000000000 83.000000000 87.000000000
1750310739.400000095 31.270544982666664 120.912598390 2.210700000 4.000000000 0.000072250 1.000000000 0.000000000 0.000000000 0.000056250 91.000000000 89.000000000 83.000000000 87.000000000
1750310739.599999905 31.270544993166666 120.912598287 2.212900000 4.000000000 0.000067240 1.000000000 0.000000000 0.000000000 0.000056250 91.000000000 89.000000000 83.000000000 87.000000000
1750310739.799999952 31.27054493349999 120.912598187 2.212000000 4.000000000 0.000067240 1.000000000 0.000000000 0.000000000 0.000056250 91.000000000 89.000000000 83.000000000 87.000000000
1750310740.000000000 31.270544891166665 120.912598076 2.211000000 4.000000000 0.000067240 1.000000000 0.000000000 0.000000000 0.000056250 91.000000000 89.000000000 83.000000000 87.000000000
1750310740.200000048 31.270544838666666 120.912597938 2.215100000 4.000000000 0.000067240 1.000000000 0.000000000 0.000000000 0.000056250 89.000000000 89.000000000 84.000000000 89.000000000
1750310740.400000095 31.27054476566667 120.912597767 2.217900000 4.000000000 0.000067240 1.000000000 0.000000000 0.000000000 0.000056250 89.000000000 89.000000000 84.000000000 89.000000000
1750310740.599999905 31.270544704499997 120.912597693 2.218300000 4.000000000 0.000062410 1.000000000 0.000000000 0.000000000 0.000056250 89.000000000 89.000000000 84.000000000 89.000000000
1750310740.799999952 31.270544656166663 120.912597549 2.215300000 4.000000000 0.000062410 1.000000000 0.000000000 0.000000000 0.000056250 89.000000000 89.000000000 84.000000000 89.000000000
1750310741.000000000 31.270544655500004 120.912597595 2.223300000 4.000000000 0.000064000 1.000000000 0.000000000 0.000000000 0.000056250 89.000000000 89.000000000 84.000000000 89.000000000
1750310741.200000048 31.270544712999992 120.912597590 2.223100000 4.000000000 0.000064000 1.000000000 0.000000000 0.000000000 0.000057760 89.000000000 90.000000000 85.000000000 91.000000000
1750310741.400000095 31.270545085166674 120.912597452 2.220500000 4.000000000 0.000064000 1.000000000 0.000000000 0.000000000 0.000056250 89.000000000 90.000000000 85.000000000 91.000000000
1750310741.599999905 31.270545658833328 120.912597000 2.217300000 4.000000000 0.000067240 1.000000000 0.000000000 0.000000000 0.000060840 89.000000000 90.000000000 85.000000000 91.000000000
1750310741.799999952 31.270546258166675 120.912596586 2.226900000 4.000000000 0.000067240 1.000000000 0.000000000 0.000000000 0.000060840 89.000000000 90.000000000 85.000000000 91.000000000
1750310742.000000000 31.27054687666667 120.912596262 2.229800000 4.000000000 0.000067240 1.000000000 0.000000000 0.000000000 0.000060840 89.000000000 90.000000000 85.000000000 91.000000000
1750310742.200000048 31.270547039000007 120.912596222 2.227200000 4.000000000 0.000067240 1.000000000 0.000000000 0.000000000 0.000060840 89.000000000 90.000000000 85.000000000 91.000000000
1750310742.400000095 31.270546921999994 120.912596254 2.227500000 4.000000000 0.000067240 1.000000000 0.000000000 0.000000000 0.000060840 89.000000000 90.000000000 85.000000000 91.000000000
1750310742.599999905 31.270546916166666 120.912596129 2.225500000 4.000000000 0.000062410 1.000000000 0.000000000 0.000000000 0.000056250 89.000000000 90.000000000 85.000000000 91.000000000
1750310742.799999952 31.270546842499996 120.912595944 2.227500000 4.000000000 0.000064000 1.000000000 0.000000000 0.000000000 0.000057760 89.000000000 90.000000000 85.000000000 91.000000000
1750310743.000000000 31.270546781333337 120.912595748 2.226600000 4.000000000 0.000064000 1.000000000 0.000000000 0.000000000 0.000057760 89.000000000 90.000000000 85.000000000 91.000000000
1750310743.200000048 31.270546764000002 120.912595529 2.232500000 4.000000000 0.000065610 1.000000000 0.000000000 0.000000000 0.000059290 85.000000000 87.000000000 84.000000000 89.000000000
1750310743.400000095 31.27054684833334 120.912595305 2.232800000 4.000000000 0.000065610 1.000000000 0.000000000 0.000000000 0.000059290 85.000000000 87.000000000 84.000000000 89.000000000
1750310743.599999905 31.270547234666665 120.912594831 2.226400000 4.000000000 0.000082810 1.000000000 0.000000000 0.000000000 0.000070560 85.000000000 87.000000000 84.000000000 89.000000000
1750310743.799999952 31.2705479265 120.912594664 2.222800000 4.000000000 0.000082810 1.000000000 0.000000000 0.000000000 0.000070560 85.000000000 87.000000000 84.000000000 89.000000000
1750310744.000000000 31.270548684666664 120.912594864 2.223200000 4.000000000 0.000082810 1.000000000 0.000000000 0.000000000 0.000070560 85.000000000 87.000000000 84.000000000 89.000000000
1750310744.200000048 31.27054938399999 120.912594955 2.217400000 4.000000000 0.000082810 1.000000000 0.000000000 0.000000000 0.000072250 82.000000000 83.500000000 82.000000000 85.000000000
1750310744.400000095 31.270550092833332 120.912595100 2.226900000 4.000000000 0.000084640 1.000000000 0.000000000 0.000000000 0.000072250 82.000000000 83.500000000 82.000000000 85.000000000
1750310744.599999905 31.270550572999994 120.912594882 2.219600000 4.000000000 0.000088360 1.000000000 0.000000000 0.000000000 0.000077440 82.000000000 83.500000000 82.000000000 85.000000000
1750310744.799999952 31.27055067166667 120.912594587 2.222500000 4.000000000 0.000088360 1.000000000 0.000000000 0.000000000 0.000077440 82.000000000 83.500000000 82.000000000 85.000000000
1750310745.000000000 31.27055074333333 120.912594363 2.227000000 4.000000000 0.000088360 1.000000000 0.000000000 0.000000000 0.000077440 82.000000000 83.500000000 82.000000000 85.000000000
1750310745.200000048 31.270550824666657 120.912594125 2.227100000 4.000000000 0.000088360 1.000000000 0.000000000 0.000000000 0.000077440 80.000000000 81.000000000 80.000000000 82.000000000
1750310745.400000095 31.270550952833332 120.912593860 2.228300000 4.000000000 0.000088360 1.000000000 0.000000000 0.000000000 0.000077440 80.000000000 81.000000000 80.000000000 82.000000000
1750310745.599999905 31.270551098499993 120.912593596 2.230600000 4.000000000 0.000092160 1.000000000 0.000000000 0.000000000 0.000081000 80.000000000 81.000000000 80.000000000 82.000000000
1750310745.799999952 31.270551092999995 120.912593593 2.226900000 4.000000000 0.000092160 1.000000000 0.000000000 0.000000000 0.000081000 80.000000000 81.000000000 80.000000000 82.000000000
1750310746.000000000 31.270551106500008 120.912593603 2.230000000 4.000000000 0.000092160 1.000000000 0.000000000 0.000000000 0.000081000 80.000000000 81.000000000 80.000000000 82.000000000
1750310746.200000048 31.270551426666657 120.912593760 2.225100000 4.000000000 0.000092160 1.000000000 0.000000000 0.000000000 0.000081000 82.000000000 84.500000000 83.000000000 87.000000000
1750310746.400000095 31.270552071499992 120.912594167 2.224400000 4.000000000 0.000092160 1.000000000 0.000000000 0.000000000 0.000081000 82.000000000 84.500000000 83.000000000 87.000000000
1750310746.599999905 31.270552717499996 120.912594800 2.218200000 4.000000000 0.000098010 1.000000000 0.000000000 0.000000000 0.000082810 82.000000000 84.500000000 83.000000000 87.000000000
1750310746.799999952 31.270553249000002 120.912595369 2.220000000 4.000000000 0.000098010 1.000000000 0.000000000 0.000000000 0.000082810 82.000000000 84.500000000 83.000000000 87.000000000
1750310747.000000000 31.270553518499995 120.912596038 2.207900000 4.000000000 0.000098010 1.000000000 0.000000000 0.000000000 0.000081000 82.000000000 84.500000000 83.000000000 87.000000000
1750310747.200000048 31.270553489833333 120.912596411 2.203000000 4.000000000 0.000098010 1.000000000 0.000000000 0.000000000 0.000081000 82.000000000 85.500000000 84.000000000 89.000000000
1750310747.400000095 31.27055347533333 120.912596580 2.204500000 4.000000000 0.000098010 1.000000000 0.000000000 0.000000000 0.000081000 82.000000000 85.500000000 84.000000000 89.000000000
1750310747.599999905 31.27055349283333 120.912596508 2.219700000 4.000000000 0.000079210 1.000000000 0.000000000 0.000000000 0.000068890 82.000000000 85.500000000 84.000000000 89.000000000
1750310747.799999952 31.27055349333334 120.912596525 2.218400000 4.000000000 0.000079210 1.000000000 0.000000000 0.000000000 0.000068890 82.000000000 85.500000000 84.000000000 89.000000000
1750310748.000000000 31.270553587333325 120.912596539 2.214900000 4.000000000 0.000079210 1.000000000 0.000000000 0.000000000 0.000068890 82.000000000 85.500000000 84.000000000 89.000000000
1750310748.200000048 31.2705540755 120.912596855 2.215700000 4.000000000 0.000079210 1.000000000 0.000000000 0.000000000 0.000067240 91.000000000 91.000000000 85.000000000 91.000000000
1750310748.400000095 31.27055475216666 120.912597306 2.212700000 4.000000000 0.000079210 1.000000000 0.000000000 0.000000000 0.000067240 91.000000000 91.000000000 85.000000000 91.000000000
1750310748.599999905 31.27055543666667 120.912597575 2.217100000 4.000000000 0.000067240 1.000000000 0.000000000 0.000000000 0.000059290 91.000000000 91.000000000 85.000000000 91.000000000
1750310748.799999952 31.27055606366666 120.912597869 2.204000000 4.000000000 0.000067240 1.000000000 0.000000000 0.000000000 0.000059290 91.000000000 91.000000000 85.000000000 91.000000000
1750310749.000000000 31.270556433833335 120.912597948 2.209500000 4.000000000 0.000068890 1.000000000 0.000000000 0.000000000 0.000059290 91.000000000 91.000000000 85.000000000 91.000000000
1750310749.200000048 31.270556262 120.912597910 2.201300000 4.000000000 0.000068890 1.000000000 0.000000000 0.000000000 0.000059290 87.000000000 90.000000000 86.000000000 93.000000000
1750310749.400000095 31.270556340833338 120.912597735 2.201400000 4.000000000 0.000068890 1.000000000 0.000000000 0.000000000 0.000059290 87.000000000 90.000000000 86.000000000 93.000000000
1750310749.599999905 31.270556412833344 120.912597540 2.193400000 4.000000000 0.000065610 1.000000000 0.000000000 0.000000000 0.000059290 87.000000000 90.000000000 86.000000000 93.000000000
1750310749.799999952 31.270556465499993 120.912597277 2.189300000 4.000000000 0.000065610 1.000000000 0.000000000 0.000000000 0.000059290 87.000000000 90.000000000 86.000000000 93.000000000
1750310750.000000000 31.27055654116667 120.912597141 2.191700000 4.000000000 0.000065610 1.000000000 0.000000000 0.000000000 0.000059290 87.000000000 90.000000000 86.000000000 93.000000000
1750310750.200000048 31.27055667733333 120.912597017 2.193000000 4.000000000 0.000065610 1.000000000 0.000000000 0.000000000 0.000059290 89.000000000 91.000000000 86.000000000 93.000000000
1750310750.400000095 31.27055694949999 120.912597069 2.194800000 4.000000000 0.000065610 1.000000000 0.000000000 0.000000000 0.000059290 89.000000000 91.000000000 86.000000000 93.000000000
1750310750.599999905 31.27055747766667 120.912597262 2.187500000 4.000000000 0.000065610 1.000000000 0.000000000 0.000000000 0.000059290 89.000000000 91.000000000 86.000000000 93.000000000
1750310750.799999952 31.270557989333327 120.912597765 2.178500000 4.000000000 0.000064000 1.000000000 0.000000000 0.000000000 0.000059290 89.000000000 91.000000000 86.000000000 93.000000000
1750310751.000000000 31.27055843833334 120.912598436 2.179400000 4.000000000 0.000064000 1.000000000 0.000000000 0.000000000 0.000059290 89.000000000 91.000000000 86.000000000 93.000000000
1750310751.200000048 31.270558878666662 120.912599231 2.183000000 4.000000000 0.000064000 1.000000000 0.000000000 0.000000000 0.000059290 89.000000000 90.000000000 85.000000000 91.000000000
1750310751.400000095 31.270559165999998 120.912600034 2.178700000 4.000000000 0.000065610 1.000000000 0.000000000 0.000000000 0.000059290 89.000000000 90.000000000 85.000000000 91.000000000
1750310751.599999905 31.270559581833325 120.912600760 2.161100000 4.000000000 0.000064000 1.000000000 0.000000000 0.000000000 0.000059290 89.000000000 90.000000000 85.000000000 91.000000000
1750310751.799999952 31.270560162500004 120.912601336 2.171000000 4.000000000 0.000064000 1.000000000 0.000000000 0.000000000 0.000059290 89.000000000 90.000000000 85.000000000 91.000000000
1750310752.000000000 31.27056073833333 120.912602045 2.172100000 4.000000000 0.000064000 1.000000000 0.000000000 0.000000000 0.000059290 89.000000000 90.000000000 85.000000000 91.000000000
1750310752.200000048 31.270561400333335 120.912602480 2.176100000 4.000000000 0.000064000 1.000000000 0.000000000 0.000000000 0.000059290 89.000000000 91.000000000 86.000000000 93.000000000
1750310752.400000095 31.270562073166673 120.912602768 2.179700000 4.000000000 0.000064000 1.000000000 0.000000000 0.000000000 0.000059290 89.000000000 91.000000000 86.000000000 93.000000000
1750310752.599999905 31.27056270183334 120.912603002 2.166500000 4.000000000 0.000060840 1.000000000 0.000000000 0.000000000 0.000057760 89.000000000 91.000000000 86.000000000 93.000000000
1750310752.799999952 31.270563422166674 120.912603247 2.164700000 4.000000000 0.000062410 1.000000000 0.000000000 0.000000000 0.000057760 89.000000000 91.000000000 86.000000000 93.000000000
1750310753.000000000 31.27056379216667 120.912603410 2.165100000 4.000000000 0.000062410 1.000000000 0.000000000 0.000000000 0.000059290 89.000000000 91.000000000 86.000000000 93.000000000
1750310753.200000048 31.270563765833344 120.912603608 2.167600000 4.000000000 0.000062410 1.000000000 0.000000000 0.000000000 0.000059290 91.000000000 91.000000000 85.000000000 91.000000000
1750310753.400000095 31.270563733499998 120.912603881 2.164500000 4.000000000 0.000062410 1.000000000 0.000000000 0.000000000 0.000059290 91.000000000 91.000000000 85.000000000 91.000000000
1750310753.599999905 31.270563807166667 120.912604226 2.159800000 4.000000000 0.000059290 1.000000000 0.000000000 0.000000000 0.000057760 91.000000000 91.000000000 85.000000000 91.000000000
1750310753.799999952 31.270563840666668 120.912604263 2.155800000 4.000000000 0.000059290 1.000000000 0.000000000 0.000000000 0.000057760 91.000000000 91.000000000 85.000000000 91.000000000
1750310754.000000000 31.2705638705 120.912604262 2.151100000 4.000000000 0.000059290 1.000000000 0.000000000 0.000000000 0.000057760 91.000000000 91.000000000 85.000000000 91.000000000
1750310754.200000048 31.27056385666667 120.912604301 2.145900000 4.000000000 0.000060840 1.000000000 0.000000000 0.000000000 0.000057760 91.000000000 91.000000000 85.000000000 91.000000000
1750310754.400000095 31.27056385583333 120.912604300 2.145200000 4.000000000 0.000060840 1.000000000 0.000000000 0.000000000 0.000057760 91.000000000 91.000000000 85.000000000 91.000000000
1750310754.599999905 31.270563841500007 120.912604538 2.132200000 4.000000000 0.000060840 1.000000000 0.000000000 0.000000000 0.000059290 91.000000000 91.000000000 85.000000000 91.000000000
1750310754.799999952 31.270563929166656 120.912604796 2.138400000 4.000000000 0.000060840 1.000000000 0.000000000 0.000000000 0.000059290 91.000000000 91.000000000 85.000000000 91.000000000
1750310755.000000000 31.270563903333326 120.912604736 2.138200000 4.000000000 0.000060840 1.000000000 0.000000000 0.000000000 0.000059290 91.000000000 91.000000000 85.000000000 91.000000000
1750310755.200000048 31.270563855333336 120.912604755 2.133700000 4.000000000 0.000060840 1.000000000 0.000000000 0.000000000 0.000059290 89.000000000 90.000000000 85.000000000 91.000000000
1750310755.400000095 31.270564129666667 120.912604733 2.137900000 4.000000000 0.000060840 1.000000000 0.000000000 0.000000000 0.000059290 89.000000000 90.000000000 85.000000000 91.000000000
1750310755.599999905 31.270564648000004 120.912604636 2.142900000 4.000000000 0.000060840 1.000000000 0.000000000 0.000000000 0.000070560 89.000000000 90.000000000 85.000000000 91.000000000
1750310755.799999952 31.270565387999994 120.912604416 2.135700000 4.000000000 0.000060840 1.000000000 0.000000000 0.000000000 0.000070560 89.000000000 90.000000000 85.000000000 91.000000000
1750310756.000000000 31.27056606266666 120.912604238 2.131000000 4.000000000 0.000060840 1.000000000 0.000000000 0.000000000 0.000070560 89.000000000 90.000000000 85.000000000 91.000000000
1750310756.200000048 31.27056672116666 120.912604069 2.128200000 4.000000000 0.000060840 1.000000000 0.000000000 0.000000000 0.000070560 93.000000000 93.000000000 85.000000000 93.000000000
1750310756.400000095 31.27056739466667 120.912603844 2.122100000 4.000000000 0.000060840 1.000000000 0.000000000 0.000000000 0.000070560 93.000000000 93.000000000 85.000000000 93.000000000
1750310756.599999905 31.270568141166677 120.912603575 2.129200000 4.000000000 0.000062410 1.000000000 0.000000000 0.000000000 0.000068890 93.000000000 93.000000000 85.000000000 93.000000000
1750310756.799999952 31.270568825166663 120.912603291 2.121900000 4.000000000 0.000062410 1.000000000 0.000000000 0.000000000 0.000068890 93.000000000 93.000000000 85.000000000 93.000000000
1750310757.000000000 31.27056951083334 120.912603006 2.128200000 4.000000000 0.000062410 1.000000000 0.000000000 0.000000000 0.000068890 93.000000000 93.000000000 85.000000000 93.000000000
1750310757.200000048 31.270570236499992 120.912602774 2.126400000 4.000000000 0.000064000 1.000000000 0.000000000 0.000000000 0.000068890 91.000000000 91.000000000 85.000000000 91.000000000
1750310757.400000095 31.27057086916666 120.912602479 2.123800000 4.000000000 0.000064000 1.000000000 0.000000000 0.000000000 0.000068890 91.000000000 91.000000000 85.000000000 91.000000000
1750310757.599999905 31.270571512833328 120.912602273 2.127000000 4.000000000 0.000062410 1.000000000 0.000000000 0.000000000 0.000065610 91.000000000 91.000000000 85.000000000 91.000000000
1750310757.799999952 31.27057221983334 120.912602084 2.128200000 4.000000000 0.000062410 1.000000000 0.000000000 0.000000000 0.000065610 91.000000000 91.000000000 85.000000000 91.000000000
1750310758.000000000 31.270572926 120.912601857 2.124800000 4.000000000 0.000062410 1.000000000 0.000000000 0.000000000 0.000065610 91.000000000 91.000000000 85.000000000 91.000000000
1750310758.200000048 31.27057363183333 120.912601626 2.123200000 4.000000000 0.000062410 1.000000000 0.000000000 0.000000000 0.000065610 91.000000000 91.000000000 85.000000000 91.000000000
1750310758.400000095 31.270574288666666 120.912601470 2.122700000 4.000000000 0.000062410 1.000000000 0.000000000 0.000000000 0.000065610 91.000000000 91.000000000 85.000000000 91.000000000
1750310758.599999905 31.270574983499998 120.912601227 2.125100000 4.000000000 0.000060840 1.000000000 0.000000000 0.000000000 0.000060840 91.000000000 91.000000000 85.000000000 91.000000000
1750310758.799999952 31.270575660000006 120.912600939 2.123900000 4.000000000 0.000060840 1.000000000 0.000000000 0.000000000 0.000060840 91.000000000 91.000000000 85.000000000 91.000000000
1750310759.000000000 31.270576322500006 120.912600658 2.122900000 4.000000000 0.000060840 1.000000000 0.000000000 0.000000000 0.000060840 91.000000000 91.000000000 85.000000000 91.000000000
1750310759.200000048 31.27057700766666 120.912600416 2.126900000 4.000000000 0.000060840 1.000000000 0.000000000 0.000000000 0.000062410 93.000000000 93.000000000 85.000000000 93.000000000
1750310759.400000095 31.270577699833325 120.912600179 2.128700000 4.000000000 0.000060840 1.000000000 0.000000000 0.000000000 0.000062410 93.000000000 93.000000000 85.000000000 93.000000000
1750310759.599999905 31.270578428166658 120.912599953 2.125200000 4.000000000 0.000059290 1.000000000 0.000000000 0.000000000 0.000057760 93.000000000 93.000000000 85.000000000 93.000000000
1750310759.799999952 31.270579112666667 120.912599806 2.135700000 4.000000000 0.000059290 1.000000000 0.000000000 0.000000000 0.000059290 93.000000000 93.000000000 85.000000000 93.000000000
1750310760.000000000 31.27057972 120.912599540 2.131000000 4.000000000 0.000059290 1.000000000 0.000000000 0.000000000 0.000059290 93.000000000 93.000000000 85.000000000 93.000000000
1750310760.200000048 31.270580389666662 120.912599295 2.130500000 4.000000000 0.000060840 1.000000000 0.000000000 0.000000000 0.000059290 93.000000000 93.000000000 85.000000000 93.000000000
1750310760.400000095 31.270581090833332 120.912599005 2.134500000 4.000000000 0.000060840 1.000000000 0.000000000 0.000000000 0.000059290 93.000000000 93.000000000 85.000000000 93.000000000
1750310760.599999905 31.27058173416667 120.912598793 2.123600000 4.000000000 0.000067240 1.000000000 0.000000000 0.000000000 0.000067240 93.000000000 93.000000000 85.000000000 93.000000000
1750310760.799999952 31.27058244866666 120.912598536 2.130500000 4.000000000 0.000067240 1.000000000 0.000000000 0.000000000 0.000067240 93.000000000 93.000000000 85.000000000 93.000000000
1750310761.000000000 31.270583109166665 120.912598376 2.129200000 4.000000000 0.000067240 1.000000000 0.000000000 0.000000000 0.000067240 93.000000000 93.000000000 85.000000000 93.000000000
1750310761.200000048 31.27058381633333 120.912598301 2.127600000 4.000000000 0.000065610 1.000000000 0.000000000 0.000000000 0.000067240 89.000000000 91.000000000 85.000000000 93.000000000
1750310761.400000095 31.27058453266666 120.912598059 2.123000000 4.000000000 0.000065610 1.000000000 0.000000000 0.000000000 0.000067240 89.000000000 91.000000000 85.000000000 93.000000000
1750310761.599999905 31.270585193499997 120.912597853 2.107400000 4.000000000 0.000060840 1.000000000 0.000000000 0.000000000 0.000062410 89.000000000 91.000000000 85.000000000 93.000000000
1750310761.799999952 31.270585911166677 120.912597592 2.110400000 4.000000000 0.000060840 1.000000000 0.000000000 0.000000000 0.000062410 89.000000000 91.000000000 85.000000000 93.000000000
1750310762.000000000 31.27058663616667 120.912597455 2.112000000 4.000000000 0.000060840 1.000000000 0.000000000 0.000000000 0.000062410 89.000000000 91.000000000 85.000000000 93.000000000
1750310762.200000048 31.270587229 120.912597168 2.107300000 4.000000000 0.000062410 1.000000000 0.000000000 0.000000000 0.000064000 86.000000000 87.500000000 83.000000000 89.000000000
1750310762.400000095 31.270587797000005 120.912596774 2.104700000 4.000000000 0.000062410 1.000000000 0.000000000 0.000000000 0.000064000 86.000000000 87.500000000 83.000000000 89.000000000
1750310762.599999905 31.27058848 120.912596355 2.104200000 4.000000000 0.000062410 1.000000000 0.000000000 0.000000000 0.000067240 86.000000000 87.500000000 83.000000000 89.000000000
1750310762.799999952 31.270589145999992 120.912595990 2.105600000 4.000000000 0.000062410 1.000000000 0.000000000 0.000000000 0.000067240 86.000000000 87.500000000 83.000000000 89.000000000
1750310763.000000000 31.270589765166662 120.912595702 2.108100000 4.000000000 0.000062410 1.000000000 0.000000000 0.000000000 0.000068890 86.000000000 87.500000000 83.000000000 89.000000000
1750310763.200000048 31.270590436666666 120.912595485 2.101600000 4.000000000 0.000062410 1.000000000 0.000000000 0.000000000 0.000068890 82.000000000 85.500000000 83.000000000 89.000000000
1750310763.400000095 31.2705910965 120.912595487 2.103200000 4.000000000 0.000062410 1.000000000 0.000000000 0.000000000 0.000068890 82.000000000 85.500000000 83.000000000 89.000000000
1750310763.599999905 31.270591876166662 120.912595360 2.094500000 4.000000000 0.000081000 1.000000000 0.000000000 0.000000000 0.000088360 82.000000000 85.500000000 83.000000000 89.000000000
1750310763.799999952 31.27059252833334 120.912595087 2.100200000 4.000000000 0.000081000 1.000000000 0.000000000 0.000000000 0.000088360 82.000000000 85.500000000 83.000000000 89.000000000
1750310764.000000000 31.270593201666657 120.912594784 2.102600000 4.000000000 0.000081000 1.000000000 0.000000000 0.000000000 0.000088360 82.000000000 85.500000000 83.000000000 89.000000000
1750310764.200000048 31.270593871166668 120.912594564 2.096900000 4.000000000 0.000081000 1.000000000 0.000000000 0.000000000 0.000088360 84.000000000 86.500000000 83.000000000 89.000000000
1750310764.400000095 31.27059454383334 120.912594284 2.106600000 4.000000000 0.000082810 1.000000000 0.000000000 0.000000000 0.000088360 84.000000000 86.500000000 83.000000000 89.000000000
1750310764.599999905 31.270595194500004 120.912593777 2.102900000 4.000000000 0.000084640 1.000000000 0.000000000 0.000000000 0.000092160 84.000000000 86.500000000 83.000000000 89.000000000
1750310764.799999952 31.270595855166675 120.912593580 2.099800000 4.000000000 0.000084640 1.000000000 0.000000000 0.000000000 0.000092160 84.000000000 86.500000000 83.000000000 89.000000000
1750310765.000000000 31.270596536833338 120.912593493 2.091800000 4.000000000 0.000086490 1.000000000 0.000000000 0.000000000 0.000092160 84.000000000 86.500000000 83.000000000 89.000000000
1750310765.200000048 31.270597149500006 120.912593349 2.084000000 4.000000000 0.000086490 1.000000000 0.000000000 0.000000000 0.000092160 86.000000000 86.000000000 81.000000000 86.000000000
1750310765.400000095 31.27059781766667 120.912593205 2.078100000 4.000000000 0.000086490 1.000000000 0.000000000 0.000000000 0.000092160 86.000000000 86.000000000 81.000000000 86.000000000
1750310765.599999905 31.270598502 120.912593137 2.090400000 4.000000000 0.000092160 1.000000000 0.000000000 0.000000000 0.000092160 86.000000000 86.000000000 81.000000000 86.000000000
1750310765.799999952 31.270599199000003 120.912593054 2.083400000 4.000000000 0.000090250 1.000000000 0.000000000 0.000000000 0.000092160 86.000000000 86.000000000 81.000000000 86.000000000
1750310766.000000000 31.27059990133334 120.912592854 2.090700000 4.000000000 0.000090250 1.000000000 0.000000000 0.000000000 0.000092160 86.000000000 86.000000000 81.000000000 86.000000000
1750310766.200000048 31.270600563000002 120.912592722 2.095000000 4.000000000 0.000090250 1.000000000 0.000000000 0.000000000 0.000092160 86.000000000 86.000000000 81.000000000 86.000000000
1750310766.400000095 31.270601276000008 120.912592644 2.091100000 4.000000000 0.000090250 1.000000000 0.000000000 0.000000000 0.000092160 86.000000000 86.000000000 81.000000000 86.000000000
1750310766.599999905 31.270601966166666 120.912592537 2.102500000 4.000000000 0.000081000 1.000000000 0.000000000 0.000000000 0.000075690 86.000000000 86.000000000 81.000000000 86.000000000
1750310766.799999952 31.270602648666667 120.912592469 2.100400000 4.000000000 0.000081000 1.000000000 0.000000000 0.000000000 0.000075690 86.000000000 86.000000000 81.000000000 86.000000000
1750310767.000000000 31.27060340316666 120.912592446 2.094100000 4.000000000 0.000081000 1.000000000 0.000000000 0.000000000 0.000075690 86.000000000 86.000000000 81.000000000 86.000000000
1750310767.200000048 31.2706042035 120.912592477 2.098500000 4.000000000 0.000079210 1.000000000 0.000000000 0.000000000 0.000075690 86.000000000 86.000000000 81.000000000 86.000000000
1750310767.400000095 31.270604947500004 120.912592596 2.088700000 4.000000000 0.000079210 1.000000000 0.000000000 0.000000000 0.000075690 86.000000000 86.000000000 81.000000000 86.000000000
1750310767.599999905 31.270605607166658 120.912592480 2.082600000 4.000000000 0.000064000 1.000000000 0.000000000 0.000000000 0.000062410 86.000000000 86.000000000 81.000000000 86.000000000
1750310767.799999952 31.270606334166672 120.912592267 2.091000000 4.000000000 0.000064000 1.000000000 0.000000000 0.000000000 0.000062410 86.000000000 86.000000000 81.000000000 86.000000000
1750310768.000000000 31.27060706816667 120.912592270 2.089100000 4.000000000 0.000064000 1.000000000 0.000000000 0.000000000 0.000062410 86.000000000 86.000000000 81.000000000 86.000000000
1750310768.200000048 31.270607732833327 120.912591968 2.087200000 4.000000000 0.000064000 1.000000000 0.000000000 0.000000000 0.000062410 89.000000000 89.000000000 83.000000000 89.000000000
1750310768.400000095 31.270608388833324 120.912591723 2.091300000 4.000000000 0.000064000 1.000000000 0.000000000 0.000000000 0.000062410 89.000000000 89.000000000 83.000000000 89.000000000
1750310768.599999905 31.27060908766667 120.912591406 2.086200000 4.000000000 0.000062410 1.000000000 0.000000000 0.000000000 0.000060840 89.000000000 89.000000000 83.000000000 89.000000000
1750310768.799999952 31.270609710666662 120.912590978 2.085800000 4.000000000 0.000062410 1.000000000 0.000000000 0.000000000 0.000060840 89.000000000 89.000000000 83.000000000 89.000000000
1750310769.000000000 31.27061033183334 120.912590470 2.085100000 4.000000000 0.000062410 1.000000000 0.000000000 0.000000000 0.000060840 89.000000000 89.000000000 83.000000000 89.000000000
1750310769.200000048 31.270610970999996 120.912589958 2.089000000 4.000000000 0.000062410 1.000000000 0.000000000 0.000000000 0.000060840 89.000000000 89.000000000 83.000000000 89.000000000
1750310769.400000095 31.270611605166664 120.912589584 2.092300000 4.000000000 0.000062410 1.000000000 0.000000000 0.000000000 0.000060840 89.000000000 89.000000000 83.000000000 89.000000000
1750310769.599999905 31.270612326166656 120.912589339 2.087500000 4.000000000 0.000064000 1.000000000 0.000000000 0.000000000 0.000060840 89.000000000 89.000000000 83.000000000 89.000000000
1750310769.799999952 31.270612969166677 120.912589138 2.086300000 4.000000000 0.000064000 1.000000000 0.000000000 0.000000000 0.000060840 89.000000000 89.000000000 83.000000000 89.000000000
1750310770.000000000 31.270613697833326 120.912588909 2.081300000 4.000000000 0.000064000 1.000000000 0.000000000 0.000000000 0.000060840 89.000000000 89.000000000 83.000000000 89.000000000
1750310770.200000048 31.270614351333336 120.912588722 2.081200000 4.000000000 0.000064000 1.000000000 0.000000000 0.000000000 0.000060840 89.000000000 89.000000000 83.000000000 89.000000000
1750310770.400000095 31.270615034499997 120.912588501 2.079100000 4.000000000 0.000064000 1.000000000 0.000000000 0.000000000 0.000060840 89.000000000 89.000000000 83.000000000 89.000000000
1750310770.599999905 31.270615678833337 120.912588306 2.069700000 4.000000000 0.000062410 1.000000000 0.000000000 0.000000000 0.000060840 89.000000000 89.000000000 83.000000000 89.000000000
1750310770.799999952 31.270616332499998 120.912588050 2.059500000 4.000000000 0.000062410 1.000000000 0.000000000 0.000000000 0.000060840 89.000000000 89.000000000 83.000000000 89.000000000
1750310771.000000000 31.270616927999995 120.912587749 2.056200000 4.000000000 0.000062410 1.000000000 0.000000000 0.000000000 0.000060840 89.000000000 89.000000000 83.000000000 89.000000000
1750310771.200000048 31.27061760016666 120.912587481 2.054800000 4.000000000 0.000062410 1.000000000 0.000000000 0.000000000 0.000060840 91.000000000 90.000000000 83.000000000 89.000000000
1750310771.400000095 31.27061825216667 120.912587211 2.052300000 4.000000000 0.000062410 1.000000000 0.000000000 0.000000000 0.000060840 91.000000000 90.000000000 83.000000000 89.000000000
1750310771.599999905 31.27061884733334 120.912587006 2.058800000 4.000000000 0.000064000 1.000000000 0.000000000 0.000000000 0.000060840 91.000000000 90.000000000 83.000000000 89.000000000
1750310771.799999952 31.270619535999998 120.912586779 2.063000000 4.000000000 0.000064000 1.000000000 0.000000000 0.000000000 0.000060840 91.000000000 90.000000000 83.000000000 89.000000000
1750310772.000000000 31.2706202575 120.912586544 2.065300000 4.000000000 0.000064000 1.000000000 0.000000000 0.000000000 0.000060840 91.000000000 90.000000000 83.000000000 89.000000000
1750310772.200000048 31.27062095466667 120.912586371 2.062200000 4.000000000 0.000064000 1.000000000 0.000000000 0.000000000 0.000060840 89.000000000 87.500000000 81.000000000 86.000000000
1750310772.400000095 31.270621663166665 120.912586164 2.063200000 4.000000000 0.000064000 1.000000000 0.000000000 0.000000000 0.000060840 89.000000000 87.500000000 81.000000000 86.000000000
1750310772.599999905 31.270622360666664 120.912585971 2.068300000 4.000000000 0.000057760 1.000000000 0.000000000 0.000000000 0.000059290 89.000000000 87.500000000 81.000000000 86.000000000
1750310772.799999952 31.270623008833326 120.912585777 2.065300000 4.000000000 0.000057760 1.000000000 0.000000000 0.000000000 0.000059290 89.000000000 87.500000000 81.000000000 86.000000000
1750310773.000000000 31.270623715166664 120.912585540 2.065500000 4.000000000 0.000057760 1.000000000 0.000000000 0.000000000 0.000059290 89.000000000 87.500000000 81.000000000 86.000000000
1750310773.200000048 31.270624443499997 120.912585273 2.067500000 4.000000000 0.000057760 1.000000000 0.000000000 0.000000000 0.000059290 89.000000000 87.500000000 81.000000000 86.000000000
1750310773.400000095 31.270625110833336 120.912585004 2.070100000 4.000000000 0.000057760 1.000000000 0.000000000 0.000000000 0.000059290 89.000000000 87.500000000 81.000000000 86.000000000
1750310773.599999905 31.270625663333334 120.912584660 2.066400000 4.000000000 0.000051840 1.000000000 0.000000000 0.000000000 0.000057760 89.000000000 87.500000000 81.000000000 86.000000000
1750310773.799999952 31.270626291500008 120.912584401 2.067300000 4.000000000 0.000051840 1.000000000 0.000000000 0.000000000 0.000057760 89.000000000 87.500000000 81.000000000 86.000000000
1750310774.000000000 31.270627007166667 120.912584227 2.065900000 4.000000000 0.000051840 1.000000000 0.000000000 0.000000000 0.000057760 89.000000000 87.500000000 81.000000000 86.000000000
1750310774.200000048 31.270627688666664 120.912584101 2.071000000 4.000000000 0.000053290 1.000000000 0.000000000 0.000000000 0.000057760 89.000000000 87.500000000 81.000000000 86.000000000
1750310774.400000095 31.270628259333336 120.912583804 2.062700000 4.000000000 0.000051840 1.000000000 0.000000000 0.000000000 0.000057760 89.000000000 87.500000000 81.000000000 86.000000000
1750310774.599999905 31.270628942499997 120.912583479 2.063200000 4.000000000 0.000056250 1.000000000 0.000000000 0.000000000 0.000053290 89.000000000 87.500000000 81.000000000 86.000000000
1750310774.799999952 31.270629629333328 120.912583213 2.066800000 4.000000000 0.000056250 1.000000000 0.000000000 0.000000000 0.000053290 89.000000000 87.500000000 81.000000000 86.000000000
1750310775.000000000 31.2706302645 120.912583036 2.060800000 4.000000000 0.000056250 1.000000000 0.000000000 0.000000000 0.000053290 89.000000000 87.500000000 81.000000000 86.000000000
1750310775.200000048 31.270630990499996 120.912582957 2.073000000 4.000000000 0.000056250 1.000000000 0.000000000 0.000000000 0.000053290 89.000000000 87.500000000 81.000000000 86.000000000
1750310775.400000095 31.27063161816666 120.912582884 2.071000000 4.000000000 0.000056250 1.000000000 0.000000000 0.000000000 0.000053290 89.000000000 87.500000000 81.000000000 86.000000000
1750310775.599999905 31.270632369500007 120.912582694 2.073400000 4.000000000 0.000057760 1.000000000 0.000000000 0.000000000 0.000049000 89.000000000 87.500000000 81.000000000 86.000000000
1750310775.799999952 31.270633046499995 120.912582590 2.073700000 4.000000000 0.000057760 1.000000000 0.000000000 0.000000000 0.000049000 89.000000000 87.500000000 81.000000000 86.000000000
1750310776.000000000 31.27063376133333 120.912582619 2.068200000 4.000000000 0.000057760 1.000000000 0.000000000 0.000000000 0.000049000 89.000000000 87.500000000 81.000000000 86.000000000
1750310776.200000048 31.27063440566667 120.912582453 2.064900000 4.000000000 0.000057760 1.000000000 0.000000000 0.000000000 0.000049000 89.000000000 89.000000000 83.000000000 89.000000000
1750310776.400000095 31.270635130833327 120.912582387 2.065400000 4.000000000 0.000057760 1.000000000 0.000000000 0.000000000 0.000049000 89.000000000 89.000000000 83.000000000 89.000000000
1750310776.599999905 31.27063581216666 120.912582285 2.059000000 4.000000000 0.000064000 1.000000000 0.000000000 0.000000000 0.000056250 89.000000000 89.000000000 83.000000000 89.000000000
1750310776.799999952 31.270636583833337 120.912582206 2.058500000 4.000000000 0.000064000 1.000000000 0.000000000 0.000000000 0.000056250 89.000000000 89.000000000 83.000000000 89.000000000
1750310777.000000000 31.27063716283334 120.912581871 2.060200000 4.000000000 0.000064000 1.000000000 0.000000000 0.000000000 0.000056250 89.000000000 89.000000000 83.000000000 89.000000000
1750310777.200000048 31.270637825999998 120.912581628 2.059900000 4.000000000 0.000064000 1.000000000 0.000000000 0.000000000 0.000056250 89.000000000 89.000000000 83.000000000 89.000000000
1750310777.400000095 31.270638462666668 120.912581270 2.058700000 4.000000000 0.000064000 1.000000000 0.000000000 0.000000000 0.000056250 89.000000000 89.000000000 83.000000000 89.000000000
1750310777.599999905 31.270639104833336 120.912580947 2.053900000 4.000000000 0.000064000 1.000000000 0.000000000 0.000000000 0.000057760 89.000000000 89.000000000 83.000000000 89.000000000
1750310777.799999952 31.27063967316667 120.912580439 2.055700000 4.000000000 0.000064000 1.000000000 0.000000000 0.000000000 0.000057760 89.000000000 89.000000000 83.000000000 89.000000000
1750310778.000000000 31.270640294333333 120.912580021 2.058900000 4.000000000 0.000064000 1.000000000 0.000000000 0.000000000 0.000057760 89.000000000 89.000000000 83.000000000 89.000000000
1750310778.200000048 31.270640921333325 120.912579736 2.056500000 4.000000000 0.000064000 1.000000000 0.000000000 0.000000000 0.000059290 89.000000000 89.000000000 83.000000000 89.000000000
1750310778.400000095 31.270641580000003 120.912579432 2.058000000 4.000000000 0.000064000 1.000000000 0.000000000 0.000000000 0.000059290 89.000000000 89.000000000 83.000000000 89.000000000
1750310778.599999905 31.27064225933333 120.912579216 2.052900000 4.000000000 0.000065610 1.000000000 0.000000000 0.000000000 0.000059290 89.000000000 89.000000000 83.000000000 89.000000000
1750310778.799999952 31.27064285450001 120.912578897 2.053000000 4.000000000 0.000065610 1.000000000 0.000000000 0.000000000 0.000059290 89.000000000 89.000000000 83.000000000 89.000000000
1750310779.000000000 31.27064349950001 120.912578517 2.058800000 4.000000000 0.000067240 1.000000000 0.000000000 0.000000000 0.000060840 89.000000000 89.000000000 83.000000000 89.000000000
1750310779.200000048 31.27064417616667 120.912578193 2.054900000 4.000000000 0.000067240 1.000000000 0.000000000 0.000000000 0.000060840 84.000000000 85.000000000 81.000000000 86.000000000
1750310779.400000095 31.270644820833326 120.912578079 2.050000000 4.000000000 0.000067240 1.000000000 0.000000000 0.000000000 0.000062410 84.000000000 85.000000000 81.000000000 86.000000000
1750310779.599999905 31.27064554666667 120.912577992 2.057200000 4.000000000 0.000081000 1.000000000 0.000000000 0.000000000 0.000070560 84.000000000 85.000000000 81.000000000 86.000000000
1750310779.799999952 31.270646263999993 120.912577958 2.060900000 4.000000000 0.000081000 1.000000000 0.000000000 0.000000000 0.000070560 84.000000000 85.000000000 81.000000000 86.000000000
1750310780.000000000 31.270646992833335 120.912578058 2.039300000 4.000000000 0.000081000 1.000000000 0.000000000 0.000000000 0.000070560 84.000000000 85.000000000 81.000000000 86.000000000
1750310780.200000048 31.270647728 120.912577927 2.047800000 4.000000000 0.000079210 1.000000000 0.000000000 0.000000000 0.000068890 84.000000000 84.000000000 80.000000000 84.000000000
1750310780.400000095 31.27064846766666 120.912577772 2.047700000 4.000000000 0.000079210 1.000000000 0.000000000 0.000000000 0.000068890 84.000000000 84.000000000 80.000000000 84.000000000
1750310780.599999905 31.270649123166663 120.912577589 2.056800000 4.000000000 0.000072250 1.000000000 0.000000000 0.000000000 0.000064000 84.000000000 84.000000000 80.000000000 84.000000000
1750310780.799999952 31.270649812333332 120.912577369 2.059500000 4.000000000 0.000072250 1.000000000 0.000000000 0.000000000 0.000064000 84.000000000 84.000000000 80.000000000 84.000000000
1750310781.000000000 31.270650463833334 120.912577048 2.059600000 4.000000000 0.000072250 1.000000000 0.000000000 0.000000000 0.000064000 84.000000000 84.000000000 80.000000000 84.000000000
1750310781.200000048 31.27065105700001 120.912576872 2.053400000 4.000000000 0.000072250 1.000000000 0.000000000 0.000000000 0.000064000 84.000000000 85.000000000 82.000000000 86.000000000
1750310781.400000095 31.270651735166666 120.912576633 2.060500000 4.000000000 0.000072250 1.000000000 0.000000000 0.000000000 0.000064000 84.000000000 85.000000000 82.000000000 86.000000000
1750310781.599999905 31.270652499999997 120.912576279 2.060900000 4.000000000 0.000068890 1.000000000 0.000000000 0.000000000 0.000062410 84.000000000 85.000000000 82.000000000 86.000000000
1750310781.799999952 31.27065312633333 120.912575983 2.065100000 4.000000000 0.000068890 1.000000000 0.000000000 0.000000000 0.000062410 84.000000000 85.000000000 82.000000000 86.000000000
1750310782.000000000 31.270653727166675 120.912575728 2.056000000 4.000000000 0.000068890 1.000000000 0.000000000 0.000000000 0.000062410 84.000000000 85.000000000 82.000000000 86.000000000
1750310782.200000048 31.270654430500002 120.912575458 2.058300000 4.000000000 0.000068890 1.000000000 0.000000000 0.000000000 0.000062410 84.000000000 85.000000000 82.000000000 86.000000000
1750310782.400000095 31.270655145333336 120.912575346 2.063400000 4.000000000 0.000068890 1.000000000 0.000000000 0.000000000 0.000062410 84.000000000 85.000000000 82.000000000 86.000000000
1750310782.599999905 31.27065585933333 120.912575121 2.062500000 4.000000000 0.000068890 1.000000000 0.000000000 0.000000000 0.000060840 84.000000000 85.000000000 82.000000000 86.000000000
1750310782.799999952 31.270656523166664 120.912574901 2.058400000 4.000000000 0.000068890 1.000000000 0.000000000 0.000000000 0.000060840 84.000000000 85.000000000 82.000000000 86.000000000
1750310783.000000000 31.270657242500008 120.912574793 2.062000000 4.000000000 0.000068890 1.000000000 0.000000000 0.000000000 0.000062410 84.000000000 85.000000000 82.000000000 86.000000000
1750310783.200000048 31.270657958 120.912574737 2.056500000 4.000000000 0.000070560 1.000000000 0.000000000 0.000000000 0.000062410 84.000000000 84.000000000 81.000000000 84.000000000
1750310783.400000095 31.27065866533333 120.912574588 2.059100000 4.000000000 0.000070560 1.000000000 0.000000000 0.000000000 0.000062410 84.000000000 84.000000000 81.000000000 84.000000000
1750310783.599999905 31.270659338166666 120.912574324 2.059600000 4.000000000 0.000072250 1.000000000 0.000000000 0.000000000 0.000064000 84.000000000 84.000000000 81.000000000 84.000000000
1750310783.799999952 31.27065995933333 120.912574160 2.055300000 4.000000000 0.000072250 1.000000000 0.000000000 0.000000000 0.000064000 84.000000000 84.000000000 81.000000000 84.000000000
1750310784.000000000 31.270660688666666 120.912573949 2.058800000 4.000000000 0.000072250 1.000000000 0.000000000 0.000000000 0.000064000 84.000000000 84.000000000 81.000000000 84.000000000
1750310784.200000048 31.27066135550001 120.912573783 2.052900000 4.000000000 0.000072250 1.000000000 0.000000000 0.000000000 0.000065610 84.000000000 84.000000000 81.000000000 84.000000000
1750310784.400000095 31.270661952166662 120.912573652 2.049800000 4.000000000 0.000073960 1.000000000 0.000000000 0.000000000 0.000065610 84.000000000 84.000000000 81.000000000 84.000000000
1750310784.599999905 31.270662674166672 120.912573354 2.040000000 4.000000000 0.000094090 1.000000000 0.000000000 0.000000000 0.000077440 84.000000000 84.000000000 81.000000000 84.000000000
1750310784.799999952 31.270663274666674 120.912573016 2.048800000 4.000000000 0.000094090 1.000000000 0.000000000 0.000000000 0.000077440 84.000000000 84.000000000 81.000000000 84.000000000
1750310785.000000000 31.270663862333336 120.912572725 2.046900000 4.000000000 0.000094090 1.000000000 0.000000000 0.000000000 0.000077440 84.000000000 84.000000000 81.000000000 84.000000000
1750310785.200000048 31.27066456583333 120.912572340 2.047600000 4.000000000 0.000094090 1.000000000 0.000000000 0.000000000 0.000077440 82.000000000 82.000000000 80.000000000 82.000000000
1750310785.400000095 31.270665280333333 120.912571890 2.044900000 4.000000000 0.000096040 1.000000000 0.000000000 0.000000000 0.000077440 82.000000000 82.000000000 80.000000000 82.000000000
1750310785.599999905 31.270665899999997 120.912571853 2.050200000 4.000000000 0.000100000 1.000000000 0.000000000 0.000000000 0.000082810 82.000000000 82.000000000 80.000000000 82.000000000
1750310785.799999952 31.270666699666663 120.912571791 2.057100000 4.000000000 0.000100000 1.000000000 0.000000000 0.000000000 0.000082810 82.000000000 82.000000000 80.000000000 82.000000000
1750310786.000000000 31.270667301666663 120.912571888 2.053600000 4.000000000 0.000100000 1.000000000 0.000000000 0.000000000 0.000084640 82.000000000 82.000000000 80.000000000 82.000000000
1750310786.200000048 31.270668010666668 120.912571975 2.053900000 4.000000000 0.000100000 1.000000000 0.000000000 0.000000000 0.000084640 84.000000000 84.000000000 80.000000000 84.000000000
1750310786.400000095 31.270668655166673 120.912571840 2.045100000 4.000000000 0.000100000 1.000000000 0.000000000 0.000000000 0.000084640 84.000000000 84.000000000 80.000000000 84.000000000
1750310786.599999905 31.270669350999995 120.912571739 2.028800000 4.000000000 0.000108160 1.000000000 0.000000000 0.000000000 0.000086490 84.000000000 84.000000000 80.000000000 84.000000000
1750310786.799999952 31.270670057666663 120.912571730 2.029000000 4.000000000 0.000108160 1.000000000 0.000000000 0.000000000 0.000086490 84.000000000 84.000000000 80.000000000 84.000000000
1750310787.000000000 31.270670815499997 120.912571839 2.023700000 4.000000000 0.000108160 1.000000000 0.000000000 0.000000000 0.000086490 84.000000000 84.000000000 80.000000000 84.000000000
1750310787.200000048 31.270671589166668 120.912571841 2.026000000 4.000000000 0.000108160 1.000000000 0.000000000 0.000000000 0.000086490 88.000000000 87.000000000 81.000000000 86.000000000
1750310787.400000095 31.270672290666667 120.912571630 2.029800000 4.000000000 0.000108160 1.000000000 0.000000000 0.000000000 0.000086490 88.000000000 87.000000000 81.000000000 86.000000000
1750310787.599999905 31.270672970333337 120.912571422 2.045500000 4.000000000 0.000077440 1.000000000 0.000000000 0.000000000 0.000070560 88.000000000 87.000000000 81.000000000 86.000000000
1750310787.799999952 31.27067363366666 120.912571217 2.040000000 4.000000000 0.000077440 1.000000000 0.000000000 0.000000000 0.000070560 88.000000000 87.000000000 81.000000000 86.000000000
1750310788.000000000 31.27067429233334 120.912570908 2.036300000 4.000000000 0.000077440 1.000000000 0.000000000 0.000000000 0.000068890 88.000000000 87.000000000 81.000000000 86.000000000
1750310788.200000048 31.270674959666664 120.912570616 2.037300000 4.000000000 0.000077440 1.000000000 0.000000000 0.000000000 0.000068890 88.000000000 88.000000000 82.000000000 88.000000000
1750310788.400000095 31.27067562100001 120.912570313 2.049000000 4.000000000 0.000077440 1.000000000 0.000000000 0.000000000 0.000070560 88.000000000 88.000000000 82.000000000 88.000000000
1750310788.599999905 31.27067630366666 120.912569995 2.058800000 4.000000000 0.000073960 1.000000000 0.000000000 0.000000000 0.000065610 88.000000000 88.000000000 82.000000000 88.000000000
1750310788.799999952 31.270676956333332 120.912569726 2.050500000 4.000000000 0.000073960 1.000000000 0.000000000 0.000000000 0.000065610 88.000000000 88.000000000 82.000000000 88.000000000
1750310789.000000000 31.27067762516667 120.912569456 2.048100000 4.000000000 0.000073960 1.000000000 0.000000000 0.000000000 0.000065610 88.000000000 88.000000000 82.000000000 88.000000000
1750310789.200000048 31.270678333999996 120.912569222 2.047200000 4.000000000 0.000073960 1.000000000 0.000000000 0.000000000 0.000065610 86.000000000 87.000000000 82.000000000 88.000000000
1750310789.400000095 31.270678947000007 120.912568960 2.047400000 4.000000000 0.000073960 1.000000000 0.000000000 0.000000000 0.000065610 86.000000000 87.000000000 82.000000000 88.000000000
1750310789.599999905 31.270679599333334 120.912568732 2.049600000 4.000000000 0.000072250 1.000000000 0.000000000 0.000000000 0.000065610 86.000000000 87.000000000 82.000000000 88.000000000
1750310789.799999952 31.270680228499998 120.912568464 2.052300000 4.000000000 0.000072250 1.000000000 0.000000000 0.000000000 0.000065610 86.000000000 87.000000000 82.000000000 88.000000000
1750310790.000000000 31.270680810833326 120.912568094 2.051600000 4.000000000 0.000072250 1.000000000 0.000000000 0.000000000 0.000065610 86.000000000 87.000000000 82.000000000 88.000000000
1750310790.200000048 31.270681437833332 120.912567770 2.053200000 4.000000000 0.000072250 1.000000000 0.000000000 0.000000000 0.000065610 86.000000000 87.000000000 82.000000000 88.000000000
1750310790.400000095 31.2706820075 120.912567274 2.057900000 4.000000000 0.000073960 1.000000000 0.000000000 0.000000000 0.000065610 86.000000000 87.000000000 82.000000000 88.000000000
1750310790.599999905 31.270682667000003 120.912566796 2.064800000 4.000000000 0.000067240 1.000000000 0.000000000 0.000000000 0.000064000 86.000000000 87.000000000 82.000000000 88.000000000
1750310790.799999952 31.270683324999993 120.912566561 2.060700000 4.000000000 0.000067240 1.000000000 0.000000000 0.000000000 0.000064000 86.000000000 87.000000000 82.000000000 88.000000000
1750310791.000000000 31.270683973666678 120.912566296 2.060600000 4.000000000 0.000067240 1.000000000 0.000000000 0.000000000 0.000064000 86.000000000 87.000000000 82.000000000 88.000000000
1750310791.200000048 31.27068467833334 120.912565995 2.057900000 4.000000000 0.000067240 1.000000000 0.000000000 0.000000000 0.000064000 88.000000000 88.000000000 82.000000000 88.000000000
1750310791.400000095 31.27068529799999 120.912565664 2.056000000 4.000000000 0.000067240 1.000000000 0.000000000 0.000000000 0.000064000 88.000000000 88.000000000 82.000000000 88.000000000
1750310791.599999905 31.270685951333334 120.912565414 2.045700000 4.000000000 0.000067240 1.000000000 0.000000000 0.000000000 0.000062410 88.000000000 88.000000000 82.000000000 88.000000000
1750310791.799999952 31.270686687500003 120.912565151 2.054200000 4.000000000 0.000068890 1.000000000 0.000000000 0.000000000 0.000062410 88.000000000 88.000000000 82.000000000 88.000000000
1750310792.000000000 31.270687374000005 120.912565040 2.051000000 4.000000000 0.000068890 1.000000000 0.000000000 0.000000000 0.000062410 88.000000000 88.000000000 82.000000000 88.000000000
1750310792.200000048 31.27068808833333 120.912564882 2.050300000 4.000000000 0.000068890 1.000000000 0.000000000 0.000000000 0.000062410 86.000000000 87.000000000 82.000000000 88.000000000
1750310792.400000095 31.270688828000004 120.912564726 2.058600000 4.000000000 0.000068890 1.000000000 0.000000000 0.000000000 0.000062410 86.000000000 87.000000000 82.000000000 88.000000000
1750310792.599999905 31.270689455333326 120.912564546 2.060700000 4.000000000 0.000072250 1.000000000 0.000000000 0.000000000 0.000065610 86.000000000 87.000000000 82.000000000 88.000000000
1750310792.799999952 31.270690152499995 120.912564528 2.057600000 4.000000000 0.000072250 1.000000000 0.000000000 0.000000000 0.000065610 86.000000000 87.000000000 82.000000000 88.000000000
1750310793.000000000 31.270690864333332 120.912564474 2.059000000 4.000000000 0.000072250 1.000000000 0.000000000 0.000000000 0.000065610 86.000000000 87.000000000 82.000000000 88.000000000
1750310793.200000048 31.27069151149999 120.912564249 2.053600000 4.000000000 0.000072250 1.000000000 0.000000000 0.000000000 0.000065610 86.000000000 86.000000000 81.000000000 86.000000000
1750310793.400000095 31.270692174333334 120.912564012 2.052100000 4.000000000 0.000072250 1.000000000 0.000000000 0.000000000 0.000065610 86.000000000 86.000000000 81.000000000 86.000000000
1750310793.599999905 31.270692923666672 120.912563803 2.051700000 4.000000000 0.000072250 1.000000000 0.000000000 0.000000000 0.000065610 86.000000000 86.000000000 81.000000000 86.000000000
1750310793.799999952 31.270693624166668 120.912563683 2.055600000 4.000000000 0.000072250 1.000000000 0.000000000 0.000000000 0.000065610 86.000000000 86.000000000 81.000000000 86.000000000
1750310794.000000000 31.270694317166658 120.912563540 2.056400000 4.000000000 0.000072250 1.000000000 0.000000000 0.000000000 0.000065610 86.000000000 86.000000000 81.000000000 86.000000000
1750310794.200000048 31.270695017833333 120.912563359 2.053900000 4.000000000 0.000072250 1.000000000 0.000000000 0.000000000 0.000065610 86.000000000 86.000000000 81.000000000 86.000000000
1750310794.400000095 31.27069564333334 120.912563149 2.052000000 4.000000000 0.000073960 1.000000000 0.000000000 0.000000000 0.000065610 86.000000000 86.000000000 81.000000000 86.000000000
1750310794.599999905 31.270696302333334 120.912562873 2.052500000 4.000000000 0.000073960 1.000000000 0.000000000 0.000000000 0.000064000 86.000000000 86.000000000 81.000000000 86.000000000
1750310794.799999952 31.270696964833334 120.912562706 2.048300000 4.000000000 0.000073960 1.000000000 0.000000000 0.000000000 0.000064000 86.000000000 86.000000000 81.000000000 86.000000000
1750310795.000000000 31.270697640166674 120.912562489 2.050700000 4.000000000 0.000073960 1.000000000 0.000000000 0.000000000 0.000064000 86.000000000 86.000000000 81.000000000 86.000000000
1750310795.200000048 31.27069829199999 120.912562234 2.038800000 4.000000000 0.000073960 1.000000000 0.000000000 0.000000000 0.000064000 86.000000000 86.000000000 81.000000000 86.000000000
1750310795.400000095 31.270698941333336 120.912562033 2.036700000 4.000000000 0.000073960 1.000000000 0.000000000 0.000000000 0.000064000 86.000000000 86.000000000 81.000000000 86.000000000
1750310795.599999905 31.270699673500005 120.912561847 2.032500000 4.000000000 0.000070560 1.000000000 0.000000000 0.000000000 0.000059290 86.000000000 86.000000000 81.000000000 86.000000000
1750310795.799999952 31.27070037366667 120.912561645 2.039100000 4.000000000 0.000070560 1.000000000 0.000000000 0.000000000 0.000060840 86.000000000 86.000000000 81.000000000 86.000000000
1750310796.000000000 31.270701063666664 120.912561366 2.047500000 4.000000000 0.000070560 1.000000000 0.000000000 0.000000000 0.000060840 86.000000000 86.000000000 81.000000000 86.000000000
1750310796.200000048 31.270701721500004 120.912561191 2.047400000 4.000000000 0.000070560 1.000000000 0.000000000 0.000000000 0.000060840 86.000000000 86.000000000 81.000000000 86.000000000
1750310796.400000095 31.270702428333337 120.912561119 2.045600000 4.000000000 0.000070560 1.000000000 0.000000000 0.000000000 0.000060840 86.000000000 86.000000000 81.000000000 86.000000000
1750310796.599999905 31.27070308750001 120.912561026 2.042500000 4.000000000 0.000067240 1.000000000 0.000000000 0.000000000 0.000062410 86.000000000 86.000000000 81.000000000 86.000000000
1750310796.799999952 31.27070377133333 120.912560773 2.042400000 4.000000000 0.000067240 1.000000000 0.000000000 0.000000000 0.000062410 86.000000000 86.000000000 81.000000000 86.000000000
1750310797.000000000 31.270704390166657 120.912560575 2.037400000 4.000000000 0.000067240 1.000000000 0.000000000 0.000000000 0.000062410 86.000000000 86.000000000 81.000000000 86.000000000
1750310797.200000048 31.27070503733333 120.912560313 2.033900000 4.000000000 0.000067240 1.000000000 0.000000000 0.000000000 0.000062410 86.000000000 86.000000000 81.000000000 86.000000000
1750310797.400000095 31.27070574983334 120.912560105 2.028100000 4.000000000 0.000067240 1.000000000 0.000000000 0.000000000 0.000062410 86.000000000 86.000000000 81.000000000 86.000000000
1750310797.599999905 31.27070637483334 120.912559880 2.022900000 4.000000000 0.000065610 1.000000000 0.000000000 0.000000000 0.000062410 86.000000000 86.000000000 81.000000000 86.000000000
1750310797.799999952 31.270707010333325 120.912559613 2.027000000 4.000000000 0.000065610 1.000000000 0.000000000 0.000000000 0.000062410 86.000000000 86.000000000 81.000000000 86.000000000
1750310798.000000000 31.270707665499998 120.912559389 2.035300000 4.000000000 0.000067240 1.000000000 0.000000000 0.000000000 0.000062410 86.000000000 86.000000000 81.000000000 86.000000000
1750310798.200000048 31.270708305166664 120.912559246 2.029200000 4.000000000 0.000067240 1.000000000 0.000000000 0.000000000 0.000062410 82.000000000 84.000000000 81.000000000 86.000000000
1750310798.400000095 31.2707089525 120.912559181 2.023400000 4.000000000 0.000081000 1.000000000 0.000000000 0.000000000 0.000072250 82.000000000 84.000000000 81.000000000 86.000000000
1750310798.599999905 31.27070964316667 120.912558955 2.032300000 4.000000000 0.000081000 1.000000000 0.000000000 0.000000000 0.000072250 82.000000000 84.000000000 81.000000000 86.000000000
1750310798.799999952 31.270710333166676 120.912558681 2.032800000 4.000000000 0.000081000 1.000000000 0.000000000 0.000000000 0.000072250 82.000000000 84.000000000 81.000000000 86.000000000
1750310799.000000000 31.270711033333328 120.912558460 2.036200000 4.000000000 0.000081000 1.000000000 0.000000000 0.000000000 0.000072250 82.000000000 84.000000000 81.000000000 86.000000000
1750310799.200000048 31.270711723999995 120.912558215 2.044400000 4.000000000 0.000079210 1.000000000 0.000000000 0.000000000 0.000072250 88.000000000 86.000000000 80.000000000 84.000000000
1750310799.400000095 31.270712377833334 120.912558044 2.049900000 4.000000000 0.000079210 1.000000000 0.000000000 0.000000000 0.000072250 88.000000000 86.000000000 80.000000000 84.000000000
1750310799.599999905 31.27071298749999 120.912557844 2.021900000 4.000000000 0.000075690 1.000000000 0.000000000 0.000000000 0.000067240 88.000000000 86.000000000 80.000000000 84.000000000
1750310799.799999952 31.270713639833332 120.912557693 2.019900000 4.000000000 0.000075690 1.000000000 0.000000000 0.000000000 0.000067240 88.000000000 86.000000000 80.000000000 84.000000000
1750310800.000000000 31.270714320833335 120.912557465 2.015300000 4.000000000 0.000075690 1.000000000 0.000000000 0.000000000 0.000067240 88.000000000 86.000000000 80.000000000 84.000000000
1750310800.200000048 31.270715052166665 120.912557253 2.026900000 4.000000000 0.000077440 1.000000000 0.000000000 0.000000000 0.000068890 88.000000000 88.000000000 82.000000000 88.000000000
1750310800.400000095 31.27071566800001 120.912557091 2.025100000 4.000000000 0.000077440 1.000000000 0.000000000 0.000000000 0.000068890 88.000000000 88.000000000 82.000000000 88.000000000
1750310800.599999905 31.27071634533334 120.912556750 2.027900000 4.000000000 0.000079210 1.000000000 0.000000000 0.000000000 0.000070560 88.000000000 88.000000000 82.000000000 88.000000000
1750310800.799999952 31.270717063333336 120.912556471 2.030500000 4.000000000 0.000079210 1.000000000 0.000000000 0.000000000 0.000070560 88.000000000 88.000000000 82.000000000 88.000000000
1750310801.000000000 31.27071780483334 120.912556209 2.034900000 4.000000000 0.000079210 1.000000000 0.000000000 0.000000000 0.000068890 88.000000000 88.000000000 82.000000000 88.000000000
1750310801.200000048 31.270718456333327 120.912556005 2.032500000 4.000000000 0.000079210 1.000000000 0.000000000 0.000000000 0.000068890 82.000000000 82.000000000 79.000000000 82.000000000
1750310801.400000095 31.270719136333327 120.912555764 2.040300000 4.000000000 0.000079210 1.000000000 0.000000000 0.000000000 0.000068890 82.000000000 82.000000000 79.000000000 82.000000000
1750310801.599999905 31.270719846666665 120.912555587 2.034800000 4.000000000 0.000081000 1.000000000 0.000000000 0.000000000 0.000067240 82.000000000 82.000000000 79.000000000 82.000000000
1750310801.799999952 31.270720487666665 120.912555425 2.027200000 4.000000000 0.000081000 1.000000000 0.000000000 0.000000000 0.000067240 82.000000000 82.000000000 79.000000000 82.000000000
1750310802.000000000 31.270721138499994 120.912555241 2.035100000 4.000000000 0.000081000 1.000000000 0.000000000 0.000000000 0.000067240 82.000000000 82.000000000 79.000000000 82.000000000
1750310802.200000048 31.27072175083333 120.912554972 2.014900000 4.000000000 0.000079210 1.000000000 0.000000000 0.000000000 0.000067240 88.000000000 86.000000000 80.000000000 84.000000000
1750310802.400000095 31.270722464000002 120.912554775 2.015300000 4.000000000 0.000079210 1.000000000 0.000000000 0.000000000 0.000067240 88.000000000 86.000000000 80.000000000 84.000000000
1750310802.599999905 31.270723121999993 120.912554496 2.034400000 4.000000000 0.000077440 1.000000000 0.000000000 0.000000000 0.000064000 88.000000000 86.000000000 80.000000000 84.000000000
1750310802.799999952 31.2707237865 120.912554358 2.030300000 4.000000000 0.000079210 1.000000000 0.000000000 0.000000000 0.000065610 88.000000000 86.000000000 80.000000000 84.000000000
1750310803.000000000 31.270724482666665 120.912554145 2.026500000 4.000000000 0.000079210 1.000000000 0.000000000 0.000000000 0.000065610 88.000000000 86.000000000 80.000000000 84.000000000
1750310803.200000048 31.270725119000005 120.912554025 2.015000000 4.000000000 0.000079210 1.000000000 0.000000000 0.000000000 0.000065610 88.000000000 88.000000000 82.000000000 88.000000000
1750310803.400000095 31.270725815166657 120.912553843 2.016600000 4.000000000 0.000079210 1.000000000 0.000000000 0.000000000 0.000065610 88.000000000 88.000000000 82.000000000 88.000000000
1750310803.599999905 31.270726489666657 120.912553653 2.032100000 4.000000000 0.000088360 1.000000000 0.000000000 0.000000000 0.000070560 88.000000000 88.000000000 82.000000000 88.000000000
1750310803.799999952 31.270727138166663 120.912553548 2.029600000 4.000000000 0.000090250 1.000000000 0.000000000 0.000000000 0.000070560 88.000000000 88.000000000 82.000000000 88.000000000
1750310804.000000000 31.27072780333333 120.912553361 2.027500000 4.000000000 0.000090250 1.000000000 0.000000000 0.000000000 0.000070560 88.000000000 88.000000000 82.000000000 88.000000000
1750310804.200000048 31.270728425666675 120.912553280 2.019400000 4.000000000 0.000090250 1.000000000 0.000000000 0.000000000 0.000072250 86.000000000 86.000000000 81.000000000 86.000000000
1750310804.400000095 31.270729068500003 120.912553214 2.039800000 4.000000000 0.000094090 1.000000000 0.000000000 0.000000000 0.000070560 86.000000000 86.000000000 81.000000000 86.000000000
1750310804.599999905 31.27072978616667 120.912553227 2.037200000 4.000000000 0.000094090 1.000000000 0.000000000 0.000000000 0.000070560 86.000000000 86.000000000 81.000000000 86.000000000
1750310804.799999952 31.270730490999995 120.912553158 2.028900000 4.000000000 0.000094090 1.000000000 0.000000000 0.000000000 0.000070560 86.000000000 86.000000000 81.000000000 86.000000000
1750310805.000000000 31.27073111300001 120.912553279 2.028800000 4.000000000 0.000094090 1.000000000 0.000000000 0.000000000 0.000070560 86.000000000 86.000000000 81.000000000 86.000000000
1750310805.200000048 31.27073142883333 120.912553578 2.023100000 4.000000000 0.000094090 1.000000000 0.000000000 0.000000000 0.000070560 84.000000000 85.000000000 81.000000000 86.000000000
1750310805.400000095 31.27073161366667 120.912553813 2.010000000 4.000000000 0.000104040 1.000000000 0.000000000 0.000000000 0.000075690 84.000000000 85.000000000 81.000000000 86.000000000
1750310805.599999905 31.27073189383333 120.912554004 2.018000000 4.000000000 0.000104040 1.000000000 0.000000000 0.000000000 0.000077440 84.000000000 85.000000000 81.000000000 86.000000000
1750310805.799999952 31.270732100833328 120.912554190 2.027000000 4.000000000 0.000106090 1.000000000 0.000000000 0.000000000 0.000077440 84.000000000 85.000000000 81.000000000 86.000000000
1750310806.000000000 31.270732308333322 120.912554131 2.033000000 4.000000000 0.000106090 1.000000000 0.000000000 0.000000000 0.000077440 84.000000000 85.000000000 81.000000000 86.000000000
1750310806.200000048 31.2707325545 120.912554224 2.050200000 4.000000000 0.000106090 1.000000000 0.000000000 0.000000000 0.000077440 80.000000000 78.500000000 77.000000000 77.000000000
1750310806.400000095 31.270732784833328 120.912554274 2.044900000 4.000000000 0.000108160 1.000000000 0.000000000 0.000000000 0.000079210 80.000000000 78.500000000 77.000000000 77.000000000
1750310806.599999905 31.270733115333343 120.912554344 2.053300000 4.000000000 0.000121000 1.000000000 0.000000000 0.000000000 0.000094090 80.000000000 78.500000000 77.000000000 77.000000000
1750310806.799999952 31.270733343833328 120.912554402 2.048400000 4.000000000 0.000121000 1.000000000 0.000000000 0.000000000 0.000094090 80.000000000 78.500000000 77.000000000 77.000000000
1750310807.000000000 31.27073356566666 120.912554405 2.036300000 4.000000000 0.000118810 1.000000000 0.000000000 0.000000000 0.000094090 80.000000000 78.500000000 77.000000000 77.000000000
1750310807.200000048 31.270733876833333 120.912554469 2.036100000 4.000000000 0.000116640 1.000000000 0.000000000 0.000000000 0.000092160 80.000000000 77.500000000 76.000000000 75.000000000
1750310807.400000095 31.27073406533333 120.912554447 2.046000000 4.000000000 0.000116640 1.000000000 0.000000000 0.000000000 0.000092160 80.000000000 77.500000000 76.000000000 75.000000000
1750310807.599999905 31.270734131166662 120.912554672 2.019000000 4.000000000 0.000112360 1.000000000 0.000000000 0.000000000 0.000081000 80.000000000 77.500000000 76.000000000 75.000000000
1750310807.799999952 31.270734036500002 120.912554603 2.024600000 4.000000000 0.000112360 1.000000000 0.000000000 0.000000000 0.000081000 80.000000000 77.500000000 76.000000000 75.000000000
1750310808.000000000 31.27073399433334 120.912554510 2.035600000 4.000000000 0.000112360 1.000000000 0.000000000 0.000000000 0.000081000 80.000000000 77.500000000 76.000000000 75.000000000
1750310808.200000048 31.270733907500002 120.912554042 2.038700000 4.000000000 0.000112360 1.000000000 0.000000000 0.000000000 0.000081000 84.000000000 83.000000000 79.000000000 82.000000000
1750310808.400000095 31.270733813999996 120.912553300 2.041700000 4.000000000 0.000112360 1.000000000 0.000000000 0.000000000 0.000081000 84.000000000 83.000000000 79.000000000 82.000000000
1750310808.599999905 31.270733950333337 120.912552620 2.005800000 4.000000000 0.000092160 1.000000000 0.000000000 0.000000000 0.000073960 84.000000000 83.000000000 79.000000000 82.000000000
1750310808.799999952 31.270733950166658 120.912551734 2.019600000 4.000000000 0.000092160 1.000000000 0.000000000 0.000000000 0.000073960 84.000000000 83.000000000 79.000000000 82.000000000
1750310809.000000000 31.270733808833327 120.912550910 2.010200000 4.000000000 0.000092160 1.000000000 0.000000000 0.000000000 0.000073960 84.000000000 83.000000000 79.000000000 82.000000000
1750310809.200000048 31.270733597000003 120.912550332 2.008700000 4.000000000 0.000092160 1.000000000 0.000000000 0.000000000 0.000072250 82.000000000 82.000000000 79.000000000 82.000000000
1750310809.400000095 31.27073343233333 120.912549617 1.999100000 4.000000000 0.000092160 1.000000000 0.000000000 0.000000000 0.000072250 82.000000000 82.000000000 79.000000000 82.000000000
1750310809.599999905 31.27073317733334 120.912548835 2.008600000 4.000000000 0.000086490 1.000000000 0.000000000 0.000000000 0.000067240 82.000000000 82.000000000 79.000000000 82.000000000
1750310809.799999952 31.270732939666658 120.912548102 2.002700000 4.000000000 0.000086490 1.000000000 0.000000000 0.000000000 0.000067240 82.000000000 82.000000000 79.000000000 82.000000000
1750310810.000000000 31.270732815333332 120.912547265 2.013000000 4.000000000 0.000086490 1.000000000 0.000000000 0.000000000 0.000067240 82.000000000 82.000000000 79.000000000 82.000000000
1750310810.200000048 31.270732481833335 120.912546575 2.019000000 4.000000000 0.000086490 1.000000000 0.000000000 0.000000000 0.000067240 84.000000000 84.000000000 80.000000000 84.000000000
1750310810.400000095 31.27073208583333 120.912545855 2.019200000 4.000000000 0.000086490 1.000000000 0.000000000 0.000000000 0.000067240 84.000000000 84.000000000 80.000000000 84.000000000
1750310810.599999905 31.270731633833336 120.912545210 2.021400000 4.000000000 0.000082810 1.000000000 0.000000000 0.000000000 0.000067240 84.000000000 84.000000000 80.000000000 84.000000000
1750310810.799999952 31.270731367333326 120.912544470 2.019700000 4.000000000 0.000082810 1.000000000 0.000000000 0.000000000 0.000067240 84.000000000 84.000000000 80.000000000 84.000000000
1750310811.000000000 31.270731228333332 120.912543724 2.016500000 4.000000000 0.000082810 1.000000000 0.000000000 0.000000000 0.000067240 84.000000000 84.000000000 80.000000000 84.000000000
1750310811.200000048 31.270731104166657 120.912542974 2.010400000 4.000000000 0.000082810 1.000000000 0.000000000 0.000000000 0.000067240 86.000000000 86.000000000 81.000000000 86.000000000
1750310811.400000095 31.270730926 120.912542160 2.018800000 4.000000000 0.000082810 1.000000000 0.000000000 0.000000000 0.000067240 86.000000000 86.000000000 81.000000000 86.000000000
1750310811.599999905 31.270730805166664 120.912541329 2.032600000 4.000000000 0.000082810 1.000000000 0.000000000 0.000000000 0.000067240 86.000000000 86.000000000 81.000000000 86.000000000
1750310811.799999952 31.27073070216666 120.912540506 2.038600000 4.000000000 0.000082810 1.000000000 0.000000000 0.000000000 0.000067240 86.000000000 86.000000000 81.000000000 86.000000000
1750310812.000000000 31.27073057283333 120.912539718 2.056300000 4.000000000 0.000082810 1.000000000 0.000000000 0.000000000 0.000067240 86.000000000 86.000000000 81.000000000 86.000000000
1750310812.200000048 31.270730470666663 120.912538911 2.052600000 4.000000000 0.000082810 1.000000000 0.000000000 0.000000000 0.000067240 86.000000000 86.000000000 82.000000000 86.000000000
1750310812.400000095 31.270730366166674 120.912538144 2.057300000 4.000000000 0.000082810 1.000000000 0.000000000 0.000000000 0.000067240 86.000000000 86.000000000 82.000000000 86.000000000
1750310812.599999905 31.270730156833338 120.912537242 2.084200000 4.000000000 0.000072250 1.000000000 0.000000000 0.000000000 0.000068890 86.000000000 86.000000000 82.000000000 86.000000000
1750310812.799999952 31.270730070166664 120.912536438 2.075000000 4.000000000 0.000072250 1.000000000 0.000000000 0.000000000 0.000068890 86.000000000 86.000000000 82.000000000 86.000000000
1750310813.000000000 31.27072988966667 120.912535672 2.080800000 4.000000000 0.000072250 1.000000000 0.000000000 0.000000000 0.000068890 86.000000000 86.000000000 82.000000000 86.000000000
1750310813.200000048 31.2707297865 120.912534962 2.071900000 4.000000000 0.000072250 1.000000000 0.000000000 0.000000000 0.000068890 86.000000000 86.000000000 82.000000000 86.000000000
1750310813.400000095 31.270729669333335 120.912534216 2.079700000 4.000000000 0.000072250 1.000000000 0.000000000 0.000000000 0.000068890 86.000000000 86.000000000 82.000000000 86.000000000
1750310813.599999905 31.270729701833332 120.912533341 2.103900000 4.000000000 0.000073960 1.000000000 0.000000000 0.000000000 0.000070560 86.000000000 86.000000000 82.000000000 86.000000000
1750310813.799999952 31.270729516166668 120.912532654 2.113100000 4.000000000 0.000073960 1.000000000 0.000000000 0.000000000 0.000070560 86.000000000 86.000000000 82.000000000 86.000000000
1750310814.000000000 31.270729426833327 120.912531912 2.104300000 4.000000000 0.000073960 1.000000000 0.000000000 0.000000000 0.000070560 86.000000000 86.000000000 82.000000000 86.000000000
1750310814.200000048 31.270729279666668 120.912531124 2.099900000 4.000000000 0.000075690 1.000000000 0.000000000 0.000000000 0.000070560 88.000000000 87.000000000 81.000000000 86.000000000
1750310814.400000095 31.27072924283334 120.912530674 2.102400000 4.000000000 0.000075690 1.000000000 0.000000000 0.000000000 0.000070560 88.000000000 87.000000000 81.000000000 86.000000000
1750310814.599999905 31.27072927016667 120.912530819 2.081000000 4.000000000 0.000072250 1.000000000 0.000000000 0.000000000 0.000070560 88.000000000 87.000000000 81.000000000 86.000000000
1750310814.799999952 31.27072942833334 120.912530683 2.100200000 4.000000000 0.000073960 1.000000000 0.000000000 0.000000000 0.000070560 88.000000000 87.000000000 81.000000000 86.000000000
1750310815.000000000 31.270729626333335 120.912530540 2.120400000 4.000000000 0.000073960 1.000000000 0.000000000 0.000000000 0.000070560 88.000000000 87.000000000 81.000000000 86.000000000
1750310815.200000048 31.270729942499997 120.912530472 2.118300000 4.000000000 0.000073960 1.000000000 0.000000000 0.000000000 0.000070560 86.000000000 84.000000000 79.000000000 82.000000000
1750310815.400000095 31.27073001650001 120.912530464 2.118300000 4.000000000 0.000073960 1.000000000 0.000000000 0.000000000 0.000070560 86.000000000 84.000000000 79.000000000 82.000000000
1750310815.599999905 31.270730060333335 120.912530577 2.080300000 4.000000000 0.000086490 1.000000000 0.000000000 0.000000000 0.000075690 86.000000000 84.000000000 79.000000000 82.000000000
1750310815.799999952 31.2707300375 120.912530288 2.082900000 4.000000000 0.000086490 1.000000000 0.000000000 0.000000000 0.000075690 86.000000000 84.000000000 79.000000000 82.000000000
1750310816.000000000 31.27072988750001 120.912529688 2.085200000 4.000000000 0.000086490 1.000000000 0.000000000 0.000000000 0.000075690 86.000000000 84.000000000 79.000000000 82.000000000
1750310816.200000048 31.27072950633334 120.912529146 2.091100000 4.000000000 0.000086490 1.000000000 0.000000000 0.000000000 0.000075690 84.000000000 84.000000000 80.000000000 84.000000000
1750310816.400000095 31.270729099166672 120.912528543 2.094300000 4.000000000 0.000086490 1.000000000 0.000000000 0.000000000 0.000075690 84.000000000 84.000000000 80.000000000 84.000000000
1750310816.599999905 31.27072870633333 120.912527896 2.069600000 4.000000000 0.000092160 1.000000000 0.000000000 0.000000000 0.000081000 84.000000000 84.000000000 80.000000000 84.000000000
1750310816.799999952 31.270728417166666 120.912527152 2.083500000 4.000000000 0.000092160 1.000000000 0.000000000 0.000000000 0.000081000 84.000000000 84.000000000 80.000000000 84.000000000
1750310817.000000000 31.270728161833333 120.912526651 2.106800000 4.000000000 0.000092160 1.000000000 0.000000000 0.000000000 0.000081000 84.000000000 84.000000000 80.000000000 84.000000000
1750310817.200000048 31.270728264333343 120.912526843 2.089800000 4.000000000 0.000090250 1.000000000 0.000000000 0.000000000 0.000079210 86.000000000 84.000000000 79.000000000 82.000000000
1750310817.400000095 31.270728262999995 120.912526843 2.088800000 4.000000000 0.000090250 1.000000000 0.000000000 0.000000000 0.000079210 86.000000000 84.000000000 79.000000000 82.000000000
1750310817.599999905 31.270728219333336 120.912526824 2.102300000 4.000000000 0.000090250 1.000000000 0.000000000 0.000000000 0.000079210 86.000000000 84.000000000 79.000000000 82.000000000
1750310817.799999952 31.270728336333335 120.912526774 2.102500000 4.000000000 0.000092160 1.000000000 0.000000000 0.000000000 0.000079210 86.000000000 84.000000000 79.000000000 82.000000000
1750310818.000000000 31.270728445333333 120.912526701 2.105900000 4.000000000 0.000090250 1.000000000 0.000000000 0.000000000 0.000079210 86.000000000 84.000000000 79.000000000 82.000000000
1750310818.200000048 31.270728434999995 120.912526704 2.113100000 4.000000000 0.000090250 1.000000000 0.000000000 0.000000000 0.000079210 82.000000000 85.000000000 82.000000000 88.000000000
1750310818.400000095 31.270728419833333 120.912526714 2.107200000 4.000000000 0.000094090 1.000000000 0.000000000 0.000000000 0.000081000 82.000000000 85.000000000 82.000000000 88.000000000
1750310818.599999905 31.270728465000005 120.912526705 2.095400000 4.000000000 0.000121000 1.000000000 0.000000000 0.000000000 0.000098010 82.000000000 85.000000000 82.000000000 88.000000000
1750310818.799999952 31.270728473666665 120.912526716 2.082300000 4.000000000 0.000121000 1.000000000 0.000000000 0.000000000 0.000098010 82.000000000 85.000000000 82.000000000 88.000000000
1750310819.000000000 31.27072848583333 120.912526693 2.082300000 4.000000000 0.000121000 1.000000000 0.000000000 0.000000000 0.000098010 82.000000000 85.000000000 82.000000000 88.000000000
1750310819.200000048 31.270728468 120.912526686 2.086800000 4.000000000 0.000121000 1.000000000 0.000000000 0.000000000 0.000100000 78.000000000 79.000000000 79.000000000 80.000000000
1750310819.400000095 31.27072844366667 120.912526775 2.086300000 4.000000000 0.000125440 1.000000000 0.000000000 0.000000000 0.000104040 78.000000000 79.000000000 79.000000000 80.000000000
1750310819.599999905 31.270728291833336 120.912526839 2.070200000 4.000000000 0.000125440 1.000000000 0.000000000 0.000000000 0.000104040 78.000000000 79.000000000 79.000000000 80.000000000
1750310819.799999952 31.27072804466667 120.912526895 2.078600000 4.000000000 0.000125440 1.000000000 0.000000000 0.000000000 0.000104040 78.000000000 79.000000000 79.000000000 80.000000000
1750310820.000000000 31.270727985999997 120.912526977 2.072200000 4.000000000 0.000125440 1.000000000 0.000000000 0.000000000 0.000108160 78.000000000 79.000000000 79.000000000 80.000000000
1750310820.200000048 31.270727765666663 120.912527098 2.079600000 4.000000000 0.000125440 1.000000000 0.000000000 0.000000000 0.000104040 73.000000000 75.500000000 78.000000000 78.000000000
1750310820.400000095 31.270727860999997 120.912527047 2.076900000 4.000000000 0.000118810 1.000000000 0.000000000 0.000000000 0.000106090 73.000000000 75.500000000 78.000000000 78.000000000
1750310820.599999905 31.270727873833337 120.912527034 2.071700000 4.000000000 0.000118810 1.000000000 0.000000000 0.000000000 0.000106090 73.000000000 75.500000000 78.000000000 78.000000000
1750310820.799999952 31.27072785083334 120.912526969 2.071800000 4.000000000 0.000118810 1.000000000 0.000000000 0.000000000 0.000106090 73.000000000 75.500000000 78.000000000 78.000000000
1750310821.000000000 31.270727660999995 120.912526529 2.076100000 4.000000000 0.000118810 1.000000000 0.000000000 0.000000000 0.000106090 73.000000000 75.500000000 78.000000000 78.000000000
1750310821.200000048 31.270727361333343 120.912525756 2.079000000 4.000000000 0.000118810 1.000000000 0.000000000 0.000000000 0.000106090 80.000000000 84.000000000 82.000000000 88.000000000
1750310821.400000095 31.270727121333337 120.912524937 2.096900000 4.000000000 0.000110250 1.000000000 0.000000000 0.000000000 0.000102010 80.000000000 84.000000000 82.000000000 88.000000000
1750310821.599999905 31.270727059500004 120.912524083 2.102300000 4.000000000 0.000110250 1.000000000 0.000000000 0.000000000 0.000102010 80.000000000 84.000000000 82.000000000 88.000000000
1750310821.799999952 31.270727003333334 120.912523202 2.108000000 4.000000000 0.000110250 1.000000000 0.000000000 0.000000000 0.000102010 80.000000000 84.000000000 82.000000000 88.000000000
1750310822.000000000 31.270726940000003 120.912522382 2.107000000 4.000000000 0.000110250 1.000000000 0.000000000 0.000000000 0.000102010 80.000000000 84.000000000 82.000000000 88.000000000
1750310822.200000048 31.27072690033333 120.912521635 2.115600000 4.000000000 0.000108160 1.000000000 0.000000000 0.000000000 0.000100000 82.000000000 85.000000000 82.000000000 88.000000000
1750310822.400000095 31.270726948333333 120.912520804 2.113000000 4.000000000 0.000108160 1.000000000 0.000000000 0.000000000 0.000100000 82.000000000 85.000000000 82.000000000 88.000000000
1750310822.599999905 31.270727140999995 120.912520503 2.108900000 4.000000000 0.000081000 1.000000000 0.000000000 0.000000000 0.000077440 82.000000000 85.000000000 82.000000000 88.000000000
1750310822.799999952 31.27072715866666 120.912520564 2.109000000 4.000000000 0.000081000 1.000000000 0.000000000 0.000000000 0.000077440 82.000000000 85.000000000 82.000000000 88.000000000
1750310823.000000000 31.270727146333343 120.912520546 2.113500000 4.000000000 0.000081000 1.000000000 0.000000000 0.000000000 0.000077440 82.000000000 85.000000000 82.000000000 88.000000000
1750310823.200000048 31.270727062333336 120.912520464 2.122400000 4.000000000 0.000081000 1.000000000 0.000000000 0.000000000 0.000077440 84.000000000 86.000000000 82.000000000 88.000000000
1750310823.400000095 31.270726932000002 120.912520030 2.124900000 4.000000000 0.000081000 1.000000000 0.000000000 0.000000000 0.000077440 84.000000000 86.000000000 82.000000000 88.000000000
1750310823.599999905 31.27072664299999 120.912519158 2.132400000 4.000000000 0.000079210 1.000000000 0.000000000 0.000000000 0.000072250 84.000000000 86.000000000 82.000000000 88.000000000
1750310823.799999952 31.27072632716667 120.912518415 2.133200000 4.000000000 0.000079210 1.000000000 0.000000000 0.000000000 0.000072250 84.000000000 86.000000000 82.000000000 88.000000000
1750310824.000000000 31.270726086500005 120.912517633 2.139300000 4.000000000 0.000079210 1.000000000 0.000000000 0.000000000 0.000072250 84.000000000 86.000000000 82.000000000 88.000000000
1750310824.200000048 31.270725772333336 120.912516893 2.147200000 4.000000000 0.000079210 1.000000000 0.000000000 0.000000000 0.000073960 86.000000000 87.000000000 82.000000000 88.000000000
1750310824.400000095 31.27072538583333 120.912516264 2.140600000 4.000000000 0.000079210 1.000000000 0.000000000 0.000000000 0.000073960 86.000000000 87.000000000 82.000000000 88.000000000
1750310824.599999905 31.27072505616667 120.912515547 2.135000000 4.000000000 0.000073960 1.000000000 0.000000000 0.000000000 0.000064000 86.000000000 87.000000000 82.000000000 88.000000000
1750310824.799999952 31.270724775999994 120.912514821 2.131300000 4.000000000 0.000073960 1.000000000 0.000000000 0.000000000 0.000064000 86.000000000 87.000000000 82.000000000 88.000000000
1750310825.000000000 31.27072458483333 120.912514102 2.120900000 4.000000000 0.000073960 1.000000000 0.000000000 0.000000000 0.000064000 86.000000000 87.000000000 82.000000000 88.000000000
1750310825.200000048 31.270724377000008 120.912513325 2.129300000 4.000000000 0.000075690 1.000000000 0.000000000 0.000000000 0.000065610 86.000000000 87.000000000 82.000000000 88.000000000
1750310825.400000095 31.27072405683333 120.912512569 2.132700000 4.000000000 0.000075690 1.000000000 0.000000000 0.000000000 0.000064000 86.000000000 87.000000000 82.000000000 88.000000000
1750310825.599999905 31.2707237475 120.912511824 2.125100000 4.000000000 0.000075690 1.000000000 0.000000000 0.000000000 0.000064000 86.000000000 87.000000000 82.000000000 88.000000000
1750310825.799999952 31.27072343733333 120.912511064 2.134000000 4.000000000 0.000075690 1.000000000 0.000000000 0.000000000 0.000064000 86.000000000 87.000000000 82.000000000 88.000000000
1750310826.000000000 31.270723222 120.912510236 2.140100000 4.000000000 0.000075690 1.000000000 0.000000000 0.000000000 0.000064000 86.000000000 87.000000000 82.000000000 88.000000000
1750310826.200000048 31.270723038499995 120.912509579 2.135900000 4.000000000 0.000075690 1.000000000 0.000000000 0.000000000 0.000064000 89.000000000 87.500000000 82.000000000 86.000000000
1750310826.400000095 31.27072300916666 120.912508852 2.137600000 4.000000000 0.000075690 1.000000000 0.000000000 0.000000000 0.000064000 89.000000000 87.500000000 82.000000000 86.000000000
1750310826.599999905 31.270723055999994 120.912508137 2.148200000 4.000000000 0.000072250 1.000000000 0.000000000 0.000000000 0.000064000 89.000000000 87.500000000 82.000000000 86.000000000
1750310826.799999952 31.270722940833338 120.912507357 2.157300000 4.000000000 0.000072250 1.000000000 0.000000000 0.000000000 0.000065610 89.000000000 87.500000000 82.000000000 86.000000000
1750310827.000000000 31.27072275416667 120.912506711 2.162200000 4.000000000 0.000072250 1.000000000 0.000000000 0.000000000 0.000065610 89.000000000 87.500000000 82.000000000 86.000000000
1750310827.200000048 31.27072252916666 120.912506007 2.159300000 4.000000000 0.000073960 1.000000000 0.000000000 0.000000000 0.000065610 86.000000000 86.000000000 82.000000000 86.000000000
1750310827.400000095 31.270722415999998 120.912505217 2.167700000 4.000000000 0.000073960 1.000000000 0.000000000 0.000000000 0.000065610 86.000000000 86.000000000 82.000000000 86.000000000
1750310827.599999905 31.27072222933333 120.912504332 2.181700000 4.000000000 0.000072250 1.000000000 0.000000000 0.000000000 0.000067240 86.000000000 86.000000000 82.000000000 86.000000000
1750310827.799999952 31.27072196416667 120.912503683 2.188000000 4.000000000 0.000072250 1.000000000 0.000000000 0.000000000 0.000067240 86.000000000 86.000000000 82.000000000 86.000000000
1750310828.000000000 31.270721715333337 120.912502859 2.197500000 4.000000000 0.000072250 1.000000000 0.000000000 0.000000000 0.000067240 86.000000000 86.000000000 82.000000000 86.000000000
1750310828.200000048 31.270721500500002 120.912502173 2.194300000 4.000000000 0.000072250 1.000000000 0.000000000 0.000000000 0.000067240 86.000000000 86.000000000 82.000000000 86.000000000
1750310828.400000095 31.270721273999996 120.912501353 2.200100000 4.000000000 0.000072250 1.000000000 0.000000000 0.000000000 0.000067240 86.000000000 86.000000000 82.000000000 86.000000000
1750310828.599999905 31.270721202333334 120.912500618 2.213900000 4.000000000 0.000067240 1.000000000 0.000000000 0.000000000 0.000067240 86.000000000 86.000000000 82.000000000 86.000000000
1750310828.799999952 31.270721147000003 120.912499796 2.221800000 4.000000000 0.000067240 1.000000000 0.000000000 0.000000000 0.000067240 86.000000000 86.000000000 82.000000000 86.000000000
1750310829.000000000 31.270720937666667 120.912498941 2.231200000 4.000000000 0.000067240 1.000000000 0.000000000 0.000000000 0.000067240 86.000000000 86.000000000 82.000000000 86.000000000
1750310829.200000048 31.270720848833335 120.912498097 2.231600000 4.000000000 0.000068890 1.000000000 0.000000000 0.000000000 0.000067240 88.000000000 88.000000000 82.000000000 88.000000000
1750310829.400000095 31.270720748666662 120.912497237 2.231500000 4.000000000 0.000068890 1.000000000 0.000000000 0.000000000 0.000067240 88.000000000 88.000000000 82.000000000 88.000000000
1750310829.599999905 31.270720424666663 120.912496588 2.231300000 4.000000000 0.000068890 1.000000000 0.000000000 0.000000000 0.000067240 88.000000000 88.000000000 82.000000000 88.000000000
1750310829.799999952 31.27072020833333 120.912495858 2.230600000 4.000000000 0.000068890 1.000000000 0.000000000 0.000000000 0.000067240 88.000000000 88.000000000 82.000000000 88.000000000
1750310830.000000000 31.270720087499996 120.912495114 2.226400000 4.000000000 0.000068890 1.000000000 0.000000000 0.000000000 0.000067240 88.000000000 88.000000000 82.000000000 88.000000000
1750310830.200000048 31.27071982183334 120.912494294 2.233000000 4.000000000 0.000068890 1.000000000 0.000000000 0.000000000 0.000067240 86.000000000 86.000000000 81.000000000 86.000000000
1750310830.400000095 31.270719584000005 120.912493472 2.236400000 4.000000000 0.000068890 1.000000000 0.000000000 0.000000000 0.000067240 86.000000000 86.000000000 81.000000000 86.000000000
1750310830.599999905 31.270719302000003 120.912492652 2.267800000 4.000000000 0.000068890 1.000000000 0.000000000 0.000000000 0.000062410 86.000000000 86.000000000 81.000000000 86.000000000
1750310830.799999952 31.270719001666663 120.912492349 2.263700000 4.000000000 0.000068890 1.000000000 0.000000000 0.000000000 0.000062410 86.000000000 86.000000000 81.000000000 86.000000000
1750310831.000000000 31.270718842166673 120.912492439 2.265100000 4.000000000 0.000068890 1.000000000 0.000000000 0.000000000 0.000062410 86.000000000 86.000000000 81.000000000 86.000000000
1750310831.200000048 31.270718782666677 120.912492398 2.261300000 4.000000000 0.000070560 1.000000000 0.000000000 0.000000000 0.000062410 86.000000000 86.000000000 81.000000000 86.000000000
1750310831.400000095 31.270718796833336 120.912492399 2.260300000 4.000000000 0.000070560 1.000000000 0.000000000 0.000000000 0.000062410 86.000000000 86.000000000 81.000000000 86.000000000
1750310831.599999905 31.270718768500004 120.912492399 2.270900000 4.000000000 0.000072250 1.000000000 0.000000000 0.000000000 0.000067240 86.000000000 86.000000000 81.000000000 86.000000000
1750310831.799999952 31.270718657666663 120.912492180 2.268000000 4.000000000 0.000072250 1.000000000 0.000000000 0.000000000 0.000067240 86.000000000 86.000000000 81.000000000 86.000000000
1750310832.000000000 31.27071837066667 120.912491589 2.270600000 4.000000000 0.000072250 1.000000000 0.000000000 0.000000000 0.000067240 86.000000000 86.000000000 81.000000000 86.000000000
1750310832.200000048 31.270718163500007 120.912490779 2.274700000 4.000000000 0.000072250 1.000000000 0.000000000 0.000000000 0.000067240 86.000000000 86.000000000 81.000000000 86.000000000
1750310832.400000095 31.27071803766667 120.912490040 2.282100000 4.000000000 0.000072250 1.000000000 0.000000000 0.000000000 0.000067240 86.000000000 86.000000000 81.000000000 86.000000000
1750310832.599999905 31.270717886 120.912489231 2.271000000 4.000000000 0.000073960 1.000000000 0.000000000 0.000000000 0.000070560 86.000000000 86.000000000 81.000000000 86.000000000
1750310832.799999952 31.270717752833335 120.912488470 2.274000000 4.000000000 0.000073960 1.000000000 0.000000000 0.000000000 0.000070560 86.000000000 86.000000000 81.000000000 86.000000000
1750310833.000000000 31.270717578499998 120.912487741 2.277300000 4.000000000 0.000073960 1.000000000 0.000000000 0.000000000 0.000070560 86.000000000 86.000000000 81.000000000 86.000000000
1750310833.200000048 31.270717427999998 120.912486925 2.279300000 4.000000000 0.000073960 1.000000000 0.000000000 0.000000000 0.000070560 86.000000000 86.000000000 81.000000000 86.000000000
1750310833.400000095 31.270717222833326 120.912486237 2.292800000 4.000000000 0.000073960 1.000000000 0.000000000 0.000000000 0.000070560 86.000000000 86.000000000 81.000000000 86.000000000
1750310833.599999905 31.27071730916667 120.912486490 2.281500000 4.000000000 0.000072250 1.000000000 0.000000000 0.000000000 0.000065610 86.000000000 86.000000000 81.000000000 86.000000000
1750310833.799999952 31.270717292666674 120.912486431 2.281600000 4.000000000 0.000072250 1.000000000 0.000000000 0.000000000 0.000067240 86.000000000 86.000000000 81.000000000 86.000000000
1750310834.000000000 31.270717291833336 120.912486420 2.284900000 4.000000000 0.000072250 1.000000000 0.000000000 0.000000000 0.000067240 86.000000000 86.000000000 81.000000000 86.000000000
1750310834.200000048 31.270717281333333 120.912486425 2.285500000 4.000000000 0.000072250 1.000000000 0.000000000 0.000000000 0.000067240 86.000000000 86.000000000 81.000000000 86.000000000
1750310834.400000095 31.270717293666664 120.912486428 2.284400000 4.000000000 0.000073960 1.000000000 0.000000000 0.000000000 0.000067240 86.000000000 86.000000000 81.000000000 86.000000000
1750310834.599999905 31.27071723483334 120.912486381 2.285900000 4.000000000 0.000073960 1.000000000 0.000000000 0.000000000 0.000070560 86.000000000 86.000000000 81.000000000 86.000000000
1750310834.799999952 31.270717245666674 120.912486357 2.279800000 4.000000000 0.000073960 1.000000000 0.000000000 0.000000000 0.000070560 86.000000000 86.000000000 81.000000000 86.000000000
1750310835.000000000 31.270717264333328 120.912486352 2.287100000 4.000000000 0.000073960 1.000000000 0.000000000 0.000000000 0.000070560 86.000000000 86.000000000 81.000000000 86.000000000
1750310835.200000048 31.270717257499996 120.912486351 2.287300000 4.000000000 0.000073960 1.000000000 0.000000000 0.000000000 0.000072250 82.000000000 83.000000000 80.000000000 84.000000000
1750310835.400000095 31.27071726833333 120.912486338 2.292000000 4.000000000 0.000073960 1.000000000 0.000000000 0.000000000 0.000072250 82.000000000 83.000000000 80.000000000 84.000000000
1750310835.599999905 31.270717344166655 120.912486395 2.266400000 4.000000000 0.000077440 1.000000000 0.000000000 0.000000000 0.000073960 82.000000000 83.000000000 80.000000000 84.000000000
1750310835.799999952 31.270717361500004 120.912486346 2.269800000 4.000000000 0.000077440 1.000000000 0.000000000 0.000000000 0.000075690 82.000000000 83.000000000 80.000000000 84.000000000
1750310836.000000000 31.270717316833327 120.912486286 2.268700000 4.000000000 0.000079210 1.000000000 0.000000000 0.000000000 0.000075690 82.000000000 83.000000000 80.000000000 84.000000000
1750310836.200000048 31.270717310833334 120.912486281 2.254300000 4.000000000 0.000079210 1.000000000 0.000000000 0.000000000 0.000075690 82.000000000 83.000000000 80.000000000 84.000000000
1750310836.400000095 31.270717317999996 120.912486263 2.246400000 4.000000000 0.000079210 1.000000000 0.000000000 0.000000000 0.000077440 82.000000000 83.000000000 80.000000000 84.000000000
1750310836.599999905 31.270717356333336 120.912486079 2.234400000 4.000000000 0.000092160 1.000000000 0.000000000 0.000000000 0.000088360 82.000000000 83.000000000 80.000000000 84.000000000
1750310836.799999952 31.27071723483334 120.912485533 2.256700000 4.000000000 0.000092160 1.000000000 0.000000000 0.000000000 0.000088360 82.000000000 83.000000000 80.000000000 84.000000000
1750310837.000000000 31.270717282000007 120.912484823 2.269600000 4.000000000 0.000092160 1.000000000 0.000000000 0.000000000 0.000088360 82.000000000 83.000000000 80.000000000 84.000000000
1750310837.200000048 31.270717252833336 120.912484012 2.281400000 4.000000000 0.000090250 1.000000000 0.000000000 0.000000000 0.000084640 84.000000000 83.000000000 79.000000000 82.000000000
1750310837.400000095 31.270717238833328 120.912483382 2.282500000 4.000000000 0.000090250 1.000000000 0.000000000 0.000000000 0.000084640 84.000000000 83.000000000 79.000000000 82.000000000
1750310837.599999905 31.270717359166667 120.912482767 2.305800000 4.000000000 0.000082810 1.000000000 0.000000000 0.000000000 0.000073960 84.000000000 83.000000000 79.000000000 82.000000000
1750310837.799999952 31.270717733833337 120.912482442 2.315700000 4.000000000 0.000082810 1.000000000 0.000000000 0.000000000 0.000073960 84.000000000 83.000000000 79.000000000 82.000000000
1750310838.000000000 31.270717754000003 120.912482471 2.312400000 4.000000000 0.000084640 1.000000000 0.000000000 0.000000000 0.000075690 84.000000000 83.000000000 79.000000000 82.000000000
1750310838.200000048 31.27071772233333 120.912482443 2.313700000 4.000000000 0.000084640 1.000000000 0.000000000 0.000000000 0.000077440 82.000000000 84.000000000 81.000000000 86.000000000
1750310838.400000095 31.27071772816666 120.912482147 2.316200000 4.000000000 0.000086490 1.000000000 0.000000000 0.000000000 0.000077440 82.000000000 84.000000000 81.000000000 86.000000000
1750310838.599999905 31.270717595500003 120.912481433 2.318300000 4.000000000 0.000100000 1.000000000 0.000000000 0.000000000 0.000082810 82.000000000 84.000000000 81.000000000 86.000000000
1750310838.799999952 31.27071722783333 120.912480587 2.320200000 4.000000000 0.000102010 1.000000000 0.000000000 0.000000000 0.000082810 82.000000000 84.000000000 81.000000000 86.000000000
1750310839.000000000 31.270716870166666 120.912479853 2.317900000 4.000000000 0.000102010 1.000000000 0.000000000 0.000000000 0.000082810 82.000000000 84.000000000 81.000000000 86.000000000
1750310839.200000048 31.270716585166667 120.912478953 2.332900000 4.000000000 0.000100000 1.000000000 0.000000000 0.000000000 0.000081000 75.000000000 78.000000000 78.000000000 81.000000000
1750310839.400000095 31.270716588499994 120.912478283 2.329500000 4.000000000 0.000102010 1.000000000 0.000000000 0.000000000 0.000082810 75.000000000 78.000000000 78.000000000 81.000000000
1750310839.599999905 31.270716817500002 120.912477951 2.321000000 4.000000000 0.000139240 1.000000000 0.000000000 0.000000000 0.000092160 75.000000000 78.000000000 78.000000000 81.000000000
1750310839.799999952 31.270716801000006 120.912478026 2.322600000 4.000000000 0.000139240 1.000000000 0.000000000 0.000000000 0.000092160 75.000000000 78.000000000 78.000000000 81.000000000
1750310840.000000000 31.270716792166667 120.912477967 2.312300000 4.000000000 0.000139240 1.000000000 0.000000000 0.000000000 0.000092160 75.000000000 78.000000000 78.000000000 81.000000000
1750310840.200000048 31.27071669733334 120.912477959 2.299800000 4.000000000 0.000139240 1.000000000 0.000000000 0.000000000 0.000092160 77.000000000 78.500000000 78.000000000 80.000000000
1750310840.400000095 31.27071648733333 120.912477917 2.293600000 4.000000000 0.000144000 1.000000000 0.000000000 0.000000000 0.000100000 77.000000000 78.500000000 78.000000000 80.000000000
1750310840.599999905 31.270716357500007 120.912478206 2.310100000 4.000000000 0.000146410 1.000000000 0.000000000 0.000000000 0.000100000 77.000000000 78.500000000 78.000000000 80.000000000
1750310840.799999952 31.2707160935 120.912478329 2.305500000 4.000000000 0.000144000 1.000000000 0.000000000 0.000000000 0.000102010 77.000000000 78.500000000 78.000000000 80.000000000
1750310841.000000000 31.270716096166666 120.912478491 2.326700000 4.000000000 0.000144000 1.000000000 0.000000000 0.000000000 0.000100000 77.000000000 78.500000000 78.000000000 80.000000000
1750310841.200000048 31.27071609966667 120.912478491 2.328200000 4.000000000 0.000141610 1.000000000 0.000000000 0.000000000 0.000098010 77.000000000 77.000000000 77.000000000 77.000000000
1750310841.400000095 31.270715996999996 120.912478205 2.326100000 4.000000000 0.000141610 1.000000000 0.000000000 0.000000000 0.000098010 77.000000000 77.000000000 77.000000000 77.000000000
1750310841.599999905 31.270715638 120.912477701 2.314700000 4.000000000 0.000132250 1.000000000 0.000000000 0.000000000 0.000088360 77.000000000 77.000000000 77.000000000 77.000000000
1750310841.799999952 31.27071518966666 120.912476835 2.321600000 4.000000000 0.000132250 1.000000000 0.000000000 0.000000000 0.000090250 77.000000000 77.000000000 77.000000000 77.000000000
1750310842.000000000 31.270715037000002 120.912476074 2.306900000 4.000000000 0.000132250 1.000000000 0.000000000 0.000000000 0.000090250 77.000000000 77.000000000 77.000000000 77.000000000
1750310842.200000048 31.270714936333334 120.912475847 2.308800000 4.000000000 0.000132250 1.000000000 0.000000000 0.000000000 0.000088360 77.000000000 77.000000000 77.000000000 77.000000000
1750310842.400000095 31.27071499266667 120.912475966 2.309900000 4.000000000 0.000132250 1.000000000 0.000000000 0.000000000 0.000088360 77.000000000 77.000000000 77.000000000 77.000000000
1750310842.599999905 31.270715237666664 120.912475848 2.315200000 4.000000000 0.000106090 1.000000000 0.000000000 0.000000000 0.000094090 77.000000000 77.000000000 77.000000000 77.000000000
1750310842.799999952 31.27071541699999 120.912475742 2.316100000 4.000000000 0.000106090 1.000000000 0.000000000 0.000000000 0.000094090 77.000000000 77.000000000 77.000000000 77.000000000
1750310843.000000000 31.270715646 120.912475550 2.302000000 4.000000000 0.000106090 1.000000000 0.000000000 0.000000000 0.000094090 77.000000000 77.000000000 77.000000000 77.000000000
1750310843.200000048 31.270715861166664 120.912475367 2.309400000 4.000000000 0.000108160 1.000000000 0.000000000 0.000000000 0.000094090 84.000000000 84.000000000 79.000000000 84.000000000
1750310843.400000095 31.270716030000003 120.912475197 2.308000000 4.000000000 0.000108160 1.000000000 0.000000000 0.000000000 0.000094090 84.000000000 84.000000000 79.000000000 84.000000000
1750310843.599999905 31.27071599483334 120.912474697 2.309300000 4.000000000 0.000094090 1.000000000 0.000000000 0.000000000 0.000086490 84.000000000 84.000000000 79.000000000 84.000000000
1750310843.799999952 31.27071576916667 120.912474010 2.322700000 4.000000000 0.000092160 1.000000000 0.000000000 0.000000000 0.000088360 84.000000000 84.000000000 79.000000000 84.000000000
1750310844.000000000 31.270715274333327 120.912473272 2.319200000 4.000000000 0.000094090 1.000000000 0.000000000 0.000000000 0.000086490 84.000000000 84.000000000 79.000000000 84.000000000
1750310844.200000048 31.270714924333333 120.912472682 2.308700000 4.000000000 0.000092160 1.000000000 0.000000000 0.000000000 0.000086490 84.000000000 79.500000000 76.000000000 75.000000000
1750310844.400000095 31.270714336833336 120.912471971 2.311000000 4.000000000 0.000092160 1.000000000 0.000000000 0.000000000 0.000086490 84.000000000 79.500000000 76.000000000 75.000000000
1750310844.599999905 31.270713862333338 120.912471501 2.303300000 4.000000000 0.000086490 1.000000000 0.000000000 0.000000000 0.000081000 84.000000000 79.500000000 76.000000000 75.000000000
1750310844.799999952 31.270713324666673 120.912471014 2.313200000 4.000000000 0.000086490 1.000000000 0.000000000 0.000000000 0.000081000 84.000000000 79.500000000 76.000000000 75.000000000
1750310845.000000000 31.27071268666667 120.912470481 2.311500000 4.000000000 0.000086490 1.000000000 0.000000000 0.000000000 0.000081000 84.000000000 79.500000000 76.000000000 75.000000000
1750310845.200000048 31.27071207183333 120.912470132 2.303500000 4.000000000 0.000086490 1.000000000 0.000000000 0.000000000 0.000081000 84.000000000 84.000000000 79.000000000 84.000000000
1750310845.400000095 31.27071140133333 120.912470035 2.288000000 4.000000000 0.000086490 1.000000000 0.000000000 0.000000000 0.000081000 84.000000000 84.000000000 79.000000000 84.000000000
1750310845.599999905 31.27071055333333 120.912469918 2.327100000 4.000000000 0.000084640 1.000000000 0.000000000 0.000000000 0.000079210 84.000000000 84.000000000 79.000000000 84.000000000
1750310845.799999952 31.27070977466667 120.912469823 2.324300000 4.000000000 0.000084640 1.000000000 0.000000000 0.000000000 0.000079210 84.000000000 84.000000000 79.000000000 84.000000000
1750310846.000000000 31.27070909616667 120.912469685 2.332600000 4.000000000 0.000084640 1.000000000 0.000000000 0.000000000 0.000079210 84.000000000 84.000000000 79.000000000 84.000000000
1750310846.200000048 31.27070845033333 120.912469630 2.328200000 4.000000000 0.000084640 1.000000000 0.000000000 0.000000000 0.000079210 84.000000000 85.000000000 80.000000000 86.000000000
1750310846.400000095 31.270707790499998 120.912469810 2.333600000 4.000000000 0.000084640 1.000000000 0.000000000 0.000000000 0.000079210 84.000000000 85.000000000 80.000000000 86.000000000
1750310846.599999905 31.270707596333338 120.912470022 2.324800000 4.000000000 0.000084640 1.000000000 0.000000000 0.000000000 0.000082810 84.000000000 85.000000000 80.000000000 86.000000000
1750310846.799999952 31.270707636666657 120.912470289 2.321400000 4.000000000 0.000086490 1.000000000 0.000000000 0.000000000 0.000084640 84.000000000 85.000000000 80.000000000 86.000000000
1750310847.000000000 31.27070749933334 120.912470563 2.334000000 4.000000000 0.000086490 1.000000000 0.000000000 0.000000000 0.000086490 84.000000000 85.000000000 80.000000000 86.000000000
1750310847.200000048 31.270707463000008 120.912470821 2.329500000 4.000000000 0.000088360 1.000000000 0.000000000 0.000000000 0.000086490 79.000000000 78.000000000 76.000000000 77.000000000
1750310847.400000095 31.27070739683333 120.912471059 2.309500000 4.000000000 0.000088360 1.000000000 0.000000000 0.000000000 0.000086490 79.000000000 78.000000000 76.000000000 77.000000000
1750310847.599999905 31.270707284833335 120.912471198 2.286500000 4.000000000 0.000102010 1.000000000 0.000000000 0.000000000 0.000106090 79.000000000 78.000000000 76.000000000 77.000000000
1750310847.799999952 31.27070687283333 120.912471249 2.283700000 4.000000000 0.000102010 1.000000000 0.000000000 0.000000000 0.000104040 79.000000000 78.000000000 76.000000000 77.000000000
1750310848.000000000 31.27070624999999 120.912471131 2.285200000 4.000000000 0.000102010 1.000000000 0.000000000 0.000000000 0.000104040 79.000000000 78.000000000 76.000000000 77.000000000
1750310848.200000048 31.27070571083334 120.912470729 2.273300000 4.000000000 0.000102010 1.000000000 0.000000000 0.000000000 0.000104040 84.000000000 81.500000000 77.000000000 79.000000000
1750310848.400000095 31.270705261499998 120.912470042 2.274600000 4.000000000 0.000102010 1.000000000 0.000000000 0.000000000 0.000104040 84.000000000 81.500000000 77.000000000 79.000000000
1750310848.599999905 31.270705131833324 120.912469389 2.257600000 4.000000000 0.000088360 1.000000000 0.000000000 0.000000000 0.000092160 84.000000000 81.500000000 77.000000000 79.000000000
1750310848.799999952 31.270705253833327 120.912468989 2.250500000 4.000000000 0.000088360 1.000000000 0.000000000 0.000000000 0.000092160 84.000000000 81.500000000 77.000000000 79.000000000
1750310849.000000000 31.270705353833335 120.912468839 2.248400000 4.000000000 0.000088360 1.000000000 0.000000000 0.000000000 0.000092160 84.000000000 81.500000000 77.000000000 79.000000000
1750310849.200000048 31.270705226000004 120.912468593 2.250800000 4.000000000 0.000088360 1.000000000 0.000000000 0.000000000 0.000092160 81.000000000 80.000000000 77.000000000 79.000000000
1750310849.400000095 31.270704898666665 120.912468145 2.244800000 4.000000000 0.000090250 1.000000000 0.000000000 0.000000000 0.000092160 81.000000000 80.000000000 77.000000000 79.000000000
1750310849.599999905 31.270704307000003 120.912467799 2.249900000 4.000000000 0.000100000 1.000000000 0.000000000 0.000000000 0.000092160 81.000000000 80.000000000 77.000000000 79.000000000
1750310849.799999952 31.27070367216666 120.912467527 2.251000000 4.000000000 0.000100000 1.000000000 0.000000000 0.000000000 0.000092160 81.000000000 80.000000000 77.000000000 79.000000000
1750310850.000000000 31.270702965833337 120.912467349 2.249900000 4.000000000 0.000098010 1.000000000 0.000000000 0.000000000 0.000092160 81.000000000 80.000000000 77.000000000 79.000000000
1750310850.200000048 31.270702751833326 120.912467648 2.241300000 4.000000000 0.000100000 1.000000000 0.000000000 0.000000000 0.000092160 77.000000000 78.000000000 77.000000000 79.000000000
1750310850.400000095 31.270702694333337 120.912467736 2.241400000 4.000000000 0.000100000 1.000000000 0.000000000 0.000000000 0.000092160 77.000000000 78.000000000 77.000000000 79.000000000
1750310850.599999905 31.270702620999998 120.912467888 2.248200000 4.000000000 0.000108160 1.000000000 0.000000000 0.000000000 0.000092160 77.000000000 78.000000000 77.000000000 79.000000000
1750310850.799999952 31.270702604166672 120.912467842 2.250000000 4.000000000 0.000108160 1.000000000 0.000000000 0.000000000 0.000092160 77.000000000 78.000000000 77.000000000 79.000000000
1750310851.000000000 31.270702457 120.912467857 2.260400000 4.000000000 0.000108160 1.000000000 0.000000000 0.000000000 0.000092160 77.000000000 78.000000000 77.000000000 79.000000000
1750310851.200000048 31.27070202733333 120.912467903 2.260700000 4.000000000 0.000108160 1.000000000 0.000000000 0.000000000 0.000092160 77.000000000 78.000000000 77.000000000 79.000000000
1750310851.400000095 31.27070144066667 120.912467799 2.260800000 4.000000000 0.000110250 1.000000000 0.000000000 0.000000000 0.000094090 77.000000000 78.000000000 77.000000000 79.000000000
1750310851.599999905 31.270700741833338 120.912467454 2.289000000 4.000000000 0.000112360 1.000000000 0.000000000 0.000000000 0.000084640 77.000000000 78.000000000 77.000000000 79.000000000
1750310851.799999952 31.270700226666662 120.912467052 2.286400000 4.000000000 0.000112360 1.000000000 0.000000000 0.000000000 0.000084640 77.000000000 78.000000000 77.000000000 79.000000000
1750310852.000000000 31.270699636000003 120.912466338 2.304900000 4.000000000 0.000112360 1.000000000 0.000000000 0.000000000 0.000084640 77.000000000 78.000000000 77.000000000 79.000000000
1750310852.200000048 31.270699074999996 120.912465899 2.303700000 4.000000000 0.000112360 1.000000000 0.000000000 0.000000000 0.000086490 72.000000000 75.500000000 77.000000000 79.000000000
1750310852.400000095 31.270698286166663 120.912465463 2.330600000 4.000000000 0.000112360 1.000000000 0.000000000 0.000000000 0.000088360 72.000000000 75.500000000 77.000000000 79.000000000
1750310852.599999905 31.27069768833333 120.912465078 2.291500000 4.000000000 0.000134560 1.000000000 0.000000000 0.000000000 0.000114490 72.000000000 75.500000000 77.000000000 79.000000000
1750310852.799999952 31.270697034999998 120.912465035 2.287300000 4.000000000 0.000134560 1.000000000 0.000000000 0.000000000 0.000114490 72.000000000 75.500000000 77.000000000 79.000000000
1750310853.000000000 31.27069627916667 120.912464949 2.273700000 4.000000000 0.000134560 1.000000000 0.000000000 0.000000000 0.000114490 72.000000000 75.500000000 77.000000000 79.000000000
1750310853.200000048 31.270695528999994 120.912464968 2.276500000 4.000000000 0.000132250 1.000000000 0.000000000 0.000000000 0.000112360 72.000000000 72.000000000 73.000000000 72.000000000
1750310853.400000095 31.270694877833336 120.912464899 2.257600000 4.000000000 0.000134560 1.000000000 0.000000000 0.000000000 0.000112360 72.000000000 72.000000000 73.000000000 72.000000000
1750310853.599999905 31.270694136333333 120.912464676 2.277100000 4.000000000 0.000129960 1.000000000 0.000000000 0.000000000 0.000136890 72.000000000 72.000000000 73.000000000 72.000000000
1750310853.799999952 31.2706933205 120.912464504 2.311300000 4.000000000 0.000129960 1.000000000 0.000000000 0.000000000 0.000136890 72.000000000 72.000000000 73.000000000 72.000000000
1750310854.000000000 31.27069252733334 120.912464447 2.309400000 4.000000000 0.000129960 1.000000000 0.000000000 0.000000000 0.000136890 72.000000000 72.000000000 73.000000000 72.000000000
1750310854.200000048 31.27069183666667 120.912464626 2.293700000 4.000000000 0.000129960 1.000000000 0.000000000 0.000000000 0.000136890 74.000000000 75.000000000 75.000000000 76.000000000
1750310854.400000095 31.270691169333332 120.912464927 2.303400000 4.000000000 0.000129960 1.000000000 0.000000000 0.000000000 0.000136890 74.000000000 75.000000000 75.000000000 76.000000000
1750310854.599999905 31.270690419999994 120.912465232 2.302400000 4.000000000 0.000127690 1.000000000 0.000000000 0.000000000 0.000132250 74.000000000 75.000000000 75.000000000 76.000000000
1750310854.799999952 31.270689606833344 120.912465331 2.293600000 4.000000000 0.000127690 1.000000000 0.000000000 0.000000000 0.000132250 74.000000000 75.000000000 75.000000000 76.000000000
1750310855.000000000 31.270688877833322 120.912465600 2.297300000 4.000000000 0.000127690 1.000000000 0.000000000 0.000000000 0.000132250 74.000000000 75.000000000 75.000000000 76.000000000
1750310855.200000048 31.270688314499992 120.912465959 2.274500000 4.000000000 0.000127690 1.000000000 0.000000000 0.000000000 0.000134560 76.000000000 77.500000000 76.000000000 79.000000000
1750310855.400000095 31.27068778733333 120.912466409 2.262400000 4.000000000 0.000127690 1.000000000 0.000000000 0.000000000 0.000132250 76.000000000 77.500000000 76.000000000 79.000000000
1750310855.599999905 31.27068712516666 120.912466797 2.283700000 4.000000000 0.000139240 1.000000000 0.000000000 0.000000000 0.000136890 76.000000000 77.500000000 76.000000000 79.000000000
1750310855.799999952 31.2706864955 120.912467145 2.287000000 4.000000000 0.000139240 1.000000000 0.000000000 0.000000000 0.000136890 76.000000000 77.500000000 76.000000000 79.000000000
1750310856.000000000 31.27068580783333 120.912467268 2.293700000 4.000000000 0.000139240 1.000000000 0.000000000 0.000000000 0.000136890 76.000000000 77.500000000 76.000000000 79.000000000
1750310856.200000048 31.270685055833326 120.912467352 2.303600000 4.000000000 0.000139240 1.000000000 0.000000000 0.000000000 0.000134560 76.000000000 76.000000000 75.000000000 76.000000000
1750310856.400000095 31.27068438566667 120.912467527 2.296200000 4.000000000 0.000139240 1.000000000 0.000000000 0.000000000 0.000134560 76.000000000 76.000000000 75.000000000 76.000000000
1750310856.599999905 31.270683772833337 120.912467726 2.265500000 4.000000000 0.000110250 1.000000000 0.000000000 0.000000000 0.000108160 76.000000000 76.000000000 75.000000000 76.000000000
1750310856.799999952 31.270683098333336 120.912467847 2.265600000 4.000000000 0.000110250 1.000000000 0.000000000 0.000000000 0.000110250 76.000000000 76.000000000 75.000000000 76.000000000
1750310857.000000000 31.270682430833332 120.912467894 2.260500000 4.000000000 0.000112360 1.000000000 0.000000000 0.000000000 0.000110250 76.000000000 76.000000000 75.000000000 76.000000000
1750310857.200000048 31.270681757000006 120.912468058 2.254000000 4.000000000 0.000110250 1.000000000 0.000000000 0.000000000 0.000108160 79.000000000 80.000000000 77.000000000 81.000000000
1750310857.400000095 31.270681077000006 120.912468140 2.256000000 4.000000000 0.000110250 1.000000000 0.000000000 0.000000000 0.000108160 79.000000000 80.000000000 77.000000000 81.000000000
1750310857.599999905 31.270680404666678 120.912468246 2.272100000 4.000000000 0.000104040 1.000000000 0.000000000 0.000000000 0.000096040 79.000000000 80.000000000 77.000000000 81.000000000
1750310857.799999952 31.270679772999998 120.912468397 2.270800000 4.000000000 0.000104040 1.000000000 0.000000000 0.000000000 0.000096040 79.000000000 80.000000000 77.000000000 81.000000000
1750310858.000000000 31.270679058166664 120.912468508 2.272800000 4.000000000 0.000104040 1.000000000 0.000000000 0.000000000 0.000096040 79.000000000 80.000000000 77.000000000 81.000000000
1750310858.200000048 31.270678325999995 120.912468494 2.270400000 4.000000000 0.000104040 1.000000000 0.000000000 0.000000000 0.000098010 81.000000000 83.500000000 80.000000000 86.000000000
1750310858.400000095 31.27067757416667 120.912468543 2.269100000 4.000000000 0.000104040 1.000000000 0.000000000 0.000000000 0.000098010 81.000000000 83.500000000 80.000000000 86.000000000
1750310858.599999905 31.270676826499994 120.912468824 2.275100000 4.000000000 0.000100000 1.000000000 0.000000000 0.000000000 0.000077440 81.000000000 83.500000000 80.000000000 86.000000000
1750310858.799999952 31.27067617033333 120.912469042 2.272300000 4.000000000 0.000100000 1.000000000 0.000000000 0.000000000 0.000077440 81.000000000 83.500000000 80.000000000 86.000000000
1750310859.000000000 31.27067546116666 120.912469284 2.273800000 4.000000000 0.000100000 1.000000000 0.000000000 0.000000000 0.000077440 81.000000000 83.500000000 80.000000000 86.000000000
1750310859.200000048 31.2706748305 120.912469603 2.278500000 4.000000000 0.000100000 1.000000000 0.000000000 0.000000000 0.000075690 83.000000000 82.000000000 77.000000000 81.000000000
1750310859.400000095 31.270674293499994 120.912470014 2.276000000 4.000000000 0.000100000 1.000000000 0.000000000 0.000000000 0.000075690 83.000000000 82.000000000 77.000000000 81.000000000
1750310859.599999905 31.270673686166674 120.912470561 2.296100000 4.000000000 0.000098010 1.000000000 0.000000000 0.000000000 0.000072250 83.000000000 82.000000000 77.000000000 81.000000000
1750310859.799999952 31.270673017666667 120.912471023 2.295800000 4.000000000 0.000098010 1.000000000 0.000000000 0.000000000 0.000072250 83.000000000 82.000000000 77.000000000 81.000000000
1750310860.000000000 31.270672313333336 120.912471409 2.299000000 4.000000000 0.000098010 1.000000000 0.000000000 0.000000000 0.000072250 83.000000000 82.000000000 77.000000000 81.000000000
1750310860.200000048 31.270671601833328 120.912471734 2.308800000 4.000000000 0.000100000 1.000000000 0.000000000 0.000000000 0.000072250 83.000000000 83.000000000 78.000000000 83.000000000
1750310860.400000095 31.2706709965 120.912471648 2.296000000 4.000000000 0.000100000 1.000000000 0.000000000 0.000000000 0.000072250 83.000000000 83.000000000 78.000000000 83.000000000
1750310860.599999905 31.270670315666663 120.912471503 2.264500000 4.000000000 0.000110250 1.000000000 0.000000000 0.000000000 0.000077440 83.000000000 83.000000000 78.000000000 83.000000000
1750310860.799999952 31.270669611333332 120.912471464 2.269100000 4.000000000 0.000110250 1.000000000 0.000000000 0.000000000 0.000077440 83.000000000 83.000000000 78.000000000 83.000000000
1750310861.000000000 31.270668974000003 120.912471378 2.274800000 4.000000000 0.000110250 1.000000000 0.000000000 0.000000000 0.000077440 83.000000000 83.000000000 78.000000000 83.000000000
1750310861.200000048 31.270668177999994 120.912471268 2.279500000 4.000000000 0.000110250 1.000000000 0.000000000 0.000000000 0.000077440 86.000000000 84.500000000 78.000000000 83.000000000
1750310861.400000095 31.27066836266667 120.912471333 2.271800000 4.000000000 0.000110250 1.000000000 0.000000000 0.000000000 0.000077440 86.000000000 84.500000000 78.000000000 83.000000000
1750310861.599999905 31.27066833533334 120.912471191 2.287000000 4.000000000 0.000112360 1.000000000 0.000000000 0.000000000 0.000072250 86.000000000 84.500000000 78.000000000 83.000000000
1750310861.799999952 31.270668295000007 120.912470975 2.293400000 4.000000000 0.000114490 1.000000000 0.000000000 0.000000000 0.000072250 86.000000000 84.500000000 78.000000000 83.000000000
1750310862.000000000 31.270668298000004 120.912470732 2.287500000 4.000000000 0.000114490 1.000000000 0.000000000 0.000000000 0.000072250 86.000000000 84.500000000 78.000000000 83.000000000
1750310862.200000048 31.27066831883333 120.912470796 2.289500000 4.000000000 0.000114490 1.000000000 0.000000000 0.000000000 0.000072250 88.000000000 88.000000000 81.000000000 88.000000000
1750310862.400000095 31.270668311999998 120.912470780 2.289800000 4.000000000 0.000114490 1.000000000 0.000000000 0.000000000 0.000073960 88.000000000 88.000000000 81.000000000 88.000000000
1750310862.599999905 31.27066828316667 120.912470730 2.297000000 4.000000000 0.000114490 1.000000000 0.000000000 0.000000000 0.000073960 88.000000000 88.000000000 81.000000000 88.000000000
1750310862.799999952 31.270668279666666 120.912470787 2.307200000 4.000000000 0.000116640 1.000000000 0.000000000 0.000000000 0.000073960 88.000000000 88.000000000 81.000000000 88.000000000
1750310863.000000000 31.27066794466667 120.912470693 2.302500000 4.000000000 0.000116640 1.000000000 0.000000000 0.000000000 0.000073960 88.000000000 88.000000000 81.000000000 88.000000000
1750310863.200000048 31.270667296666673 120.912470555 2.306300000 4.000000000 0.000116640 1.000000000 0.000000000 0.000000000 0.000073960 86.000000000 87.000000000 81.000000000 88.000000000
1750310863.400000095 31.270666507 120.912470408 2.322800000 4.000000000 0.000116640 1.000000000 0.000000000 0.000000000 0.000073960 86.000000000 87.000000000 81.000000000 88.000000000
1750310863.599999905 31.270665680666667 120.912470280 2.310200000 4.000000000 0.000118810 1.000000000 0.000000000 0.000000000 0.000075690 86.000000000 87.000000000 81.000000000 88.000000000
1750310863.799999952 31.27066493066667 120.912470404 2.310300000 4.000000000 0.000118810 1.000000000 0.000000000 0.000000000 0.000075690 86.000000000 87.000000000 81.000000000 88.000000000
1750310864.000000000 31.270664243166664 120.912470649 2.304900000 4.000000000 0.000118810 1.000000000 0.000000000 0.000000000 0.000075690 86.000000000 87.000000000 81.000000000 88.000000000
1750310864.200000048 31.27066355533333 120.912470831 2.311600000 4.000000000 0.000118810 1.000000000 0.000000000 0.000000000 0.000075690 86.000000000 86.000000000 80.000000000 86.000000000
1750310864.400000095 31.270662938166666 120.912471338 2.315600000 4.000000000 0.000118810 1.000000000 0.000000000 0.000000000 0.000075690 86.000000000 86.000000000 80.000000000 86.000000000
1750310864.599999905 31.270662694166674 120.912471877 2.274200000 4.000000000 0.000121000 1.000000000 0.000000000 0.000000000 0.000073960 86.000000000 86.000000000 80.000000000 86.000000000
1750310864.799999952 31.27066273683333 120.912472153 2.273300000 4.000000000 0.000121000 1.000000000 0.000000000 0.000000000 0.000075690 86.000000000 86.000000000 80.000000000 86.000000000
1750310865.000000000 31.27066275333334 120.912472173 2.265700000 4.000000000 0.000121000 1.000000000 0.000000000 0.000000000 0.000075690 86.000000000 86.000000000 80.000000000 86.000000000
1750310865.200000048 31.270662751499998 120.912472201 2.268300000 4.000000000 0.000121000 1.000000000 0.000000000 0.000000000 0.000075690 80.000000000 82.500000000 78.000000000 85.000000000
1750310865.400000095 31.27066256483333 120.912472254 2.265800000 4.000000000 0.000121000 1.000000000 0.000000000 0.000000000 0.000075690 80.000000000 82.500000000 78.000000000 85.000000000
1750310865.599999905 31.270662016499998 120.912472568 2.307800000 4.000000000 0.000127690 1.000000000 0.000000000 0.000000000 0.000081000 80.000000000 82.500000000 78.000000000 85.000000000
1750310865.799999952 31.270661263500003 120.912472646 2.301200000 4.000000000 0.000127690 1.000000000 0.000000000 0.000000000 0.000081000 80.000000000 82.500000000 78.000000000 85.000000000
1750310866.000000000 31.27066044983333 120.912472506 2.290300000 4.000000000 0.000127690 1.000000000 0.000000000 0.000000000 0.000081000 80.000000000 82.500000000 78.000000000 85.000000000
1750310866.200000048 31.270659732333343 120.912472732 2.290500000 4.000000000 0.000127690 1.000000000 0.000000000 0.000000000 0.000081000 81.000000000 81.000000000 77.000000000 81.000000000
1750310866.400000095 31.27065900533333 120.912472990 2.284800000 4.000000000 0.000129960 1.000000000 0.000000000 0.000000000 0.000081000 81.000000000 81.000000000 77.000000000 81.000000000
1750310866.599999905 31.270658300833333 120.912473239 2.292600000 4.000000000 0.000123210 1.000000000 0.000000000 0.000000000 0.000079210 81.000000000 81.000000000 77.000000000 81.000000000
1750310866.799999952 31.270657583166667 120.912473300 2.287500000 4.000000000 0.000123210 1.000000000 0.000000000 0.000000000 0.000079210 81.000000000 81.000000000 77.000000000 81.000000000
1750310867.000000000 31.27065698833333 120.912473340 2.276200000 4.000000000 0.000123210 1.000000000 0.000000000 0.000000000 0.000079210 81.000000000 81.000000000 77.000000000 81.000000000
1750310867.200000048 31.27065621866666 120.912473467 2.276100000 4.000000000 0.000125440 1.000000000 0.000000000 0.000000000 0.000079210 79.000000000 79.000000000 76.000000000 79.000000000
1750310867.400000095 31.270655585666674 120.912473763 2.289100000 4.000000000 0.000125440 1.000000000 0.000000000 0.000000000 0.000079210 79.000000000 79.000000000 76.000000000 79.000000000
1750310867.599999905 31.27065496183333 120.912474158 2.273800000 4.000000000 0.000148840 1.000000000 0.000000000 0.000000000 0.000090250 79.000000000 79.000000000 76.000000000 79.000000000
1750310867.799999952 31.27065447583334 120.912474537 2.284900000 4.000000000 0.000148840 1.000000000 0.000000000 0.000000000 0.000090250 79.000000000 79.000000000 76.000000000 79.000000000
1750310868.000000000 31.2706544185 120.912474980 2.283600000 4.000000000 0.000148840 1.000000000 0.000000000 0.000000000 0.000090250 79.000000000 79.000000000 76.000000000 79.000000000
1750310868.200000048 31.2706544495 120.912475222 2.273600000 4.000000000 0.000151290 1.000000000 0.000000000 0.000000000 0.000090250 74.000000000 76.500000000 76.000000000 79.000000000
1750310868.400000095 31.270654443666672 120.912475179 2.275400000 4.000000000 0.000151290 1.000000000 0.000000000 0.000000000 0.000090250 74.000000000 76.500000000 76.000000000 79.000000000
1750310868.599999905 31.270654359333335 120.912475255 2.286700000 4.000000000 0.000151290 1.000000000 0.000000000 0.000000000 0.000094090 74.000000000 76.500000000 76.000000000 79.000000000
1750310868.799999952 31.270654074666666 120.912475260 2.280300000 4.000000000 0.000153760 1.000000000 0.000000000 0.000000000 0.000094090 74.000000000 76.500000000 76.000000000 79.000000000
1750310869.000000000 31.27065344633334 120.912475347 2.273600000 4.000000000 0.000151290 1.000000000 0.000000000 0.000000000 0.000094090 74.000000000 76.500000000 76.000000000 79.000000000
1750310869.200000048 31.270652670333334 120.912475387 2.285800000 4.000000000 0.000153760 1.000000000 0.000000000 0.000000000 0.000096040 74.000000000 76.500000000 76.000000000 79.000000000
1750310869.400000095 31.270651988833336 120.912475499 2.297700000 4.000000000 0.000169000 1.000000000 0.000000000 0.000000000 0.000123210 74.000000000 76.500000000 76.000000000 79.000000000
1750310869.599999905 31.270651304166677 120.912475520 2.299800000 4.000000000 0.000169000 1.000000000 0.000000000 0.000000000 0.000123210 74.000000000 76.500000000 76.000000000 79.000000000
1750310869.799999952 31.270650543499997 120.912475575 2.306800000 4.000000000 0.000169000 1.000000000 0.000000000 0.000000000 0.000123210 74.000000000 76.500000000 76.000000000 79.000000000
1750310870.000000000 31.270649861500004 120.912475540 2.295200000 4.000000000 0.000169000 1.000000000 0.000000000 0.000000000 0.000121000 74.000000000 76.500000000 76.000000000 79.000000000
1750310870.200000048 31.270649170666672 120.912475381 2.292200000 4.000000000 0.000166410 1.000000000 0.000000000 0.000000000 0.000116640 74.000000000 74.000000000 74.000000000 74.000000000
1750310870.400000095 31.270648437000006 120.912475434 2.303500000 4.000000000 0.000166410 1.000000000 0.000000000 0.000000000 0.000116640 74.000000000 74.000000000 74.000000000 74.000000000
1750310870.599999905 31.27064777033334 120.912475591 2.271700000 4.000000000 0.000129960 1.000000000 0.000000000 0.000000000 0.000092160 74.000000000 74.000000000 74.000000000 74.000000000
1750310870.799999952 31.27064707383333 120.912475721 2.272100000 4.000000000 0.000132250 1.000000000 0.000000000 0.000000000 0.000094090 74.000000000 74.000000000 74.000000000 74.000000000
1750310871.000000000 31.27064631183333 120.912475970 2.273000000 4.000000000 0.000129960 1.000000000 0.000000000 0.000000000 0.000092160 74.000000000 74.000000000 74.000000000 74.000000000
1750310871.200000048 31.270645616833335 120.912476414 2.268700000 4.000000000 0.000129960 1.000000000 0.000000000 0.000000000 0.000092160 76.000000000 77.500000000 76.000000000 79.000000000
1750310871.400000095 31.270644989666664 120.912476737 2.270400000 4.000000000 0.000129960 1.000000000 0.000000000 0.000000000 0.000092160 76.000000000 77.500000000 76.000000000 79.000000000
1750310871.599999905 31.27064421766667 120.912476962 2.316000000 4.000000000 0.000121000 1.000000000 0.000000000 0.000000000 0.000073960 76.000000000 77.500000000 76.000000000 79.000000000
1750310871.799999952 31.270643505833334 120.912477160 2.311900000 4.000000000 0.000121000 1.000000000 0.000000000 0.000000000 0.000073960 76.000000000 77.500000000 76.000000000 79.000000000
1750310872.000000000 31.270642857 120.912477283 2.300800000 4.000000000 0.000121000 1.000000000 0.000000000 0.000000000 0.000073960 76.000000000 77.500000000 76.000000000 79.000000000
1750310872.200000048 31.270642148999997 120.912477169 2.297900000 4.000000000 0.000121000 1.000000000 0.000000000 0.000000000 0.000073960 79.000000000 81.000000000 78.000000000 83.000000000
1750310872.400000095 31.27064144566667 120.912477167 2.300700000 4.000000000 0.000121000 1.000000000 0.000000000 0.000000000 0.000073960 79.000000000 81.000000000 78.000000000 83.000000000
1750310872.599999905 31.270640806666663 120.912477410 2.284000000 4.000000000 0.000114490 1.000000000 0.000000000 0.000000000 0.000072250 79.000000000 81.000000000 78.000000000 83.000000000
1750310872.799999952 31.270640126333333 120.912477603 2.289700000 4.000000000 0.000114490 1.000000000 0.000000000 0.000000000 0.000072250 79.000000000 81.000000000 78.000000000 83.000000000
1750310873.000000000 31.2706395175 120.912477736 2.284700000 4.000000000 0.000114490 1.000000000 0.000000000 0.000000000 0.000072250 79.000000000 81.000000000 78.000000000 83.000000000
1750310873.200000048 31.270638837333337 120.912477912 2.279300000 4.000000000 0.000116640 1.000000000 0.000000000 0.000000000 0.000072250 81.000000000 81.000000000 77.000000000 81.000000000
1750310873.400000095 31.270638128 120.912478082 2.291600000 4.000000000 0.000116640 1.000000000 0.000000000 0.000000000 0.000072250 81.000000000 81.000000000 77.000000000 81.000000000
1750310873.599999905 31.27063745466667 120.912478260 2.294100000 4.000000000 0.000110250 1.000000000 0.000000000 0.000000000 0.000070560 81.000000000 81.000000000 77.000000000 81.000000000
1750310873.799999952 31.270636807499997 120.912478564 2.290500000 4.000000000 0.000110250 1.000000000 0.000000000 0.000000000 0.000070560 81.000000000 81.000000000 77.000000000 81.000000000
1750310874.000000000 31.270636088666663 120.912478900 2.301000000 4.000000000 0.000110250 1.000000000 0.000000000 0.000000000 0.000070560 81.000000000 81.000000000 77.000000000 81.000000000
1750310874.200000048 31.270635443499998 120.912479179 2.306300000 4.000000000 0.000110250 1.000000000 0.000000000 0.000000000 0.000070560 81.000000000 81.000000000 77.000000000 81.000000000
1750310874.400000095 31.270634738833337 120.912479243 2.299100000 4.000000000 0.000110250 1.000000000 0.000000000 0.000000000 0.000070560 81.000000000 81.000000000 77.000000000 81.000000000
1750310874.599999905 31.270634055333332 120.912479232 2.271700000 4.000000000 0.000108160 1.000000000 0.000000000 0.000000000 0.000070560 81.000000000 81.000000000 77.000000000 81.000000000
1750310874.799999952 31.270633328833327 120.912479432 2.281100000 4.000000000 0.000108160 1.000000000 0.000000000 0.000000000 0.000070560 81.000000000 81.000000000 77.000000000 81.000000000
1750310875.000000000 31.27063257416667 120.912479525 2.290500000 4.000000000 0.000108160 1.000000000 0.000000000 0.000000000 0.000070560 81.000000000 81.000000000 77.000000000 81.000000000
1750310875.200000048 31.27063183433333 120.912479665 2.291400000 4.000000000 0.000108160 1.000000000 0.000000000 0.000000000 0.000070560 81.000000000 81.000000000 77.000000000 81.000000000
1750310875.400000095 31.270631171166656 120.912479916 2.288600000 4.000000000 0.000108160 1.000000000 0.000000000 0.000000000 0.000070560 81.000000000 81.000000000 77.000000000 81.000000000
1750310875.599999905 31.27063049583333 120.912480162 2.286000000 4.000000000 0.000106090 1.000000000 0.000000000 0.000000000 0.000068890 81.000000000 81.000000000 77.000000000 81.000000000
1750310875.799999952 31.2706299085 120.912480498 2.289800000 4.000000000 0.000106090 1.000000000 0.000000000 0.000000000 0.000068890 81.000000000 81.000000000 77.000000000 81.000000000
1750310876.000000000 31.27062934683333 120.912481075 2.282800000 4.000000000 0.000106090 1.000000000 0.000000000 0.000000000 0.000068890 81.000000000 81.000000000 77.000000000 81.000000000
1750310876.200000048 31.27062883683334 120.912481592 2.282200000 4.000000000 0.000106090 1.000000000 0.000000000 0.000000000 0.000068890 83.000000000 82.000000000 77.000000000 81.000000000
1750310876.400000095 31.270628661666663 120.912482041 2.291600000 4.000000000 0.000108160 1.000000000 0.000000000 0.000000000 0.000068890 83.000000000 82.000000000 77.000000000 81.000000000
1750310876.599999905 31.2706286545 120.912482254 2.277400000 4.000000000 0.000110250 1.000000000 0.000000000 0.000000000 0.000070560 83.000000000 82.000000000 77.000000000 81.000000000
1750310876.799999952 31.270628664 120.912482554 2.264900000 4.000000000 0.000110250 1.000000000 0.000000000 0.000000000 0.000070560 83.000000000 82.000000000 77.000000000 81.000000000
1750310877.000000000 31.27062839583334 120.912482800 2.261900000 4.000000000 0.000110250 1.000000000 0.000000000 0.000000000 0.000070560 83.000000000 82.000000000 77.000000000 81.000000000
1750310877.200000048 31.270627783833334 120.912482988 2.260900000 4.000000000 0.000110250 1.000000000 0.000000000 0.000000000 0.000070560 79.000000000 80.000000000 77.000000000 81.000000000
1750310877.400000095 31.270627215166655 120.912482861 2.248300000 4.000000000 0.000110250 1.000000000 0.000000000 0.000000000 0.000072250 79.000000000 80.000000000 77.000000000 81.000000000
1750310877.599999905 31.270626700166673 120.912482321 2.275300000 4.000000000 0.000108160 1.000000000 0.000000000 0.000000000 0.000068890 79.000000000 80.000000000 77.000000000 81.000000000
1750310877.799999952 31.270626575500003 120.912481824 2.270100000 4.000000000 0.000108160 1.000000000 0.000000000 0.000000000 0.000070560 79.000000000 80.000000000 77.000000000 81.000000000
1750310878.000000000 31.270626515666663 120.912481572 2.288800000 4.000000000 0.000110250 1.000000000 0.000000000 0.000000000 0.000070560 79.000000000 80.000000000 77.000000000 81.000000000
1750310878.200000048 31.270626500999995 120.912481539 2.289600000 4.000000000 0.000110250 1.000000000 0.000000000 0.000000000 0.000070560 79.000000000 79.000000000 76.000000000 79.000000000
1750310878.400000095 31.270626499333332 120.912481551 2.288700000 4.000000000 0.000110250 1.000000000 0.000000000 0.000000000 0.000070560 79.000000000 79.000000000 76.000000000 79.000000000
1750310878.599999905 31.270626531333335 120.912481534 2.272100000 4.000000000 0.000112360 1.000000000 0.000000000 0.000000000 0.000077440 79.000000000 79.000000000 76.000000000 79.000000000
1750310878.799999952 31.27062651883334 120.912481559 2.273700000 4.000000000 0.000112360 1.000000000 0.000000000 0.000000000 0.000077440 79.000000000 79.000000000 76.000000000 79.000000000
1750310879.000000000 31.27062631466667 120.912481424 2.269100000 4.000000000 0.000114490 1.000000000 0.000000000 0.000000000 0.000077440 79.000000000 79.000000000 76.000000000 79.000000000
1750310879.200000048 31.270626275499993 120.912481237 2.256000000 4.000000000 0.000114490 1.000000000 0.000000000 0.000000000 0.000079210 79.000000000 79.000000000 76.000000000 79.000000000
1750310879.400000095 31.270626270999998 120.912481221 2.258500000 4.000000000 0.000114490 1.000000000 0.000000000 0.000000000 0.000079210 79.000000000 79.000000000 76.000000000 79.000000000
1750310879.599999905 31.270626225499996 120.912481231 2.273400000 4.000000000 0.000125440 1.000000000 0.000000000 0.000000000 0.000098010 79.000000000 79.000000000 76.000000000 79.000000000
1750310879.799999952 31.2706262305 120.912481213 2.264700000 4.000000000 0.000125440 1.000000000 0.000000000 0.000000000 0.000096040 79.000000000 79.000000000 76.000000000 79.000000000
1750310880.000000000 31.270626248666673 120.912481213 2.262100000 4.000000000 0.000125440 1.000000000 0.000000000 0.000000000 0.000096040 79.000000000 79.000000000 76.000000000 79.000000000
1750310880.200000048 31.270626241333332 120.912481205 2.263200000 4.000000000 0.000125440 1.000000000 0.000000000 0.000000000 0.000098010 79.000000000 79.000000000 76.000000000 79.000000000
1750310880.400000095 31.270626245166667 120.912481211 2.262000000 4.000000000 0.000125440 1.000000000 0.000000000 0.000000000 0.000098010 79.000000000 79.000000000 76.000000000 79.000000000
1750310880.599999905 31.270626229499996 120.912481238 2.279400000 4.000000000 0.000123210 1.000000000 0.000000000 0.000000000 0.000114490 79.000000000 79.000000000 76.000000000 79.000000000
1750310880.799999952 31.27062623083333 120.912481248 2.278600000 4.000000000 0.000123210 1.000000000 0.000000000 0.000000000 0.000114490 79.000000000 79.000000000 76.000000000 79.000000000
1750310881.000000000 31.27062623266667 120.912481238 2.276400000 4.000000000 0.000123210 1.000000000 0.000000000 0.000000000 0.000114490 79.000000000 79.000000000 76.000000000 79.000000000
1750310881.200000048 31.27062620716667 120.912481236 2.276900000 4.000000000 0.000125440 1.000000000 0.000000000 0.000000000 0.000114490 79.000000000 79.000000000 76.000000000 79.000000000
1750310881.400000095 31.27062589166667 120.912481299 2.269300000 4.000000000 0.000125440 1.000000000 0.000000000 0.000000000 0.000116640 79.000000000 79.000000000 76.000000000 79.000000000
1750310881.599999905 31.270625146499995 120.912481513 2.306600000 4.000000000 0.000114490 1.000000000 0.000000000 0.000000000 0.000090250 79.000000000 79.000000000 76.000000000 79.000000000
1750310881.799999952 31.270624442166664 120.912481761 2.302200000 4.000000000 0.000114490 1.000000000 0.000000000 0.000000000 0.000088360 79.000000000 79.000000000 76.000000000 79.000000000
1750310882.000000000 31.270623785333328 120.912482093 2.305500000 4.000000000 0.000114490 1.000000000 0.000000000 0.000000000 0.000090250 79.000000000 79.000000000 76.000000000 79.000000000
1750310882.200000048 31.27062310849999 120.912482361 2.308000000 4.000000000 0.000114490 1.000000000 0.000000000 0.000000000 0.000090250 76.000000000 76.000000000 75.000000000 76.000000000
1750310882.400000095 31.270622435166672 120.912482601 2.308300000 4.000000000 0.000114490 1.000000000 0.000000000 0.000000000 0.000090250 76.000000000 76.000000000 75.000000000 76.000000000
1750310882.599999905 31.27062188100001 120.912482964 2.265700000 4.000000000 0.000156250 1.000000000 0.000000000 0.000000000 0.000127690 76.000000000 76.000000000 75.000000000 76.000000000
1750310882.799999952 31.270621187000003 120.912483385 2.286200000 4.000000000 0.000156250 1.000000000 0.000000000 0.000000000 0.000132250 76.000000000 76.000000000 75.000000000 76.000000000
1750310883.000000000 31.270620546333333 120.912483682 2.308200000 4.000000000 0.000156250 1.000000000 0.000000000 0.000000000 0.000132250 76.000000000 76.000000000 75.000000000 76.000000000
1750310883.200000048 31.27061990333334 120.912483861 2.304800000 4.000000000 0.000156250 1.000000000 0.000000000 0.000000000 0.000129960 79.000000000 76.500000000 74.000000000 74.000000000
1750310883.400000095 31.27061929 120.912484129 2.302000000 4.000000000 0.000156250 1.000000000 0.000000000 0.000000000 0.000129960 79.000000000 76.500000000 74.000000000 74.000000000
1750310883.599999905 31.270618610166665 120.912484244 2.295800000 4.000000000 0.000166410 1.000000000 0.000000000 0.000000000 0.000129960 79.000000000 76.500000000 74.000000000 74.000000000
1750310883.799999952 31.270617877666666 120.912484338 2.302100000 4.000000000 0.000166410 1.000000000 0.000000000 0.000000000 0.000129960 79.000000000 76.500000000 74.000000000 74.000000000
1750310884.000000000 31.270617307500004 120.912484432 2.288700000 4.000000000 0.000166410 1.000000000 0.000000000 0.000000000 0.000129960 79.000000000 76.500000000 74.000000000 74.000000000
1750310884.200000048 31.2706165095 120.912484614 2.300500000 4.000000000 0.000166410 1.000000000 0.000000000 0.000000000 0.000127690 79.000000000 77.500000000 75.000000000 76.000000000
1750310884.400000095 31.270615805999995 120.912484721 2.302200000 4.000000000 0.000166410 1.000000000 0.000000000 0.000000000 0.000127690 79.000000000 77.500000000 75.000000000 76.000000000
1750310884.599999905 31.270615102166673 120.912484909 2.304400000 4.000000000 0.000169000 1.000000000 0.000000000 0.000000000 0.000108160 79.000000000 77.500000000 75.000000000 76.000000000
1750310884.799999952 31.270614368333327 120.912485041 2.299700000 4.000000000 0.000169000 1.000000000 0.000000000 0.000000000 0.000108160 79.000000000 77.500000000 75.000000000 76.000000000
1750310885.000000000 31.27061374116667 120.912485230 2.291800000 4.000000000 0.000169000 1.000000000 0.000000000 0.000000000 0.000108160 79.000000000 77.500000000 75.000000000 76.000000000
1750310885.200000048 31.270613042666668 120.912485408 2.302800000 4.000000000 0.000169000 1.000000000 0.000000000 0.000000000 0.000108160 79.000000000 79.000000000 76.000000000 79.000000000
1750310885.400000095 31.270612407 120.912485785 2.295100000 4.000000000 0.000169000 1.000000000 0.000000000 0.000000000 0.000108160 79.000000000 79.000000000 76.000000000 79.000000000
1750310885.599999905 31.2706117205 120.912486115 2.300800000 4.000000000 0.000169000 1.000000000 0.000000000 0.000000000 0.000102010 79.000000000 79.000000000 76.000000000 79.000000000
1750310885.799999952 31.27061109116667 120.912486282 2.300600000 4.000000000 0.000169000 1.000000000 0.000000000 0.000000000 0.000102010 79.000000000 79.000000000 76.000000000 79.000000000
1750310886.000000000 31.270610489999996 120.912486361 2.301000000 4.000000000 0.000169000 1.000000000 0.000000000 0.000000000 0.000102010 79.000000000 79.000000000 76.000000000 79.000000000
1750310886.200000048 31.27060977133334 120.912486266 2.305600000 4.000000000 0.000169000 1.000000000 0.000000000 0.000000000 0.000100000 79.000000000 79.000000000 76.000000000 79.000000000
1750310886.400000095 31.270609016833333 120.912485925 2.296500000 4.000000000 0.000169000 1.000000000 0.000000000 0.000000000 0.000100000 79.000000000 79.000000000 76.000000000 79.000000000
1750310886.599999905 31.27060833516667 120.912486161 2.298200000 4.000000000 0.000118810 1.000000000 0.000000000 0.000000000 0.000073960 79.000000000 79.000000000 76.000000000 79.000000000
1750310886.799999952 31.27060767016667 120.912486281 2.301900000 4.000000000 0.000118810 1.000000000 0.000000000 0.000000000 0.000073960 79.000000000 79.000000000 76.000000000 79.000000000
1750310887.000000000 31.27060690483333 120.912486419 2.305500000 4.000000000 0.000118810 1.000000000 0.000000000 0.000000000 0.000073960 79.000000000 79.000000000 76.000000000 79.000000000
1750310887.200000048 31.270606290666663 120.912486582 2.300600000 4.000000000 0.000118810 1.000000000 0.000000000 0.000000000 0.000075690 79.000000000 79.000000000 76.000000000 79.000000000
1750310887.400000095 31.270605649666663 120.912486672 2.299000000 4.000000000 0.000118810 1.000000000 0.000000000 0.000000000 0.000073960 79.000000000 79.000000000 76.000000000 79.000000000
1750310887.599999905 31.270604906000003 120.912486893 2.312900000 4.000000000 0.000114490 1.000000000 0.000000000 0.000000000 0.000072250 79.000000000 79.000000000 76.000000000 79.000000000
1750310887.799999952 31.270604209166663 120.912486922 2.319000000 4.000000000 0.000114490 1.000000000 0.000000000 0.000000000 0.000072250 79.000000000 79.000000000 76.000000000 79.000000000
1750310888.000000000 31.2706035235 120.912487065 2.312400000 4.000000000 0.000114490 1.000000000 0.000000000 0.000000000 0.000072250 79.000000000 79.000000000 76.000000000 79.000000000
1750310888.200000048 31.270602853666674 120.912487288 2.318800000 4.000000000 0.000114490 1.000000000 0.000000000 0.000000000 0.000072250 79.000000000 79.000000000 76.000000000 79.000000000
1750310888.400000095 31.270602117833334 120.912487651 2.327100000 4.000000000 0.000114490 1.000000000 0.000000000 0.000000000 0.000072250 79.000000000 79.000000000 76.000000000 79.000000000
1750310888.599999905 31.270601510333336 120.912487767 2.310700000 4.000000000 0.000108160 1.000000000 0.000000000 0.000000000 0.000070560 79.000000000 79.000000000 76.000000000 79.000000000
1750310888.799999952 31.27060090016667 120.912487880 2.304100000 4.000000000 0.000108160 1.000000000 0.000000000 0.000000000 0.000070560 79.000000000 79.000000000 76.000000000 79.000000000
1750310889.000000000 31.270600177666665 120.912487927 2.311200000 4.000000000 0.000108160 1.000000000 0.000000000 0.000000000 0.000070560 79.000000000 79.000000000 76.000000000 79.000000000
1750310889.200000048 31.27059953 120.912488041 2.308300000 4.000000000 0.000108160 1.000000000 0.000000000 0.000000000 0.000070560 81.000000000 80.000000000 76.000000000 79.000000000
1750310889.400000095 31.270598771500005 120.912488091 2.315400000 4.000000000 0.000108160 1.000000000 0.000000000 0.000000000 0.000070560 81.000000000 80.000000000 76.000000000 79.000000000
1750310889.599999905 31.27059813833334 120.912488140 2.297700000 4.000000000 0.000106090 1.000000000 0.000000000 0.000000000 0.000070560 81.000000000 80.000000000 76.000000000 79.000000000
1750310889.799999952 31.270597493500006 120.912488168 2.302300000 4.000000000 0.000106090 1.000000000 0.000000000 0.000000000 0.000070560 81.000000000 80.000000000 76.000000000 79.000000000
1750310890.000000000 31.270596886333337 120.912488312 2.297800000 4.000000000 0.000106090 1.000000000 0.000000000 0.000000000 0.000070560 81.000000000 80.000000000 76.000000000 79.000000000
1750310890.200000048 31.27059615366666 120.912488371 2.303600000 4.000000000 0.000106090 1.000000000 0.000000000 0.000000000 0.000070560 81.000000000 80.000000000 76.000000000 79.000000000
1750310890.400000095 31.270595487666668 120.912488509 2.298300000 4.000000000 0.000106090 1.000000000 0.000000000 0.000000000 0.000070560 81.000000000 80.000000000 76.000000000 79.000000000
1750310890.599999905 31.270594830999997 120.912488801 2.309000000 4.000000000 0.000108160 1.000000000 0.000000000 0.000000000 0.000073960 81.000000000 80.000000000 76.000000000 79.000000000
1750310890.799999952 31.270594068500003 120.912488946 2.312700000 4.000000000 0.000108160 1.000000000 0.000000000 0.000000000 0.000075690 81.000000000 80.000000000 76.000000000 79.000000000
1750310891.000000000 31.270593388166674 120.912489023 2.302200000 4.000000000 0.000108160 1.000000000 0.000000000 0.000000000 0.000075690 81.000000000 80.000000000 76.000000000 79.000000000
1750310891.200000048 31.270592767500005 120.912489112 2.303900000 4.000000000 0.000108160 1.000000000 0.000000000 0.000000000 0.000073960 79.000000000 77.500000000 75.000000000 76.000000000
1750310891.400000095 31.27059206866666 120.912489327 2.311000000 4.000000000 0.000108160 1.000000000 0.000000000 0.000000000 0.000075690 79.000000000 77.500000000 75.000000000 76.000000000
1750310891.599999905 31.270591367999998 120.912489321 2.311400000 4.000000000 0.000110250 1.000000000 0.000000000 0.000000000 0.000070560 79.000000000 77.500000000 75.000000000 76.000000000
1750310891.799999952 31.27059066216667 120.912489580 2.305800000 4.000000000 0.000110250 1.000000000 0.000000000 0.000000000 0.000070560 79.000000000 77.500000000 75.000000000 76.000000000
1750310892.000000000 31.27058992416667 120.912489827 2.312700000 4.000000000 0.000110250 1.000000000 0.000000000 0.000000000 0.000070560 79.000000000 77.500000000 75.000000000 76.000000000
1750310892.200000048 31.2705892835 120.912489937 2.315400000 4.000000000 0.000110250 1.000000000 0.000000000 0.000000000 0.000070560 79.000000000 79.000000000 76.000000000 79.000000000
1750310892.400000095 31.27058862733334 120.912490157 2.316900000 4.000000000 0.000110250 1.000000000 0.000000000 0.000000000 0.000070560 79.000000000 79.000000000 76.000000000 79.000000000
1750310892.599999905 31.270587935833333 120.912490401 2.315200000 4.000000000 0.000112360 1.000000000 0.000000000 0.000000000 0.000072250 79.000000000 79.000000000 76.000000000 79.000000000
1750310892.799999952 31.270587261499998 120.912490628 2.311000000 4.000000000 0.000112360 1.000000000 0.000000000 0.000000000 0.000072250 79.000000000 79.000000000 76.000000000 79.000000000
1750310893.000000000 31.270586549166666 120.912490796 2.311400000 4.000000000 0.000114490 1.000000000 0.000000000 0.000000000 0.000072250 79.000000000 79.000000000 76.000000000 79.000000000
1750310893.200000048 31.270585950333327 120.912490891 2.311000000 4.000000000 0.000112360 1.000000000 0.000000000 0.000000000 0.000072250 79.000000000 77.500000000 75.000000000 76.000000000
1750310893.400000095 31.270585272999995 120.912491069 2.308900000 4.000000000 0.000112360 1.000000000 0.000000000 0.000000000 0.000072250 79.000000000 77.500000000 75.000000000 76.000000000
1750310893.599999905 31.270584573333338 120.912491105 2.304200000 4.000000000 0.000112360 1.000000000 0.000000000 0.000000000 0.000068890 79.000000000 77.500000000 75.000000000 76.000000000
1750310893.799999952 31.270583957166664 120.912491333 2.302000000 4.000000000 0.000112360 1.000000000 0.000000000 0.000000000 0.000068890 79.000000000 77.500000000 75.000000000 76.000000000
1750310894.000000000 31.27058327616666 120.912491544 2.303800000 4.000000000 0.000112360 1.000000000 0.000000000 0.000000000 0.000068890 79.000000000 77.500000000 75.000000000 76.000000000
1750310894.200000048 31.270582585166665 120.912491744 2.309800000 4.000000000 0.000112360 1.000000000 0.000000000 0.000000000 0.000070560 81.000000000 80.000000000 76.000000000 79.000000000
1750310894.400000095 31.270581904166676 120.912492032 2.314500000 4.000000000 0.000112360 1.000000000 0.000000000 0.000000000 0.000070560 81.000000000 80.000000000 76.000000000 79.000000000
1750310894.599999905 31.270581232166663 120.912492230 2.330300000 4.000000000 0.000100000 1.000000000 0.000000000 0.000000000 0.000070560 81.000000000 80.000000000 76.000000000 79.000000000
1750310894.799999952 31.270580615 120.912492441 2.317800000 4.000000000 0.000100000 1.000000000 0.000000000 0.000000000 0.000070560 81.000000000 80.000000000 76.000000000 79.000000000
1750310895.000000000 31.270579825499993 120.912492571 2.327700000 4.000000000 0.000100000 1.000000000 0.000000000 0.000000000 0.000070560 81.000000000 80.000000000 76.000000000 79.000000000
1750310895.200000048 31.270579129499993 120.912492811 2.328000000 4.000000000 0.000102010 1.000000000 0.000000000 0.000000000 0.000068890 79.000000000 79.000000000 76.000000000 79.000000000
1750310895.400000095 31.270578513333334 120.912493243 2.323000000 4.000000000 0.000102010 1.000000000 0.000000000 0.000000000 0.000068890 79.000000000 79.000000000 76.000000000 79.000000000
1750310895.599999905 31.270578131999997 120.912493685 2.310600000 4.000000000 0.000096040 1.000000000 0.000000000 0.000000000 0.000070560 79.000000000 79.000000000 76.000000000 79.000000000
1750310895.799999952 31.270578096833333 120.912493985 2.315700000 4.000000000 0.000096040 1.000000000 0.000000000 0.000000000 0.000068890 79.000000000 79.000000000 76.000000000 79.000000000
1750310896.000000000 31.270578098 120.912494225 2.317700000 4.000000000 0.000096040 1.000000000 0.000000000 0.000000000 0.000068890 79.000000000 79.000000000 76.000000000 79.000000000
1750310896.200000048 31.270578102166667 120.912494508 2.321000000 4.000000000 0.000096040 1.000000000 0.000000000 0.000000000 0.000068890 79.000000000 80.000000000 77.000000000 81.000000000
1750310896.400000095 31.2705780765 120.912494582 2.314400000 4.000000000 0.000096040 1.000000000 0.000000000 0.000000000 0.000068890 79.000000000 80.000000000 77.000000000 81.000000000
1750310896.599999905 31.270578052333335 120.912494492 2.330400000 4.000000000 0.000123210 1.000000000 0.000000000 0.000000000 0.000075690 79.000000000 80.000000000 77.000000000 81.000000000
1750310896.799999952 31.270577705666668 120.912494521 2.333700000 4.000000000 0.000123210 1.000000000 0.000000000 0.000000000 0.000075690 79.000000000 80.000000000 77.000000000 81.000000000
1750310897.000000000 31.270577051666663 120.912494557 2.333000000 4.000000000 0.000123210 1.000000000 0.000000000 0.000000000 0.000075690 79.000000000 80.000000000 77.000000000 81.000000000
1750310897.200000048 31.2705762505 120.912494500 2.341400000 4.000000000 0.000118810 1.000000000 0.000000000 0.000000000 0.000075690 81.000000000 80.000000000 76.000000000 79.000000000
1750310897.400000095 31.270575588499995 120.912494437 2.326500000 4.000000000 0.000121000 1.000000000 0.000000000 0.000000000 0.000075690 81.000000000 80.000000000 76.000000000 79.000000000
1750310897.599999905 31.270574875500003 120.912494164 2.321700000 4.000000000 0.000112360 1.000000000 0.000000000 0.000000000 0.000073960 81.000000000 80.000000000 76.000000000 79.000000000
1750310897.799999952 31.270574192166663 120.912493927 2.336900000 4.000000000 0.000112360 1.000000000 0.000000000 0.000000000 0.000073960 81.000000000 80.000000000 76.000000000 79.000000000
1750310898.000000000 31.27057379516667 120.912493537 2.322600000 4.000000000 0.000112360 1.000000000 0.000000000 0.000000000 0.000072250 81.000000000 80.000000000 76.000000000 79.000000000
1750310898.200000048 31.270573629833336 120.912493177 2.329900000 4.000000000 0.000112360 1.000000000 0.000000000 0.000000000 0.000073960 79.000000000 81.000000000 78.000000000 83.000000000
1750310898.400000095 31.27057367016667 120.912493246 2.329700000 4.000000000 0.000112360 1.000000000 0.000000000 0.000000000 0.000073960 79.000000000 81.000000000 78.000000000 83.000000000
1750310898.599999905 31.270573718999998 120.912493284 2.327200000 4.000000000 0.000112360 1.000000000 0.000000000 0.000000000 0.000075690 79.000000000 81.000000000 78.000000000 83.000000000
1750310898.799999952 31.270573502999994 120.912493326 2.325900000 4.000000000 0.000112360 1.000000000 0.000000000 0.000000000 0.000075690 79.000000000 81.000000000 78.000000000 83.000000000
1750310899.000000000 31.27057293 120.912493398 2.323900000 4.000000000 0.000112360 1.000000000 0.000000000 0.000000000 0.000075690 79.000000000 81.000000000 78.000000000 83.000000000
1750310899.200000048 31.270572140500008 120.912493651 2.325600000 4.000000000 0.000112360 1.000000000 0.000000000 0.000000000 0.000075690 81.000000000 82.000000000 78.000000000 83.000000000
1750310899.400000095 31.270571430666678 120.912493963 2.321300000 4.000000000 0.000112360 1.000000000 0.000000000 0.000000000 0.000075690 81.000000000 82.000000000 78.000000000 83.000000000
1750310899.599999905 31.270570694 120.912494143 2.323500000 4.000000000 0.000108160 1.000000000 0.000000000 0.000000000 0.000072250 81.000000000 82.000000000 78.000000000 83.000000000
1750310899.799999952 31.27056992466666 120.912494330 2.329500000 4.000000000 0.000110250 1.000000000 0.000000000 0.000000000 0.000073960 81.000000000 82.000000000 78.000000000 83.000000000
1750310900.000000000 31.270569224166664 120.912494766 2.305200000 4.000000000 0.000110250 1.000000000 0.000000000 0.000000000 0.000072250 81.000000000 82.000000000 78.000000000 83.000000000
1750310900.200000048 31.270568656333324 120.912495165 2.310700000 4.000000000 0.000110250 1.000000000 0.000000000 0.000000000 0.000073960 79.000000000 82.500000000 80.000000000 86.000000000
1750310900.400000095 31.27056809333334 120.912495591 2.304800000 4.000000000 0.000110250 1.000000000 0.000000000 0.000000000 0.000073960 79.000000000 82.500000000 80.000000000 86.000000000
1750310900.599999905 31.270567407 120.912495918 2.320200000 4.000000000 0.000112360 1.000000000 0.000000000 0.000000000 0.000075690 79.000000000 82.500000000 80.000000000 86.000000000
1750310900.799999952 31.270566698333326 120.912496032 2.314000000 4.000000000 0.000114490 1.000000000 0.000000000 0.000000000 0.000075690 79.000000000 82.500000000 80.000000000 86.000000000
1750310901.000000000 31.270566079166656 120.912496077 2.308300000 4.000000000 0.000114490 1.000000000 0.000000000 0.000000000 0.000075690 79.000000000 82.500000000 80.000000000 86.000000000
1750310901.200000048 31.27056523083334 120.912496075 2.301600000 4.000000000 0.000114490 1.000000000 0.000000000 0.000000000 0.000075690 81.000000000 81.000000000 77.000000000 81.000000000
1750310901.400000095 31.27056459916666 120.912496152 2.310000000 4.000000000 0.000114490 1.000000000 0.000000000 0.000000000 0.000075690 81.000000000 81.000000000 77.000000000 81.000000000
1750310901.599999905 31.27056402566666 120.912496280 2.282900000 4.000000000 0.000106090 1.000000000 0.000000000 0.000000000 0.000072250 81.000000000 81.000000000 77.000000000 81.000000000
1750310901.799999952 31.270563372333328 120.912496531 2.286300000 4.000000000 0.000106090 1.000000000 0.000000000 0.000000000 0.000073960 81.000000000 81.000000000 77.000000000 81.000000000
1750310902.000000000 31.270562688666672 120.912496520 2.265600000 4.000000000 0.000106090 1.000000000 0.000000000 0.000000000 0.000073960 81.000000000 81.000000000 77.000000000 81.000000000
1750310902.200000048 31.270562042833333 120.912496613 2.266500000 4.000000000 0.000108160 1.000000000 0.000000000 0.000000000 0.000075690 81.000000000 81.000000000 77.000000000 81.000000000
1750310902.400000095 31.270561350500003 120.912496787 2.263600000 4.000000000 0.000108160 1.000000000 0.000000000 0.000000000 0.000075690 81.000000000 81.000000000 77.000000000 81.000000000
1750310902.599999905 31.27056070933334 120.912496866 2.245400000 4.000000000 0.000141610 1.000000000 0.000000000 0.000000000 0.000092160 81.000000000 81.000000000 77.000000000 81.000000000
1750310902.799999952 31.27056010999999 120.912496891 2.245600000 4.000000000 0.000141610 1.000000000 0.000000000 0.000000000 0.000090250 81.000000000 81.000000000 77.000000000 81.000000000
1750310903.000000000 31.27055949216667 120.912496933 2.237900000 4.000000000 0.000141610 1.000000000 0.000000000 0.000000000 0.000092160 81.000000000 81.000000000 77.000000000 81.000000000
1750310903.200000048 31.270558911833334 120.912496977 2.233800000 4.000000000 0.000141610 1.000000000 0.000000000 0.000000000 0.000090250 79.000000000 79.000000000 76.000000000 79.000000000
1750310903.400000095 31.270558282333326 120.912497084 2.226200000 4.000000000 0.000141610 1.000000000 0.000000000 0.000000000 0.000092160 79.000000000 79.000000000 76.000000000 79.000000000
1750310903.599999905 31.270557561333334 120.912497279 2.261900000 4.000000000 0.000141610 1.000000000 0.000000000 0.000000000 0.000134560 79.000000000 79.000000000 76.000000000 79.000000000
1750310903.799999952 31.270556834333334 120.912497393 2.266700000 4.000000000 0.000144000 1.000000000 0.000000000 0.000000000 0.000134560 79.000000000 79.000000000 76.000000000 79.000000000
1750310904.000000000 31.270556200166666 120.912497577 2.287100000 4.000000000 0.000144000 1.000000000 0.000000000 0.000000000 0.000134560 79.000000000 79.000000000 76.000000000 79.000000000
1750310904.200000048 31.270555539166665 120.912497829 2.295900000 4.000000000 0.000144000 1.000000000 0.000000000 0.000000000 0.000134560 76.000000000 77.500000000 76.000000000 79.000000000
1750310904.400000095 31.270554910499996 120.912498028 2.301700000 4.000000000 0.000144000 1.000000000 0.000000000 0.000000000 0.000134560 76.000000000 77.500000000 76.000000000 79.000000000
1750310904.599999905 31.27055427966667 120.912498366 2.310200000 4.000000000 0.000146410 1.000000000 0.000000000 0.000000000 0.000144000 76.000000000 77.500000000 76.000000000 79.000000000
1750310904.799999952 31.270553688666666 120.912498557 2.308100000 4.000000000 0.000146410 1.000000000 0.000000000 0.000000000 0.000141610 76.000000000 77.500000000 76.000000000 79.000000000
1750310905.000000000 31.270553149666668 120.912498714 2.309100000 4.000000000 0.000146410 1.000000000 0.000000000 0.000000000 0.000141610 76.000000000 77.500000000 76.000000000 79.000000000
1750310905.200000048 31.27055261966666 120.912498937 2.314000000 4.000000000 0.000146410 1.000000000 0.000000000 0.000000000 0.000139240 79.000000000 79.000000000 76.000000000 79.000000000
1750310905.400000095 31.270552073333334 120.912499174 2.319300000 4.000000000 0.000144000 1.000000000 0.000000000 0.000000000 0.000141610 79.000000000 79.000000000 76.000000000 79.000000000
1750310905.599999905 31.270551372833324 120.912499420 2.364000000 4.000000000 0.000106090 1.000000000 0.000000000 0.000000000 0.000092160 79.000000000 79.000000000 76.000000000 79.000000000
1750310905.799999952 31.270550712333332 120.912499725 2.370900000 4.000000000 0.000106090 1.000000000 0.000000000 0.000000000 0.000092160 79.000000000 79.000000000 76.000000000 79.000000000
1750310906.000000000 31.270550002333337 120.912499912 2.384000000 4.000000000 0.000106090 1.000000000 0.000000000 0.000000000 0.000092160 79.000000000 79.000000000 76.000000000 79.000000000
1750310906.200000048 31.270549389500005 120.912500185 2.406100000 4.000000000 0.000106090 1.000000000 0.000000000 0.000000000 0.000090250 81.000000000 80.000000000 76.000000000 79.000000000
1750310906.400000095 31.27054877266667 120.912500542 2.415000000 4.000000000 0.000106090 1.000000000 0.000000000 0.000000000 0.000090250 81.000000000 80.000000000 76.000000000 79.000000000
1750310906.599999905 31.270548143 120.912500849 2.427000000 4.000000000 0.000098010 1.000000000 0.000000000 0.000000000 0.000086490 81.000000000 80.000000000 76.000000000 79.000000000
1750310906.799999952 31.270547553499995 120.912501172 2.426000000 4.000000000 0.000098010 1.000000000 0.000000000 0.000000000 0.000086490 81.000000000 80.000000000 76.000000000 79.000000000
1750310907.000000000 31.27054694666667 120.912501474 2.432900000 4.000000000 0.000098010 1.000000000 0.000000000 0.000000000 0.000086490 81.000000000 80.000000000 76.000000000 79.000000000
1750310907.200000048 31.27054640366667 120.912501726 2.444100000 4.000000000 0.000096040 1.000000000 0.000000000 0.000000000 0.000086490 83.000000000 82.000000000 77.000000000 81.000000000
1750310907.400000095 31.270545874666666 120.912501951 2.434000000 4.000000000 0.000096040 1.000000000 0.000000000 0.000000000 0.000086490 83.000000000 82.000000000 77.000000000 81.000000000
1750310907.599999905 31.27054537716667 120.912502259 2.425300000 4.000000000 0.000082810 1.000000000 0.000000000 0.000000000 0.000070560 83.000000000 82.000000000 77.000000000 81.000000000
1750310907.799999952 31.2705447995 120.912502570 2.430200000 4.000000000 0.000082810 1.000000000 0.000000000 0.000000000 0.000070560 83.000000000 82.000000000 77.000000000 81.000000000
1750310908.000000000 31.270544294000004 120.912502899 2.441200000 4.000000000 0.000082810 1.000000000 0.000000000 0.000000000 0.000070560 83.000000000 82.000000000 77.000000000 81.000000000
1750310908.200000048 31.270543714166664 120.912503207 2.452400000 4.000000000 0.000084640 1.000000000 0.000000000 0.000000000 0.000072250 83.000000000 82.000000000 77.000000000 81.000000000
1750310908.400000095 31.27054298233334 120.912503498 2.480400000 4.000000000 0.000084640 1.000000000 0.000000000 0.000000000 0.000072250 83.000000000 82.000000000 77.000000000 81.000000000
1750310908.599999905 31.270542376500003 120.912503931 2.496200000 4.000000000 0.000082810 1.000000000 0.000000000 0.000000000 0.000067240 83.000000000 82.000000000 77.000000000 81.000000000
1750310908.799999952 31.27054184266666 120.912504321 2.513200000 4.000000000 0.000082810 1.000000000 0.000000000 0.000000000 0.000067240 83.000000000 82.000000000 77.000000000 81.000000000
1750310909.000000000 31.270541262500004 120.912504702 2.531300000 4.000000000 0.000082810 1.000000000 0.000000000 0.000000000 0.000067240 83.000000000 82.000000000 77.000000000 81.000000000
1750310909.200000048 31.270540735833336 120.912505116 2.537100000 4.000000000 0.000081000 1.000000000 0.000000000 0.000000000 0.000065610 81.000000000 80.000000000 77.000000000 79.000000000
1750310909.400000095 31.270540140500003 120.912505509 2.552500000 4.000000000 0.000082810 1.000000000 0.000000000 0.000000000 0.000065610 81.000000000 80.000000000 77.000000000 79.000000000
1750310909.599999905 31.270539642666677 120.912505981 2.554000000 4.000000000 0.000090250 1.000000000 0.000000000 0.000000000 0.000073960 81.000000000 80.000000000 77.000000000 79.000000000
1750310909.799999952 31.270539121666673 120.912506426 2.565800000 4.000000000 0.000090250 1.000000000 0.000000000 0.000000000 0.000073960 81.000000000 80.000000000 77.000000000 79.000000000
1750310910.000000000 31.270538665000004 120.912506999 2.563200000 4.000000000 0.000090250 1.000000000 0.000000000 0.000000000 0.000073960 81.000000000 80.000000000 77.000000000 79.000000000
1750310910.200000048 31.270538090166667 120.912507429 2.576800000 4.000000000 0.000090250 1.000000000 0.000000000 0.000000000 0.000073960 84.000000000 84.000000000 79.000000000 84.000000000
1750310910.400000095 31.270537493666666 120.912507651 2.588100000 4.000000000 0.000090250 1.000000000 0.000000000 0.000000000 0.000073960 84.000000000 84.000000000 79.000000000 84.000000000
1750310910.599999905 31.270536746666664 120.912507788 2.624100000 4.000000000 0.000086490 1.000000000 0.000000000 0.000000000 0.000072250 84.000000000 84.000000000 79.000000000 84.000000000
1750310910.799999952 31.27053611383333 120.912508082 2.630600000 4.000000000 0.000086490 1.000000000 0.000000000 0.000000000 0.000072250 84.000000000 84.000000000 79.000000000 84.000000000
1750310911.000000000 31.270535508833333 120.912508382 2.652400000 4.000000000 0.000086490 1.000000000 0.000000000 0.000000000 0.000072250 84.000000000 84.000000000 79.000000000 84.000000000
1750310911.200000048 31.270534901666664 120.912508599 2.657000000 4.000000000 0.000086490 1.000000000 0.000000000 0.000000000 0.000072250 86.000000000 86.000000000 80.000000000 86.000000000
1750310911.400000095 31.270534268000006 120.912508745 2.668100000 4.000000000 0.000086490 1.000000000 0.000000000 0.000000000 0.000072250 86.000000000 86.000000000 80.000000000 86.000000000
1750310911.599999905 31.270533649 120.912508942 2.680900000 4.000000000 0.000086490 1.000000000 0.000000000 0.000000000 0.000073960 86.000000000 86.000000000 80.000000000 86.000000000
1750310911.799999952 31.270533096333338 120.912509032 2.695200000 4.000000000 0.000086490 1.000000000 0.000000000 0.000000000 0.000073960 86.000000000 86.000000000 80.000000000 86.000000000
1750310912.000000000 31.27053254016667 120.912509228 2.698600000 4.000000000 0.000086490 1.000000000 0.000000000 0.000000000 0.000075690 86.000000000 86.000000000 80.000000000 86.000000000
1750310912.200000048 31.270531946999995 120.912509340 2.715400000 4.000000000 0.000088360 1.000000000 0.000000000 0.000000000 0.000075690 84.000000000 84.000000000 79.000000000 84.000000000
1750310912.400000095 31.270531257666676 120.912509516 2.728000000 4.000000000 0.000088360 1.000000000 0.000000000 0.000000000 0.000075690 84.000000000 84.000000000 79.000000000 84.000000000
1750310912.599999905 31.270530641500002 120.912509597 2.726700000 4.000000000 0.000088360 1.000000000 0.000000000 0.000000000 0.000079210 84.000000000 84.000000000 79.000000000 84.000000000
1750310912.799999952 31.270530103499993 120.912509842 2.748500000 4.000000000 0.000088360 1.000000000 0.000000000 0.000000000 0.000079210 84.000000000 84.000000000 79.000000000 84.000000000
1750310913.000000000 31.270529615666675 120.912510014 2.751000000 4.000000000 0.000088360 1.000000000 0.000000000 0.000000000 0.000079210 84.000000000 84.000000000 79.000000000 84.000000000
1750310913.200000048 31.27052942616666 120.912510315 2.749500000 4.000000000 0.000088360 1.000000000 0.000000000 0.000000000 0.000079210 86.000000000 85.000000000 79.000000000 84.000000000
1750310913.400000095 31.270529390333337 120.912510450 2.754100000 4.000000000 0.000088360 1.000000000 0.000000000 0.000000000 0.000079210 86.000000000 85.000000000 79.000000000 84.000000000
1750310913.599999905 31.270529247333343 120.912510478 2.748600000 4.000000000 0.000082810 1.000000000 0.000000000 0.000000000 0.000075690 86.000000000 85.000000000 79.000000000 84.000000000
1750310913.799999952 31.27052902566666 120.912510344 2.752900000 4.000000000 0.000082810 1.000000000 0.000000000 0.000000000 0.000075690 86.000000000 85.000000000 79.000000000 84.000000000
1750310914.000000000 31.270528590833337 120.912510245 2.749500000 4.000000000 0.000082810 1.000000000 0.000000000 0.000000000 0.000075690 86.000000000 85.000000000 79.000000000 84.000000000
1750310914.200000048 31.270527988666657 120.912510060 2.770100000 4.000000000 0.000084640 1.000000000 0.000000000 0.000000000 0.000075690 86.000000000 86.000000000 80.000000000 86.000000000
1750310914.400000095 31.270527347666672 120.912509871 2.775200000 4.000000000 0.000084640 1.000000000 0.000000000 0.000000000 0.000075690 86.000000000 86.000000000 80.000000000 86.000000000
1750310914.599999905 31.27052659583333 120.912509597 2.826500000 4.000000000 0.000088360 1.000000000 0.000000000 0.000000000 0.000086490 86.000000000 86.000000000 80.000000000 86.000000000
1750310914.799999952 31.2705261615 120.912509222 2.841300000 4.000000000 0.000088360 1.000000000 0.000000000 0.000000000 0.000086490 86.000000000 86.000000000 80.000000000 86.000000000
1750310915.000000000 31.270525602666666 120.912508873 2.847500000 4.000000000 0.000088360 1.000000000 0.000000000 0.000000000 0.000086490 86.000000000 86.000000000 80.000000000 86.000000000
1750310915.200000048 31.270524965333337 120.912508516 2.867700000 4.000000000 0.000088360 1.000000000 0.000000000 0.000000000 0.000084640 82.000000000 81.000000000 78.000000000 80.000000000
1750310915.400000095 31.270524625333337 120.912508516 2.870900000 4.000000000 0.000088360 1.000000000 0.000000000 0.000000000 0.000084640 82.000000000 81.000000000 78.000000000 80.000000000
1750310915.599999905 31.270524512999998 120.912508718 2.854600000 4.000000000 0.000112360 1.000000000 0.000000000 0.000000000 0.000153760 82.000000000 81.000000000 78.000000000 80.000000000
1750310915.799999952 31.270524306500008 120.912508820 2.853100000 4.000000000 0.000112360 1.000000000 0.000000000 0.000000000 0.000153760 82.000000000 81.000000000 78.000000000 80.000000000
1750310916.000000000 31.270524175666665 120.912508842 2.852400000 4.000000000 0.000112360 1.000000000 0.000000000 0.000000000 0.000153760 82.000000000 81.000000000 78.000000000 80.000000000
1750310916.200000048 31.270523975166668 120.912508675 2.848000000 4.000000000 0.000112360 1.000000000 0.000000000 0.000000000 0.000153760 82.000000000 84.000000000 81.000000000 86.000000000
1750310916.400000095 31.27052381916667 120.912508063 2.854300000 4.000000000 0.000112360 1.000000000 0.000000000 0.000000000 0.000153760 82.000000000 84.000000000 81.000000000 86.000000000
1750310916.599999905 31.270523764333333 120.912507105 2.847300000 4.000000000 0.000118810 1.000000000 0.000000000 0.000000000 0.000146410 82.000000000 84.000000000 81.000000000 86.000000000
1750310916.799999952 31.27052377716666 120.912506225 2.858500000 4.000000000 0.000118810 1.000000000 0.000000000 0.000000000 0.000146410 82.000000000 84.000000000 81.000000000 86.000000000
1750310917.000000000 31.27052388583334 120.912505435 2.845400000 4.000000000 0.000118810 1.000000000 0.000000000 0.000000000 0.000146410 82.000000000 84.000000000 81.000000000 86.000000000
1750310917.200000048 31.270523993833336 120.912504588 2.850900000 4.000000000 0.000118810 1.000000000 0.000000000 0.000000000 0.000148840 77.000000000 80.500000000 80.000000000 84.000000000
1750310917.400000095 31.270523951666675 120.912503800 2.859700000 4.000000000 0.000118810 1.000000000 0.000000000 0.000000000 0.000148840 77.000000000 80.500000000 80.000000000 84.000000000
1750310917.599999905 31.270523804333337 120.912503114 2.863000000 4.000000000 0.000121000 1.000000000 0.000000000 0.000000000 0.000144000 77.000000000 80.500000000 80.000000000 84.000000000
1750310917.799999952 31.270523580000003 120.912502478 2.875200000 4.000000000 0.000121000 1.000000000 0.000000000 0.000000000 0.000146410 77.000000000 80.500000000 80.000000000 84.000000000
1750310918.000000000 31.270523311999995 120.912501962 2.880000000 4.000000000 0.000121000 1.000000000 0.000000000 0.000000000 0.000146410 77.000000000 80.500000000 80.000000000 84.000000000
1750310918.200000048 31.270522888000002 120.912501312 2.888100000 4.000000000 0.000121000 1.000000000 0.000000000 0.000000000 0.000141610 75.000000000 77.500000000 78.000000000 80.000000000
1750310918.400000095 31.270522522333337 120.912500742 2.907600000 4.000000000 0.000121000 1.000000000 0.000000000 0.000000000 0.000144000 75.000000000 77.500000000 78.000000000 80.000000000
1750310918.599999905 31.270522215833324 120.912500124 2.912000000 4.000000000 0.000121000 1.000000000 0.000000000 0.000000000 0.000174240 75.000000000 77.500000000 78.000000000 80.000000000
1750310918.799999952 31.270521958666677 120.912499403 2.920300000 4.000000000 0.000121000 1.000000000 0.000000000 0.000000000 0.000174240 75.000000000 77.500000000 78.000000000 80.000000000
1750310919.000000000 31.270521657166668 120.912498515 2.935700000 4.000000000 0.000121000 1.000000000 0.000000000 0.000000000 0.000174240 75.000000000 77.500000000 78.000000000 80.000000000
1750310919.200000048 31.270521730499993 120.912497729 2.941100000 4.000000000 0.000118810 1.000000000 0.000000000 0.000000000 0.000163840 82.000000000 81.000000000 78.000000000 80.000000000
1750310919.400000095 31.2705217755 120.912497019 2.941000000 4.000000000 0.000118810 1.000000000 0.000000000 0.000000000 0.000163840 82.000000000 81.000000000 78.000000000 80.000000000
1750310919.599999905 31.270522018833333 120.912496287 2.940800000 4.000000000 0.000094090 1.000000000 0.000000000 0.000000000 0.000088360 82.000000000 81.000000000 78.000000000 80.000000000
1750310919.799999952 31.27052216033333 120.912495477 2.952300000 4.000000000 0.000094090 1.000000000 0.000000000 0.000000000 0.000088360 82.000000000 81.000000000 78.000000000 80.000000000
1750310920.000000000 31.270522130000003 120.912494686 2.953200000 4.000000000 0.000094090 1.000000000 0.000000000 0.000000000 0.000088360 82.000000000 81.000000000 78.000000000 80.000000000
1750310920.200000048 31.27052219666666 120.912493963 2.953700000 4.000000000 0.000094090 1.000000000 0.000000000 0.000000000 0.000088360 82.000000000 84.000000000 81.000000000 86.000000000
1750310920.400000095 31.27052216833333 120.912493203 2.960300000 4.000000000 0.000094090 1.000000000 0.000000000 0.000000000 0.000088360 82.000000000 84.000000000 81.000000000 86.000000000
1750310920.599999905 31.270522196499996 120.912492312 2.964400000 4.000000000 0.000088360 1.000000000 0.000000000 0.000000000 0.000070560 82.000000000 84.000000000 81.000000000 86.000000000
1750310920.799999952 31.27052215783334 120.912491483 2.977700000 4.000000000 0.000088360 1.000000000 0.000000000 0.000000000 0.000070560 82.000000000 84.000000000 81.000000000 86.000000000
1750310921.000000000 31.27052225766667 120.912490795 2.962100000 4.000000000 0.000088360 1.000000000 0.000000000 0.000000000 0.000070560 82.000000000 84.000000000 81.000000000 86.000000000
1750310921.200000048 31.270522264500002 120.912489892 2.986800000 4.000000000 0.000088360 1.000000000 0.000000000 0.000000000 0.000070560 80.000000000 83.000000000 81.000000000 86.000000000
1750310921.400000095 31.270522356166666 120.912488897 2.991300000 4.000000000 0.000090250 1.000000000 0.000000000 0.000000000 0.000070560 80.000000000 83.000000000 81.000000000 86.000000000
1750310921.599999905 31.270522455333335 120.912488032 2.987300000 4.000000000 0.000092160 1.000000000 0.000000000 0.000000000 0.000070560 80.000000000 83.000000000 81.000000000 86.000000000
1750310921.799999952 31.27052234516667 120.912487140 2.994900000 4.000000000 0.000092160 1.000000000 0.000000000 0.000000000 0.000070560 80.000000000 83.000000000 81.000000000 86.000000000
1750310922.000000000 31.270522278 120.912486377 2.984600000 4.000000000 0.000092160 1.000000000 0.000000000 0.000000000 0.000070560 80.000000000 83.000000000 81.000000000 86.000000000
1750310922.200000048 31.270522075999992 120.912485588 3.002600000 4.000000000 0.000092160 1.000000000 0.000000000 0.000000000 0.000070560 77.000000000 79.500000000 79.000000000 82.000000000
1750310922.400000095 31.27052179916666 120.912484882 2.992400000 4.000000000 0.000092160 1.000000000 0.000000000 0.000000000 0.000070560 77.000000000 79.500000000 79.000000000 82.000000000
1750310922.599999905 31.270521279999997 120.912484193 3.002300000 4.000000000 0.000094090 1.000000000 0.000000000 0.000000000 0.000070560 77.000000000 79.500000000 79.000000000 82.000000000
1750310922.799999952 31.270521073166663 120.912483523 3.004900000 4.000000000 0.000096040 1.000000000 0.000000000 0.000000000 0.000070560 77.000000000 79.500000000 79.000000000 82.000000000
1750310923.000000000 31.270520996499997 120.912482729 3.011300000 4.000000000 0.000096040 1.000000000 0.000000000 0.000000000 0.000070560 77.000000000 79.500000000 79.000000000 82.000000000
1750310923.200000048 31.2705208485 120.912481801 3.023500000 4.000000000 0.000094090 1.000000000 0.000000000 0.000000000 0.000070560 86.000000000 83.000000000 78.000000000 80.000000000
1750310923.400000095 31.270520883000003 120.912481034 3.016000000 4.000000000 0.000094090 1.000000000 0.000000000 0.000000000 0.000070560 86.000000000 83.000000000 78.000000000 80.000000000
1750310923.599999905 31.270520846833335 120.912480093 3.013500000 4.000000000 0.000088360 1.000000000 0.000000000 0.000000000 0.000072250 86.000000000 83.000000000 78.000000000 80.000000000
1750310923.799999952 31.270520697500004 120.912479253 3.012000000 4.000000000 0.000088360 1.000000000 0.000000000 0.000000000 0.000072250 86.000000000 83.000000000 78.000000000 80.000000000
1750310924.000000000 31.270520606666665 120.912478477 3.018500000 4.000000000 0.000088360 1.000000000 0.000000000 0.000000000 0.000072250 86.000000000 83.000000000 78.000000000 80.000000000
1750310924.200000048 31.2705206105 120.912477586 3.019400000 4.000000000 0.000088360 1.000000000 0.000000000 0.000000000 0.000072250 84.000000000 84.000000000 80.000000000 84.000000000
1750310924.400000095 31.270520466333323 120.912476727 3.037200000 4.000000000 0.000088360 1.000000000 0.000000000 0.000000000 0.000072250 84.000000000 84.000000000 80.000000000 84.000000000
1750310924.599999905 31.270520221833337 120.912476050 3.040500000 4.000000000 0.000098010 1.000000000 0.000000000 0.000000000 0.000070560 84.000000000 84.000000000 80.000000000 84.000000000
1750310924.799999952 31.2705199655 120.912475260 3.069400000 4.000000000 0.000100000 1.000000000 0.000000000 0.000000000 0.000070560 84.000000000 84.000000000 80.000000000 84.000000000
1750310925.000000000 31.270519803 120.912474528 3.047400000 4.000000000 0.000100000 1.000000000 0.000000000 0.000000000 0.000070560 84.000000000 84.000000000 80.000000000 84.000000000
1750310925.200000048 31.2705195155 120.912473755 3.054800000 4.000000000 0.000100000 1.000000000 0.000000000 0.000000000 0.000070560 86.000000000 86.000000000 81.000000000 86.000000000
1750310925.400000095 31.270519416833338 120.912472952 3.055000000 4.000000000 0.000100000 1.000000000 0.000000000 0.000000000 0.000070560 86.000000000 86.000000000 81.000000000 86.000000000
1750310925.599999905 31.27051937883334 120.912472095 3.043500000 4.000000000 0.000106090 1.000000000 0.000000000 0.000000000 0.000077440 86.000000000 86.000000000 81.000000000 86.000000000
1750310925.799999952 31.270519179999994 120.912471239 3.056600000 4.000000000 0.000106090 1.000000000 0.000000000 0.000000000 0.000079210 86.000000000 86.000000000 81.000000000 86.000000000
1750310926.000000000 31.270519048833336 120.912470527 3.047100000 4.000000000 0.000106090 1.000000000 0.000000000 0.000000000 0.000079210 86.000000000 86.000000000 81.000000000 86.000000000
1750310926.200000048 31.270518797833333 120.912469791 3.060100000 4.000000000 0.000106090 1.000000000 0.000000000 0.000000000 0.000079210 84.000000000 84.000000000 80.000000000 84.000000000
1750310926.400000095 31.270518527333337 120.912469020 3.061100000 4.000000000 0.000106090 1.000000000 0.000000000 0.000000000 0.000079210 84.000000000 84.000000000 80.000000000 84.000000000
1750310926.599999905 31.270518192333327 120.912468274 3.049700000 4.000000000 0.000106090 1.000000000 0.000000000 0.000000000 0.000073960 84.000000000 84.000000000 80.000000000 84.000000000
1750310926.799999952 31.270517821499993 120.912467497 3.054900000 4.000000000 0.000106090 1.000000000 0.000000000 0.000000000 0.000073960 84.000000000 84.000000000 80.000000000 84.000000000
1750310927.000000000 31.270517595166666 120.912466802 3.046800000 4.000000000 0.000106090 1.000000000 0.000000000 0.000000000 0.000073960 84.000000000 84.000000000 80.000000000 84.000000000
1750310927.200000048 31.270517526000006 120.912466014 3.057100000 4.000000000 0.000106090 1.000000000 0.000000000 0.000000000 0.000073960 84.000000000 84.000000000 80.000000000 84.000000000
1750310927.400000095 31.27051747083334 120.912465210 3.045600000 4.000000000 0.000106090 1.000000000 0.000000000 0.000000000 0.000073960 84.000000000 84.000000000 80.000000000 84.000000000
1750310927.599999905 31.270517413500002 120.912464272 3.056000000 4.000000000 0.000106090 1.000000000 0.000000000 0.000000000 0.000075690 84.000000000 84.000000000 80.000000000 84.000000000
1750310927.799999952 31.270517460500002 120.912463543 3.032000000 4.000000000 0.000108160 1.000000000 0.000000000 0.000000000 0.000075690 84.000000000 84.000000000 80.000000000 84.000000000
1750310928.000000000 31.270517410333326 120.912462611 3.052000000 4.000000000 0.000108160 1.000000000 0.000000000 0.000000000 0.000075690 84.000000000 84.000000000 80.000000000 84.000000000
1750310928.200000048 31.270517431000002 120.912461921 3.033800000 4.000000000 0.000108160 1.000000000 0.000000000 0.000000000 0.000075690 82.000000000 82.000000000 79.000000000 82.000000000
1750310928.400000095 31.270517338666664 120.912461093 3.045100000 4.000000000 0.000108160 1.000000000 0.000000000 0.000000000 0.000075690 82.000000000 82.000000000 79.000000000 82.000000000
1750310928.599999905 31.27051719283334 120.912460407 3.038500000 4.000000000 0.000112360 1.000000000 0.000000000 0.000000000 0.000077440 82.000000000 82.000000000 79.000000000 82.000000000
1750310928.799999952 31.270517284999997 120.912459621 3.021200000 4.000000000 0.000114490 1.000000000 0.000000000 0.000000000 0.000079210 82.000000000 82.000000000 79.000000000 82.000000000
1750310929.000000000 31.270517164166677 120.912458864 3.032600000 4.000000000 0.000116640 1.000000000 0.000000000 0.000000000 0.000079210 82.000000000 82.000000000 79.000000000 82.000000000
1750310929.200000048 31.2705170965 120.912457988 3.038700000 4.000000000 0.000114490 1.000000000 0.000000000 0.000000000 0.000079210 78.000000000 73.500000000 74.000000000 69.000000000
1750310929.400000095 31.270516944666667 120.912457212 3.040400000 4.000000000 0.000114490 1.000000000 0.000000000 0.000000000 0.000079210 78.000000000 73.500000000 74.000000000 69.000000000
1750310929.599999905 31.270516803333336 120.912456350 3.057400000 4.000000000 0.000134560 1.000000000 0.000000000 0.000000000 0.000086490 78.000000000 73.500000000 74.000000000 69.000000000
1750310929.799999952 31.270516757333326 120.912455506 3.054900000 4.000000000 0.000132250 1.000000000 0.000000000 0.000000000 0.000084640 78.000000000 73.500000000 74.000000000 69.000000000
1750310930.000000000 31.270516697000005 120.912454726 3.060900000 4.000000000 0.000132250 1.000000000 0.000000000 0.000000000 0.000084640 78.000000000 73.500000000 74.000000000 69.000000000
1750310930.200000048 31.270516578166664 120.912453960 3.059500000 4.000000000 0.000132250 1.000000000 0.000000000 0.000000000 0.000086490 80.000000000 79.000000000 78.000000000 78.000000000
1750310930.400000095 31.27051644783333 120.912453155 3.080400000 4.000000000 0.000134560 1.000000000 0.000000000 0.000000000 0.000086490 80.000000000 79.000000000 78.000000000 78.000000000
1750310930.599999905 31.270516297499995 120.912452437 3.062000000 4.000000000 0.000139240 1.000000000 0.000000000 0.000000000 0.000088360 80.000000000 79.000000000 78.000000000 78.000000000
1750310930.799999952 31.270516192333332 120.912451481 3.066400000 4.000000000 0.000141610 1.000000000 0.000000000 0.000000000 0.000088360 80.000000000 79.000000000 78.000000000 78.000000000
1750310931.000000000 31.270516092500003 120.912450634 3.070100000 4.000000000 0.000141610 1.000000000 0.000000000 0.000000000 0.000088360 80.000000000 79.000000000 78.000000000 78.000000000
1750310931.200000048 31.270515844166667 120.912449935 3.066900000 4.000000000 0.000139240 1.000000000 0.000000000 0.000000000 0.000088360 80.000000000 79.000000000 78.000000000 78.000000000
1750310931.400000095 31.270515615666667 120.912449070 3.075300000 4.000000000 0.000141610 1.000000000 0.000000000 0.000000000 0.000088360 80.000000000 79.000000000 78.000000000 78.000000000
1750310931.599999905 31.270515471833335 120.912448300 3.074700000 4.000000000 0.000132250 1.000000000 0.000000000 0.000000000 0.000082810 80.000000000 79.000000000 78.000000000 78.000000000
1750310931.799999952 31.270515187 120.912447555 3.075000000 4.000000000 0.000134560 1.000000000 0.000000000 0.000000000 0.000084640 80.000000000 79.000000000 78.000000000 78.000000000
1750310932.000000000 31.27051477916666 120.912447079 3.073400000 4.000000000 0.000134560 1.000000000 0.000000000 0.000000000 0.000086490 80.000000000 79.000000000 78.000000000 78.000000000
1750310932.200000048 31.270514462500003 120.912447037 3.073000000 4.000000000 0.000134560 1.000000000 0.000000000 0.000000000 0.000084640 73.000000000 73.000000000 76.000000000 73.000000000
1750310932.400000095 31.27051437116667 120.912447047 3.063700000 4.000000000 0.000134560 1.000000000 0.000000000 0.000000000 0.000084640 73.000000000 73.000000000 76.000000000 73.000000000
1750310932.599999905 31.270514462333338 120.912446889 3.083500000 4.000000000 0.000163840 1.000000000 0.000000000 0.000000000 0.000100000 73.000000000 73.000000000 76.000000000 73.000000000
1750310932.799999952 31.270514380999998 120.912446690 3.082400000 4.000000000 0.000166410 1.000000000 0.000000000 0.000000000 0.000100000 73.000000000 73.000000000 76.000000000 73.000000000
1750310933.000000000 31.270514138500005 120.912446033 3.086500000 4.000000000 0.000169000 1.000000000 0.000000000 0.000000000 0.000100000 73.000000000 73.000000000 76.000000000 73.000000000
1750310933.200000048 31.270513992333335 120.912445234 3.084500000 4.000000000 0.000163840 1.000000000 0.000000000 0.000000000 0.000098010 78.000000000 74.500000000 75.000000000 71.000000000
1750310933.400000095 31.270513948499996 120.912444308 3.073500000 4.000000000 0.000163840 1.000000000 0.000000000 0.000000000 0.000098010 78.000000000 74.500000000 75.000000000 71.000000000
1750310933.599999905 31.270513588 120.912443576 3.094100000 4.000000000 0.000146410 1.000000000 0.000000000 0.000000000 0.000096040 78.000000000 74.500000000 75.000000000 71.000000000
1750310933.799999952 31.270513413999993 120.912442711 3.112700000 4.000000000 0.000146410 1.000000000 0.000000000 0.000000000 0.000098010 78.000000000 74.500000000 75.000000000 71.000000000
1750310934.000000000 31.270513182499997 120.912441813 3.116900000 4.000000000 0.000148840 1.000000000 0.000000000 0.000000000 0.000100000 78.000000000 74.500000000 75.000000000 71.000000000
1750310934.200000048 31.27051287533334 120.912441009 3.112300000 4.000000000 0.000148840 1.000000000 0.000000000 0.000000000 0.000100000 71.000000000 70.000000000 74.000000000 69.000000000
1750310934.400000095 31.270512709000002 120.912440192 3.108800000 4.000000000 0.000210250 1.000000000 0.000000000 0.000000000 0.000123210 71.000000000 70.000000000 74.000000000 69.000000000
1750310934.599999905 31.27051276333333 120.912439317 3.117900000 4.000000000 0.000225000 1.000000000 0.000000000 0.000000000 0.000136890 71.000000000 70.000000000 74.000000000 69.000000000
1750310934.799999952 31.270512849666673 120.912438631 3.105100000 4.000000000 0.000213160 1.000000000 0.000000000 0.000000000 0.000127690 71.000000000 70.000000000 74.000000000 69.000000000
1750310935.000000000 31.270513048666658 120.912437781 3.084200000 4.000000000 0.000213160 1.000000000 0.000000000 0.000000000 0.000132250 71.000000000 70.000000000 74.000000000 69.000000000
1750310935.200000048 31.270513033 120.912436934 3.084700000 4.000000000 0.000213160 1.000000000 0.000000000 0.000000000 0.000132250 69.000000000 68.000000000 73.000000000 67.000000000
1750310935.400000095 31.270512951 120.912436358 3.065600000 4.000000000 0.000259210 1.000000000 0.000000000 0.000000000 0.000207360 69.000000000 68.000000000 73.000000000 67.000000000
1750310935.599999905 31.27051326099999 120.912435824 3.081600000 4.000000000 0.000265690 1.000000000 0.000000000 0.000000000 0.000213160 69.000000000 68.000000000 73.000000000 67.000000000
1750310935.799999952 31.270513559666668 120.912435624 3.071900000 4.000000000 0.000265690 1.000000000 0.000000000 0.000000000 0.000213160 69.000000000 68.000000000 73.000000000 67.000000000
1750310936.000000000 31.27051386266666 120.912435317 3.040000000 4.000000000 0.000272250 1.000000000 0.000000000 0.000000000 0.000246490 69.000000000 68.000000000 73.000000000 67.000000000
1750310936.200000048 31.270513949666665 120.912434633 3.054300000 4.000000000 0.000268960 0.000000000 0.000000000 0.000000000 0.000222010 64.000000000 56.000000000 62.000000000 48.000000000
1750310936.400000095 31.27051417616667 120.912433875 3.055500000 4.000000000 0.000338560 0.000000000 0.000000000 0.000000000 0.000635040 64.000000000 56.000000000 62.000000000 48.000000000
1750310936.599999905 31.270514229333344 120.912434025 3.039300000 4.000000000 0.000342250 0.000000000 0.000000000 0.000000000 0.000635040 64.000000000 56.000000000 62.000000000 48.000000000
1750310936.799999952 31.270514077 120.912434010 3.069500000 4.000000000 0.000342250 0.000000000 0.000000000 0.000000000 0.000640090 64.000000000 56.000000000 62.000000000 48.000000000
1750310937.000000000 31.270514001333325 120.912433907 3.050900000 4.000000000 0.000342250 0.000000000 0.000000000 0.000000000 0.000650250 64.000000000 56.000000000 62.000000000 48.000000000
1750310937.200000048 31.27051368633333 120.912433554 3.052100000 4.000000000 0.000334890 0.000000000 0.000000000 0.000000000 0.000610090 60.000000000 59.000000000 68.000000000 58.000000000
1750310937.400000095 31.27051305566667 120.912433133 3.047400000 4.000000000 0.000372490 0.000000000 0.000000000 0.000000000 0.000650250 60.000000000 59.000000000 68.000000000 58.000000000
1750310937.599999905 31.270513017166664 120.912432002 3.032900000 4.000000000 0.000376360 0.000000000 0.000000000 0.000000000 0.000660490 60.000000000 59.000000000 68.000000000 58.000000000
1750310937.799999952 31.270512544 120.912431482 3.052300000 4.000000000 0.000380250 0.000000000 0.000000000 0.000000000 0.000665640 60.000000000 59.000000000 68.000000000 58.000000000
1750310938.000000000 31.270512234833333 120.912431406 3.070200000 4.000000000 0.000376360 0.000000000 0.000000000 0.000000000 0.000660490 60.000000000 59.000000000 68.000000000 58.000000000
1750310938.200000048 31.270512235666672 120.912431377 3.066300000 4.000000000 0.000368640 0.000000000 0.000000000 0.000000000 0.000630010 65.000000000 65.000000000 72.000000000 65.000000000
1750310938.400000095 31.27051221716667 120.912431357 3.067900000 4.000000000 0.000368640 0.000000000 0.000000000 0.000000000 0.000630010 65.000000000 65.000000000 72.000000000 65.000000000
1750310938.599999905 31.270512261833332 120.912430812 3.100200000 4.000000000 0.000182250 0.000000000 0.000000000 0.000000000 0.000219040 65.000000000 65.000000000 72.000000000 65.000000000
1750310938.799999952 31.27051224216666 120.912430096 3.119600000 4.000000000 0.000182250 0.000000000 0.000000000 0.000000000 0.000219040 65.000000000 65.000000000 72.000000000 65.000000000
1750310939.000000000 31.270512677499994 120.912429160 3.113400000 4.000000000 0.000182250 0.000000000 0.000000000 0.000000000 0.000222010 65.000000000 65.000000000 72.000000000 65.000000000
1750310939.200000048 31.270512966333328 120.912428232 3.131100000 4.000000000 0.000182250 0.000000000 0.000000000 0.000000000 0.000219040 69.000000000 68.000000000 73.000000000 67.000000000
1750310939.400000095 31.270512703500003 120.912427407 3.182900000 4.000000000 0.000201640 0.000000000 0.000000000 0.000000000 0.000249640 69.000000000 68.000000000 73.000000000 67.000000000
1750310939.599999905 31.27051292033333 120.912426422 3.157600000 4.000000000 0.000201640 0.000000000 0.000000000 0.000000000 0.000256000 69.000000000 68.000000000 73.000000000 67.000000000
1750310939.799999952 31.270512935499994 120.912425548 3.159400000 4.000000000 0.000201640 0.000000000 0.000000000 0.000000000 0.000256000 69.000000000 68.000000000 73.000000000 67.000000000
1750310940.000000000 31.270512901000004 120.912424672 3.167600000 4.000000000 0.000201640 0.000000000 0.000000000 0.000000000 0.000256000 69.000000000 68.000000000 73.000000000 67.000000000
1750310940.200000048 31.270512671333336 120.912424026 3.144400000 4.000000000 0.000201640 0.000000000 0.000000000 0.000000000 0.000249640 71.000000000 68.000000000 72.000000000 65.000000000
1750310940.400000095 31.270512456666665 120.912423392 3.129400000 4.000000000 0.000201640 0.000000000 0.000000000 0.000000000 0.000252810 71.000000000 68.000000000 72.000000000 65.000000000
1750310940.599999905 31.27051175033334 120.912422514 3.220200000 4.000000000 0.000252810 0.000000000 0.000000000 0.000000000 0.000295840 71.000000000 68.000000000 72.000000000 65.000000000
1750310940.799999952 31.27051123133333 120.912421754 3.216300000 4.000000000 0.000249640 0.000000000 0.000000000 0.000000000 0.000295840 71.000000000 68.000000000 72.000000000 65.000000000
1750310941.000000000 31.270511036000002 120.912421033 3.210800000 4.000000000 0.000252810 0.000000000 0.000000000 0.000000000 0.000295840 71.000000000 68.000000000 72.000000000 65.000000000
1750310941.200000048 31.27051082583334 120.912420260 3.217100000 4.000000000 0.000252810 0.000000000 0.000000000 0.000000000 0.000299290 65.000000000 64.000000000 72.000000000 63.000000000
1750310941.400000095 31.270510567166667 120.912419506 3.208100000 4.000000000 0.000252810 0.000000000 0.000000000 0.000000000 0.000299290 65.000000000 64.000000000 72.000000000 63.000000000
1750310941.599999905 31.27051019533333 120.912418832 3.226300000 4.000000000 0.000222010 0.000000000 0.000000000 0.000000000 0.000272250 65.000000000 64.000000000 72.000000000 63.000000000
1750310941.799999952 31.270509928500005 120.912418088 3.232800000 4.000000000 0.000222010 0.000000000 0.000000000 0.000000000 0.000272250 65.000000000 64.000000000 72.000000000 63.000000000
1750310942.000000000 31.270509410833327 120.912417333 3.239400000 4.000000000 0.000222010 0.000000000 0.000000000 0.000000000 0.000272250 65.000000000 64.000000000 72.000000000 63.000000000
1750310942.200000048 31.270509014333328 120.912416687 3.238400000 4.000000000 0.000219040 0.000000000 0.000000000 0.000000000 0.000268960 68.000000000 65.500000000 72.000000000 63.000000000
1750310942.400000095 31.270508821666667 120.912415770 3.272200000 4.000000000 0.000222010 0.000000000 0.000000000 0.000000000 0.000272250 68.000000000 65.500000000 72.000000000 63.000000000
1750310942.599999905 31.270508635833338 120.912415067 3.283000000 4.000000000 0.000222010 0.000000000 0.000000000 0.000000000 0.000272250 68.000000000 65.500000000 72.000000000 63.000000000
1750310942.799999952 31.270508621000005 120.912414394 3.236000000 4.000000000 0.000222010 0.000000000 0.000000000 0.000000000 0.000275560 68.000000000 65.500000000 72.000000000 63.000000000
1750310943.000000000 31.270508489166673 120.912413493 3.261400000 4.000000000 0.000225000 0.000000000 0.000000000 0.000000000 0.000278890 68.000000000 65.500000000 72.000000000 63.000000000
1750310943.200000048 31.27050814783334 120.912412747 3.289100000 4.000000000 0.000222010 0.000000000 0.000000000 0.000000000 0.000275560 63.000000000 63.000000000 72.000000000 63.000000000
1750310943.400000095 31.27050801433333 120.912411846 3.303600000 4.000000000 0.000225000 0.000000000 0.000000000 0.000000000 0.000278890 63.000000000 63.000000000 72.000000000 63.000000000
1750310943.599999905 31.270507750000007 120.912411158 3.300800000 4.000000000 0.000187690 0.000000000 0.000000000 0.000000000 0.000334890 63.000000000 63.000000000 72.000000000 63.000000000
1750310943.799999952 31.27050754049999 120.912410421 3.286200000 4.000000000 0.000187690 0.000000000 0.000000000 0.000000000 0.000334890 63.000000000 63.000000000 72.000000000 63.000000000
1750310944.000000000 31.27050731700001 120.912409610 3.310100000 4.000000000 0.000187690 0.000000000 0.000000000 0.000000000 0.000334890 63.000000000 63.000000000 72.000000000 63.000000000
1750310944.200000048 31.270507100499998 120.912408791 3.309500000 4.000000000 0.000187690 0.000000000 0.000000000 0.000000000 0.000334890 61.000000000 62.000000000 72.000000000 63.000000000
1750310944.400000095 31.270507002000002 120.912407878 3.312400000 4.000000000 0.000187690 0.000000000 0.000000000 0.000000000 0.000338560 61.000000000 62.000000000 72.000000000 63.000000000
1750310944.599999905 31.270506953333324 120.912407120 3.311300000 4.000000000 0.000190440 0.000000000 0.000000000 0.000000000 0.000345960 61.000000000 62.000000000 72.000000000 63.000000000
1750310944.799999952 31.27050668866667 120.912406471 3.297000000 4.000000000 0.000190440 0.000000000 0.000000000 0.000000000 0.000349690 61.000000000 62.000000000 72.000000000 63.000000000
1750310945.000000000 31.270506416333333 120.912405738 3.308500000 4.000000000 0.000193210 0.000000000 0.000000000 0.000000000 0.000349690 61.000000000 62.000000000 72.000000000 63.000000000
1750310945.200000048 31.270506346000005 120.912405079 3.303800000 4.000000000 0.000190440 0.000000000 0.000000000 0.000000000 0.000342250 68.000000000 63.500000000 70.000000000 59.000000000
1750310945.400000095 31.27050624366666 120.912404328 3.314000000 4.000000000 0.000190440 0.000000000 0.000000000 0.000000000 0.000345960 68.000000000 63.500000000 70.000000000 59.000000000
1750310945.599999905 31.270506129166662 120.912403483 3.311300000 4.000000000 0.000193210 0.000000000 0.000000000 0.000000000 0.000349690 68.000000000 63.500000000 70.000000000 59.000000000
1750310945.799999952 31.270505848833338 120.912402741 3.321400000 4.000000000 0.000193210 0.000000000 0.000000000 0.000000000 0.000349690 68.000000000 63.500000000 70.000000000 59.000000000
1750310946.000000000 31.27050577766667 120.912401961 3.331200000 4.000000000 0.000193210 0.000000000 0.000000000 0.000000000 0.000376360 68.000000000 63.500000000 70.000000000 59.000000000
1750310946.200000048 31.270505923166667 120.912401034 3.329500000 5.000000000 0.000198810 0.000000000 0.000000000 0.000000000 0.000404010 60.000000000 59.000000000 68.000000000 58.000000000
1750310946.400000095 31.27050622033333 120.912400318 3.299700000 4.000000000 0.000179560 0.000000000 0.000000000 0.000000000 0.000436810 60.000000000 59.000000000 68.000000000 58.000000000
1750310946.599999905 31.270506373499998 120.912399478 3.305700000 4.000000000 0.000176890 0.000000000 0.000000000 0.000000000 0.000428490 60.000000000 59.000000000 68.000000000 58.000000000
1750310946.799999952 31.270506497166664 120.912398662 3.291800000 4.000000000 0.000176890 0.000000000 0.000000000 0.000000000 0.000428490 60.000000000 59.000000000 68.000000000 58.000000000
1750310947.000000000 31.27050652283333 120.912397927 3.285000000 4.000000000 0.000176890 0.000000000 0.000000000 0.000000000 0.000428490 60.000000000 59.000000000 68.000000000 58.000000000
1750310947.200000048 31.270506477833337 120.912397147 3.291600000 4.000000000 0.000179560 0.000000000 0.000000000 0.000000000 0.000432640 54.000000000 54.000000000 66.000000000 54.000000000
1750310947.400000095 31.270506774500006 120.912396435 3.297100000 4.000000000 0.000176890 0.000000000 0.000000000 0.000000000 0.000556960 54.000000000 54.000000000 66.000000000 54.000000000
1750310947.599999905 31.270507027166673 120.912396132 3.300300000 4.000000000 0.000176890 0.000000000 0.000000000 0.000000000 0.000556960 54.000000000 54.000000000 66.000000000 54.000000000
1750310947.799999952 31.270507019000007 120.912396179 3.293200000 4.000000000 0.000176890 0.000000000 0.000000000 0.000000000 0.000561690 54.000000000 54.000000000 66.000000000 54.000000000
1750310948.000000000 31.270506800666666 120.912396215 3.318100000 4.000000000 0.000179560 0.000000000 0.000000000 0.000000000 0.000561690 54.000000000 54.000000000 66.000000000 54.000000000
1750310948.200000048 31.270506638 120.912395851 3.332800000 4.000000000 0.000174240 0.000000000 0.000000000 0.000000000 0.000561690 56.000000000 54.000000000 65.000000000 52.000000000
1750310948.400000095 31.270507044666672 120.912395177 3.253400000 4.000000000 0.000187690 0.000000000 0.000000000 0.000000000 0.000645160 56.000000000 54.000000000 65.000000000 52.000000000
1750310948.599999905 31.270507006000003 120.912394231 3.247800000 4.000000000 0.000187690 0.000000000 0.000000000 0.000000000 0.000645160 56.000000000 54.000000000 65.000000000 52.000000000
1750310948.799999952 31.27050699583333 120.912393330 3.253700000 4.000000000 0.000187690 0.000000000 0.000000000 0.000000000 0.000650250 56.000000000 54.000000000 65.000000000 52.000000000
1750310949.000000000 31.270506988333338 120.912392456 3.245500000 4.000000000 0.000193210 0.000000000 0.000000000 0.000000000 0.000691690 56.000000000 54.000000000 65.000000000 52.000000000
1750310949.200000048 31.270506661500008 120.912391778 3.260500000 4.000000000 0.000193210 0.000000000 0.000000000 0.000000000 0.000691690 47.000000000 47.000000000 63.000000000 47.000000000
1750310949.400000095 31.270507262500004 120.912392208 3.222300000 4.000000000 0.000219040 0.000000000 0.000000000 0.000000000 0.000973440 47.000000000 47.000000000 63.000000000 47.000000000
1750310949.599999905 31.270507256000002 120.912392181 3.206100000 4.000000000 0.000225000 0.000000000 0.000000000 0.000000000 0.000973440 47.000000000 47.000000000 63.000000000 47.000000000
1750310949.799999952 31.270506990166666 120.912392308 3.199800000 4.000000000 0.000231040 0.000000000 0.000000000 0.000000000 0.000936360 47.000000000 47.000000000 63.000000000 47.000000000
1750310950.000000000 31.270506560166666 120.912392163 3.235100000 4.000000000 0.000231040 0.000000000 0.000000000 0.000000000 0.000992250 47.000000000 47.000000000 63.000000000 47.000000000
1750310950.200000048 31.27050645483334 120.912392087 3.253600000 4.000000000 0.000228010 0.000000000 0.000000000 0.000000000 0.000992250 43.000000000 44.000000000 62.000000000 45.000000000
1750310950.400000095 31.270507263333343 120.912392013 3.246300000 4.000000000 0.000292410 0.000000000 0.000000000 0.000000000 0.002209000 43.000000000 44.000000000 62.000000000 45.000000000
1750310950.599999905 31.27050696533334 120.912391442 3.245500000 4.000000000 0.000292410 0.000000000 0.000000000 0.000000000 0.002209000 43.000000000 44.000000000 62.000000000 45.000000000
1750310950.799999952 31.2705064795 120.912390574 3.293000000 4.000000000 0.000292410 0.000000000 0.000000000 0.000000000 0.002116000 43.000000000 44.000000000 62.000000000 45.000000000
1750310951.000000000 31.27050629516667 120.912389725 3.284000000 4.000000000 0.000292410 0.000000000 0.000000000 0.000000000 0.002125210 43.000000000 44.000000000 62.000000000 45.000000000
1750310951.200000048 31.270506073333337 120.912388867 3.283400000 4.000000000 0.000285610 0.000000000 0.000000000 0.000000000 0.002079360 42.000000000 43.000000000 62.000000000 44.000000000
1750310951.400000095 31.270505574666657 120.912387920 3.277100000 4.000000000 0.000272250 0.000000000 0.000000000 0.000000000 0.001980250 42.000000000 43.000000000 62.000000000 44.000000000
1750310951.599999905 31.270505495833333 120.912387041 3.264000000 4.000000000 0.000272250 0.000000000 0.000000000 0.000000000 0.001980250 42.000000000 43.000000000 62.000000000 44.000000000
1750310951.799999952 31.27050545516667 120.912386311 3.275200000 4.000000000 0.000272250 0.000000000 0.000000000 0.000000000 0.001980250 42.000000000 43.000000000 62.000000000 44.000000000
1750310952.000000000 31.270505591499997 120.912385599 3.262900000 4.000000000 0.000275560 0.000000000 0.000000000 0.000000000 0.001989160 42.000000000 43.000000000 62.000000000 44.000000000
1750310952.200000048 31.270505535666672 120.912384609 3.273000000 4.000000000 0.000275560 0.000000000 0.000000000 0.000000000 0.001980250 42.000000000 44.000000000 63.000000000 46.000000000
1750310952.400000095 31.270505157499997 120.912383803 3.290300000 4.000000000 0.000275560 0.000000000 0.000000000 0.000000000 0.001980250 42.000000000 44.000000000 63.000000000 46.000000000
1750310952.599999905 31.2705051385 120.912382951 3.280100000 4.000000000 0.000275560 0.000000000 0.000000000 0.000000000 0.001980250 42.000000000 44.000000000 63.000000000 46.000000000
1750310952.799999952 31.270505322999995 120.912382166 3.274000000 4.000000000 0.000275560 0.000000000 0.000000000 0.000000000 0.001989160 42.000000000 44.000000000 63.000000000 46.000000000
1750310953.000000000 31.270505024833327 120.912381391 3.263400000 4.000000000 0.000272250 0.000000000 0.000000000 0.000000000 0.001989160 42.000000000 44.000000000 63.000000000 46.000000000
1750310953.200000048 31.27050478583334 120.912380660 3.261000000 4.000000000 0.000268960 0.000000000 0.000000000 0.000000000 0.001971360 42.000000000 45.000000000 64.000000000 48.000000000
1750310953.400000095 31.270504458999994 120.912379978 3.262000000 4.000000000 0.000268960 0.000000000 0.000000000 0.000000000 0.001971360 42.000000000 45.000000000 64.000000000 48.000000000
1750310953.599999905 31.270503987500007 120.912379291 3.261800000 4.000000000 0.000268960 0.000000000 0.000000000 0.000000000 0.001962490 42.000000000 45.000000000 64.000000000 48.000000000
1750310953.799999952 31.270503493000007 120.912378717 3.258800000 4.000000000 0.000268960 0.000000000 0.000000000 0.000000000 0.001971360 42.000000000 45.000000000 64.000000000 48.000000000
1750310954.000000000 31.270502983 120.912378000 3.271000000 4.000000000 0.000268960 0.000000000 0.000000000 0.000000000 0.001971360 42.000000000 45.000000000 64.000000000 48.000000000
1750310954.200000048 31.2705029145 120.912377230 3.269200000 5.000000000 0.000262440 0.000000000 0.000000000 0.000000000 0.001944810 46.000000000 48.500000000 66.000000000 51.000000000
1750310954.400000095 31.27050258833333 120.912376331 3.287900000 5.000000000 0.000262440 0.000000000 0.000000000 0.000000000 0.001953640 46.000000000 48.500000000 66.000000000 51.000000000
1750310954.599999905 31.27050248966667 120.912375550 3.276900000 5.000000000 0.000262440 0.000000000 0.000000000 0.000000000 0.001953640 46.000000000 48.500000000 66.000000000 51.000000000
1750310954.799999952 31.27050241533334 120.912374767 3.272100000 5.000000000 0.000262440 0.000000000 0.000000000 0.000000000 0.001953640 46.000000000 48.500000000 66.000000000 51.000000000
1750310955.000000000 31.270502267166663 120.912373977 3.286300000 5.000000000 0.000268960 0.000000000 0.000000000 0.000000000 0.001971360 46.000000000 48.500000000 66.000000000 51.000000000
1750310955.200000048 31.270502137333324 120.912373331 3.287500000 5.000000000 0.000262440 0.000000000 0.000000000 0.000000000 0.001953640 48.000000000 38.400000000 64.000000000 48.000000000
1750310955.400000095 31.270501996166672 120.912372646 3.264200000 4.000000000 0.000213160 0.000000000 0.000000000 0.000000000 0.002714410 48.000000000 38.400000000 64.000000000 48.000000000
1750310955.599999905 31.27050196383334 120.912371829 3.265100000 4.000000000 0.000216090 0.000000000 0.000000000 0.000000000 0.002714410 48.000000000 38.400000000 64.000000000 48.000000000
1750310955.799999952 31.27050185516667 120.912370956 3.247400000 4.000000000 0.000216090 0.000000000 0.000000000 0.000000000 0.002714410 48.000000000 38.400000000 64.000000000 48.000000000
1750310956.000000000 31.270501799 120.912370117 3.253400000 4.000000000 0.000216090 0.000000000 0.000000000 0.000000000 0.002714410 48.000000000 38.400000000 64.000000000 48.000000000
1750310956.200000048 31.270501708166663 120.912369406 3.272300000 4.000000000 0.000213160 0.000000000 0.000000000 0.000000000 0.002714410 48.000000000 49.500000000 66.000000000 51.000000000
1750310956.400000095 31.270501580499996 120.912368617 3.304500000 4.000000000 0.000210250 0.000000000 0.000000000 0.000000000 0.002323240 48.000000000 49.500000000 66.000000000 51.000000000
1750310956.599999905 31.270501590833334 120.912367796 3.298300000 4.000000000 0.000210250 0.000000000 0.000000000 0.000000000 0.002323240 48.000000000 49.500000000 66.000000000 51.000000000
1750310956.799999952 31.270501669166663 120.912366964 3.280200000 4.000000000 0.000207360 0.000000000 0.000000000 0.000000000 0.002323240 48.000000000 49.500000000 66.000000000 51.000000000
1750310957.000000000 31.27050179183334 120.912366154 3.280000000 4.000000000 0.000210250 0.000000000 0.000000000 0.000000000 0.002323240 48.000000000 49.500000000 66.000000000 51.000000000
1750310957.200000048 31.270501892 120.912365266 3.268300000 4.000000000 0.000204490 0.000000000 0.000000000 0.000000000 0.002265760 55.000000000 54.000000000 67.000000000 53.000000000
1750310957.400000095 31.270501557499998 120.912364637 3.275400000 4.000000000 0.000198810 0.000000000 0.000000000 0.000000000 0.002052090 55.000000000 54.000000000 67.000000000 53.000000000
1750310957.599999905 31.270501337 120.912363740 3.292100000 4.000000000 0.000198810 0.000000000 0.000000000 0.000000000 0.002052090 55.000000000 54.000000000 67.000000000 53.000000000
1750310957.799999952 31.270501200333342 120.912362904 3.287200000 4.000000000 0.000201640 0.000000000 0.000000000 0.000000000 0.002061160 55.000000000 54.000000000 67.000000000 53.000000000
1750310958.000000000 31.27050119966667 120.912362106 3.259500000 4.000000000 0.000198810 0.000000000 0.000000000 0.000000000 0.002052090 55.000000000 54.000000000 67.000000000 53.000000000
1750310958.200000048 31.27050131916667 120.912361287 3.254100000 4.000000000 0.000198810 0.000000000 0.000000000 0.000000000 0.002052090 51.000000000 51.000000000 66.000000000 51.000000000
1750310958.400000095 31.270501590500004 120.912360487 3.262700000 4.000000000 0.000187690 0.000000000 0.000000000 0.000000000 0.001927210 51.000000000 51.000000000 66.000000000 51.000000000
1750310958.599999905 31.270501439666674 120.912359703 3.257200000 4.000000000 0.000187690 0.000000000 0.000000000 0.000000000 0.001927210 51.000000000 51.000000000 66.000000000 51.000000000
1750310958.799999952 31.27050088516667 120.912358985 3.278500000 4.000000000 0.000187690 0.000000000 0.000000000 0.000000000 0.001927210 51.000000000 51.000000000 66.000000000 51.000000000
1750310959.000000000 31.270500469166677 120.912358359 3.278500000 4.000000000 0.000187690 0.000000000 0.000000000 0.000000000 0.001936000 51.000000000 51.000000000 66.000000000 51.000000000
1750310959.200000048 31.270500095499997 120.912357653 3.278800000 4.000000000 0.000190440 0.000000000 0.000000000 0.000000000 0.001936000 53.000000000 53.000000000 67.000000000 53.000000000
1750310959.400000095 31.27049962533333 120.912356726 3.303300000 4.000000000 0.000204490 0.000000000 0.000000000 0.000000000 0.002016010 53.000000000 53.000000000 67.000000000 53.000000000
1750310959.599999905 31.270499486666665 120.912355929 3.299500000 4.000000000 0.000204490 0.000000000 0.000000000 0.000000000 0.002016010 53.000000000 53.000000000 67.000000000 53.000000000
1750310959.799999952 31.27049930183334 120.912355163 3.287500000 4.000000000 0.000207360 0.000000000 0.000000000 0.000000000 0.002025000 53.000000000 53.000000000 67.000000000 53.000000000
1750310960.000000000 31.27049933633333 120.912354259 3.278200000 4.000000000 0.000207360 0.000000000 0.000000000 0.000000000 0.002034010 53.000000000 53.000000000 67.000000000 53.000000000
1750310960.200000048 31.270499278000003 120.912353404 3.283600000 4.000000000 0.000201640 0.000000000 0.000000000 0.000000000 0.001989160 55.000000000 53.000000000 66.000000000 51.000000000
1750310960.400000095 31.270499205166672 120.912352580 3.295600000 4.000000000 0.000198810 0.000000000 0.000000000 0.000000000 0.001797760 55.000000000 53.000000000 66.000000000 51.000000000
1750310960.599999905 31.270499137 120.912351758 3.304700000 4.000000000 0.000201640 0.000000000 0.000000000 0.000000000 0.001840410 55.000000000 53.000000000 66.000000000 51.000000000
1750310960.799999952 31.27049916283333 120.912350918 3.294300000 4.000000000 0.000201640 0.000000000 0.000000000 0.000000000 0.001831840 55.000000000 53.000000000 66.000000000 51.000000000
1750310961.000000000 31.270498968833337 120.912350107 3.301800000 4.000000000 0.000201640 0.000000000 0.000000000 0.000000000 0.001831840 55.000000000 53.000000000 66.000000000 51.000000000
1750310961.200000048 31.27049889066666 120.912349248 3.292800000 4.000000000 0.000201640 0.000000000 0.000000000 0.000000000 0.001797760 57.000000000 55.000000000 67.000000000 53.000000000
1750310961.400000095 31.270499113 120.912348263 3.262400000 4.000000000 0.000204490 0.000000000 0.000000000 0.000000000 0.001780840 57.000000000 55.000000000 67.000000000 53.000000000
1750310961.599999905 31.270499056333335 120.912347475 3.251100000 4.000000000 0.000204490 0.000000000 0.000000000 0.000000000 0.001780840 57.000000000 55.000000000 67.000000000 53.000000000
1750310961.799999952 31.27049894383333 120.912346748 3.263000000 4.000000000 0.000204490 0.000000000 0.000000000 0.000000000 0.001780840 57.000000000 55.000000000 67.000000000 53.000000000
1750310962.000000000 31.270498819500006 120.912345935 3.256900000 4.000000000 0.000204490 0.000000000 0.000000000 0.000000000 0.001780840 57.000000000 55.000000000 67.000000000 53.000000000
1750310962.200000048 31.270498669333335 120.912345231 3.257600000 4.000000000 0.000204490 0.000000000 0.000000000 0.000000000 0.001789290 57.000000000 57.000000000 69.000000000 57.000000000
1750310962.400000095 31.270498895000003 120.912344476 3.208600000 4.000000000 0.000190440 0.000000000 0.000000000 0.000000000 0.000924160 57.000000000 57.000000000 69.000000000 57.000000000
1750310962.599999905 31.27049861733333 120.912343758 3.219600000 4.000000000 0.000190440 0.000000000 0.000000000 0.000000000 0.000924160 57.000000000 57.000000000 69.000000000 57.000000000
1750310962.799999952 31.270498317999994 120.912342970 3.233700000 4.000000000 0.000190440 0.000000000 0.000000000 0.000000000 0.000930250 57.000000000 57.000000000 69.000000000 57.000000000
1750310963.000000000 31.270497767500004 120.912342228 3.258900000 4.000000000 0.000193210 0.000000000 0.000000000 0.000000000 0.000961000 57.000000000 57.000000000 69.000000000 57.000000000
1750310963.200000048 31.270497515666662 120.912341497 3.269800000 4.000000000 0.000196000 0.000000000 0.000000000 0.000000000 0.000973440 53.000000000 54.000000000 68.000000000 55.000000000
1750310963.400000095 31.27049738566666 120.912340624 3.241400000 4.000000000 0.000228010 0.000000000 0.000000000 0.000000000 0.001024000 53.000000000 54.000000000 68.000000000 55.000000000
1750310963.599999905 31.270497257333332 120.912339803 3.250500000 4.000000000 0.000231040 0.000000000 0.000000000 0.000000000 0.001024000 53.000000000 54.000000000 68.000000000 55.000000000
1750310963.799999952 31.27049726616667 120.912339019 3.252400000 4.000000000 0.000231040 0.000000000 0.000000000 0.000000000 0.001024000 53.000000000 54.000000000 68.000000000 55.000000000
1750310964.000000000 31.270497164666665 120.912338131 3.255300000 4.000000000 0.000231040 0.000000000 0.000000000 0.000000000 0.001024000 53.000000000 54.000000000 68.000000000 55.000000000
1750310964.200000048 31.27049729699999 120.912337242 3.248200000 4.000000000 0.000225000 0.000000000 0.000000000 0.000000000 0.000973440 53.000000000 52.000000000 66.000000000 51.000000000
1750310964.400000095 31.27049712516667 120.912336617 3.261200000 4.000000000 0.000237160 0.000000000 0.000000000 0.000000000 0.000900000 53.000000000 52.000000000 66.000000000 51.000000000
1750310964.599999905 31.270496972000004 120.912335926 3.253500000 4.000000000 0.000237160 0.000000000 0.000000000 0.000000000 0.000900000 53.000000000 52.000000000 66.000000000 51.000000000
1750310964.799999952 31.270497013833335 120.912335097 3.260400000 4.000000000 0.000240250 0.000000000 0.000000000 0.000000000 0.000900000 53.000000000 52.000000000 66.000000000 51.000000000
1750310965.000000000 31.270496767166662 120.912334401 3.285800000 4.000000000 0.000243360 0.000000000 0.000000000 0.000000000 0.000900000 53.000000000 52.000000000 66.000000000 51.000000000
1750310965.200000048 31.270496756 120.912333489 3.295400000 4.000000000 0.000237160 0.000000000 0.000000000 0.000000000 0.000900000 55.000000000 53.000000000 66.000000000 51.000000000
1750310965.400000095 31.270496854 120.912332546 3.305900000 4.000000000 0.000213160 0.000000000 0.000000000 0.000000000 0.000841000 55.000000000 53.000000000 66.000000000 51.000000000
1750310965.599999905 31.270496871000006 120.912331752 3.289700000 4.000000000 0.000213160 0.000000000 0.000000000 0.000000000 0.000858490 55.000000000 53.000000000 66.000000000 51.000000000
1750310965.799999952 31.270497075166674 120.912330894 3.290300000 4.000000000 0.000216090 0.000000000 0.000000000 0.000000000 0.000864360 55.000000000 53.000000000 66.000000000 51.000000000
1750310966.000000000 31.270496915833334 120.912330079 3.302000000 4.000000000 0.000219040 0.000000000 0.000000000 0.000000000 0.000906010 55.000000000 53.000000000 66.000000000 51.000000000
1750310966.200000048 31.2704965825 120.912329328 3.322600000 4.000000000 0.000219040 0.000000000 0.000000000 0.000000000 0.000900000 48.000000000 48.000000000 64.000000000 48.000000000
1750310966.400000095 31.27049632149999 120.912328509 3.282700000 4.000000000 0.000259210 0.000000000 0.000000000 0.000000000 0.001346890 48.000000000 48.000000000 64.000000000 48.000000000
1750310966.599999905 31.270496152166672 120.912327758 3.286300000 4.000000000 0.000259210 0.000000000 0.000000000 0.000000000 0.001346890 48.000000000 48.000000000 64.000000000 48.000000000
1750310966.799999952 31.27049579300001 120.912327094 3.295800000 4.000000000 0.000259210 0.000000000 0.000000000 0.000000000 0.001346890 48.000000000 48.000000000 64.000000000 48.000000000
1750310967.000000000 31.2704955225 120.912326280 3.301100000 4.000000000 0.000259210 0.000000000 0.000000000 0.000000000 0.001346890 48.000000000 48.000000000 64.000000000 48.000000000
1750310967.200000048 31.270495321666658 120.912325459 3.304400000 4.000000000 0.000240250 0.000000000 0.000000000 0.000000000 0.001183360 57.000000000 52.500000000 64.000000000 48.000000000
1750310967.400000095 31.27049536199999 120.912324819 3.280800000 4.000000000 0.000225000 0.000000000 0.000000000 0.000000000 0.001324960 57.000000000 52.500000000 64.000000000 48.000000000
1750310967.599999905 31.270495128666667 120.912324167 3.292200000 4.000000000 0.000231040 0.000000000 0.000000000 0.000000000 0.001346890 57.000000000 52.500000000 64.000000000 48.000000000
1750310967.799999952 31.27049454666667 120.912323217 3.289300000 4.000000000 0.000237160 0.000000000 0.000000000 0.000000000 0.001376410 57.000000000 52.500000000 64.000000000 48.000000000
1750310968.000000000 31.27049445666667 120.912322630 3.287600000 4.000000000 0.000237160 0.000000000 0.000000000 0.000000000 0.001376410 57.000000000 52.500000000 64.000000000 48.000000000
1750310968.200000048 31.270494379666673 120.912321837 3.271000000 4.000000000 0.000237160 0.000000000 0.000000000 0.000000000 0.001369000 42.000000000 47.500000000 67.000000000 53.000000000
1750310968.400000095 31.270493994999995 120.912321160 3.260300000 4.000000000 0.000262440 0.000000000 0.000000000 0.000000000 0.001459240 42.000000000 47.500000000 67.000000000 53.000000000
1750310968.599999905 31.270493963666667 120.912320263 3.238800000 4.000000000 0.000262440 0.000000000 0.000000000 0.000000000 0.001459240 42.000000000 47.500000000 67.000000000 53.000000000
1750310968.799999952 31.270494107666664 120.912319430 3.228000000 4.000000000 0.000262440 0.000000000 0.000000000 0.000000000 0.001459240 42.000000000 47.500000000 67.000000000 53.000000000
1750310969.000000000 31.270494130499998 120.912318442 3.220300000 4.000000000 0.000262440 0.000000000 0.000000000 0.000000000 0.001459240 42.000000000 47.500000000 67.000000000 53.000000000
1750310969.200000048 31.270493994333336 120.912317699 3.220300000 4.000000000 0.000249640 0.000000000 0.000000000 0.000000000 0.001421290 53.000000000 54.000000000 68.000000000 55.000000000
1750310969.400000095 31.27049398283333 120.912316992 3.274500000 4.000000000 0.000187690 0.000000000 0.000000000 0.000000000 0.001011240 53.000000000 54.000000000 68.000000000 55.000000000
1750310969.599999905 31.2704940335 120.912316080 3.276900000 4.000000000 0.000187690 0.000000000 0.000000000 0.000000000 0.001011240 53.000000000 54.000000000 68.000000000 55.000000000
1750310969.799999952 31.270493923999993 120.912315369 3.274800000 4.000000000 0.000187690 0.000000000 0.000000000 0.000000000 0.001011240 53.000000000 54.000000000 68.000000000 55.000000000
1750310970.000000000 31.270493804166676 120.912314669 3.258800000 4.000000000 0.000198810 0.000000000 0.000000000 0.000000000 0.001030410 53.000000000 54.000000000 68.000000000 55.000000000
1750310970.200000048 31.27049359616666 120.912313836 3.260500000 4.000000000 0.000196000 0.000000000 0.000000000 0.000000000 0.001024000 48.000000000 52.500000000 69.000000000 57.000000000
1750310970.400000095 31.27049308299999 120.912313040 3.290300000 4.000000000 0.000216090 0.000000000 0.000000000 0.000000000 0.000829440 48.000000000 52.500000000 69.000000000 57.000000000
1750310970.599999905 31.270492606999994 120.912312359 3.299700000 4.000000000 0.000216090 0.000000000 0.000000000 0.000000000 0.000829440 48.000000000 52.500000000 69.000000000 57.000000000
1750310970.799999952 31.270492200666666 120.912311625 3.282300000 4.000000000 0.000216090 0.000000000 0.000000000 0.000000000 0.000829440 48.000000000 52.500000000 69.000000000 57.000000000
1750310971.000000000 31.270491668999995 120.912310899 3.304400000 4.000000000 0.000216090 0.000000000 0.000000000 0.000000000 0.000829440 48.000000000 52.500000000 69.000000000 57.000000000
1750310971.200000048 31.27049129783333 120.912310709 3.305400000 4.000000000 0.000210250 0.000000000 0.000000000 0.000000000 0.000800890 55.000000000 56.000000000 69.000000000 57.000000000
1750310971.400000095 31.27049085850001 120.912310643 3.245200000 4.000000000 0.000349690 0.000000000 0.000000000 0.000000000 0.000457960 55.000000000 56.000000000 69.000000000 57.000000000
1750310971.599999905 31.270490704333326 120.912310515 3.248300000 4.000000000 0.000349690 0.000000000 0.000000000 0.000000000 0.000457960 55.000000000 56.000000000 69.000000000 57.000000000
1750310971.799999952 31.270490534333334 120.912310077 3.241800000 4.000000000 0.000353440 0.000000000 0.000000000 0.000000000 0.000462250 55.000000000 56.000000000 69.000000000 57.000000000
1750310972.000000000 31.2704905115 120.912309338 3.243400000 4.000000000 0.000357210 0.000000000 0.000000000 0.000000000 0.000462250 55.000000000 56.000000000 69.000000000 57.000000000
1750310972.200000048 31.27049070583334 120.912308452 3.247200000 4.000000000 0.000364810 0.000000000 0.000000000 0.000000000 0.000466560 57.000000000 60.000000000 72.000000000 63.000000000
1750310972.400000095 31.270490907500005 120.912307677 3.242600000 4.000000000 0.000357210 0.000000000 0.000000000 0.000000000 0.000462250 57.000000000 60.000000000 72.000000000 63.000000000
1750310972.599999905 31.270491175000004 120.912306743 3.264900000 4.000000000 0.000357210 0.000000000 0.000000000 0.000000000 0.000462250 57.000000000 60.000000000 72.000000000 63.000000000
1750310972.799999952 31.270491424166664 120.912305958 3.271700000 4.000000000 0.000357210 0.000000000 0.000000000 0.000000000 0.000462250 57.000000000 60.000000000 72.000000000 63.000000000
1750310973.000000000 31.27049177316667 120.912305143 3.285500000 4.000000000 0.000364810 0.000000000 0.000000000 0.000000000 0.000466560 57.000000000 60.000000000 72.000000000 63.000000000
1750310973.200000048 31.270492246000003 120.912304370 3.295200000 4.000000000 0.000349690 0.000000000 0.000000000 0.000000000 0.000457960 55.000000000 56.000000000 69.000000000 57.000000000
1750310973.400000095 31.27049260066667 120.912303845 3.322900000 4.000000000 0.000228010 0.000000000 0.000000000 0.000000000 0.000243360 55.000000000 56.000000000 69.000000000 57.000000000
1750310973.599999905 31.270493153666663 120.912303259 3.295900000 4.000000000 0.000228010 0.000000000 0.000000000 0.000000000 0.000243360 55.000000000 56.000000000 69.000000000 57.000000000
1750310973.799999952 31.270493725999998 120.912302704 3.294900000 4.000000000 0.000228010 0.000000000 0.000000000 0.000000000 0.000243360 55.000000000 56.000000000 69.000000000 57.000000000
1750310974.000000000 31.270494402500006 120.912302316 3.289800000 4.000000000 0.000228010 0.000000000 0.000000000 0.000000000 0.000243360 55.000000000 56.000000000 69.000000000 57.000000000
1750310974.200000048 31.270494986666677 120.912301984 3.277000000 4.000000000 0.000222010 0.000000000 0.000000000 0.000000000 0.000240250 57.000000000 58.000000000 70.000000000 59.000000000
1750310974.400000095 31.27049550416666 120.912301651 3.316300000 4.000000000 0.000207360 0.000000000 0.000000000 0.000000000 0.000225000 57.000000000 58.000000000 70.000000000 59.000000000
1750310974.599999905 31.270496141500004 120.912301536 3.322400000 4.000000000 0.000210250 0.000000000 0.000000000 0.000000000 0.000225000 57.000000000 58.000000000 70.000000000 59.000000000
1750310974.799999952 31.27049690766667 120.912301446 3.321800000 4.000000000 0.000213160 0.000000000 0.000000000 0.000000000 0.000225000 57.000000000 58.000000000 70.000000000 59.000000000
1750310975.000000000 31.270497618666667 120.912301645 3.334400000 4.000000000 0.000213160 0.000000000 0.000000000 0.000000000 0.000225000 57.000000000 58.000000000 70.000000000 59.000000000
1750310975.200000048 31.270498365166674 120.912301704 3.354800000 4.000000000 0.000204490 0.000000000 0.000000000 0.000000000 0.000219040 59.000000000 60.000000000 71.000000000 61.000000000
1750310975.400000095 31.270499192666662 120.912301652 3.328000000 4.000000000 0.000190440 0.000000000 0.000000000 0.000000000 0.000213160 59.000000000 60.000000000 71.000000000 61.000000000
1750310975.599999905 31.270499865999994 120.912301619 3.317800000 4.000000000 0.000193210 0.000000000 0.000000000 0.000000000 0.000219040 59.000000000 60.000000000 71.000000000 61.000000000
1750310975.799999952 31.27050062533334 120.912302067 3.288400000 4.000000000 0.000210250 0.000000000 0.000000000 0.000000000 0.000228010 59.000000000 60.000000000 71.000000000 61.000000000
1750310976.000000000 31.270501513166664 120.912302408 3.262000000 4.000000000 0.000210250 0.000000000 0.000000000 0.000000000 0.000228010 59.000000000 60.000000000 71.000000000 61.000000000
1750310976.200000048 31.270502117666666 120.912302465 3.288300000 4.000000000 0.000193210 0.000000000 0.000000000 0.000000000 0.000219040 57.000000000 55.000000000 67.000000000 53.000000000
1750310976.400000095 31.270502860000008 120.912302195 3.322700000 4.000000000 0.000193210 0.000000000 0.000000000 0.000000000 0.000222010 57.000000000 55.000000000 67.000000000 53.000000000
1750310976.599999905 31.270503376333338 120.912302316 3.317600000 4.000000000 0.000193210 0.000000000 0.000000000 0.000000000 0.000222010 57.000000000 55.000000000 67.000000000 53.000000000
1750310976.799999952 31.270503578666663 120.912302789 3.323700000 4.000000000 0.000196000 0.000000000 0.000000000 0.000000000 0.000222010 57.000000000 55.000000000 67.000000000 53.000000000
1750310977.000000000 31.270503800499995 120.912303292 3.254000000 4.000000000 0.000225000 0.000000000 0.000000000 0.000000000 0.000240250 57.000000000 55.000000000 67.000000000 53.000000000
1750310977.200000048 31.270503824333332 120.912303282 3.246800000 4.000000000 0.000193210 0.000000000 0.000000000 0.000000000 0.000216090 65.000000000 58.000000000 66.000000000 51.000000000
1750310977.400000095 31.270503813666664 120.912303033 3.304900000 4.000000000 0.000198810 0.000000000 0.000000000 0.000000000 0.000285610 65.000000000 58.000000000 66.000000000 51.000000000
1750310977.599999905 31.270503807500006 120.912302983 3.304800000 4.000000000 0.000201640 0.000000000 0.000000000 0.000000000 0.000285610 65.000000000 58.000000000 66.000000000 51.000000000
1750310977.799999952 31.27050380916667 120.912303036 3.287500000 4.000000000 0.000201640 0.000000000 0.000000000 0.000000000 0.000289000 65.000000000 58.000000000 66.000000000 51.000000000
1750310978.000000000 31.270503759166672 120.912303001 3.294800000 4.000000000 0.000201640 0.000000000 0.000000000 0.000000000 0.000295840 65.000000000 58.000000000 66.000000000 51.000000000
1750310978.200000048 31.270503774999995 120.912303034 3.291500000 4.000000000 0.000198810 0.000000000 0.000000000 0.000000000 0.000289000 68.000000000 64.500000000 71.000000000 61.000000000
1750310978.400000095 31.270503781499997 120.912302964 3.298200000 4.000000000 0.000196000 0.000000000 0.000000000 0.000000000 0.000436810 68.000000000 64.500000000 71.000000000 61.000000000
1750310978.599999905 31.270504278666664 120.912302752 3.317200000 4.000000000 0.000198810 0.000000000 0.000000000 0.000000000 0.000436810 68.000000000 64.500000000 71.000000000 61.000000000
1750310978.799999952 31.27050498599999 120.912302407 3.329400000 4.000000000 0.000198810 0.000000000 0.000000000 0.000000000 0.000441000 68.000000000 64.500000000 71.000000000 61.000000000
1750310979.000000000 31.2705057055 120.912302038 3.284500000 4.000000000 0.000204490 0.000000000 0.000000000 0.000000000 0.000445210 68.000000000 64.500000000 71.000000000 61.000000000
1750310979.200000048 31.27050642783334 120.912301826 3.271600000 4.000000000 0.000204490 0.000000000 0.000000000 0.000000000 0.000441000 68.000000000 64.000000000 71.000000000 60.000000000
1750310979.400000095 31.270507079499993 120.912301689 3.305300000 4.000000000 0.000207360 0.000000000 0.000000000 0.000000000 0.000400000 68.000000000 64.000000000 71.000000000 60.000000000
1750310979.599999905 31.27050763300001 120.912301132 3.305100000 4.000000000 0.000207360 0.000000000 0.000000000 0.000000000 0.000408040 68.000000000 64.000000000 71.000000000 60.000000000
1750310979.799999952 31.270508314499992 120.912300545 3.347700000 4.000000000 0.000219040 0.000000000 0.000000000 0.000000000 0.000412090 68.000000000 64.000000000 71.000000000 60.000000000
1750310980.000000000 31.27050908033334 120.912300054 3.389400000 4.000000000 0.000231040 0.000000000 0.000000000 0.000000000 0.000420250 68.000000000 64.000000000 71.000000000 60.000000000
1750310980.200000048 31.270509798666666 120.912299805 3.374200000 4.000000000 0.000234090 0.000000000 0.000000000 0.000000000 0.000416160 50.000000000 47.500000000 63.000000000 45.000000000
1750310980.400000095 31.270510429500007 120.912299605 3.352600000 4.000000000 0.000231040 0.000000000 0.000000000 0.000000000 0.000416160 50.000000000 47.500000000 63.000000000 45.000000000
1750310980.599999905 31.27051112683334 120.912299481 3.375600000 4.000000000 0.000231040 0.000000000 0.000000000 0.000000000 0.000412090 50.000000000 47.500000000 63.000000000 45.000000000
1750310980.799999952 31.270511761833333 120.912299367 3.379200000 4.000000000 0.000231040 0.000000000 0.000000000 0.000000000 0.000412090 50.000000000 47.500000000 63.000000000 45.000000000
1750310981.000000000 31.270512440666664 120.912299264 3.450200000 4.000000000 0.000237160 0.000000000 0.000000000 0.000000000 0.000412090 50.000000000 47.500000000 63.000000000 45.000000000
1750310981.200000048 31.27051310733333 120.912299306 3.461300000 4.000000000 0.000222010 0.000000000 0.000000000 0.000000000 0.000400000 58.000000000 52.500000000 64.000000000 47.000000000
1750310981.400000095 31.270513929499998 120.912299196 3.408300000 4.000000000 0.000222010 0.000000000 0.000000000 0.000000000 0.000400000 58.000000000 52.500000000 64.000000000 47.000000000
1750310981.599999905 31.270514618999997 120.912299128 3.393600000 4.000000000 0.000231040 0.000000000 0.000000000 0.000000000 0.000400000 58.000000000 52.500000000 64.000000000 47.000000000
1750310981.799999952 31.27051540683334 120.912298974 3.370400000 4.000000000 0.000231040 0.000000000 0.000000000 0.000000000 0.000400000 58.000000000 52.500000000 64.000000000 47.000000000
1750310982.000000000 31.270515985666663 120.912298787 3.457800000 4.000000000 0.000234090 0.000000000 0.000000000 0.000000000 0.000400000 58.000000000 52.500000000 64.000000000 47.000000000
1750310982.200000048 31.27051666983334 120.912298544 3.450200000 4.000000000 0.000234090 0.000000000 0.000000000 0.000000000 0.000400000 52.000000000 52.000000000 67.000000000 52.000000000
1750310982.400000095 31.270517470499996 120.912298546 3.361800000 4.000000000 0.000249640 0.000000000 0.000000000 0.000000000 0.000404010 52.000000000 52.000000000 67.000000000 52.000000000
1750310982.599999905 31.270518167000006 120.912298279 3.382700000 4.000000000 0.000240250 0.000000000 0.000000000 0.000000000 0.000404010 52.000000000 52.000000000 67.000000000 52.000000000
1750310982.799999952 31.270518790833336 120.912298089 3.365800000 4.000000000 0.000234090 0.000000000 0.000000000 0.000000000 0.000400000 52.000000000 52.000000000 67.000000000 52.000000000
1750310983.000000000 31.2705193905 120.912297786 3.438400000 4.000000000 0.000237160 0.000000000 0.000000000 0.000000000 0.000400000 52.000000000 52.000000000 67.000000000 52.000000000
1750310983.200000048 31.270520109833342 120.912297361 3.427700000 4.000000000 0.000234090 0.000000000 0.000000000 0.000000000 0.000400000 48.000000000 49.500000000 66.000000000 51.000000000
1750310983.400000095 31.270520901500007 120.912297050 3.342000000 4.000000000 0.000234090 0.000000000 0.000000000 0.000000000 0.000400000 48.000000000 49.500000000 66.000000000 51.000000000
1750310983.599999905 31.2705216385 120.912297087 3.329900000 4.000000000 0.000234090 0.000000000 0.000000000 0.000000000 0.000396010 48.000000000 49.500000000 66.000000000 51.000000000
1750310983.799999952 31.270522350333337 120.912297014 3.327700000 4.000000000 0.000234090 0.000000000 0.000000000 0.000000000 0.000400000 48.000000000 49.500000000 66.000000000 51.000000000
1750310984.000000000 31.270522918833336 120.912296876 3.410700000 4.000000000 0.000243360 0.000000000 0.000000000 0.000000000 0.000400000 48.000000000 49.500000000 66.000000000 51.000000000
1750310984.200000048 31.27052362083333 120.912296828 3.420000000 4.000000000 0.000240250 0.000000000 0.000000000 0.000000000 0.000396010 56.000000000 54.000000000 67.000000000 52.000000000
1750310984.400000095 31.27052440183334 120.912296972 3.335500000 4.000000000 0.000262440 0.000000000 0.000000000 0.000000000 0.000400000 56.000000000 54.000000000 67.000000000 52.000000000
1750310984.599999905 31.270525179333333 120.912296977 3.327200000 4.000000000 0.000265690 0.000000000 0.000000000 0.000000000 0.000400000 56.000000000 54.000000000 67.000000000 52.000000000
1750310984.799999952 31.27052586233333 120.912296935 3.325000000 4.000000000 0.000265690 0.000000000 0.000000000 0.000000000 0.000404010 56.000000000 54.000000000 67.000000000 52.000000000
1750310985.000000000 31.27052649466667 120.912296725 3.398000000 4.000000000 0.000272250 0.000000000 0.000000000 0.000000000 0.000404010 56.000000000 54.000000000 67.000000000 52.000000000
1750310985.200000048 31.270527188499997 120.912296512 3.412600000 4.000000000 0.000289000 0.000000000 0.000000000 0.000000000 0.000408040 47.000000000 47.000000000 64.000000000 47.000000000
1750310985.400000095 31.27052803666666 120.912296815 3.309600000 4.000000000 0.000289000 0.000000000 0.000000000 0.000000000 0.000408040 47.000000000 47.000000000 64.000000000 47.000000000
1750310985.599999905 31.270528742833335 120.912296830 3.306200000 4.000000000 0.000289000 0.000000000 0.000000000 0.000000000 0.000412090 47.000000000 47.000000000 64.000000000 47.000000000
1750310985.799999952 31.270529506666662 120.912296649 3.307300000 4.000000000 0.000292410 0.000000000 0.000000000 0.000000000 0.000412090 47.000000000 47.000000000 64.000000000 47.000000000
1750310986.000000000 31.270530004500003 120.912296093 3.393400000 4.000000000 0.000289000 0.000000000 0.000000000 0.000000000 0.000412090 47.000000000 47.000000000 64.000000000 47.000000000
1750310986.200000048 31.27053067366667 120.912295760 3.392100000 4.000000000 0.000289000 0.000000000 0.000000000 0.000000000 0.000412090 42.000000000 44.000000000 61.000000000 46.000000000
1750310986.400000095 31.270531507166666 120.912295506 3.278100000 4.000000000 0.000289000 0.000000000 0.000000000 0.000000000 0.000412090 42.000000000 44.000000000 61.000000000 46.000000000
1750310986.599999905 31.270532157999995 120.912295189 3.293500000 4.000000000 0.000292410 0.000000000 0.000000000 0.000000000 0.000412090 42.000000000 44.000000000 61.000000000 46.000000000
1750310986.799999952 31.270532856833327 120.912295117 3.295100000 4.000000000 0.000292410 0.000000000 0.000000000 0.000000000 0.000412090 42.000000000 44.000000000 61.000000000 46.000000000
1750310987.000000000 31.270533404999995 120.912294865 3.426300000 4.000000000 0.000292410 0.000000000 0.000000000 0.000000000 0.000412090 42.000000000 44.000000000 61.000000000 46.000000000
1750310987.200000048 31.27053405383333 120.912294697 3.427500000 4.000000000 0.000278890 0.000000000 0.000000000 0.000000000 0.000412090 44.000000000 46.000000000 61.000000000 48.000000000
1750310987.400000095 31.27053500433334 120.912294913 3.303500000 4.000000000 0.000289000 0.000000000 0.000000000 0.000000000 0.000412090 44.000000000 46.000000000 61.000000000 48.000000000
1750310987.599999905 31.270535633833333 120.912294943 3.305300000 4.000000000 0.000292410 0.000000000 0.000000000 0.000000000 0.000412090 44.000000000 46.000000000 61.000000000 48.000000000
1750310987.799999952 31.270536345500005 120.912294706 3.316500000 4.000000000 0.000292410 0.000000000 0.000000000 0.000000000 0.000412090 44.000000000 46.000000000 61.000000000 48.000000000
1750310988.000000000 31.270536854166664 120.912294401 3.446500000 4.000000000 0.000292410 0.000000000 0.000000000 0.000000000 0.000412090 44.000000000 46.000000000 61.000000000 48.000000000
1750310988.200000048 31.27053760199999 120.912294313 3.458200000 4.000000000 0.000272250 0.000000000 0.000000000 0.000000000 0.000404010 44.000000000 45.000000000 61.000000000 46.000000000
1750310988.400000095 31.270538472333328 120.912294433 3.343900000 4.000000000 0.000272250 0.000000000 0.000000000 0.000000000 0.000404010 44.000000000 45.000000000 61.000000000 46.000000000
1750310988.599999905 31.27053924816667 120.912294195 3.364600000 4.000000000 0.000272250 0.000000000 0.000000000 0.000000000 0.000404010 44.000000000 45.000000000 61.000000000 46.000000000
1750310988.799999952 31.270539854333336 120.912294237 3.351400000 4.000000000 0.000272250 0.000000000 0.000000000 0.000000000 0.000404010 44.000000000 45.000000000 61.000000000 46.000000000
1750310989.000000000 31.270540351333338 120.912293913 3.486100000 4.000000000 0.000272250 0.000000000 0.000000000 0.000000000 0.000404010 44.000000000 45.000000000 61.000000000 46.000000000
1750310989.200000048 31.270541043666668 120.912293962 3.469600000 4.000000000 0.000272250 0.000000000 0.000000000 0.000000000 0.000404010 41.000000000 44.000000000 63.000000000 47.000000000
1750310989.400000095 31.27054184933334 120.912293981 3.356800000 4.000000000 0.000272250 0.000000000 0.000000000 0.000000000 0.000404010 41.000000000 44.000000000 63.000000000 47.000000000
1750310989.599999905 31.270542463166663 120.912293976 3.351200000 4.000000000 0.000272250 0.000000000 0.000000000 0.000000000 0.000404010 41.000000000 44.000000000 63.000000000 47.000000000
1750310989.799999952 31.27054234916666 120.912294043 3.340400000 4.000000000 0.000272250 0.000000000 0.000000000 0.000000000 0.000404010 41.000000000 44.000000000 63.000000000 47.000000000
1750310990.000000000 31.270542376833333 120.912293967 3.348300000 4.000000000 0.000272250 0.000000000 0.000000000 0.000000000 0.000404010 41.000000000 44.000000000 63.000000000 47.000000000
1750310990.200000048 31.270542569 120.912294218 3.221800000 4.000000000 0.001713960 0.000000000 0.000000000 0.000000000 0.000428490 42.000000000 46.500000000 64.000000000 51.000000000
1750310990.400000095 31.270542593000002 120.912294306 3.199800000 4.000000000 0.001730560 0.000000000 0.000000000 0.000000000 0.000436810 42.000000000 46.500000000 64.000000000 51.000000000
1750310990.599999905 31.270542590333335 120.912294299 3.198900000 4.000000000 0.001730560 0.000000000 0.000000000 0.000000000 0.000436810 42.000000000 46.500000000 64.000000000 51.000000000
1750310990.799999952 31.27054260433333 120.912294317 3.190000000 4.000000000 0.001730560 0.000000000 0.000000000 0.000000000 0.000436810 42.000000000 46.500000000 64.000000000 51.000000000
1750310991.000000000 31.2705426535 120.912294551 3.188100000 4.000000000 0.001730560 0.000000000 0.000000000 0.000000000 0.000436810 42.000000000 46.500000000 64.000000000 51.000000000
1750310991.200000048 31.270542751666667 120.912294804 3.183200000 4.000000000 0.001738890 0.000000000 0.000000000 0.000000000 0.000436810 46.000000000 47.000000000 62.000000000 48.000000000
1750310991.400000095 31.27054291633334 120.912294919 3.169000000 4.000000000 0.001391290 0.000000000 0.000000000 0.000000000 0.000441000 46.000000000 47.000000000 62.000000000 48.000000000
1750310991.599999905 31.27054287883334 120.912294901 3.169800000 4.000000000 0.001398760 0.000000000 0.000000000 0.000000000 0.000441000 46.000000000 47.000000000 62.000000000 48.000000000
1750310991.799999952 31.27054287433333 120.912294896 3.169100000 4.000000000 0.001398760 0.000000000 0.000000000 0.000000000 0.000441000 46.000000000 47.000000000 62.000000000 48.000000000
1750310992.000000000 31.27054288016666 120.912294943 3.161200000 4.000000000 0.001398760 0.000000000 0.000000000 0.000000000 0.000441000 46.000000000 47.000000000 62.000000000 48.000000000
1750310992.200000048 31.27054287749999 120.912294906 3.165600000 4.000000000 0.001398760 0.000000000 0.000000000 0.000000000 0.000445210 46.000000000 47.000000000 62.000000000 48.000000000
1750310992.400000095 31.27054284933334 120.912295150 3.203400000 4.000000000 0.001391290 0.000000000 0.000000000 0.000000000 0.000462250 46.000000000 47.000000000 62.000000000 48.000000000
1750310992.599999905 31.270542944499994 120.912295447 3.202400000 4.000000000 0.001391290 0.000000000 0.000000000 0.000000000 0.000462250 46.000000000 47.000000000 62.000000000 48.000000000
1750310992.799999952 31.27054304316667 120.912295755 3.185300000 4.000000000 0.001391290 0.000000000 0.000000000 0.000000000 0.000462250 46.000000000 47.000000000 62.000000000 48.000000000
1750310993.000000000 31.27054329083333 120.912295807 3.181300000 4.000000000 0.001391290 0.000000000 0.000000000 0.000000000 0.000462250 46.000000000 47.000000000 62.000000000 48.000000000
1750310993.200000048 31.270543820166665 120.912295594 3.204900000 4.000000000 0.001421290 0.000000000 0.000000000 0.000000000 0.000466560 42.000000000 45.000000000 62.000000000 48.000000000
1750310993.400000095 31.27054407833333 120.912295014 3.275500000 4.000000000 0.001369000 0.000000000 0.000000000 0.000000000 0.000462250 42.000000000 45.000000000 62.000000000 48.000000000
1750310993.599999905 31.270544428500003 120.912294171 3.284800000 4.000000000 0.001369000 0.000000000 0.000000000 0.000000000 0.000462250 42.000000000 45.000000000 62.000000000 48.000000000
1750310993.799999952 31.270544463833332 120.912293745 3.306600000 4.000000000 0.001369000 0.000000000 0.000000000 0.000000000 0.000462250 42.000000000 45.000000000 62.000000000 48.000000000
1750310994.000000000 31.270544404666666 120.912293700 3.284400000 4.000000000 0.001369000 0.000000000 0.000000000 0.000000000 0.000462250 42.000000000 45.000000000 62.000000000 48.000000000
1750310994.200000048 31.270544377166672 120.912293661 3.301900000 4.000000000 0.001260250 0.000000000 0.000000000 0.000000000 0.000449440 46.000000000 46.000000000 61.000000000 46.000000000
1750310994.400000095 31.270544329833342 120.912293624 3.339100000 4.000000000 0.001324960 0.000000000 0.000000000 0.000000000 0.000462250 46.000000000 46.000000000 61.000000000 46.000000000
1750310994.599999905 31.270544394500007 120.912293517 3.339600000 4.000000000 0.001324960 0.000000000 0.000000000 0.000000000 0.000462250 46.000000000 46.000000000 61.000000000 46.000000000
1750310994.799999952 31.270544795666666 120.912293080 3.344100000 4.000000000 0.001332250 0.000000000 0.000000000 0.000000000 0.000462250 46.000000000 46.000000000 61.000000000 46.000000000
1750310995.000000000 31.270545363833335 120.912292409 3.343500000 4.000000000 0.001324960 0.000000000 0.000000000 0.000000000 0.000462250 46.000000000 46.000000000 61.000000000 46.000000000
1750310995.200000048 31.270545993 120.912291968 3.380100000 4.000000000 0.001310440 0.000000000 0.000000000 0.000000000 0.000462250 48.000000000 49.500000000 64.000000000 51.000000000
1750310995.400000095 31.270546528166662 120.912291463 3.437500000 4.000000000 0.001281640 0.000000000 0.000000000 0.000000000 0.000462250 48.000000000 49.500000000 64.000000000 51.000000000
1750310995.599999905 31.27054709166667 120.912291003 3.462000000 4.000000000 0.001339560 0.000000000 0.000000000 0.000000000 0.000475240 48.000000000 49.500000000 64.000000000 51.000000000
1750310995.799999952 31.270547682499995 120.912290498 3.476600000 4.000000000 0.001383840 0.000000000 0.000000000 0.000000000 0.000475240 48.000000000 49.500000000 64.000000000 51.000000000
1750310996.000000000 31.270548299166663 120.912290177 3.479500000 4.000000000 0.001421290 0.000000000 0.000000000 0.000000000 0.000475240 48.000000000 49.500000000 64.000000000 51.000000000
1750310996.200000048 31.270549036000006 120.912289638 3.516600000 4.000000000 0.001354240 0.000000000 0.000000000 0.000000000 0.000470890 48.000000000 45.000000000 59.000000000 42.000000000
1750310996.400000095 31.270549620833336 120.912289429 3.509300000 4.000000000 0.001398760 0.000000000 0.000000000 0.000000000 0.000479610 48.000000000 45.000000000 59.000000000 42.000000000
1750310996.599999905 31.27055015166667 120.912289007 3.535200000 4.000000000 0.001398760 0.000000000 0.000000000 0.000000000 0.000484000 48.000000000 45.000000000 59.000000000 42.000000000
1750310996.799999952 31.270550573999998 120.912288336 3.568600000 4.000000000 0.001398760 0.000000000 0.000000000 0.000000000 0.000484000 48.000000000 45.000000000 59.000000000 42.000000000
1750310997.000000000 31.270550892499998 120.912287715 3.592400000 4.000000000 0.001391290 0.000000000 0.000000000 0.000000000 0.000479610 48.000000000 45.000000000 59.000000000 42.000000000
1750310997.200000048 31.270551150666662 120.912287103 3.562900000 4.000000000 0.001361610 0.000000000 0.000000000 0.000000000 0.000484000 46.000000000 47.000000000 62.000000000 48.000000000
1750310997.400000095 31.270551691666668 120.912286380 3.494100000 4.000000000 0.001361610 0.000000000 0.000000000 0.000000000 0.000484000 46.000000000 47.000000000 62.000000000 48.000000000
1750310997.599999905 31.27055180100001 120.912285578 3.530800000 4.000000000 0.001369000 0.000000000 0.000000000 0.000000000 0.000484000 46.000000000 47.000000000 62.000000000 48.000000000
1750310997.799999952 31.27055185733333 120.912284767 3.555900000 4.000000000 0.001369000 0.000000000 0.000000000 0.000000000 0.000484000 46.000000000 47.000000000 62.000000000 48.000000000
1750310998.000000000 31.270551701333332 120.912283628 3.662700000 4.000000000 0.001406250 0.000000000 0.000000000 0.000000000 0.000484000 46.000000000 47.000000000 62.000000000 48.000000000
1750310998.200000048 31.27055178566667 120.912282724 3.676200000 4.000000000 0.001391290 0.000000000 0.000000000 0.000000000 0.000484000 43.000000000 45.000000000 63.000000000 47.000000000
1750310998.400000095 31.270552587833336 120.912282091 3.488500000 4.000000000 0.001398760 0.000000000 0.000000000 0.000000000 0.000484000 43.000000000 45.000000000 63.000000000 47.000000000
1750310998.599999905 31.270552237000004 120.912280985 3.763500000 5.000000000 0.001406250 0.000000000 0.000000000 0.000000000 0.000488410 43.000000000 45.000000000 63.000000000 47.000000000
1750310998.799999952 31.2705527695 120.912280444 3.755900000 5.000000000 0.001421290 0.000000000 0.000000000 0.000000000 0.000501760 43.000000000 45.000000000 63.000000000 47.000000000
1750310999.000000000 31.270552993833334 120.912279768 3.763300000 4.000000000 0.001406250 0.000000000 0.000000000 0.000000000 0.000492840 43.000000000 45.000000000 63.000000000 47.000000000
1750310999.200000048 31.270553208500004 120.912278993 3.773200000 4.000000000 0.001421290 0.000000000 0.000000000 0.000000000 0.000506250 37.000000000 44.000000000 64.000000000 51.000000000
1750310999.400000095 31.27055365466667 120.912278503 3.775100000 4.000000000 0.001436410 0.000000000 0.000000000 0.000000000 0.000524410 37.000000000 44.000000000 64.000000000 51.000000000
1750310999.599999905 31.27055427333333 120.912278037 3.807400000 4.000000000 0.001474560 0.000000000 0.000000000 0.000000000 0.000529000 37.000000000 44.000000000 64.000000000 51.000000000
1750310999.799999952 31.270554694833322 120.912277346 3.828700000 4.000000000 0.001474560 0.000000000 0.000000000 0.000000000 0.000533610 37.000000000 44.000000000 64.000000000 51.000000000
1750311000.000000000 31.270555318666666 120.912277024 3.863000000 4.000000000 0.001489960 0.000000000 0.000000000 0.000000000 0.000552250 37.000000000 44.000000000 64.000000000 51.000000000
1750311000.200000048 31.270555932000008 120.912276785 3.947300000 4.000000000 0.001428840 0.000000000 0.000000000 0.000000000 0.000547560 35.000000000 37.500000000 58.000000000 40.000000000
1750311000.400000095 31.270556426166664 120.912276939 3.980200000 4.000000000 0.001482250 0.000000000 0.000000000 0.000000000 0.000547560 35.000000000 37.500000000 58.000000000 40.000000000
1750311000.599999905 31.270556827333337 120.912277129 3.957700000 4.000000000 0.001497690 0.000000000 0.000000000 0.000000000 0.000561690 35.000000000 37.500000000 58.000000000 40.000000000
1750311000.799999952 31.270557066500004 120.912277153 3.960800000 4.000000000 0.001497690 0.000000000 0.000000000 0.000000000 0.000561690 35.000000000 37.500000000 58.000000000 40.000000000
1750311001.000000000 31.270557295833328 120.912277155 3.980700000 4.000000000 0.001497690 0.000000000 0.000000000 0.000000000 0.000561690 35.000000000 37.500000000 58.000000000 40.000000000
1750311001.200000048 31.270557544666673 120.912276923 3.996100000 5.000000000 0.001466890 0.000000000 0.000000000 0.000000000 0.000610090 35.000000000 36.000000000 57.000000000 37.000000000
1750311001.400000095 31.270557993166676 120.912276454 3.981800000 5.000000000 0.001459240 0.000000000 0.000000000 0.000000000 0.000615040 35.000000000 36.000000000 57.000000000 37.000000000
1750311001.599999905 31.270558154166665 120.912275697 3.995400000 5.000000000 0.001466890 0.000000000 0.000000000 0.000000000 0.000610090 35.000000000 36.000000000 57.000000000 37.000000000
1750311001.799999952 31.27055814816667 120.912274575 4.048400000 5.000000000 0.001466890 0.000000000 0.000000000 0.000000000 0.000610090 35.000000000 36.000000000 57.000000000 37.000000000
1750311002.000000000 31.270558125666668 120.912273731 4.051400000 5.000000000 0.001466890 0.000000000 0.000000000 0.000000000 0.000615040 35.000000000 36.000000000 57.000000000 37.000000000
1750311002.200000048 31.27055804133333 120.912272921 4.079600000 5.000000000 0.001459240 0.000000000 0.000000000 0.000000000 0.000610090 33.000000000 29.200000000 58.000000000 40.000000000
1750311002.400000095 31.2705579955 120.912272151 4.084600000 5.000000000 0.001459240 0.000000000 0.000000000 0.000000000 0.000610090 33.000000000 29.200000000 58.000000000 40.000000000
1750311002.599999905 31.270558042999994 120.912271429 4.074800000 5.000000000 0.001513210 0.000000000 0.000000000 0.000000000 0.000635040 33.000000000 29.200000000 58.000000000 40.000000000
1750311002.799999952 31.27055802383333 120.912270625 4.069600000 5.000000000 0.001459240 0.000000000 0.000000000 0.000000000 0.000610090 33.000000000 29.200000000 58.000000000 40.000000000
1750311003.000000000 31.270558091499993 120.912270078 4.001100000 5.000000000 0.001489960 0.000000000 0.000000000 0.000000000 0.000625000 33.000000000 29.200000000 58.000000000 40.000000000
1750311003.200000048 31.270558150833338 120.912270324 3.999300000 5.000000000 0.001361610 0.000000000 0.000000000 0.000000000 0.000533610 34.000000000 27.200000000 56.000000000 34.000000000
1750311003.400000095 31.270558129333338 120.912270279 4.001000000 5.000000000 0.001361610 0.000000000 0.000000000 0.000000000 0.000533610 34.000000000 27.200000000 56.000000000 34.000000000
1750311003.599999905 31.270558109999996 120.912270224 4.003600000 5.000000000 0.001361610 0.000000000 0.000000000 0.000000000 0.000533610 34.000000000 27.200000000 56.000000000 34.000000000
1750311003.799999952 31.270558137500004 120.912270207 4.005700000 5.000000000 0.001361610 0.000000000 0.000000000 0.000000000 0.000533610 34.000000000 27.200000000 56.000000000 34.000000000
1750311004.000000000 31.270558131166666 120.912270165 4.023300000 5.000000000 0.001361610 0.000000000 0.000000000 0.000000000 0.000538240 34.000000000 27.200000000 56.000000000 34.000000000
1750311004.200000048 31.270558155000003 120.912270195 4.017100000 5.000000000 0.001361610 0.000000000 0.000000000 0.000000000 0.000533610 34.000000000 30.800000000 61.000000000 43.000000000
1750311004.400000095 31.270558134666658 120.912270169 4.021600000 5.000000000 0.001361610 0.000000000 0.000000000 0.000000000 0.000533610 34.000000000 30.800000000 61.000000000 43.000000000
1750311004.599999905 31.27055815349999 120.912270210 4.015300000 5.000000000 0.001369000 0.000000000 0.000000000 0.000000000 0.000566440 34.000000000 30.800000000 61.000000000 43.000000000
1750311004.799999952 31.270558162 120.912270214 4.009400000 5.000000000 0.001369000 0.000000000 0.000000000 0.000000000 0.000566440 34.000000000 30.800000000 61.000000000 43.000000000
1750311005.000000000 31.270558149500005 120.912270222 4.003900000 5.000000000 0.001369000 0.000000000 0.000000000 0.000000000 0.000566440 34.000000000 30.800000000 61.000000000 43.000000000
1750311005.200000048 31.270558206333334 120.912270123 4.013300000 5.000000000 0.001310440 0.000000000 0.000000000 0.000000000 0.000547560 41.000000000 32.800000000 60.000000000 41.000000000
1750311005.400000095 31.27055819516667 120.912270074 4.019800000 5.000000000 0.001310440 0.000000000 0.000000000 0.000000000 0.000547560 41.000000000 32.800000000 60.000000000 41.000000000
1750311005.599999905 31.270558220499993 120.912270111 4.007100000 5.000000000 0.001310440 0.000000000 0.000000000 0.000000000 0.000547560 41.000000000 32.800000000 60.000000000 41.000000000
1750311005.799999952 31.270558223833333 120.912270122 4.007800000 5.000000000 0.001310440 0.000000000 0.000000000 0.000000000 0.000547560 41.000000000 32.800000000 60.000000000 41.000000000
1750311006.000000000 31.2705583165 120.912270151 3.975000000 5.000000000 0.001310440 0.000000000 0.000000000 0.000000000 0.000547560 41.000000000 32.800000000 60.000000000 41.000000000
1750311006.200000048 31.27055826033333 120.912269733 3.976900000 5.000000000 0.001317690 0.000000000 0.000000000 0.000000000 0.000547560 46.000000000 37.600000000 62.000000000 48.000000000
1750311006.400000095 31.270558351333335 120.912268974 3.965400000 5.000000000 0.001317690 0.000000000 0.000000000 0.000000000 0.000547560 46.000000000 37.600000000 62.000000000 48.000000000
1750311006.599999905 31.27055835850001 120.912268149 3.946500000 5.000000000 0.001317690 0.000000000 0.000000000 0.000000000 0.000547560 46.000000000 37.600000000 62.000000000 48.000000000
1750311006.799999952 31.270558548833336 120.912267348 3.958300000 5.000000000 0.001317690 0.000000000 0.000000000 0.000000000 0.000547560 46.000000000 37.600000000 62.000000000 48.000000000
1750311007.000000000 31.270558788333332 120.912266633 3.904600000 5.000000000 0.001317690 0.000000000 0.000000000 0.000000000 0.000547560 46.000000000 37.600000000 62.000000000 48.000000000
1750311007.200000048 31.270558753666663 120.912265741 3.912600000 5.000000000 0.001317690 0.000000000 0.000000000 0.000000000 0.000552250 45.000000000 36.800000000 62.000000000 47.000000000
1750311007.400000095 31.270558757499998 120.912264838 3.901000000 4.000000000 0.001317690 0.000000000 0.000000000 0.000000000 0.000552250 45.000000000 36.800000000 62.000000000 47.000000000
1750311007.599999905 31.27055875683334 120.912264084 3.901200000 4.000000000 0.001317690 0.000000000 0.000000000 0.000000000 0.000552250 45.000000000 36.800000000 62.000000000 47.000000000
1750311007.799999952 31.270558660999995 120.912263391 3.885400000 4.000000000 0.001317690 0.000000000 0.000000000 0.000000000 0.000552250 45.000000000 36.800000000 62.000000000 47.000000000
1750311008.000000000 31.270558685833336 120.912262564 3.864800000 4.000000000 0.001317690 0.000000000 0.000000000 0.000000000 0.000552250 45.000000000 36.800000000 62.000000000 47.000000000
1750311008.200000048 31.27055882100001 120.912261788 3.846700000 4.000000000 0.001317690 0.000000000 0.000000000 0.000000000 0.000552250 47.000000000 47.000000000 62.000000000 47.000000000
1750311008.400000095 31.270561026333326 120.912261072 3.146000000 5.000000000 0.000396010 0.000000000 0.000000000 0.000000000 0.000930250 47.000000000 47.000000000 62.000000000 47.000000000
1750311008.599999905 31.270560858500005 120.912260326 3.155600000 4.000000000 0.000396010 0.000000000 0.000000000 0.000000000 0.000930250 47.000000000 47.000000000 62.000000000 47.000000000
1750311008.799999952 31.270560806000006 120.912259470 3.146700000 4.000000000 0.000400000 0.000000000 0.000000000 0.000000000 0.000930250 47.000000000 47.000000000 62.000000000 47.000000000
1750311009.000000000 31.270560721333325 120.912258677 3.147800000 4.000000000 0.000400000 0.000000000 0.000000000 0.000000000 0.000930250 47.000000000 47.000000000 62.000000000 47.000000000
1750311009.200000048 31.270560732333337 120.912257845 3.130000000 4.000000000 0.000400000 0.000000000 0.000000000 0.000000000 0.000930250 47.000000000 47.000000000 62.000000000 47.000000000
1750311009.400000095 31.270560675 120.912257067 3.129100000 4.000000000 0.000342250 0.000000000 0.000000000 0.000000000 0.000823690 47.000000000 47.000000000 62.000000000 47.000000000
1750311009.599999905 31.27056063483333 120.912256217 3.122300000 4.000000000 0.000342250 0.000000000 0.000000000 0.000000000 0.000823690 47.000000000 47.000000000 62.000000000 47.000000000
1750311009.799999952 31.27056071366667 120.912255324 3.117100000 4.000000000 0.000342250 0.000000000 0.000000000 0.000000000 0.000823690 47.000000000 47.000000000 62.000000000 47.000000000
1750311010.000000000 31.270560712666665 120.912254511 3.116600000 4.000000000 0.000342250 0.000000000 0.000000000 0.000000000 0.000823690 47.000000000 47.000000000 62.000000000 47.000000000
1750311010.200000048 31.27056048983333 120.912253733 3.121900000 4.000000000 0.000338560 0.000000000 0.000000000 0.000000000 0.000835210 48.000000000 48.000000000 62.000000000 48.000000000
1750311010.400000095 31.270560349666667 120.912252810 3.164000000 4.000000000 0.000320410 0.000000000 0.000000000 0.000000000 0.000655360 48.000000000 48.000000000 62.000000000 48.000000000
1750311010.599999905 31.270560108666672 120.912252166 3.132700000 4.000000000 0.000306250 0.000000000 0.000000000 0.000000000 0.000645160 48.000000000 48.000000000 62.000000000 48.000000000
1750311010.799999952 31.27055987283333 120.912251341 3.113300000 4.000000000 0.000306250 0.000000000 0.000000000 0.000000000 0.000645160 48.000000000 48.000000000 62.000000000 48.000000000
1750311011.000000000 31.270559238666664 120.912250782 3.273500000 4.000000000 0.000306250 0.000000000 0.000000000 0.000000000 0.000655360 48.000000000 48.000000000 62.000000000 48.000000000
1750311011.200000048 31.270559190166665 120.912249887 3.211100000 4.000000000 0.000299290 0.000000000 0.000000000 0.000000000 0.000655360 46.000000000 46.000000000 61.000000000 46.000000000
1750311011.400000095 31.27055922983334 120.912249052 3.139700000 4.000000000 0.000302760 0.000000000 0.000000000 0.000000000 0.000620010 46.000000000 46.000000000 61.000000000 46.000000000
1750311011.599999905 31.270558814833336 120.912248944 3.140700000 4.000000000 0.000302760 0.000000000 0.000000000 0.000000000 0.000620010 46.000000000 46.000000000 61.000000000 46.000000000
1750311011.799999952 31.27055869866666 120.912248775 3.135100000 4.000000000 0.000302760 0.000000000 0.000000000 0.000000000 0.000620010 46.000000000 46.000000000 61.000000000 46.000000000
1750311012.000000000 31.27055845416666 120.912248780 3.130400000 4.000000000 0.000302760 0.000000000 0.000000000 0.000000000 0.000620010 46.000000000 46.000000000 61.000000000 46.000000000
1750311012.200000048 31.27055846416667 120.912248779 3.141400000 4.000000000 0.000302760 0.000000000 0.000000000 0.000000000 0.000620010 51.000000000 49.500000000 62.000000000 48.000000000
1750311012.400000095 31.270558181333328 120.912248791 3.184400000 4.000000000 0.000306250 0.000000000 0.000000000 0.000000000 0.000702250 51.000000000 49.500000000 62.000000000 48.000000000
1750311012.599999905 31.270557966333328 120.912248755 3.230300000 4.000000000 0.000302760 0.000000000 0.000000000 0.000000000 0.000696960 51.000000000 49.500000000 62.000000000 48.000000000
1750311012.799999952 31.270558013166664 120.912248778 3.221400000 4.000000000 0.000302760 0.000000000 0.000000000 0.000000000 0.000696960 51.000000000 49.500000000 62.000000000 48.000000000
1750311013.000000000 31.2705579645 120.912248740 3.237000000 4.000000000 0.000302760 0.000000000 0.000000000 0.000000000 0.000691690 51.000000000 49.500000000 62.000000000 48.000000000
1750311013.200000048 31.270557964666665 120.912248746 3.231300000 4.000000000 0.000299290 0.000000000 0.000000000 0.000000000 0.000681210 51.000000000 51.000000000 63.000000000 51.000000000
1750311013.400000095 31.270558126166662 120.912248653 3.152500000 4.000000000 0.000240250 0.000000000 0.000000000 0.000000000 0.000635040 51.000000000 51.000000000 63.000000000 51.000000000
1750311013.599999905 31.27055814266666 120.912248635 3.155900000 4.000000000 0.000240250 0.000000000 0.000000000 0.000000000 0.000635040 51.000000000 51.000000000 63.000000000 51.000000000
1750311013.799999952 31.27055813766667 120.912248648 3.152900000 4.000000000 0.000240250 0.000000000 0.000000000 0.000000000 0.000635040 51.000000000 51.000000000 63.000000000 51.000000000
1750311014.000000000 31.270558212500006 120.912248658 3.140200000 4.000000000 0.000240250 0.000000000 0.000000000 0.000000000 0.000635040 51.000000000 51.000000000 63.000000000 51.000000000
1750311014.200000048 31.270558189500008 120.912248656 3.145300000 4.000000000 0.000243360 0.000000000 0.000000000 0.000000000 0.000645160 56.000000000 56.000000000 65.000000000 56.000000000
1750311014.400000095 31.270558097666665 120.912248604 3.204500000 4.000000000 0.000231040 0.000000000 0.000000000 0.000000000 0.000600250 56.000000000 56.000000000 65.000000000 56.000000000
1750311014.599999905 31.27055810616666 120.912248627 3.197300000 4.000000000 0.000228010 0.000000000 0.000000000 0.000000000 0.000595360 56.000000000 56.000000000 65.000000000 56.000000000
1750311014.799999952 31.270558160000007 120.912248657 3.181300000 4.000000000 0.000228010 0.000000000 0.000000000 0.000000000 0.000595360 56.000000000 56.000000000 65.000000000 56.000000000
1750311015.000000000 31.270558139166667 120.912248622 3.191700000 4.000000000 0.000228010 0.000000000 0.000000000 0.000000000 0.000595360 56.000000000 56.000000000 65.000000000 56.000000000
1750311015.200000048 31.270558119499995 120.912248620 3.194200000 4.000000000 0.000231040 0.000000000 0.000000000 0.000000000 0.000595360 55.000000000 56.500000000 65.000000000 58.000000000
1750311015.400000095 31.27055818783333 120.912248640 3.183600000 4.000000000 0.000231040 0.000000000 0.000000000 0.000000000 0.000561690 55.000000000 56.500000000 65.000000000 58.000000000
1750311015.599999905 31.270558211999997 120.912248603 3.178200000 4.000000000 0.000231040 0.000000000 0.000000000 0.000000000 0.000561690 55.000000000 56.500000000 65.000000000 58.000000000
1750311015.799999952 31.27055822983334 120.912248290 3.166000000 4.000000000 0.000231040 0.000000000 0.000000000 0.000000000 0.000561690 55.000000000 56.500000000 65.000000000 58.000000000
1750311016.000000000 31.270558185499993 120.912247590 3.168100000 4.000000000 0.000231040 0.000000000 0.000000000 0.000000000 0.000566440 55.000000000 56.500000000 65.000000000 58.000000000
1750311016.200000048 31.27055816666666 120.912246599 3.160100000 4.000000000 0.000231040 0.000000000 0.000000000 0.000000000 0.000566440 54.000000000 55.000000000 65.000000000 56.000000000
1750311016.400000095 31.270558249333334 120.912245723 3.126900000 4.000000000 0.000252810 0.000000000 0.000000000 0.000000000 0.000580810 54.000000000 55.000000000 65.000000000 56.000000000
1750311016.599999905 31.270558276000003 120.912244874 3.132500000 4.000000000 0.000252810 0.000000000 0.000000000 0.000000000 0.000580810 54.000000000 55.000000000 65.000000000 56.000000000
1750311016.799999952 31.27055843316667 120.912243940 3.108400000 4.000000000 0.000256000 0.000000000 0.000000000 0.000000000 0.000590490 54.000000000 55.000000000 65.000000000 56.000000000
1750311017.000000000 31.27055834283334 120.912243173 3.108500000 4.000000000 0.000256000 0.000000000 0.000000000 0.000000000 0.000590490 54.000000000 55.000000000 65.000000000 56.000000000
1750311017.200000048 31.2705583865 120.912242427 3.091300000 4.000000000 0.000256000 0.000000000 0.000000000 0.000000000 0.000595360 54.000000000 54.000000000 64.000000000 54.000000000
1750311017.400000095 31.270558246500002 120.912241575 3.151500000 4.000000000 0.000262440 0.000000000 0.000000000 0.000000000 0.000605160 54.000000000 54.000000000 64.000000000 54.000000000
1750311017.599999905 31.270558156999996 120.912240791 3.144200000 4.000000000 0.000262440 0.000000000 0.000000000 0.000000000 0.000610090 54.000000000 54.000000000 64.000000000 54.000000000
1750311017.799999952 31.270557993500006 120.912239918 3.160500000 4.000000000 0.000265690 0.000000000 0.000000000 0.000000000 0.000620010 54.000000000 54.000000000 64.000000000 54.000000000
1750311018.000000000 31.27055795933333 120.912239188 3.084800000 4.000000000 0.000265690 0.000000000 0.000000000 0.000000000 0.000620010 54.000000000 54.000000000 64.000000000 54.000000000
1750311018.200000048 31.2705577105 120.912238309 3.089200000 4.000000000 0.000265690 0.000000000 0.000000000 0.000000000 0.000620010 48.000000000 48.000000000 62.000000000 48.000000000
1750311018.400000095 31.27055739533334 120.912237265 3.266800000 4.000000000 0.000237160 0.000000000 0.000000000 0.000000000 0.000676000 48.000000000 48.000000000 62.000000000 48.000000000
1750311018.599999905 31.270557235 120.912236390 3.268400000 4.000000000 0.000237160 0.000000000 0.000000000 0.000000000 0.000670810 48.000000000 48.000000000 62.000000000 48.000000000
1750311018.799999952 31.270557079333344 120.912235555 3.282900000 4.000000000 0.000237160 0.000000000 0.000000000 0.000000000 0.000676000 48.000000000 48.000000000 62.000000000 48.000000000
1750311019.000000000 31.270556815666666 120.912234794 3.293200000 4.000000000 0.000237160 0.000000000 0.000000000 0.000000000 0.000676000 48.000000000 48.000000000 62.000000000 48.000000000
1750311019.200000048 31.270556507500004 120.912234443 3.299100000 4.000000000 0.000237160 0.000000000 0.000000000 0.000000000 0.000676000 45.000000000 47.500000000 62.000000000 50.000000000
1750311019.400000095 31.270556367333327 120.912234519 3.278400000 4.000000000 0.000234090 0.000000000 0.000000000 0.000000000 0.000691690 45.000000000 47.500000000 62.000000000 50.000000000
1750311019.599999905 31.27055604116667 120.912234582 3.286800000 4.000000000 0.000234090 0.000000000 0.000000000 0.000000000 0.000686440 45.000000000 47.500000000 62.000000000 50.000000000
1750311019.799999952 31.270556150000004 120.912234604 3.261800000 4.000000000 0.000234090 0.000000000 0.000000000 0.000000000 0.000696960 45.000000000 47.500000000 62.000000000 50.000000000
1750311020.000000000 31.2705561155 120.912234606 3.265200000 4.000000000 0.000234090 0.000000000 0.000000000 0.000000000 0.000696960 45.000000000 47.500000000 62.000000000 50.000000000
1750311020.200000048 31.270555915000003 120.912234206 3.241600000 4.000000000 0.000234090 0.000000000 0.000000000 0.000000000 0.000696960 40.000000000 43.500000000 60.000000000 47.000000000
1750311020.400000095 31.270555564333335 120.912233354 3.301000000 4.000000000 0.000249640 0.000000000 0.000000000 0.000000000 0.000806560 40.000000000 43.500000000 60.000000000 47.000000000
1750311020.599999905 31.270555343333328 120.912232450 3.313100000 4.000000000 0.000249640 0.000000000 0.000000000 0.000000000 0.000806560 40.000000000 43.500000000 60.000000000 47.000000000
1750311020.799999952 31.270555091000006 120.912231538 3.337200000 4.000000000 0.000249640 0.000000000 0.000000000 0.000000000 0.000806560 40.000000000 43.500000000 60.000000000 47.000000000
1750311021.000000000 31.2705549075 120.912230785 3.336500000 4.000000000 0.000249640 0.000000000 0.000000000 0.000000000 0.000806560 40.000000000 43.500000000 60.000000000 47.000000000
1750311021.200000048 31.27055468333333 120.912230030 3.332700000 4.000000000 0.000243360 0.000000000 0.000000000 0.000000000 0.000784000 47.000000000 47.000000000 60.000000000 47.000000000
1750311021.400000095 31.270554362166664 120.912229553 3.306000000 4.000000000 0.000193210 0.000000000 0.000000000 0.000000000 0.000620010 47.000000000 47.000000000 60.000000000 47.000000000
1750311021.599999905 31.270554444333328 120.912228519 3.279500000 4.000000000 0.000193210 0.000000000 0.000000000 0.000000000 0.000620010 47.000000000 47.000000000 60.000000000 47.000000000
1750311021.799999952 31.270554388333338 120.912227731 3.281000000 4.000000000 0.000193210 0.000000000 0.000000000 0.000000000 0.000620010 47.000000000 47.000000000 60.000000000 47.000000000
1750311022.000000000 31.27055434766666 120.912227083 3.253700000 4.000000000 0.000193210 0.000000000 0.000000000 0.000000000 0.000625000 47.000000000 47.000000000 60.000000000 47.000000000
1750311022.200000048 31.270554293000004 120.912226194 3.272100000 4.000000000 0.000193210 0.000000000 0.000000000 0.000000000 0.000615040 47.000000000 48.500000000 62.000000000 50.000000000
1750311022.400000095 31.27055403700001 120.912225333 3.317000000 4.000000000 0.000201640 0.000000000 0.000000000 0.000000000 0.000640090 47.000000000 48.500000000 62.000000000 50.000000000
1750311022.599999905 31.270553794500003 120.912224436 3.341900000 4.000000000 0.000201640 0.000000000 0.000000000 0.000000000 0.000640090 47.000000000 48.500000000 62.000000000 50.000000000
1750311022.799999952 31.27055357333333 120.912223594 3.339900000 4.000000000 0.000201640 0.000000000 0.000000000 0.000000000 0.000640090 47.000000000 48.500000000 62.000000000 50.000000000
1750311023.000000000 31.270553315 120.912222848 3.358300000 4.000000000 0.000201640 0.000000000 0.000000000 0.000000000 0.000640090 47.000000000 48.500000000 62.000000000 50.000000000
1750311023.200000048 31.270553039333322 120.912222185 3.364600000 4.000000000 0.000201640 0.000000000 0.000000000 0.000000000 0.000630010 52.000000000 51.000000000 62.000000000 50.000000000
1750311023.400000095 31.270552682166667 120.912221654 3.308600000 4.000000000 0.000198810 0.000000000 0.000000000 0.000000000 0.000585640 52.000000000 51.000000000 62.000000000 50.000000000
1750311023.599999905 31.27055254700001 120.912220963 3.272700000 4.000000000 0.000198810 0.000000000 0.000000000 0.000000000 0.000585640 52.000000000 51.000000000 62.000000000 50.000000000
1750311023.799999952 31.270552385000002 120.912220101 3.279600000 4.000000000 0.000198810 0.000000000 0.000000000 0.000000000 0.000585640 52.000000000 51.000000000 62.000000000 50.000000000
1750311024.000000000 31.270552170333332 120.912219205 3.289700000 4.000000000 0.000201640 0.000000000 0.000000000 0.000000000 0.000585640 52.000000000 51.000000000 62.000000000 50.000000000
1750311024.200000048 31.270551951666675 120.912218237 3.315500000 4.000000000 0.000201640 0.000000000 0.000000000 0.000000000 0.000590490 54.000000000 54.000000000 64.000000000 54.000000000
1750311024.400000095 31.27055173866667 120.912217207 3.365300000 4.000000000 0.000207360 0.000000000 0.000000000 0.000000000 0.000566440 54.000000000 54.000000000 64.000000000 54.000000000
1750311024.599999905 31.270551517 120.912216412 3.369600000 4.000000000 0.000207360 0.000000000 0.000000000 0.000000000 0.000566440 54.000000000 54.000000000 64.000000000 54.000000000
1750311024.799999952 31.270551296999997 120.912215657 3.381500000 4.000000000 0.000207360 0.000000000 0.000000000 0.000000000 0.000566440 54.000000000 54.000000000 64.000000000 54.000000000
1750311025.000000000 31.270551147333336 120.912214866 3.405800000 4.000000000 0.000207360 0.000000000 0.000000000 0.000000000 0.000566440 54.000000000 54.000000000 64.000000000 54.000000000
1750311025.200000048 31.270551089833333 120.912214138 3.370900000 4.000000000 0.000204490 0.000000000 0.000000000 0.000000000 0.000547560 54.000000000 54.000000000 64.000000000 54.000000000
1750311025.400000095 31.270550995999997 120.912213425 3.339700000 4.000000000 0.000201640 0.000000000 0.000000000 0.000000000 0.000571210 54.000000000 54.000000000 64.000000000 54.000000000
1750311025.599999905 31.2705509555 120.912212673 3.342300000 4.000000000 0.000201640 0.000000000 0.000000000 0.000000000 0.000571210 54.000000000 54.000000000 64.000000000 54.000000000
1750311025.799999952 31.270550833166666 120.912211854 3.344600000 4.000000000 0.000201640 0.000000000 0.000000000 0.000000000 0.000571210 54.000000000 54.000000000 64.000000000 54.000000000
1750311026.000000000 31.27055079266667 120.912211095 3.328600000 4.000000000 0.000201640 0.000000000 0.000000000 0.000000000 0.000571210 54.000000000 54.000000000 64.000000000 54.000000000
1750311026.200000048 31.270550566666657 120.912210272 3.376400000 4.000000000 0.000201640 0.000000000 0.000000000 0.000000000 0.000566440 54.000000000 54.000000000 64.000000000 54.000000000
1750311026.400000095 31.270550308166662 120.912209369 3.416500000 4.000000000 0.000201640 0.000000000 0.000000000 0.000000000 0.000547560 54.000000000 54.000000000 64.000000000 54.000000000
1750311026.599999905 31.270550189000005 120.912208572 3.400200000 4.000000000 0.000204490 0.000000000 0.000000000 0.000000000 0.000552250 54.000000000 54.000000000 64.000000000 54.000000000
1750311026.799999952 31.270549856499997 120.912207870 3.422900000 4.000000000 0.000204490 0.000000000 0.000000000 0.000000000 0.000552250 54.000000000 54.000000000 64.000000000 54.000000000
1750311027.000000000 31.270549589833337 120.912207091 3.449000000 4.000000000 0.000204490 0.000000000 0.000000000 0.000000000 0.000552250 54.000000000 54.000000000 64.000000000 54.000000000
1750311027.200000048 31.2705493885 120.912206306 3.441200000 4.000000000 0.000204490 0.000000000 0.000000000 0.000000000 0.000556960 54.000000000 52.000000000 62.000000000 50.000000000
1750311027.400000095 31.270549332 120.912205588 3.417600000 4.000000000 0.000237160 0.000000000 0.000000000 0.000000000 0.000595360 54.000000000 52.000000000 62.000000000 50.000000000
1750311027.599999905 31.27054912316666 120.912204855 3.398600000 4.000000000 0.000237160 0.000000000 0.000000000 0.000000000 0.000590490 54.000000000 52.000000000 62.000000000 50.000000000
1750311027.799999952 31.27054883133333 120.912204102 3.388100000 4.000000000 0.000237160 0.000000000 0.000000000 0.000000000 0.000595360 54.000000000 52.000000000 62.000000000 50.000000000
1750311028.000000000 31.270548334333327 120.912203460 3.352400000 4.000000000 0.000237160 0.000000000 0.000000000 0.000000000 0.000595360 54.000000000 52.000000000 62.000000000 50.000000000
1750311028.200000048 31.27054785883334 120.912203126 3.390600000 4.000000000 0.000240250 0.000000000 0.000000000 0.000000000 0.000600250 54.000000000 52.000000000 62.000000000 50.000000000
1750311028.400000095 31.270547406166656 120.912202839 3.469300000 4.000000000 0.000309760 0.000000000 0.000000000 0.000000000 0.000660490 54.000000000 52.000000000 62.000000000 50.000000000
1750311028.599999905 31.270547054333335 120.912202731 3.504000000 4.000000000 0.000306250 0.000000000 0.000000000 0.000000000 0.000655360 54.000000000 52.000000000 62.000000000 50.000000000
1750311028.799999952 31.27054699366667 120.912202698 3.456800000 4.000000000 0.000309760 0.000000000 0.000000000 0.000000000 0.000665640 54.000000000 52.000000000 62.000000000 50.000000000
1750311029.000000000 31.270546736499995 120.912202565 3.436000000 4.000000000 0.000309760 0.000000000 0.000000000 0.000000000 0.000665640 54.000000000 52.000000000 62.000000000 50.000000000
1750311029.200000048 31.27054664100001 120.912202473 3.404000000 4.000000000 0.000306250 0.000000000 0.000000000 0.000000000 0.000635040 54.000000000 50.500000000 60.000000000 47.000000000
1750311029.400000095 31.270546302499994 120.912202125 3.367200000 4.000000000 0.000353440 0.000000000 0.000000000 0.000000000 0.000745290 54.000000000 50.500000000 60.000000000 47.000000000
1750311029.599999905 31.270546252000003 120.912201972 3.327200000 4.000000000 0.000353440 0.000000000 0.000000000 0.000000000 0.000750760 54.000000000 50.500000000 60.000000000 47.000000000
1750311029.799999952 31.270546246833334 120.912201916 3.295300000 4.000000000 0.000357210 0.000000000 0.000000000 0.000000000 0.000750760 54.000000000 50.500000000 60.000000000 47.000000000
1750311030.000000000 31.270546184333327 120.912201910 3.293000000 4.000000000 0.000361000 0.000000000 0.000000000 0.000000000 0.000767290 54.000000000 50.500000000 60.000000000 47.000000000
1750311030.200000048 31.270546192166663 120.912201875 3.330900000 4.000000000 0.000357210 0.000000000 0.000000000 0.000000000 0.000756250 54.000000000 50.500000000 60.000000000 47.000000000
1750311030.400000095 31.2705464915 120.912201705 3.424400000 4.000000000 0.000380250 0.000000000 0.000000000 0.000000000 0.000841000 54.000000000 50.500000000 60.000000000 47.000000000
1750311030.599999905 31.27054679316666 120.912201248 3.489300000 4.000000000 0.000384160 0.000000000 0.000000000 0.000000000 0.000864360 54.000000000 50.500000000 60.000000000 47.000000000
1750311030.799999952 31.27054729983334 120.912200352 3.427200000 4.000000000 0.000392040 0.000000000 0.000000000 0.000000000 0.000888040 54.000000000 50.500000000 60.000000000 47.000000000
1750311031.000000000 31.270548157500002 120.912199570 3.479600000 4.000000000 0.000412090 0.000000000 0.000000000 0.000000000 0.000942490 54.000000000 50.500000000 60.000000000 47.000000000
1750311031.200000048 31.270548653999995 120.912198980 3.420000000 4.000000000 0.000380250 0.000000000 0.000000000 0.000000000 0.000846810 51.000000000 45.000000000 55.000000000 39.000000000
1750311031.400000095 31.270548796666674 120.912198224 3.425300000 4.000000000 0.000342250 0.000000000 0.000000000 0.000000000 0.000761760 51.000000000 45.000000000 55.000000000 39.000000000
1750311031.599999905 31.270549221833335 120.912197679 3.440700000 4.000000000 0.000342250 0.000000000 0.000000000 0.000000000 0.000761760 51.000000000 45.000000000 55.000000000 39.000000000
1750311031.799999952 31.2705497755 120.912197520 3.442400000 4.000000000 0.000345960 0.000000000 0.000000000 0.000000000 0.000772840 51.000000000 45.000000000 55.000000000 39.000000000
1750311032.000000000 31.270550542833334 120.912197104 3.390600000 4.000000000 0.000357210 0.000000000 0.000000000 0.000000000 0.000795240 51.000000000 45.000000000 55.000000000 39.000000000
1750311032.200000048 31.270551197999993 120.912196805 3.395200000 4.000000000 0.000357210 0.000000000 0.000000000 0.000000000 0.000800890 46.000000000 46.000000000 59.000000000 46.000000000
1750311032.400000095 31.27055197300001 120.912196250 3.395400000 4.000000000 0.000475240 0.000000000 0.000000000 0.000000000 0.001043290 46.000000000 46.000000000 59.000000000 46.000000000
1750311032.599999905 31.270552285500003 120.912196221 3.428800000 4.000000000 0.000510760 0.000000000 0.000000000 0.000000000 0.001089000 46.000000000 46.000000000 59.000000000 46.000000000
1750311032.799999952 31.270552877499995 120.912195758 3.495700000 4.000000000 0.000510760 0.000000000 0.000000000 0.000000000 0.001108890 46.000000000 46.000000000 59.000000000 46.000000000
1750311033.000000000 31.270554074333333 120.912195311 3.367300000 4.000000000 0.000506250 0.000000000 0.000000000 0.000000000 0.001115560 46.000000000 46.000000000 59.000000000 46.000000000
1750311033.200000048 31.27055457116667 120.912195006 3.392200000 4.000000000 0.000470890 0.000000000 0.000000000 0.000000000 0.001043290 45.000000000 41.500000000 54.000000000 38.000000000
1750311033.400000095 31.270555446333333 120.912194543 3.324700000 4.000000000 0.000538240 0.000000000 0.000000000 0.000000000 0.001303210 45.000000000 41.500000000 54.000000000 38.000000000
1750311033.599999905 31.27055609716666 120.912194741 3.323500000 4.000000000 0.000552250 0.000000000 0.000000000 0.000000000 0.001354240 45.000000000 41.500000000 54.000000000 38.000000000
1750311033.799999952 31.27055631183333 120.912195091 3.354500000 5.000000000 0.000918090 0.000000000 0.000000000 0.000000000 0.002420640 45.000000000 41.500000000 54.000000000 38.000000000
1750311034.000000000 31.2705561585 120.912195418 3.416300000 4.000000000 0.000542890 0.000000000 0.000000000 0.000000000 0.001339560 45.000000000 41.500000000 54.000000000 38.000000000
1750311034.200000048 31.270556280500003 120.912195605 3.414700000 4.000000000 0.000552250 0.000000000 0.000000000 0.000000000 0.001339560 37.000000000 38.000000000 55.000000000 39.000000000
1750311034.400000095 31.270557195500004 120.912195721 3.220300000 4.000000000 0.000552250 0.000000000 0.000000000 0.000000000 0.001339560 37.000000000 38.000000000 55.000000000 39.000000000
1750311034.599999905 31.270557354666664 120.912195812 3.208500000 4.000000000 0.000561690 0.000000000 0.000000000 0.000000000 0.001428840 37.000000000 38.000000000 55.000000000 39.000000000
1750311034.799999952 31.270557031833334 120.912195954 3.343500000 5.000000000 0.000561690 0.000000000 0.000000000 0.000000000 0.001398760 37.000000000 38.000000000 55.000000000 39.000000000
1750311035.000000000 31.270557541333332 120.912196025 3.324300000 4.000000000 0.000556960 0.000000000 0.000000000 0.000000000 0.001413760 37.000000000 38.000000000 55.000000000 39.000000000
1750311035.200000048 31.270557769666667 120.912195986 3.326700000 4.000000000 0.000547560 0.000000000 0.000000000 0.000000000 0.001339560 30.000000000 30.000000000 50.000000000 30.000000000
1750311035.400000095 31.270558044333328 120.912195629 3.305800000 4.000000000 0.000547560 0.000000000 0.000000000 0.000000000 0.001339560 30.000000000 30.000000000 50.000000000 30.000000000
1750311035.599999905 31.27055804766667 120.912194836 3.353000000 4.000000000 0.000547560 0.000000000 0.000000000 0.000000000 0.001361610 30.000000000 30.000000000 50.000000000 30.000000000
1750311035.799999952 31.270557657166663 120.912194098 3.436700000 4.000000000 0.000547560 0.000000000 0.000000000 0.000000000 0.001361610 30.000000000 30.000000000 50.000000000 30.000000000
1750311036.000000000 31.270557573833344 120.912193322 3.448600000 4.000000000 0.000547560 0.000000000 0.000000000 0.000000000 0.001361610 30.000000000 30.000000000 50.000000000 30.000000000
1750311036.200000048 31.270557527833333 120.912192349 3.439000000 4.000000000 0.000547560 0.000000000 0.000000000 0.000000000 0.001346890 33.000000000 36.500000000 55.000000000 40.000000000
1750311036.400000095 31.27055741816666 120.912191631 3.425400000 4.000000000 0.000576000 0.000000000 0.000000000 0.000000000 0.001406250 33.000000000 36.500000000 55.000000000 40.000000000
1750311036.599999905 31.270557157 120.912190924 3.431400000 4.000000000 0.000576000 0.000000000 0.000000000 0.000000000 0.001406250 33.000000000 36.500000000 55.000000000 40.000000000
1750311036.799999952 31.270557051500006 120.912190184 3.465500000 4.000000000 0.000580810 0.000000000 0.000000000 0.000000000 0.001413760 33.000000000 36.500000000 55.000000000 40.000000000
1750311037.000000000 31.270556881666664 120.912189404 3.490300000 4.000000000 0.000580810 0.000000000 0.000000000 0.000000000 0.001413760 33.000000000 36.500000000 55.000000000 40.000000000
1750311037.200000048 31.270556778 120.912188694 3.478900000 5.000000000 0.000566440 0.000000000 0.000000000 0.000000000 0.001354240 36.000000000 35.000000000 51.000000000 34.000000000
1750311037.400000095 31.270556647999996 120.912187936 3.457900000 5.000000000 0.000566440 0.000000000 0.000000000 0.000000000 0.001354240 36.000000000 35.000000000 51.000000000 34.000000000
1750311037.599999905 31.270556622499996 120.912187140 3.466300000 5.000000000 0.000566440 0.000000000 0.000000000 0.000000000 0.001354240 36.000000000 35.000000000 51.000000000 34.000000000
1750311037.799999952 31.270556486000004 120.912186318 3.431700000 5.000000000 0.000630010 0.000000000 0.000000000 0.000000000 0.001369000 36.000000000 35.000000000 51.000000000 34.000000000
1750311038.000000000 31.270555863833337 120.912185298 3.552500000 5.000000000 0.000600250 0.000000000 0.000000000 0.000000000 0.001560250 36.000000000 35.000000000 51.000000000 34.000000000
1750311038.200000048 31.270556225666667 120.912184742 3.502400000 5.000000000 0.000556960 0.000000000 0.000000000 0.000000000 0.001513210 30.000000000 23.200000000 49.000000000 28.000000000
1750311038.400000095 31.270555983666668 120.912183760 3.560200000 5.000000000 0.000571210 0.000000000 0.000000000 0.000000000 0.001536640 30.000000000 23.200000000 49.000000000 28.000000000
1750311038.599999905 31.27055614066667 120.912182833 3.542400000 5.000000000 0.000625000 0.000000000 0.000000000 0.000000000 0.001705690 30.000000000 23.200000000 49.000000000 28.000000000
1750311038.799999952 31.270556119666665 120.912181936 3.565200000 5.000000000 0.000625000 0.000000000 0.000000000 0.000000000 0.001705690 30.000000000 23.200000000 49.000000000 28.000000000
1750311039.000000000 31.270556242666657 120.912181097 3.525500000 5.000000000 0.000625000 0.000000000 0.000000000 0.000000000 0.001705690 30.000000000 23.200000000 49.000000000 28.000000000
1750311039.200000048 31.270556607000003 120.912180256 3.477400000 5.000000000 0.000580810 0.000000000 0.000000000 0.000000000 0.001489960 42.000000000 28.000000000 49.000000000 28.000000000
1750311039.400000095 31.270556599666662 120.912179371 3.488300000 5.000000000 0.000585640 0.000000000 0.000000000 0.000000000 0.001513210 42.000000000 28.000000000 49.000000000 28.000000000
1750311039.599999905 31.270556285166663 120.912178692 3.521200000 5.000000000 0.000585640 0.000000000 0.000000000 0.000000000 0.001600000 42.000000000 28.000000000 49.000000000 28.000000000
1750311039.799999952 31.270555988833337 120.912177804 3.567300000 5.000000000 0.000590490 0.000000000 0.000000000 0.000000000 0.001600000 42.000000000 28.000000000 49.000000000 28.000000000
1750311040.000000000 31.270555532166668 120.912177137 3.578400000 5.000000000 0.000590490 0.000000000 0.000000000 0.000000000 0.001600000 42.000000000 28.000000000 49.000000000 28.000000000
1750311040.200000048 31.270555111333337 120.912176346 3.597300000 5.000000000 0.000580810 0.000000000 0.000000000 0.000000000 0.001361610 41.000000000 32.000000000 54.000000000 39.000000000
1750311040.400000095 31.270554430999994 120.912175765 3.623800000 5.000000000 0.000580810 0.000000000 0.000000000 0.000000000 0.001383840 41.000000000 32.000000000 54.000000000 39.000000000
1750311040.599999905 31.270554169833332 120.912174917 3.604100000 5.000000000 0.000585640 0.000000000 0.000000000 0.000000000 0.001391290 41.000000000 32.000000000 54.000000000 39.000000000
1750311040.799999952 31.270554055000005 120.912174100 3.617100000 5.000000000 0.000585640 0.000000000 0.000000000 0.000000000 0.001406250 41.000000000 32.000000000 54.000000000 39.000000000
1750311041.000000000 31.270554038833325 120.912173313 3.563400000 5.000000000 0.000590490 0.000000000 0.000000000 0.000000000 0.001474560 41.000000000 32.000000000 54.000000000 39.000000000
1750311041.200000048 31.270554169000008 120.912172386 3.545200000 5.000000000 0.000585640 0.000000000 0.000000000 0.000000000 0.001406250 43.000000000 33.600000000 55.000000000 41.000000000
1750311041.400000095 31.270554033500005 120.912171793 3.530200000 5.000000000 0.000590490 0.000000000 0.000000000 0.000000000 0.001406250 43.000000000 33.600000000 55.000000000 41.000000000
1750311041.599999905 31.270553781833343 120.912171013 3.579600000 5.000000000 0.000590490 0.000000000 0.000000000 0.000000000 0.001513210 43.000000000 33.600000000 55.000000000 41.000000000
1750311041.799999952 31.270553532833333 120.912170514 3.620600000 5.000000000 0.000595360 0.000000000 0.000000000 0.000000000 0.001513210 43.000000000 33.600000000 55.000000000 41.000000000
1750311042.000000000 31.27055360216667 120.912169678 3.604800000 5.000000000 0.000595360 0.000000000 0.000000000 0.000000000 0.001568160 43.000000000 33.600000000 55.000000000 41.000000000
1750311042.200000048 31.270553439833336 120.912169054 3.602400000 5.000000000 0.000600250 0.000000000 0.000000000 0.000000000 0.001346890 45.000000000 32.000000000 53.000000000 35.000000000
1750311042.400000095 31.270553410333335 120.912168223 3.649700000 5.000000000 0.000665640 0.000000000 0.000000000 0.000000000 0.001608010 45.000000000 32.000000000 53.000000000 35.000000000
1750311042.599999905 31.270553105666664 120.912167591 3.663900000 5.000000000 0.000590490 0.000000000 0.000000000 0.000000000 0.001354240 45.000000000 32.000000000 53.000000000 35.000000000
1750311042.799999952 31.270553129666666 120.912166708 3.620600000 5.000000000 0.000655360 0.000000000 0.000000000 0.000000000 0.001421290 45.000000000 32.000000000 53.000000000 35.000000000
1750311043.000000000 31.27055268250001 120.912166196 3.680800000 5.000000000 0.000660490 0.000000000 0.000000000 0.000000000 0.001421290 45.000000000 32.000000000 53.000000000 35.000000000
1750311043.200000048 31.27055276 120.912165304 3.669200000 5.000000000 0.000660490 0.000000000 0.000000000 0.000000000 0.001421290 46.000000000 34.800000000 55.000000000 41.000000000
1750311043.400000095 31.27055299850001 120.912164239 3.612400000 5.000000000 0.000660490 0.000000000 0.000000000 0.000000000 0.001421290 46.000000000 34.800000000 55.000000000 41.000000000
1750311043.599999905 31.270553144333334 120.912163531 3.558500000 5.000000000 0.000660490 0.000000000 0.000000000 0.000000000 0.001421290 46.000000000 34.800000000 55.000000000 41.000000000
1750311043.799999952 31.270552634166663 120.912162768 3.637300000 5.000000000 0.000660490 0.000000000 0.000000000 0.000000000 0.001421290 46.000000000 34.800000000 55.000000000 41.000000000
1750311044.000000000 31.27055206766667 120.912162080 3.681100000 5.000000000 0.000660490 0.000000000 0.000000000 0.000000000 0.001421290 46.000000000 34.800000000 55.000000000 41.000000000
1750311044.200000048 31.270552040166663 120.912161323 3.671300000 5.000000000 0.000665640 0.000000000 0.000000000 0.000000000 0.001421290 42.000000000 33.600000000 54.000000000 42.000000000
1750311044.400000095 31.27055180966667 120.912160631 3.702600000 5.000000000 0.000665640 0.000000000 0.000000000 0.000000000 0.001421290 42.000000000 33.600000000 54.000000000 42.000000000
1750311044.599999905 31.270551500166675 120.912160005 3.764100000 5.000000000 0.000665640 0.000000000 0.000000000 0.000000000 0.001421290 42.000000000 33.600000000 54.000000000 42.000000000
1750311044.799999952 31.270551383833336 120.912159234 3.742400000 5.000000000 0.000665640 0.000000000 0.000000000 0.000000000 0.001421290 42.000000000 33.600000000 54.000000000 42.000000000
1750311045.000000000 31.27055120833333 120.912158619 3.746000000 5.000000000 0.000665640 0.000000000 0.000000000 0.000000000 0.001421290 42.000000000 33.600000000 54.000000000 42.000000000
1750311045.200000048 31.270550796166674 120.912158124 3.776100000 5.000000000 0.000665640 0.000000000 0.000000000 0.000000000 0.001428840 41.000000000 32.000000000 55.000000000 39.000000000
1750311045.400000095 31.27055055400001 120.912157543 3.785300000 5.000000000 0.000665640 0.000000000 0.000000000 0.000000000 0.001428840 41.000000000 32.000000000 55.000000000 39.000000000
1750311045.599999905 31.270550624166674 120.912156732 3.778100000 5.000000000 0.000665640 0.000000000 0.000000000 0.000000000 0.001428840 41.000000000 32.000000000 55.000000000 39.000000000
1750311045.799999952 31.2705502565 120.912156111 3.805500000 5.000000000 0.000665640 0.000000000 0.000000000 0.000000000 0.001428840 41.000000000 32.000000000 55.000000000 39.000000000
1750311046.000000000 31.270550308333327 120.912155106 3.778100000 5.000000000 0.000665640 0.000000000 0.000000000 0.000000000 0.001428840 41.000000000 32.000000000 55.000000000 39.000000000
1750311046.200000048 31.270550355166662 120.912154386 3.781300000 5.000000000 0.000665640 0.000000000 0.000000000 0.000000000 0.001428840 41.000000000 32.800000000 56.000000000 41.000000000
1750311046.400000095 31.270549932333324 120.912153607 3.802400000 5.000000000 0.000665640 0.000000000 0.000000000 0.000000000 0.001428840 41.000000000 32.800000000 56.000000000 41.000000000
1750311046.599999905 31.270549772833334 120.912152988 3.805100000 5.000000000 0.000665640 0.000000000 0.000000000 0.000000000 0.001428840 41.000000000 32.800000000 56.000000000 41.000000000
1750311046.799999952 31.27054943583333 120.912152471 3.849600000 5.000000000 0.000665640 0.000000000 0.000000000 0.000000000 0.001428840 41.000000000 32.800000000 56.000000000 41.000000000
1750311047.000000000 31.270549329333335 120.912151780 3.853300000 5.000000000 0.000665640 0.000000000 0.000000000 0.000000000 0.001428840 41.000000000 32.800000000 56.000000000 41.000000000
1750311047.200000048 31.270549153000005 120.912150969 3.844200000 5.000000000 0.000670810 0.000000000 0.000000000 0.000000000 0.001436410 30.000000000 24.800000000 52.000000000 32.000000000
1750311047.400000095 31.270549049500005 120.912150234 3.832700000 5.000000000 0.000670810 0.000000000 0.000000000 0.000000000 0.001436410 30.000000000 24.800000000 52.000000000 32.000000000
1750311047.599999905 31.270548853333338 120.912149702 3.868600000 5.000000000 0.000670810 0.000000000 0.000000000 0.000000000 0.001436410 30.000000000 24.800000000 52.000000000 32.000000000
1750311047.799999952 31.270548551666664 120.912148999 3.897200000 5.000000000 0.000670810 0.000000000 0.000000000 0.000000000 0.001436410 30.000000000 24.800000000 52.000000000 32.000000000
1750311048.000000000 31.27054835366667 120.912148352 3.922000000 5.000000000 0.000670810 0.000000000 0.000000000 0.000000000 0.001436410 30.000000000 24.800000000 52.000000000 32.000000000
1750311048.200000048 31.270548342333342 120.912147683 3.937600000 5.000000000 0.000670810 0.000000000 0.000000000 0.000000000 0.001436410 31.000000000 26.800000000 52.000000000 36.000000000
1750311048.400000095 31.270548480666662 120.912146984 3.946700000 5.000000000 0.000670810 0.000000000 0.000000000 0.000000000 0.001436410 31.000000000 26.800000000 52.000000000 36.000000000
1750311048.599999905 31.270548488833327 120.912146719 3.977700000 5.000000000 0.000670810 0.000000000 0.000000000 0.000000000 0.001436410 31.000000000 26.800000000 52.000000000 36.000000000
1750311048.799999952 31.270548648499997 120.912146619 3.962300000 5.000000000 0.000670810 0.000000000 0.000000000 0.000000000 0.001436410 31.000000000 26.800000000 52.000000000 36.000000000
1750311049.000000000 31.270548882166665 120.912146358 3.954400000 5.000000000 0.000670810 0.000000000 0.000000000 0.000000000 0.001436410 31.000000000 26.800000000 52.000000000 36.000000000
1750311049.200000048 31.270549043333332 120.912146148 3.954300000 5.000000000 0.000670810 0.000000000 0.000000000 0.000000000 0.001444000 28.000000000 24.400000000 52.000000000 33.000000000
1750311049.400000095 31.270549357833332 120.912145617 3.943000000 5.000000000 0.000670810 0.000000000 0.000000000 0.000000000 0.001444000 28.000000000 24.400000000 52.000000000 33.000000000
1750311049.599999905 31.27054933383333 120.912145496 3.942000000 5.000000000 0.000670810 0.000000000 0.000000000 0.000000000 0.001444000 28.000000000 24.400000000 52.000000000 33.000000000
1750311049.799999952 31.270549467333325 120.912145302 3.935800000 5.000000000 0.000670810 0.000000000 0.000000000 0.000000000 0.001444000 28.000000000 24.400000000 52.000000000 33.000000000
1750311050.000000000 31.27054940633333 120.912145098 3.958000000 5.000000000 0.000670810 0.000000000 0.000000000 0.000000000 0.001444000 28.000000000 24.400000000 52.000000000 33.000000000
1750311050.200000048 31.270549346500005 120.912145015 3.989100000 5.000000000 0.000676000 0.000000000 0.000000000 0.000000000 0.001444000 26.000000000 20.800000000 47.000000000 26.000000000
1750311050.400000095 31.270549388999996 120.912144948 3.995200000 5.000000000 0.000676000 0.000000000 0.000000000 0.000000000 0.001444000 26.000000000 20.800000000 47.000000000 26.000000000
1750311050.599999905 31.27054936816667 120.912144779 3.969400000 5.000000000 0.000676000 0.000000000 0.000000000 0.000000000 0.001444000 26.000000000 20.800000000 47.000000000 26.000000000
1750311050.799999952 31.270549331166663 120.912144904 3.988200000 5.000000000 0.000676000 0.000000000 0.000000000 0.000000000 0.001444000 26.000000000 20.800000000 47.000000000 26.000000000
1750311051.000000000 31.270549251000006 120.912144996 3.995600000 5.000000000 0.000676000 0.000000000 0.000000000 0.000000000 0.001444000 26.000000000 20.800000000 47.000000000 26.000000000
1750311051.200000048 31.270549258499997 120.912144985 3.993900000 5.000000000 0.000676000 0.000000000 0.000000000 0.000000000 0.001451610 25.000000000 20.800000000 47.000000000 27.000000000
1750311051.400000095 31.270549151500006 120.912145051 4.014100000 5.000000000 0.000676000 0.000000000 0.000000000 0.000000000 0.001451610 25.000000000 20.800000000 47.000000000 27.000000000
1750311051.599999905 31.27054913166667 120.912144752 4.036600000 5.000000000 0.000676000 0.000000000 0.000000000 0.000000000 0.001451610 25.000000000 20.800000000 47.000000000 27.000000000
1750311051.799999952 31.27054902266667 120.912144567 4.042700000 5.000000000 0.000676000 0.000000000 0.000000000 0.000000000 0.001451610 25.000000000 20.800000000 47.000000000 27.000000000
1750311052.000000000 31.270548926000004 120.912144406 4.040700000 5.000000000 0.000676000 0.000000000 0.000000000 0.000000000 0.001451610 25.000000000 20.800000000 47.000000000 27.000000000
1750311052.200000048 31.270549030833337 120.912144327 4.021800000 5.000000000 0.000681210 0.000000000 0.000000000 0.000000000 0.001459240 26.000000000 22.800000000 50.000000000 31.000000000
1750311052.400000095 31.270548849666667 120.912144557 4.025900000 5.000000000 0.000681210 0.000000000 0.000000000 0.000000000 0.001459240 26.000000000 22.800000000 50.000000000 31.000000000
1750311052.599999905 31.270548403666666 120.912144581 4.016300000 5.000000000 0.000681210 0.000000000 0.000000000 0.000000000 0.001459240 26.000000000 22.800000000 50.000000000 31.000000000
1750311052.799999952 31.270547703999995 120.912144886 4.019500000 5.000000000 0.000681210 0.000000000 0.000000000 0.000000000 0.001459240 26.000000000 22.800000000 50.000000000 31.000000000
1750311053.000000000 31.270547056499993 120.912144676 3.989900000 5.000000000 0.000681210 0.000000000 0.000000000 0.000000000 0.001459240 26.000000000 22.800000000 50.000000000 31.000000000
1750311053.200000048 31.27054619149999 120.912145166 4.050300000 5.000000000 0.000681210 0.000000000 0.000000000 0.000000000 0.001459240 30.000000000 24.000000000 48.000000000 30.000000000
1750311053.400000095 31.27054531333333 120.912145635 4.133500000 5.000000000 0.000681210 0.000000000 0.000000000 0.000000000 0.001459240 30.000000000 24.000000000 48.000000000 30.000000000
1750311053.599999905 31.270544694500003 120.912145562 4.129600000 5.000000000 0.000681210 0.000000000 0.000000000 0.000000000 0.001459240 30.000000000 24.000000000 48.000000000 30.000000000
1750311053.799999952 31.270544448166675 120.912145015 4.028600000 5.000000000 0.000681210 0.000000000 0.000000000 0.000000000 0.001459240 30.000000000 24.000000000 48.000000000 30.000000000
1750311054.000000000 31.270543573500007 120.912145156 4.076400000 5.000000000 0.000681210 0.000000000 0.000000000 0.000000000 0.001459240 30.000000000 24.000000000 48.000000000 30.000000000
1750311054.200000048 31.270542884833333 120.912145533 4.106500000 5.000000000 0.000681210 0.000000000 0.000000000 0.000000000 0.001466890 28.000000000 24.400000000 49.000000000 33.000000000
1750311054.400000095 31.270542129000006 120.912145780 4.124900000 5.000000000 0.000681210 0.000000000 0.000000000 0.000000000 0.001466890 28.000000000 24.400000000 49.000000000 33.000000000
1750311054.599999905 31.27054136416666 120.912145879 4.138800000 5.000000000 0.000681210 0.000000000 0.000000000 0.000000000 0.001466890 28.000000000 24.400000000 49.000000000 33.000000000
1750311054.799999952 31.270540924000002 120.912145771 4.039300000 5.000000000 0.000681210 0.000000000 0.000000000 0.000000000 0.001466890 28.000000000 24.400000000 49.000000000 33.000000000
1750311055.000000000 31.2705402095 120.912146115 4.042900000 5.000000000 0.000681210 0.000000000 0.000000000 0.000000000 0.001466890 28.000000000 24.400000000 49.000000000 33.000000000
1750311055.200000048 31.2705395455 120.912146240 4.028300000 5.000000000 0.000686440 0.000000000 0.000000000 0.000000000 0.001466890 28.000000000 23.600000000 47.000000000 31.000000000
1750311055.400000095 31.270538845999994 120.912146564 4.029800000 5.000000000 0.000686440 0.000000000 0.000000000 0.000000000 0.001466890 28.000000000 23.600000000 47.000000000 31.000000000
1750311055.599999905 31.270538308833338 120.912146390 3.968600000 5.000000000 0.000686440 0.000000000 0.000000000 0.000000000 0.001466890 28.000000000 23.600000000 47.000000000 31.000000000
1750311055.799999952 31.270537628166664 120.912146297 3.946500000 5.000000000 0.000686440 0.000000000 0.000000000 0.000000000 0.001466890 28.000000000 23.600000000 47.000000000 31.000000000
1750311056.000000000 31.270536829833333 120.912146504 3.973800000 5.000000000 0.000686440 0.000000000 0.000000000 0.000000000 0.001466890 28.000000000 23.600000000 47.000000000 31.000000000
1750311056.200000048 31.270535977833333 120.912146488 3.981300000 5.000000000 0.000686440 0.000000000 0.000000000 0.000000000 0.001474560 37.000000000 27.600000000 49.000000000 32.000000000
1750311056.400000095 31.270535390000006 120.912146212 3.960200000 5.000000000 0.000686440 0.000000000 0.000000000 0.000000000 0.001474560 37.000000000 27.600000000 49.000000000 32.000000000
1750311056.599999905 31.27053466133333 120.912146687 4.003000000 5.000000000 0.000686440 0.000000000 0.000000000 0.000000000 0.001474560 37.000000000 27.600000000 49.000000000 32.000000000
1750311056.799999952 31.270534000499993 120.912147300 4.031900000 5.000000000 0.000686440 0.000000000 0.000000000 0.000000000 0.001474560 37.000000000 27.600000000 49.000000000 32.000000000
1750311057.000000000 31.270533329833327 120.912147285 3.995100000 5.000000000 0.000686440 0.000000000 0.000000000 0.000000000 0.001474560 37.000000000 27.600000000 49.000000000 32.000000000
1750311057.200000048 31.27053267233333 120.912147081 3.954000000 5.000000000 0.000686440 0.000000000 0.000000000 0.000000000 0.001474560 38.000000000 30.400000000 52.000000000 38.000000000
1750311057.400000095 31.270532078666662 120.912147444 3.946900000 5.000000000 0.000686440 0.000000000 0.000000000 0.000000000 0.001474560 38.000000000 30.400000000 52.000000000 38.000000000
1750311057.599999905 31.270531372333338 120.912147450 3.937400000 5.000000000 0.000686440 0.000000000 0.000000000 0.000000000 0.001474560 38.000000000 30.400000000 52.000000000 38.000000000
1750311057.799999952 31.270530688999997 120.912147716 3.926000000 5.000000000 0.000686440 0.000000000 0.000000000 0.000000000 0.001474560 38.000000000 30.400000000 52.000000000 38.000000000
1750311058.000000000 31.27053000400001 120.912148125 3.932600000 5.000000000 0.000686440 0.000000000 0.000000000 0.000000000 0.001474560 38.000000000 30.400000000 52.000000000 38.000000000
1750311058.200000048 31.270529273166673 120.912148298 3.922300000 5.000000000 0.000691690 0.000000000 0.000000000 0.000000000 0.001474560 47.000000000 36.400000000 54.000000000 44.000000000
1750311058.400000095 31.270528637166663 120.912148609 3.928800000 5.000000000 0.000691690 0.000000000 0.000000000 0.000000000 0.001474560 47.000000000 36.400000000 54.000000000 44.000000000
1750311058.599999905 31.27052796383333 120.912148849 3.947900000 5.000000000 0.000691690 0.000000000 0.000000000 0.000000000 0.001474560 47.000000000 36.400000000 54.000000000 44.000000000
1750311058.799999952 31.27052732300001 120.912149322 3.979900000 5.000000000 0.000691690 0.000000000 0.000000000 0.000000000 0.001474560 47.000000000 36.400000000 54.000000000 44.000000000
1750311059.000000000 31.270526638333337 120.912149505 3.967000000 5.000000000 0.000691690 0.000000000 0.000000000 0.000000000 0.001474560 47.000000000 36.400000000 54.000000000 44.000000000
1750311059.200000048 31.270526048666667 120.912149659 3.946800000 5.000000000 0.000691690 0.000000000 0.000000000 0.000000000 0.001482250 44.000000000 36.400000000 55.000000000 47.000000000
1750311059.400000095 31.270525400833336 120.912149830 3.931800000 5.000000000 0.000691690 0.000000000 0.000000000 0.000000000 0.001482250 44.000000000 36.400000000 55.000000000 47.000000000
1750311059.599999905 31.270524656333336 120.912149824 3.907800000 5.000000000 0.000691690 0.000000000 0.000000000 0.000000000 0.001482250 44.000000000 36.400000000 55.000000000 47.000000000
1750311059.799999952 31.27052403416667 120.912149776 3.887800000 5.000000000 0.000691690 0.000000000 0.000000000 0.000000000 0.001482250 44.000000000 36.400000000 55.000000000 47.000000000
1750311060.000000000 31.270523371833335 120.912149994 3.885100000 5.000000000 0.000691690 0.000000000 0.000000000 0.000000000 0.001482250 44.000000000 36.400000000 55.000000000 47.000000000
1750311060.200000048 31.270522801833337 120.912150405 3.876100000 5.000000000 0.000691690 0.000000000 0.000000000 0.000000000 0.001482250 48.000000000 38.400000000 55.000000000 48.000000000
1750311060.400000095 31.270522102499996 120.912150455 3.896800000 5.000000000 0.000691690 0.000000000 0.000000000 0.000000000 0.001482250 48.000000000 38.400000000 55.000000000 48.000000000
1750311060.599999905 31.27052143666667 120.912150600 3.882300000 5.000000000 0.000691690 0.000000000 0.000000000 0.000000000 0.001482250 48.000000000 38.400000000 55.000000000 48.000000000
