1750225098.599999905 31.276891690666673 120.906846400 1.962700000 4.000000000 0.000108160 1.000000000 0.000000000 0.000000000 0.000072250 85.000000000 84.000000000 79.000000000 83.000000000
1750225098.799999952 31.276891705833336 120.906846431 1.963500000 4.000000000 0.000108160 1.000000000 0.000000000 0.000000000 0.000072250 85.000000000 84.000000000 79.000000000 83.000000000
1750225099.000000000 31.27689171583333 120.906846410 1.959400000 4.000000000 0.000108160 1.000000000 0.000000000 0.000000000 0.000072250 85.000000000 84.000000000 79.000000000 83.000000000
1750225099.200000048 31.276891704666667 120.906846403 1.958400000 4.000000000 0.000108160 1.000000000 0.000000000 0.000000000 0.000072250 83.000000000 83.000000000 79.000000000 83.000000000
1750225099.400000095 31.276891716500003 120.906846430 1.961000000 4.000000000 0.000108160 1.000000000 0.000000000 0.000000000 0.000072250 83.000000000 83.000000000 79.000000000 83.000000000
1750225099.599999905 31.276891731999996 120.906846607 1.958500000 4.000000000 0.000102010 1.000000000 0.000000000 0.000000000 0.000070560 83.000000000 83.000000000 79.000000000 83.000000000
1750225099.799999952 31.276891851166667 120.906847042 1.963700000 4.000000000 0.000102010 1.000000000 0.000000000 0.000000000 0.000070560 83.000000000 83.000000000 79.000000000 83.000000000
1750225100.000000000 31.276891956166665 120.906847593 1.967700000 4.000000000 0.000102010 1.000000000 0.000000000 0.000000000 0.000070560 83.000000000 83.000000000 79.000000000 83.000000000
1750225100.200000048 31.276892087000007 120.906848196 1.963200000 4.000000000 0.000102010 1.000000000 0.000000000 0.000000000 0.000070560 83.000000000 84.000000000 80.000000000 85.000000000
1750225100.400000095 31.27689212850001 120.906848137 1.945000000 4.000000000 0.000151290 1.000000000 0.000000000 0.000000000 0.000106090 83.000000000 84.000000000 80.000000000 85.000000000
1750225100.599999905 31.27689212466666 120.906848127 1.950900000 4.000000000 0.000151290 1.000000000 0.000000000 0.000000000 0.000106090 83.000000000 84.000000000 80.000000000 85.000000000
1750225100.799999952 31.276892151166663 120.906848117 1.933400000 4.000000000 0.000153760 1.000000000 0.000000000 0.000000000 0.000106090 83.000000000 84.000000000 80.000000000 85.000000000
1750225101.000000000 31.276892191 120.906848517 1.951000000 4.000000000 0.000156250 1.000000000 0.000000000 0.000000000 0.000108160 83.000000000 84.000000000 80.000000000 85.000000000
1750225101.200000048 31.276892291833335 120.906849241 1.942100000 4.000000000 0.000158760 1.000000000 0.000000000 0.000000000 0.000110250 72.000000000 73.000000000 74.000000000 74.000000000
1750225101.400000095 31.276892345000007 120.906850276 1.951200000 4.000000000 0.000182250 1.000000000 0.000000000 0.000000000 0.000116640 72.000000000 73.000000000 74.000000000 74.000000000
1750225101.599999905 31.276892294333337 120.906851141 1.955600000 4.000000000 0.000182250 1.000000000 0.000000000 0.000000000 0.000116640 72.000000000 73.000000000 74.000000000 74.000000000
1750225101.799999952 31.276892164666663 120.906851980 1.964700000 4.000000000 0.000182250 1.000000000 0.000000000 0.000000000 0.000116640 72.000000000 73.000000000 74.000000000 74.000000000
1750225102.000000000 31.276892003499995 120.906852820 1.966700000 4.000000000 0.000182250 1.000000000 0.000000000 0.000000000 0.000116640 72.000000000 73.000000000 74.000000000 74.000000000
1750225102.200000048 31.27689189633334 120.906853677 1.976500000 4.000000000 0.000176890 1.000000000 0.000000000 0.000000000 0.000114490 77.000000000 73.500000000 73.000000000 70.000000000
1750225102.400000095 31.27689174016666 120.906854470 1.985200000 4.000000000 0.000176890 1.000000000 0.000000000 0.000000000 0.000114490 77.000000000 73.500000000 73.000000000 70.000000000
1750225102.599999905 31.27689184799999 120.906855382 1.922300000 4.000000000 0.000169000 1.000000000 0.000000000 0.000000000 0.000112360 77.000000000 73.500000000 73.000000000 70.000000000
1750225102.799999952 31.276891858499994 120.906856188 1.932600000 4.000000000 0.000169000 1.000000000 0.000000000 0.000000000 0.000112360 77.000000000 73.500000000 73.000000000 70.000000000
1750225103.000000000 31.276892090000004 120.906857098 1.927000000 4.000000000 0.000169000 1.000000000 0.000000000 0.000000000 0.000112360 77.000000000 73.500000000 73.000000000 70.000000000
1750225103.200000048 31.276892187833326 120.906857843 1.918700000 4.000000000 0.000169000 1.000000000 0.000000000 0.000000000 0.000112360 81.000000000 80.000000000 77.000000000 79.000000000
1750225103.400000095 31.276892290333336 120.906858587 1.940200000 4.000000000 0.000169000 1.000000000 0.000000000 0.000000000 0.000112360 81.000000000 80.000000000 77.000000000 79.000000000
1750225103.599999905 31.276892432500006 120.906859480 1.924300000 4.000000000 0.000151290 1.000000000 0.000000000 0.000000000 0.000110250 81.000000000 80.000000000 77.000000000 79.000000000
1750225103.799999952 31.27689258866667 120.906860432 1.904300000 4.000000000 0.000153760 1.000000000 0.000000000 0.000000000 0.000110250 81.000000000 80.000000000 77.000000000 79.000000000
1750225104.000000000 31.27689277766666 120.906861166 1.911600000 4.000000000 0.000153760 1.000000000 0.000000000 0.000000000 0.000110250 81.000000000 80.000000000 77.000000000 79.000000000
1750225104.200000048 31.276892875 120.906861946 1.923800000 4.000000000 0.000151290 1.000000000 0.000000000 0.000000000 0.000110250 81.000000000 80.000000000 77.000000000 79.000000000
1750225104.400000095 31.276893013000006 120.906862741 1.932900000 4.000000000 0.000151290 1.000000000 0.000000000 0.000000000 0.000110250 81.000000000 80.000000000 77.000000000 79.000000000
1750225104.599999905 31.27689310683334 120.906863570 1.905400000 4.000000000 0.000144000 1.000000000 0.000000000 0.000000000 0.000106090 81.000000000 80.000000000 77.000000000 79.000000000
1750225104.799999952 31.27689332683333 120.906864364 1.899700000 4.000000000 0.000144000 1.000000000 0.000000000 0.000000000 0.000106090 81.000000000 80.000000000 77.000000000 79.000000000
1750225105.000000000 31.276893545000007 120.906865116 1.921200000 4.000000000 0.000146410 1.000000000 0.000000000 0.000000000 0.000106090 81.000000000 80.000000000 77.000000000 79.000000000
1750225105.200000048 31.276893614000002 120.906865982 1.916400000 4.000000000 0.000146410 1.000000000 0.000000000 0.000000000 0.000106090 79.000000000 80.000000000 78.000000000 81.000000000
1750225105.400000095 31.276893776166673 120.906866841 1.936900000 4.000000000 0.000146410 1.000000000 0.000000000 0.000000000 0.000106090 79.000000000 80.000000000 78.000000000 81.000000000
1750225105.599999905 31.276894042500004 120.906867800 1.897600000 4.000000000 0.000141610 1.000000000 0.000000000 0.000000000 0.000106090 79.000000000 80.000000000 78.000000000 81.000000000
1750225105.799999952 31.27689412383333 120.906868549 1.900500000 4.000000000 0.000141610 1.000000000 0.000000000 0.000000000 0.000106090 79.000000000 80.000000000 78.000000000 81.000000000
1750225106.000000000 31.27689401166667 120.906869357 1.901200000 4.000000000 0.000144000 1.000000000 0.000000000 0.000000000 0.000108160 79.000000000 80.000000000 78.000000000 81.000000000
1750225106.200000048 31.2768939085 120.906870183 1.898100000 4.000000000 0.000141610 1.000000000 0.000000000 0.000000000 0.000106090 79.000000000 79.000000000 77.000000000 79.000000000
1750225106.400000095 31.27689391199999 120.906870975 1.907500000 4.000000000 0.000141610 1.000000000 0.000000000 0.000000000 0.000106090 79.000000000 79.000000000 77.000000000 79.000000000
1750225106.599999905 31.276894036 120.906871694 1.885300000 4.000000000 0.000144000 1.000000000 0.000000000 0.000000000 0.000108160 79.000000000 79.000000000 77.000000000 79.000000000
1750225106.799999952 31.276894129166664 120.906872562 1.886600000 4.000000000 0.000146410 1.000000000 0.000000000 0.000000000 0.000110250 79.000000000 79.000000000 77.000000000 79.000000000
1750225107.000000000 31.27689425683333 120.906873326 1.882600000 4.000000000 0.000146410 1.000000000 0.000000000 0.000000000 0.000110250 79.000000000 79.000000000 77.000000000 79.000000000
1750225107.200000048 31.27689427716666 120.906874122 1.895700000 4.000000000 0.000148840 1.000000000 0.000000000 0.000000000 0.000110250 77.000000000 80.000000000 79.000000000 83.000000000
1750225107.400000095 31.276894477166664 120.906874945 1.896600000 4.000000000 0.000146410 1.000000000 0.000000000 0.000000000 0.000110250 77.000000000 80.000000000 79.000000000 83.000000000
1750225107.599999905 31.276894658499998 120.906875582 1.925800000 4.000000000 0.000151290 1.000000000 0.000000000 0.000000000 0.000102010 77.000000000 80.000000000 79.000000000 83.000000000
1750225107.799999952 31.27689473433334 120.906876475 1.925400000 4.000000000 0.000151290 1.000000000 0.000000000 0.000000000 0.000102010 77.000000000 80.000000000 79.000000000 83.000000000
1750225108.000000000 31.27689478299999 120.906877250 1.922800000 4.000000000 0.000151290 1.000000000 0.000000000 0.000000000 0.000102010 77.000000000 80.000000000 79.000000000 83.000000000
1750225108.200000048 31.27689484983334 120.906878026 1.918300000 4.000000000 0.000151290 1.000000000 0.000000000 0.000000000 0.000102010 77.000000000 79.000000000 78.000000000 81.000000000
1750225108.400000095 31.276894975333335 120.906878914 1.918400000 4.000000000 0.000156250 1.000000000 0.000000000 0.000000000 0.000104040 77.000000000 79.000000000 78.000000000 81.000000000
1750225108.599999905 31.276895045000003 120.906879639 1.928600000 4.000000000 0.000169000 1.000000000 0.000000000 0.000000000 0.000104040 77.000000000 79.000000000 78.000000000 81.000000000
1750225108.799999952 31.276895131499998 120.906880518 1.934000000 4.000000000 0.000171610 1.000000000 0.000000000 0.000000000 0.000106090 77.000000000 79.000000000 78.000000000 81.000000000
1750225109.000000000 31.276895159166656 120.906881307 1.937900000 4.000000000 0.000174240 1.000000000 0.000000000 0.000000000 0.000106090 77.000000000 79.000000000 78.000000000 81.000000000
1750225109.200000048 31.27689532716667 120.906882090 1.951000000 4.000000000 0.000171610 1.000000000 0.000000000 0.000000000 0.000104040 72.000000000 74.500000000 76.000000000 77.000000000
1750225109.400000095 31.276895545000002 120.906882976 1.952000000 4.000000000 0.000193210 1.000000000 0.000000000 0.000000000 0.000102010 72.000000000 74.500000000 76.000000000 77.000000000
1750225109.599999905 31.276895664999998 120.906883922 1.942100000 4.000000000 0.000193210 1.000000000 0.000000000 0.000000000 0.000102010 72.000000000 74.500000000 76.000000000 77.000000000
1750225109.799999952 31.276895782666656 120.906884756 1.929300000 4.000000000 0.000198810 1.000000000 0.000000000 0.000000000 0.000102010 72.000000000 74.500000000 76.000000000 77.000000000
1750225110.000000000 31.276895793333324 120.906885512 1.953400000 4.000000000 0.000201640 1.000000000 0.000000000 0.000000000 0.000104040 72.000000000 74.500000000 76.000000000 77.000000000
1750225110.200000048 31.276895753999995 120.906886325 1.958700000 4.000000000 0.000196000 1.000000000 0.000000000 0.000000000 0.000102010 77.000000000 76.000000000 75.000000000 75.000000000
1750225110.400000095 31.27689574466666 120.906887117 1.979900000 4.000000000 0.000216090 1.000000000 0.000000000 0.000000000 0.000106090 77.000000000 76.000000000 75.000000000 75.000000000
1750225110.599999905 31.276895805166674 120.906887883 1.977000000 4.000000000 0.000219040 1.000000000 0.000000000 0.000000000 0.000106090 77.000000000 76.000000000 75.000000000 75.000000000
1750225110.799999952 31.276895837333342 120.906888763 1.984500000 4.000000000 0.000222010 1.000000000 0.000000000 0.000000000 0.000106090 77.000000000 76.000000000 75.000000000 75.000000000
1750225111.000000000 31.276895873 120.906889548 1.974400000 4.000000000 0.000228010 1.000000000 0.000000000 0.000000000 0.000108160 77.000000000 76.000000000 75.000000000 75.000000000
1750225111.200000048 31.27689587016667 120.906890482 1.982000000 4.000000000 0.000219040 1.000000000 0.000000000 0.000000000 0.000104040 75.000000000 70.500000000 71.000000000 66.000000000
1750225111.400000095 31.276895926999998 120.906891262 1.988700000 4.000000000 0.000249640 1.000000000 0.000000000 0.000000000 0.000116640 75.000000000 70.500000000 71.000000000 66.000000000
1750225111.599999905 31.276895956666664 120.906892079 2.009500000 4.000000000 0.000256000 1.000000000 0.000000000 0.000000000 0.000116640 75.000000000 70.500000000 71.000000000 66.000000000
1750225111.799999952 31.276896017666672 120.906893081 1.970600000 4.000000000 0.000265690 1.000000000 0.000000000 0.000000000 0.000118810 75.000000000 70.500000000 71.000000000 66.000000000
1750225112.000000000 31.276896051999998 120.906893759 1.998100000 4.000000000 0.000265690 1.000000000 0.000000000 0.000000000 0.000118810 75.000000000 70.500000000 71.000000000 66.000000000
1750225112.200000048 31.276896246666666 120.906894579 1.983700000 4.000000000 0.000259210 1.000000000 0.000000000 0.000000000 0.000118810 68.000000000 68.000000000 72.000000000 68.000000000
1750225112.400000095 31.276896627499994 120.906895422 2.024900000 4.000000000 0.000256000 1.000000000 0.000000000 0.000000000 0.000123210 68.000000000 68.000000000 72.000000000 68.000000000
1750225112.599999905 31.276896526166666 120.906896235 2.025600000 4.000000000 0.000256000 1.000000000 0.000000000 0.000000000 0.000123210 68.000000000 68.000000000 72.000000000 68.000000000
1750225112.799999952 31.276896479666675 120.906897153 2.040900000 4.000000000 0.000256000 1.000000000 0.000000000 0.000000000 0.000123210 68.000000000 68.000000000 72.000000000 68.000000000
1750225113.000000000 31.276896451500008 120.906897918 2.043900000 4.000000000 0.000256000 1.000000000 0.000000000 0.000000000 0.000123210 68.000000000 68.000000000 72.000000000 68.000000000
1750225113.200000048 31.27689629133333 120.906898781 2.059900000 4.000000000 0.000259210 1.000000000 0.000000000 0.000000000 0.000123210 75.000000000 71.500000000 72.000000000 68.000000000
1750225113.400000095 31.27689616666666 120.906899777 2.024500000 4.000000000 0.000331240 1.000000000 0.000000000 0.000000000 0.000141610 75.000000000 71.500000000 72.000000000 68.000000000
1750225113.599999905 31.276895964999994 120.906900551 2.056800000 4.000000000 0.000331240 1.000000000 0.000000000 0.000000000 0.000144000 75.000000000 71.500000000 72.000000000 68.000000000
1750225113.799999952 31.276895914666667 120.906901232 2.052700000 4.000000000 0.000331240 1.000000000 0.000000000 0.000000000 0.000144000 75.000000000 71.500000000 72.000000000 68.000000000
1750225114.000000000 31.27689592116667 120.906902106 2.041100000 4.000000000 0.000338560 1.000000000 0.000000000 0.000000000 0.000144000 75.000000000 71.500000000 72.000000000 68.000000000
1750225114.200000048 31.27689591566667 120.906902996 2.021700000 4.000000000 0.000327610 1.000000000 0.000000000 0.000000000 0.000144000 62.000000000 64.000000000 71.000000000 66.000000000
1750225114.400000095 31.27689583450001 120.906904158 1.998100000 4.000000000 0.000538240 1.000000000 0.000000000 0.000000000 0.000144000 62.000000000 64.000000000 71.000000000 66.000000000
1750225114.599999905 31.276895746666668 120.906904878 2.017500000 4.000000000 0.000538240 1.000000000 0.000000000 0.000000000 0.000144000 62.000000000 64.000000000 71.000000000 66.000000000
1750225114.799999952 31.276895589166656 120.906905563 2.019500000 4.000000000 0.000538240 1.000000000 0.000000000 0.000000000 0.000144000 62.000000000 64.000000000 71.000000000 66.000000000
1750225115.000000000 31.276895566500002 120.906906466 2.007400000 4.000000000 0.000542890 1.000000000 0.000000000 0.000000000 0.000148840 62.000000000 64.000000000 71.000000000 66.000000000
1750225115.200000048 31.276895800999995 120.906907246 2.004200000 4.000000000 0.000542890 0.000000000 0.000000000 0.000000000 0.000146410 60.000000000 60.000000000 68.000000000 60.000000000
1750225115.400000095 31.27689553350001 120.906908023 2.013600000 4.000000000 0.000600250 0.000000000 0.000000000 0.000000000 0.000196000 60.000000000 60.000000000 68.000000000 60.000000000
1750225115.599999905 31.276895678499997 120.906908832 2.016900000 4.000000000 0.000595360 0.000000000 0.000000000 0.000000000 0.000193210 60.000000000 60.000000000 68.000000000 60.000000000
1750225115.799999952 31.276895698000004 120.906909185 2.040500000 4.000000000 0.000600250 0.000000000 0.000000000 0.000000000 0.000193210 60.000000000 60.000000000 68.000000000 60.000000000
1750225116.000000000 31.276895841333328 120.906909141 2.029800000 4.000000000 0.000600250 0.000000000 0.000000000 0.000000000 0.000193210 60.000000000 60.000000000 68.000000000 60.000000000
1750225116.200000048 31.27689580966667 120.906909130 2.032100000 4.000000000 0.000590490 0.000000000 0.000000000 0.000000000 0.000196000 64.000000000 66.000000000 72.000000000 68.000000000
1750225116.400000095 31.27689586216667 120.906909262 2.003400000 4.000000000 0.000702250 0.000000000 0.000000000 0.000000000 0.000179560 64.000000000 66.000000000 72.000000000 68.000000000
1750225116.599999905 31.276895842499997 120.906909216 2.009400000 4.000000000 0.000702250 0.000000000 0.000000000 0.000000000 0.000179560 64.000000000 66.000000000 72.000000000 68.000000000
1750225116.799999952 31.276895872166662 120.906909235 2.009800000 4.000000000 0.000702250 0.000000000 0.000000000 0.000000000 0.000179560 64.000000000 66.000000000 72.000000000 68.000000000
1750225117.000000000 31.276895849166664 120.906909216 2.012500000 4.000000000 0.000702250 0.000000000 0.000000000 0.000000000 0.000179560 64.000000000 66.000000000 72.000000000 68.000000000
1750225117.200000048 31.27689586566666 120.906909237 2.008600000 4.000000000 0.000696960 0.000000000 0.000000000 0.000000000 0.000176890 70.000000000 71.000000000 74.000000000 72.000000000
1750225117.400000095 31.276895862999993 120.906909211 2.011300000 4.000000000 0.000696960 0.000000000 0.000000000 0.000000000 0.000179560 70.000000000 71.000000000 74.000000000 72.000000000
1750225117.599999905 31.276895864833335 120.906909232 2.010700000 4.000000000 0.000696960 0.000000000 0.000000000 0.000000000 0.000179560 70.000000000 71.000000000 74.000000000 72.000000000
1750225117.799999952 31.276895871999997 120.906909234 2.007500000 4.000000000 0.000696960 0.000000000 0.000000000 0.000000000 0.000179560 70.000000000 71.000000000 74.000000000 72.000000000
1750225118.000000000 31.27689587016667 120.906909208 2.012000000 4.000000000 0.000696960 0.000000000 0.000000000 0.000000000 0.000179560 70.000000000 71.000000000 74.000000000 72.000000000
1750225118.200000048 31.27689596416667 120.906909242 2.011700000 4.000000000 0.000686440 0.000000000 0.000000000 0.000000000 0.000176890 75.000000000 76.000000000 76.000000000 77.000000000
1750225118.400000095 31.276895964666664 120.906909278 2.012000000 4.000000000 0.000686440 0.000000000 0.000000000 0.000000000 0.000176890 75.000000000 76.000000000 76.000000000 77.000000000
1750225118.599999905 31.276896047500003 120.906909327 2.012400000 4.000000000 0.000691690 0.000000000 0.000000000 0.000000000 0.000176890 75.000000000 76.000000000 76.000000000 77.000000000
1750225118.799999952 31.27689609833334 120.906909321 2.006800000 4.000000000 0.000702250 0.000000000 0.000000000 0.000000000 0.000179560 75.000000000 76.000000000 76.000000000 77.000000000
1750225119.000000000 31.276896088166666 120.906909227 2.015200000 4.000000000 0.000702250 0.000000000 0.000000000 0.000000000 0.000179560 75.000000000 76.000000000 76.000000000 77.000000000
1750225119.200000048 31.2768961015 120.906908999 2.014600000 5.000000000 0.000712890 0.000000000 0.000000000 0.000000000 0.000182250 75.000000000 73.500000000 74.000000000 72.000000000
1750225119.400000095 31.276896196833334 120.906908109 1.997400000 5.000000000 0.000723610 0.000000000 0.000000000 0.000000000 0.000184960 75.000000000 73.500000000 74.000000000 72.000000000
1750225119.599999905 31.276896281666666 120.906907478 1.973100000 5.000000000 0.000723610 0.000000000 0.000000000 0.000000000 0.000184960 75.000000000 73.500000000 74.000000000 72.000000000
1750225119.799999952 31.27689625966667 120.906906715 1.988500000 5.000000000 0.000729000 0.000000000 0.000000000 0.000000000 0.000184960 75.000000000 73.500000000 74.000000000 72.000000000
1750225120.000000000 31.27689629533333 120.906906031 1.984600000 5.000000000 0.000734410 0.000000000 0.000000000 0.000000000 0.000182250 75.000000000 73.500000000 74.000000000 72.000000000
1750225120.200000048 31.276896236166664 120.906905192 1.997600000 5.000000000 0.000723610 0.000000000 0.000000000 0.000000000 0.000182250 60.000000000 49.600000000 70.000000000 64.000000000
1750225120.400000095 31.276896271666672 120.906904470 1.998200000 5.000000000 0.000723610 0.000000000 0.000000000 0.000000000 0.000182250 60.000000000 49.600000000 70.000000000 64.000000000
1750225120.599999905 31.276896349666657 120.906903767 1.981700000 5.000000000 0.000723610 0.000000000 0.000000000 0.000000000 0.000182250 60.000000000 49.600000000 70.000000000 64.000000000
1750225120.799999952 31.27689629016666 120.906903101 1.967600000 5.000000000 0.000729000 0.000000000 0.000000000 0.000000000 0.000182250 60.000000000 49.600000000 70.000000000 64.000000000
1750225121.000000000 31.276896291499995 120.906902267 1.980500000 5.000000000 0.000729000 0.000000000 0.000000000 0.000000000 0.000182250 60.000000000 49.600000000 70.000000000 64.000000000
1750225121.200000048 31.276896193500008 120.906901707 1.971800000 5.000000000 0.000718240 0.000000000 0.000000000 0.000000000 0.000182250 62.000000000 50.400000000 70.000000000 64.000000000
1750225121.400000095 31.276896147166667 120.906900897 2.007000000 5.000000000 0.000729000 0.000000000 0.000000000 0.000000000 0.000182250 62.000000000 50.400000000 70.000000000 64.000000000
1750225121.599999905 31.276896263833336 120.906900330 1.984400000 5.000000000 0.000729000 0.000000000 0.000000000 0.000000000 0.000182250 62.000000000 50.400000000 70.000000000 64.000000000
1750225121.799999952 31.276896294333326 120.906900503 1.995200000 5.000000000 0.000729000 0.000000000 0.000000000 0.000000000 0.000184960 62.000000000 50.400000000 70.000000000 64.000000000
1750225122.000000000 31.27689623933334 120.906900500 1.991900000 5.000000000 0.000734410 0.000000000 0.000000000 0.000000000 0.000184960 62.000000000 50.400000000 70.000000000 64.000000000
1750225122.200000048 31.27689624883334 120.906900430 1.989600000 5.000000000 0.000723610 0.000000000 0.000000000 0.000000000 0.000182250 62.000000000 50.400000000 70.000000000 64.000000000
1750225122.400000095 31.2768962775 120.906900509 1.981100000 5.000000000 0.000723610 0.000000000 0.000000000 0.000000000 0.000182250 62.000000000 50.400000000 70.000000000 64.000000000
1750225122.599999905 31.276896175333334 120.906900507 1.984300000 5.000000000 0.000723610 0.000000000 0.000000000 0.000000000 0.000182250 62.000000000 50.400000000 70.000000000 64.000000000
1750225122.799999952 31.276895948666663 120.906900483 1.985400000 5.000000000 0.000723610 0.000000000 0.000000000 0.000000000 0.000184960 62.000000000 50.400000000 70.000000000 64.000000000
1750225123.000000000 31.276895678833327 120.906900536 1.997000000 5.000000000 0.000723610 0.000000000 0.000000000 0.000000000 0.000184960 62.000000000 50.400000000 70.000000000 64.000000000
1750225123.200000048 31.27689538466666 120.906900621 1.997000000 5.000000000 0.000718240 0.000000000 0.000000000 0.000000000 0.000182250 60.000000000 49.600000000 70.000000000 64.000000000
1750225123.400000095 31.27689508516667 120.906900673 2.000800000 5.000000000 0.000718240 0.000000000 0.000000000 0.000000000 0.000182250 60.000000000 49.600000000 70.000000000 64.000000000
1750225123.599999905 31.276894924333334 120.906900812 1.987300000 5.000000000 0.000718240 0.000000000 0.000000000 0.000000000 0.000182250 60.000000000 49.600000000 70.000000000 64.000000000
1750225123.799999952 31.276894742833335 120.906901026 1.983100000 5.000000000 0.000718240 0.000000000 0.000000000 0.000000000 0.000182250 60.000000000 49.600000000 70.000000000 64.000000000
1750225124.000000000 31.276894500333327 120.906901211 1.985800000 5.000000000 0.000718240 0.000000000 0.000000000 0.000000000 0.000182250 60.000000000 49.600000000 70.000000000 64.000000000
1750225124.200000048 31.276894251499996 120.906901409 1.985700000 5.000000000 0.000718240 0.000000000 0.000000000 0.000000000 0.000184960 54.000000000 48.000000000 71.000000000 66.000000000
1750225124.400000095 31.276894060000004 120.906901674 1.974200000 5.000000000 0.000718240 0.000000000 0.000000000 0.000000000 0.000184960 54.000000000 48.000000000 71.000000000 66.000000000
1750225124.599999905 31.276893898499992 120.906901896 1.977900000 5.000000000 0.000718240 0.000000000 0.000000000 0.000000000 0.000184960 54.000000000 48.000000000 71.000000000 66.000000000
1750225124.799999952 31.276893803666667 120.906902212 1.964500000 5.000000000 0.000718240 0.000000000 0.000000000 0.000000000 0.000184960 54.000000000 48.000000000 71.000000000 66.000000000
1750225125.000000000 31.27689367266666 120.906902393 1.979600000 5.000000000 0.000712890 0.000000000 0.000000000 0.000000000 0.000184960 54.000000000 48.000000000 71.000000000 66.000000000
1750225125.200000048 31.2768935725 120.906902680 1.987200000 5.000000000 0.000712890 0.000000000 0.000000000 0.000000000 0.000182250 53.000000000 47.200000000 69.000000000 65.000000000
1750225125.400000095 31.276893586499995 120.906903019 2.058600000 4.000000000 0.000756250 0.000000000 0.000000000 0.000000000 0.000278890 53.000000000 47.200000000 69.000000000 65.000000000
1750225125.599999905 31.27689361066666 120.906903397 2.045000000 4.000000000 0.000778410 0.000000000 0.000000000 0.000000000 0.000278890 53.000000000 47.200000000 69.000000000 65.000000000
1750225125.799999952 31.276893610499997 120.906903698 2.054000000 4.000000000 0.000778410 0.000000000 0.000000000 0.000000000 0.000278890 53.000000000 47.200000000 69.000000000 65.000000000
1750225126.000000000 31.27689363883333 120.906903991 2.045900000 4.000000000 0.000778410 0.000000000 0.000000000 0.000000000 0.000278890 53.000000000 47.200000000 69.000000000 65.000000000
1750225126.200000048 31.2768936625 120.906904286 2.056800000 4.000000000 0.000778410 0.000000000 0.000000000 0.000000000 0.000275560 51.000000000 57.000000000 68.000000000 63.000000000
1750225126.400000095 31.276893747999992 120.906904507 2.051700000 4.000000000 0.000756250 0.000000000 0.000000000 0.000000000 0.000262440 51.000000000 57.000000000 68.000000000 63.000000000
1750225126.599999905 31.276893881000007 120.906904774 2.052900000 4.000000000 0.000756250 0.000000000 0.000000000 0.000000000 0.000262440 51.000000000 57.000000000 68.000000000 63.000000000
1750225126.799999952 31.276894021333334 120.906904980 2.059600000 4.000000000 0.000756250 0.000000000 0.000000000 0.000000000 0.000262440 51.000000000 57.000000000 68.000000000 63.000000000
1750225127.000000000 31.276894151999997 120.906905247 2.070500000 4.000000000 0.000756250 0.000000000 0.000000000 0.000000000 0.000262440 51.000000000 57.000000000 68.000000000 63.000000000
1750225127.200000048 31.276894323166673 120.906905430 2.078500000 4.000000000 0.000723610 0.000000000 0.000000000 0.000000000 0.000259210 52.000000000 59.000000000 71.000000000 66.000000000
1750225127.400000095 31.276894480166675 120.906905650 2.042100000 4.000000000 0.000420250 0.000000000 0.000000000 0.000000000 0.000210250 52.000000000 59.000000000 71.000000000 66.000000000
1750225127.599999905 31.276894690333336 120.906905814 2.037800000 4.000000000 0.000416160 0.000000000 0.000000000 0.000000000 0.000210250 52.000000000 59.000000000 71.000000000 66.000000000
1750225127.799999952 31.276894929999997 120.906906008 2.032400000 4.000000000 0.000420250 0.000000000 0.000000000 0.000000000 0.000210250 52.000000000 59.000000000 71.000000000 66.000000000
1750225128.000000000 31.27689523683334 120.906906206 2.026000000 4.000000000 0.000420250 0.000000000 0.000000000 0.000000000 0.000210250 52.000000000 59.000000000 71.000000000 66.000000000
1750225128.200000048 31.276895517499995 120.906906327 2.023300000 4.000000000 0.000412090 0.000000000 0.000000000 0.000000000 0.000210250 59.000000000 65.500000000 73.000000000 72.000000000
1750225128.400000095 31.276895753666665 120.906906417 2.016900000 4.000000000 0.000428490 0.000000000 0.000000000 0.000000000 0.000210250 59.000000000 65.500000000 73.000000000 72.000000000
1750225128.599999905 31.276895945333337 120.906906392 2.021400000 4.000000000 0.000428490 0.000000000 0.000000000 0.000000000 0.000210250 59.000000000 65.500000000 73.000000000 72.000000000
1750225128.799999952 31.27689621883333 120.906906401 2.027900000 4.000000000 0.000428490 0.000000000 0.000000000 0.000000000 0.000210250 59.000000000 65.500000000 73.000000000 72.000000000
1750225129.000000000 31.276896553 120.906906467 2.005900000 4.000000000 0.000436810 0.000000000 0.000000000 0.000000000 0.000210250 59.000000000 65.500000000 73.000000000 72.000000000
1750225129.200000048 31.276896839000003 120.906906364 2.002400000 4.000000000 0.000436810 0.000000000 0.000000000 0.000000000 0.000210250 58.000000000 64.000000000 73.000000000 70.000000000
1750225129.400000095 31.2768971525 120.906906376 2.003100000 4.000000000 0.000420250 0.000000000 0.000000000 0.000000000 0.000216090 58.000000000 64.000000000 73.000000000 70.000000000
1750225129.599999905 31.276897382166666 120.906906297 2.000900000 4.000000000 0.000424360 0.000000000 0.000000000 0.000000000 0.000216090 58.000000000 64.000000000 73.000000000 70.000000000
1750225129.799999952 31.27689761516666 120.906906173 2.008300000 4.000000000 0.000424360 0.000000000 0.000000000 0.000000000 0.000216090 58.000000000 64.000000000 73.000000000 70.000000000
1750225130.000000000 31.27689782666667 120.906905987 2.001500000 4.000000000 0.000424360 0.000000000 0.000000000 0.000000000 0.000216090 58.000000000 64.000000000 73.000000000 70.000000000
1750225130.200000048 31.276898048666666 120.906905776 2.007000000 4.000000000 0.000416160 0.000000000 0.000000000 0.000000000 0.000216090 60.000000000 66.000000000 74.000000000 72.000000000
1750225130.400000095 31.276898167166678 120.906905589 2.030500000 4.000000000 0.000412090 0.000000000 0.000000000 0.000000000 0.000184960 60.000000000 66.000000000 74.000000000 72.000000000
1750225130.599999905 31.27689829566667 120.906905400 2.034900000 4.000000000 0.000412090 0.000000000 0.000000000 0.000000000 0.000184960 60.000000000 66.000000000 74.000000000 72.000000000
1750225130.799999952 31.276898413666657 120.906904991 2.035800000 4.000000000 0.000416160 0.000000000 0.000000000 0.000000000 0.000184960 60.000000000 66.000000000 74.000000000 72.000000000
1750225131.000000000 31.276898517999996 120.906904693 2.043900000 4.000000000 0.000420250 0.000000000 0.000000000 0.000000000 0.000184960 60.000000000 66.000000000 74.000000000 72.000000000
1750225131.200000048 31.27689866033333 120.906904479 2.038100000 4.000000000 0.000412090 0.000000000 0.000000000 0.000000000 0.000184960 62.000000000 66.000000000 73.000000000 70.000000000
1750225131.400000095 31.276898718333342 120.906904277 2.039900000 4.000000000 0.000441000 0.000000000 0.000000000 0.000000000 0.000187690 62.000000000 66.000000000 73.000000000 70.000000000
1750225131.599999905 31.276898777166664 120.906903994 2.049300000 4.000000000 0.000445210 0.000000000 0.000000000 0.000000000 0.000190440 62.000000000 66.000000000 73.000000000 70.000000000
1750225131.799999952 31.276898792499992 120.906903662 2.047200000 4.000000000 0.000445210 0.000000000 0.000000000 0.000000000 0.000187690 62.000000000 66.000000000 73.000000000 70.000000000
1750225132.000000000 31.276898791500003 120.906903343 2.034900000 4.000000000 0.000457960 0.000000000 0.000000000 0.000000000 0.000190440 62.000000000 66.000000000 73.000000000 70.000000000
1750225132.200000048 31.27689872516666 120.906903038 2.029700000 4.000000000 0.000441000 0.000000000 0.000000000 0.000000000 0.000190440 62.000000000 64.000000000 71.000000000 66.000000000
1750225132.400000095 31.276898632833337 120.906902768 2.069900000 4.000000000 0.000420250 0.000000000 0.000000000 0.000000000 0.000174240 62.000000000 64.000000000 71.000000000 66.000000000
1750225132.599999905 31.27689850583333 120.906902542 2.061100000 4.000000000 0.000424360 0.000000000 0.000000000 0.000000000 0.000174240 62.000000000 64.000000000 71.000000000 66.000000000
1750225132.799999952 31.276898382666673 120.906902275 2.060600000 4.000000000 0.000428490 0.000000000 0.000000000 0.000000000 0.000176890 62.000000000 64.000000000 71.000000000 66.000000000
1750225133.000000000 31.276898221833335 120.906902018 2.066200000 4.000000000 0.000428490 0.000000000 0.000000000 0.000000000 0.000174240 62.000000000 64.000000000 71.000000000 66.000000000
1750225133.200000048 31.276898003499994 120.906901711 2.078400000 4.000000000 0.000412090 0.000000000 0.000000000 0.000000000 0.000174240 68.000000000 68.000000000 72.000000000 68.000000000
1750225133.400000095 31.276897935000008 120.906901473 2.053800000 4.000000000 0.000650250 0.000000000 0.000000000 0.000000000 0.000174240 68.000000000 68.000000000 72.000000000 68.000000000
1750225133.599999905 31.276897732833334 120.906901330 2.046400000 4.000000000 0.000650250 0.000000000 0.000000000 0.000000000 0.000174240 68.000000000 68.000000000 72.000000000 68.000000000
1750225133.799999952 31.276897473999995 120.906901065 2.047200000 4.000000000 0.000650250 0.000000000 0.000000000 0.000000000 0.000174240 68.000000000 68.000000000 72.000000000 68.000000000
1750225134.000000000 31.276897237166665 120.906900959 2.035500000 4.000000000 0.000650250 0.000000000 0.000000000 0.000000000 0.000174240 68.000000000 68.000000000 72.000000000 68.000000000
1750225134.200000048 31.27689698816667 120.906900842 2.043800000 4.000000000 0.000660490 0.000000000 0.000000000 0.000000000 0.000174240 72.000000000 74.500000000 76.000000000 77.000000000
1750225134.400000095 31.276896781666665 120.906900955 2.031000000 4.000000000 0.000625000 0.000000000 0.000000000 0.000000000 0.000171610 72.000000000 74.500000000 76.000000000 77.000000000
1750225134.599999905 31.276896560833336 120.906900932 2.035000000 4.000000000 0.000625000 0.000000000 0.000000000 0.000000000 0.000174240 72.000000000 74.500000000 76.000000000 77.000000000
1750225134.799999952 31.276896207500002 120.906900807 2.048500000 4.000000000 0.000625000 0.000000000 0.000000000 0.000000000 0.000174240 72.000000000 74.500000000 76.000000000 77.000000000
1750225135.000000000 31.276895885499997 120.906900809 2.034400000 4.000000000 0.000630010 0.000000000 0.000000000 0.000000000 0.000171610 72.000000000 74.500000000 76.000000000 77.000000000
1750225135.200000048 31.276895613833332 120.906900855 2.040700000 4.000000000 0.000635040 0.000000000 0.000000000 0.000000000 0.000174240 66.000000000 69.000000000 74.000000000 72.000000000
1750225135.400000095 31.276895357166666 120.906900614 2.062800000 4.000000000 0.000761760 0.000000000 0.000000000 0.000000000 0.000182250 66.000000000 69.000000000 74.000000000 72.000000000
1750225135.599999905 31.27689499916667 120.906900546 2.051100000 4.000000000 0.000761760 0.000000000 0.000000000 0.000000000 0.000182250 66.000000000 69.000000000 74.000000000 72.000000000
1750225135.799999952 31.27689476333333 120.906900880 2.050700000 4.000000000 0.000761760 0.000000000 0.000000000 0.000000000 0.000182250 66.000000000 69.000000000 74.000000000 72.000000000
1750225136.000000000 31.276894662333333 120.906901275 2.053200000 4.000000000 0.000761760 0.000000000 0.000000000 0.000000000 0.000182250 66.000000000 69.000000000 74.000000000 72.000000000
1750225136.200000048 31.27689459616667 120.906901843 2.048500000 4.000000000 0.000761760 0.000000000 0.000000000 0.000000000 0.000182250 64.000000000 67.000000000 73.000000000 70.000000000
1750225136.400000095 31.27689496316667 120.906902399 2.055700000 4.000000000 0.000948640 0.000000000 0.000000000 0.000000000 0.000182250 64.000000000 67.000000000 73.000000000 70.000000000
1750225136.599999905 31.27689548116666 120.906902832 2.057700000 4.000000000 0.000948640 0.000000000 0.000000000 0.000000000 0.000182250 64.000000000 67.000000000 73.000000000 70.000000000
1750225136.799999952 31.276895803333332 120.906903333 2.040600000 4.000000000 0.000948640 0.000000000 0.000000000 0.000000000 0.000184960 64.000000000 67.000000000 73.000000000 70.000000000
1750225137.000000000 31.276896387333338 120.906903851 2.021600000 4.000000000 0.000961000 0.000000000 0.000000000 0.000000000 0.000184960 64.000000000 67.000000000 73.000000000 70.000000000
1750225137.200000048 31.276896902000004 120.906903984 2.033200000 4.000000000 0.000948640 0.000000000 0.000000000 0.000000000 0.000182250 70.000000000 69.000000000 72.000000000 68.000000000
1750225137.400000095 31.276897314500005 120.906903837 2.081800000 4.000000000 0.000392040 0.000000000 0.000000000 0.000000000 0.000146410 70.000000000 69.000000000 72.000000000 68.000000000
1750225137.599999905 31.276897794000007 120.906903867 2.098200000 4.000000000 0.000396010 0.000000000 0.000000000 0.000000000 0.000148840 70.000000000 69.000000000 72.000000000 68.000000000
1750225137.799999952 31.276898340999992 120.906904300 2.084500000 4.000000000 0.000400000 0.000000000 0.000000000 0.000000000 0.000148840 70.000000000 69.000000000 72.000000000 68.000000000
1750225138.000000000 31.276898912333337 120.906904728 2.043900000 4.000000000 0.000400000 0.000000000 0.000000000 0.000000000 0.000148840 70.000000000 69.000000000 72.000000000 68.000000000
1750225138.200000048 31.27689927866666 120.906905156 2.058600000 4.000000000 0.000400000 0.000000000 0.000000000 0.000000000 0.000148840 50.000000000 58.000000000 71.000000000 66.000000000
1750225138.400000095 31.276899604666667 120.906905892 2.083500000 4.000000000 0.000497290 0.000000000 0.000000000 0.000000000 0.000252810 50.000000000 58.000000000 71.000000000 66.000000000
1750225138.599999905 31.27690007199999 120.906906232 2.083000000 4.000000000 0.000497290 0.000000000 0.000000000 0.000000000 0.000252810 50.000000000 58.000000000 71.000000000 66.000000000
1750225138.799999952 31.27690046133334 120.906907015 2.077200000 4.000000000 0.000542890 0.000000000 0.000000000 0.000000000 0.000259210 50.000000000 58.000000000 71.000000000 66.000000000
1750225139.000000000 31.276900643666664 120.906907527 2.060400000 4.000000000 0.000538240 0.000000000 0.000000000 0.000000000 0.000252810 50.000000000 58.000000000 71.000000000 66.000000000
1750225139.200000048 31.27690065633334 120.906908350 2.077000000 4.000000000 0.000519840 0.000000000 0.000000000 0.000000000 0.000252810 60.000000000 59.000000000 67.000000000 58.000000000
1750225139.400000095 31.276900374166672 120.906908376 2.142600000 4.000000000 0.000712890 0.000000000 0.000000000 0.000000000 0.000249640 60.000000000 59.000000000 67.000000000 58.000000000
1750225139.599999905 31.27690017916666 120.906908823 2.155000000 4.000000000 0.000712890 0.000000000 0.000000000 0.000000000 0.000249640 60.000000000 59.000000000 67.000000000 58.000000000
1750225139.799999952 31.276899948333337 120.906909534 2.147300000 4.000000000 0.000729000 0.000000000 0.000000000 0.000000000 0.000252810 60.000000000 59.000000000 67.000000000 58.000000000
1750225140.000000000 31.276899808333326 120.906909841 2.149600000 4.000000000 0.000729000 0.000000000 0.000000000 0.000000000 0.000256000 60.000000000 59.000000000 67.000000000 58.000000000
1750225140.200000048 31.276899565999997 120.906910106 2.152600000 4.000000000 0.000739840 0.000000000 0.000000000 0.000000000 0.000249640 56.000000000 58.000000000 68.000000000 60.000000000
1750225140.400000095 31.27689936050001 120.906910277 2.138100000 4.000000000 0.000823690 0.000000000 0.000000000 0.000000000 0.000249640 56.000000000 58.000000000 68.000000000 60.000000000
1750225140.599999905 31.276899165999993 120.906910339 2.146400000 4.000000000 0.000823690 0.000000000 0.000000000 0.000000000 0.000249640 56.000000000 58.000000000 68.000000000 60.000000000
1750225140.799999952 31.27689890133334 120.906910418 2.150300000 4.000000000 0.000823690 0.000000000 0.000000000 0.000000000 0.000249640 56.000000000 58.000000000 68.000000000 60.000000000
1750225141.000000000 31.276898654000007 120.906910550 2.157000000 4.000000000 0.000823690 0.000000000 0.000000000 0.000000000 0.000249640 56.000000000 58.000000000 68.000000000 60.000000000
1750225141.200000048 31.27689845966667 120.906910887 2.133900000 4.000000000 0.000812250 0.000000000 0.000000000 0.000000000 0.000249640 58.000000000 58.000000000 67.000000000 58.000000000
1750225141.400000095 31.276898259666666 120.906911228 2.157500000 4.000000000 0.000650250 0.000000000 0.000000000 0.000000000 0.000256000 58.000000000 58.000000000 67.000000000 58.000000000
1750225141.599999905 31.276898135833335 120.906911122 2.191000000 4.000000000 0.000660490 0.000000000 0.000000000 0.000000000 0.000259210 58.000000000 58.000000000 67.000000000 58.000000000
1750225141.799999952 31.27689828283333 120.906911720 2.208100000 4.000000000 0.000665640 0.000000000 0.000000000 0.000000000 0.000268960 58.000000000 58.000000000 67.000000000 58.000000000
1750225142.000000000 31.27689858849999 120.906912201 2.206200000 4.000000000 0.000681210 0.000000000 0.000000000 0.000000000 0.000268960 58.000000000 58.000000000 67.000000000 58.000000000
1750225142.200000048 31.27689895583333 120.906912472 2.201200000 4.000000000 0.000665640 0.000000000 0.000000000 0.000000000 0.000265690 47.000000000 47.000000000 61.000000000 47.000000000
1750225142.400000095 31.276899435666664 120.906912976 2.160000000 4.000000000 0.000665640 0.000000000 0.000000000 0.000000000 0.000265690 47.000000000 47.000000000 61.000000000 47.000000000
1750225142.599999905 31.276899961833337 120.906913428 2.163900000 4.000000000 0.000681210 0.000000000 0.000000000 0.000000000 0.000265690 47.000000000 47.000000000 61.000000000 47.000000000
1750225142.799999952 31.276900375833335 120.906913380 2.213700000 4.000000000 0.000696960 0.000000000 0.000000000 0.000000000 0.000272250 47.000000000 47.000000000 61.000000000 47.000000000
1750225143.000000000 31.27690076416667 120.906913272 2.256600000 4.000000000 0.000691690 0.000000000 0.000000000 0.000000000 0.000268960 47.000000000 47.000000000 61.000000000 47.000000000
1750225143.200000048 31.276901345666673 120.906913339 2.227100000 4.000000000 0.000660490 0.000000000 0.000000000 0.000000000 0.000262440 37.000000000 41.000000000 60.000000000 45.000000000
1750225143.400000095 31.276902096 120.906913873 2.114200000 4.000000000 0.001004890 0.000000000 0.000000000 0.000000000 0.000372490 37.000000000 41.000000000 60.000000000 45.000000000
1750225143.599999905 31.2769025905 120.906913767 2.112000000 4.000000000 0.001004890 0.000000000 0.000000000 0.000000000 0.000372490 37.000000000 41.000000000 60.000000000 45.000000000
1750225143.799999952 31.276903260833336 120.906913532 2.153700000 4.000000000 0.001011240 0.000000000 0.000000000 0.000000000 0.000372490 37.000000000 41.000000000 60.000000000 45.000000000
1750225144.000000000 31.276903833333336 120.906913432 2.159300000 4.000000000 0.001056250 0.000000000 0.000000000 0.000000000 0.000380250 37.000000000 41.000000000 60.000000000 45.000000000
1750225144.200000048 31.27690463233334 120.906913632 2.127800000 4.000000000 0.001102240 0.000000000 0.000000000 0.000000000 0.000384160 36.000000000 43.500000000 62.000000000 51.000000000
1750225144.400000095 31.2769052285 120.906913790 2.129600000 4.000000000 0.001831840 0.000000000 0.000000000 0.000000000 0.000361000 36.000000000 43.500000000 62.000000000 51.000000000
1750225144.599999905 31.276905959666664 120.906914138 2.110400000 4.000000000 0.001874890 0.000000000 0.000000000 0.000000000 0.000361000 36.000000000 43.500000000 62.000000000 51.000000000
1750225144.799999952 31.276906681166665 120.906913866 2.119200000 4.000000000 0.001883560 0.000000000 0.000000000 0.000000000 0.000361000 36.000000000 43.500000000 62.000000000 51.000000000
1750225145.000000000 31.276907337833336 120.906913824 2.117700000 4.000000000 0.001883560 0.000000000 0.000000000 0.000000000 0.000361000 36.000000000 43.500000000 62.000000000 51.000000000
1750225145.200000048 31.27690790133333 120.906913670 2.102500000 4.000000000 0.001883560 0.000000000 0.000000000 0.000000000 0.000357210 34.000000000 40.000000000 60.000000000 46.000000000
1750225145.400000095 31.276908709500006 120.906913546 2.111700000 4.000000000 0.002256250 0.000000000 0.000000000 0.000000000 0.000396010 34.000000000 40.000000000 60.000000000 46.000000000
1750225145.599999905 31.276909372333336 120.906913394 2.119000000 4.000000000 0.002209000 0.000000000 0.000000000 0.000000000 0.000396010 34.000000000 40.000000000 60.000000000 46.000000000
1750225145.799999952 31.276909997666664 120.906913065 2.127500000 4.000000000 0.002209000 0.000000000 0.000000000 0.000000000 0.000396010 34.000000000 40.000000000 60.000000000 46.000000000
1750225146.000000000 31.276910785666672 120.906912959 2.107800000 4.000000000 0.002342560 0.000000000 0.000000000 0.000000000 0.000408040 34.000000000 40.000000000 60.000000000 46.000000000
1750225146.200000048 31.276911506333335 120.906912789 2.116400000 4.000000000 0.002199610 0.000000000 0.000000000 0.000000000 0.000392040 42.000000000 41.000000000 57.000000000 40.000000000
1750225146.400000095 31.276912107499996 120.906912469 2.112400000 4.000000000 0.002256250 0.000000000 0.000000000 0.000000000 0.000630010 42.000000000 41.000000000 57.000000000 40.000000000
1750225146.599999905 31.27691296383334 120.906912443 2.105500000 4.000000000 0.002256250 0.000000000 0.000000000 0.000000000 0.000630010 42.000000000 41.000000000 57.000000000 40.000000000
1750225146.799999952 31.276913769000004 120.906912379 2.089600000 4.000000000 0.002256250 0.000000000 0.000000000 0.000000000 0.000630010 42.000000000 41.000000000 57.000000000 40.000000000
1750225147.000000000 31.276914393833337 120.906912026 2.111100000 4.000000000 0.002256250 0.000000000 0.000000000 0.000000000 0.000630010 42.000000000 41.000000000 57.000000000 40.000000000
1750225147.200000048 31.276915077500007 120.906911893 2.108800000 4.000000000 0.002218410 0.000000000 0.000000000 0.000000000 0.000625000 42.000000000 47.500000000 63.000000000 53.000000000
1750225147.400000095 31.276915873999997 120.906911683 2.080100000 4.000000000 0.002007040 0.000000000 0.000000000 0.000000000 0.000600250 42.000000000 47.500000000 63.000000000 53.000000000
1750225147.599999905 31.27691656383334 120.906911575 2.074100000 4.000000000 0.001998090 0.000000000 0.000000000 0.000000000 0.000600250 42.000000000 47.500000000 63.000000000 53.000000000
1750225147.799999952 31.276917235 120.906911383 2.083000000 4.000000000 0.002007040 0.000000000 0.000000000 0.000000000 0.000600250 42.000000000 47.500000000 63.000000000 53.000000000
1750225148.000000000 31.276918044 120.906911340 2.075800000 4.000000000 0.002007040 0.000000000 0.000000000 0.000000000 0.000600250 42.000000000 47.500000000 63.000000000 53.000000000
1750225148.200000048 31.276918681500007 120.906910982 2.094600000 4.000000000 0.001927210 0.000000000 0.000000000 0.000000000 0.000600250 47.000000000 51.500000000 66.000000000 56.000000000
1750225148.400000095 31.276919287666672 120.906911139 2.061400000 4.000000000 0.001840410 0.000000000 0.000000000 0.000000000 0.000552250 47.000000000 51.500000000 66.000000000 56.000000000
1750225148.599999905 31.2769199775 120.906910926 2.057200000 4.000000000 0.001831840 0.000000000 0.000000000 0.000000000 0.000552250 47.000000000 51.500000000 66.000000000 56.000000000
1750225148.799999952 31.276920604333327 120.906910506 2.063400000 4.000000000 0.001840410 0.000000000 0.000000000 0.000000000 0.000552250 47.000000000 51.500000000 66.000000000 56.000000000
1750225149.000000000 31.27692140166667 120.906910284 2.055300000 4.000000000 0.001840410 0.000000000 0.000000000 0.000000000 0.000552250 47.000000000 51.500000000 66.000000000 56.000000000
1750225149.200000048 31.27692202983333 120.906909947 2.073100000 4.000000000 0.001831840 0.000000000 0.000000000 0.000000000 0.000552250 47.000000000 49.500000000 64.000000000 52.000000000
1750225149.400000095 31.276922887500007 120.906909874 2.031600000 4.000000000 0.001849000 0.000000000 0.000000000 0.000000000 0.000501760 47.000000000 49.500000000 64.000000000 52.000000000
1750225149.599999905 31.276923588166667 120.906910106 2.031600000 4.000000000 0.001883560 0.000000000 0.000000000 0.000000000 0.000506250 47.000000000 49.500000000 64.000000000 52.000000000
1750225149.799999952 31.2769241715 120.906910402 2.047400000 4.000000000 0.001874890 0.000000000 0.000000000 0.000000000 0.000510760 47.000000000 49.500000000 64.000000000 52.000000000
1750225150.000000000 31.27692504383333 120.906910936 1.997900000 4.000000000 0.001927210 0.000000000 0.000000000 0.000000000 0.000515290 47.000000000 49.500000000 64.000000000 52.000000000
1750225150.200000048 31.276925798666667 120.906911148 1.983400000 4.000000000 0.001823290 0.000000000 0.000000000 0.000000000 0.000510760 48.000000000 49.500000000 62.000000000 51.000000000
1750225150.400000095 31.276926370333328 120.906910500 2.017500000 4.000000000 0.002116000 0.000000000 0.000000000 0.000000000 0.000630010 48.000000000 49.500000000 62.000000000 51.000000000
1750225150.599999905 31.276927273666672 120.906910665 1.989400000 4.000000000 0.002125210 0.000000000 0.000000000 0.000000000 0.000630010 48.000000000 49.500000000 62.000000000 51.000000000
1750225150.799999952 31.276927881999995 120.906910501 2.014100000 4.000000000 0.002134440 0.000000000 0.000000000 0.000000000 0.000635040 48.000000000 49.500000000 62.000000000 51.000000000
1750225151.000000000 31.27692865516667 120.906910364 2.012000000 4.000000000 0.002152960 0.000000000 0.000000000 0.000000000 0.000635040 48.000000000 49.500000000 62.000000000 51.000000000
1750225151.200000048 31.276929260333333 120.906910156 2.006900000 4.000000000 0.002134440 0.000000000 0.000000000 0.000000000 0.000630010 42.000000000 46.500000000 62.000000000 51.000000000
1750225151.400000095 31.276929925666664 120.906909685 2.033000000 4.000000000 0.002134440 0.000000000 0.000000000 0.000000000 0.000630010 42.000000000 46.500000000 62.000000000 51.000000000
1750225151.599999905 31.276930646500006 120.906909454 2.024500000 4.000000000 0.002209000 0.000000000 0.000000000 0.000000000 0.000665640 42.000000000 46.500000000 62.000000000 51.000000000
1750225151.799999952 31.276931300499996 120.906909436 2.023200000 4.000000000 0.002143690 0.000000000 0.000000000 0.000000000 0.000645160 42.000000000 46.500000000 62.000000000 51.000000000
1750225152.000000000 31.276932067333334 120.906909366 2.035400000 4.000000000 0.002143690 0.000000000 0.000000000 0.000000000 0.000650250 42.000000000 46.500000000 62.000000000 51.000000000
1750225152.200000048 31.27693273716666 120.906909250 2.029500000 4.000000000 0.002134440 0.000000000 0.000000000 0.000000000 0.000635040 48.000000000 46.000000000 59.000000000 44.000000000
1750225152.400000095 31.276933495500003 120.906909040 2.035000000 4.000000000 0.002134440 0.000000000 0.000000000 0.000000000 0.000635040 48.000000000 46.000000000 59.000000000 44.000000000
1750225152.599999905 31.27693403683334 120.906908947 2.049200000 4.000000000 0.002134440 0.000000000 0.000000000 0.000000000 0.000640090 48.000000000 46.000000000 59.000000000 44.000000000
1750225152.799999952 31.276934799833327 120.906908940 2.067600000 4.000000000 0.002134440 0.000000000 0.000000000 0.000000000 0.000640090 48.000000000 46.000000000 59.000000000 44.000000000
1750225153.000000000 31.276935451666674 120.906908894 2.063900000 4.000000000 0.002162250 0.000000000 0.000000000 0.000000000 0.000650250 48.000000000 46.000000000 59.000000000 44.000000000
1750225153.200000048 31.276936243999998 120.906908923 2.053600000 5.000000000 0.002152960 0.000000000 0.000000000 0.000000000 0.000645160 58.000000000 54.000000000 61.000000000 50.000000000
1750225153.400000095 31.27693694466666 120.906908746 2.045100000 5.000000000 0.002162250 0.000000000 0.000000000 0.000000000 0.000645160 58.000000000 54.000000000 61.000000000 50.000000000
1750225153.599999905 31.276937572999998 120.906908794 2.069000000 5.000000000 0.002162250 0.000000000 0.000000000 0.000000000 0.000645160 58.000000000 54.000000000 61.000000000 50.000000000
1750225153.799999952 31.276938336499995 120.906908745 2.065400000 5.000000000 0.002162250 0.000000000 0.000000000 0.000000000 0.000645160 58.000000000 54.000000000 61.000000000 50.000000000
1750225154.000000000 31.27693920916667 120.906908370 2.069200000 5.000000000 0.002162250 0.000000000 0.000000000 0.000000000 0.000645160 58.000000000 54.000000000 61.000000000 50.000000000
1750225154.200000048 31.27693965516667 120.906908594 2.089500000 5.000000000 0.002180890 0.000000000 0.000000000 0.000000000 0.000655360 47.000000000 39.600000000 62.000000000 52.000000000
1750225154.400000095 31.276939908166668 120.906908598 2.060800000 5.000000000 0.002246760 0.000000000 0.000000000 0.000000000 0.000676000 47.000000000 39.600000000 62.000000000 52.000000000
1750225154.599999905 31.27694049183333 120.906908128 2.097000000 5.000000000 0.002275290 0.000000000 0.000000000 0.000000000 0.000696960 47.000000000 39.600000000 62.000000000 52.000000000
1750225154.799999952 31.276942284 120.906908304 2.036900000 5.000000000 0.002361960 0.000000000 0.000000000 0.000000000 0.000795240 47.000000000 39.600000000 62.000000000 52.000000000
1750225155.000000000 31.276943128 120.906908365 2.049700000 5.000000000 0.002381440 0.000000000 0.000000000 0.000000000 0.000806560 47.000000000 39.600000000 62.000000000 52.000000000
1750225155.200000048 31.276943362166662 120.906907641 2.205500000 5.000000000 0.002352250 0.000000000 0.000000000 0.000000000 0.000712890 34.000000000 28.000000000 55.000000000 36.000000000
1750225155.400000095 31.276944030833334 120.906907460 2.187300000 5.000000000 0.002580640 0.000000000 0.000000000 0.000000000 0.000835210 34.000000000 28.000000000 55.000000000 36.000000000
1750225155.599999905 31.276944719833338 120.906907146 2.181100000 5.000000000 0.002621440 0.000000000 0.000000000 0.000000000 0.000858490 34.000000000 28.000000000 55.000000000 36.000000000
1750225155.799999952 31.27694534183334 120.906906619 2.179500000 5.000000000 0.008779690 0.000000000 0.000000000 0.000000000 0.006432040 34.000000000 28.000000000 55.000000000 36.000000000
1750225156.000000000 31.27694613683333 120.906906624 2.118600000 5.000000000 0.008760960 0.000000000 0.000000000 0.000000000 0.006416010 34.000000000 28.000000000 55.000000000 36.000000000
1750225156.200000048 31.27694683333334 120.906906025 2.124600000 5.000000000 0.006889000 0.000000000 0.000000000 0.000000000 0.005299841 24.000000000 20.800000000 49.000000000 28.000000000
1750225156.400000095 31.276947507666662 120.906905608 2.108000000 5.000000000 0.010363241 0.000000000 0.000000000 0.000000000 0.010241440 24.000000000 20.800000000 49.000000000 28.000000000
1750225156.599999905 31.276948028999996 120.906905200 2.163200000 5.000000000 0.010506250 0.000000000 0.000000000 0.000000000 0.010404000 24.000000000 20.800000000 49.000000000 28.000000000
1750225156.799999952 31.276948723000004 120.906905145 2.163200000 5.000000000 0.010526760 0.000000000 0.000000000 0.000000000 0.010424410 24.000000000 20.800000000 49.000000000 28.000000000
1750225157.000000000 31.27694930983334 120.906905296 2.208600000 5.000000000 0.010629610 0.000000000 0.000000000 0.000000000 0.010465290 24.000000000 20.800000000 49.000000000 28.000000000
1750225157.200000048 31.276949748666667 120.906905613 2.221500000 5.000000000 0.013179040 0.000000000 0.000000000 0.000000000 0.012387690 34.000000000 25.600000000 51.000000000 30.000000000
1750225157.400000095 31.276950182333337 120.906905159 2.298500000 5.000000000 0.014184809 0.000000000 0.000000000 0.000000000 0.012588840 34.000000000 25.600000000 51.000000000 30.000000000
1750225157.599999905 31.27695102366667 120.906904754 2.295200000 5.000000000 0.014376011 0.000000000 0.000000000 0.000000000 0.013225000 34.000000000 25.600000000 51.000000000 30.000000000
1750225157.799999952 31.27695196100001 120.906904234 2.293500000 5.000000000 0.014448040 0.000000000 0.000000000 0.000000000 0.014137210 34.000000000 25.600000000 51.000000000 30.000000000
1750225158.000000000 31.276952947166663 120.906904889 2.242900000 5.000000000 0.016154412 0.000000000 0.000000000 0.000000000 0.016435239 34.000000000 25.600000000 51.000000000 30.000000000
1750225158.200000048 31.27695322950001 120.906904861 2.306900000 5.000000000 0.013340251 0.000000000 0.000000000 0.000000000 0.013018810 28.000000000 21.600000000 48.000000000 26.000000000
1750225158.400000095 31.276954222166665 120.906904868 2.268700000 5.000000000 0.013642240 0.000000000 0.000000000 0.000000000 0.014400000 28.000000000 21.600000000 48.000000000 26.000000000
1750225158.599999905 31.27695493266667 120.906904922 2.265600000 5.000000000 0.013712410 0.000000000 0.000000000 0.000000000 0.014472091 28.000000000 21.600000000 48.000000000 26.000000000
1750225158.799999952 31.276955551 120.906904645 2.283500000 5.000000000 0.014400000 0.000000000 0.000000000 0.000000000 0.014665211 28.000000000 21.600000000 48.000000000 26.000000000
1750225159.000000000 31.276956169166667 120.906904487 2.328700000 5.000000000 0.015475360 0.000000000 0.000000000 0.000000000 0.016281759 28.000000000 21.600000000 48.000000000 26.000000000
1750225159.200000048 31.276956161166666 120.906904137 2.400800000 5.000000000 0.014835239 0.000000000 0.000000000 0.000000000 0.015252249 31.000000000 23.200000000 48.000000000 27.000000000
1750225159.400000095 31.276956517166667 120.906904708 2.397500000 5.000000000 0.015006251 0.000000000 0.000000000 0.000000000 0.015276960 31.000000000 23.200000000 48.000000000 27.000000000
1750225159.599999905 31.27695710816667 120.906905456 2.321600000 5.000000000 0.015326440 0.000000000 0.000000000 0.000000000 0.015425640 31.000000000 23.200000000 48.000000000 27.000000000
1750225159.799999952 31.27695724666667 120.906905521 2.321700000 5.000000000 0.015276960 0.000000000 0.000000000 0.000000000 0.015351209 31.000000000 23.200000000 48.000000000 27.000000000
1750225160.000000000 31.27695767583333 120.906905257 2.329000000 5.000000000 0.015202890 0.000000000 0.000000000 0.000000000 0.015202890 31.000000000 23.200000000 48.000000000 27.000000000
1750225160.200000048 31.27695814333333 120.906904720 2.280300000 5.000000000 0.013712410 0.000000000 0.000000000 0.000000000 0.014641000 28.000000000 22.400000000 49.000000000 28.000000000
1750225160.400000095 31.27695847183334 120.906903381 2.354600000 5.000000000 0.014400000 0.000000000 0.000000000 0.000000000 0.014810889 28.000000000 22.400000000 49.000000000 28.000000000
1750225160.599999905 31.276958694166666 120.906903271 2.374800000 5.000000000 0.014400000 0.000000000 0.000000000 0.000000000 0.014762250 28.000000000 22.400000000 49.000000000 28.000000000
1750225160.799999952 31.276959071833332 120.906903241 2.286300000 5.000000000 0.015376000 0.000000000 0.000000000 0.000000000 0.015153609 28.000000000 22.400000000 49.000000000 28.000000000
1750225161.000000000 31.276958908166662 120.906901758 2.342300000 5.000000000 0.018604960 0.000000000 0.000000000 0.000000000 0.017424000 28.000000000 22.400000000 49.000000000 28.000000000
1750225161.200000048 31.276958739166673 120.906901086 2.320200000 5.000000000 0.015376000 0.000000000 0.000000000 0.000000000 0.017160999 23.000000000 18.400000000 48.000000000 23.000000000
1750225161.400000095 31.276958233333332 120.906900645 2.280100000 5.000000000 0.015800489 0.000000000 0.000000000 0.000000000 0.017503291 23.000000000 18.400000000 48.000000000 23.000000000
1750225161.599999905 31.276957610833335 120.906900183 2.305200000 5.000000000 0.014786560 0.000000000 0.000000000 0.000000000 0.016848043 23.000000000 18.400000000 48.000000000 23.000000000
1750225161.799999952 31.276957750166673 120.906900147 2.184800000 5.000000000 0.014665211 0.000000000 0.000000000 0.000000000 0.015976958 23.000000000 18.400000000 48.000000000 23.000000000
1750225162.000000000 31.276957711833333 120.906899883 2.103100000 5.000000000 0.017082492 0.000000000 0.000000000 0.000000000 0.017187210 23.000000000 18.400000000 48.000000000 23.000000000
1750225162.200000048 31.27695776666667 120.906899889 1.985400000 5.000000000 0.016078239 0.000000000 0.000000000 0.000000000 0.015976958 17.000000000 15.600000000 46.000000000 22.000000000
1750225162.400000095 31.27695781066666 120.906899644 1.904900000 5.000000000 0.016952040 0.000000000 0.000000000 0.000000000 0.016978091 17.000000000 15.600000000 46.000000000 22.000000000
1750225162.599999905 31.276957053000004 120.906898070 2.026400000 5.000000000 0.017082492 0.000000000 0.000000000 0.000000000 0.017239690 17.000000000 15.600000000 46.000000000 22.000000000
1750225162.799999952 31.27695696666666 120.906897414 2.013500000 5.000000000 0.016899999 0.000000000 0.000000000 0.000000000 0.017108638 17.000000000 15.600000000 46.000000000 22.000000000
1750225163.000000000 31.27695669566667 120.906896219 2.027200000 5.000000000 0.016874008 0.000000000 0.000000000 0.000000000 0.017004160 17.000000000 15.600000000 46.000000000 22.000000000
1750225163.200000048 31.276956795999993 120.906895383 2.044200000 5.000000000 0.015227561 0.000000000 0.000000000 0.000000000 0.016899999 15.000000000 14.800000000 46.000000000 22.000000000
1750225163.400000095 31.276956530333337 120.906894472 2.076000000 5.000000000 0.015006251 0.000000000 0.000000000 0.000000000 0.016874008 15.000000000 14.800000000 46.000000000 22.000000000
1750225163.599999905 31.27695658083333 120.906893600 2.075700000 5.000000000 0.013853291 0.000000000 0.000000000 0.000000000 0.012656249 15.000000000 14.800000000 46.000000000 22.000000000
1750225163.799999952 31.276956498000004 120.906892434 2.134900000 5.000000000 0.013271039 0.000000000 0.000000000 0.000000000 0.012588840 15.000000000 14.800000000 46.000000000 22.000000000
1750225164.000000000 31.276956548 120.906891489 2.143900000 5.000000000 0.013294090 0.000000000 0.000000000 0.000000000 0.012544001 15.000000000 14.800000000 46.000000000 22.000000000
1750225164.200000048 31.27695631183333 120.906890893 2.125400000 5.000000000 0.012365439 0.000000000 0.000000000 0.000000000 0.012476889 17.000000000 18.000000000 49.000000000 28.000000000
1750225164.400000095 31.2769561975 120.906889990 2.217400000 5.000000000 0.012476889 0.000000000 0.000000000 0.000000000 0.013133161 17.000000000 18.000000000 49.000000000 28.000000000
1750225164.599999905 31.276956341499996 120.906889296 2.183200000 5.000000000 0.013782759 0.000000000 0.000000000 0.000000000 0.020277759 17.000000000 18.000000000 49.000000000 28.000000000
1750225164.799999952 31.27695621316667 120.906888441 2.210400000 5.000000000 0.013179040 0.000000000 0.000000000 0.000000000 0.015850810 17.000000000 18.000000000 49.000000000 28.000000000
1750225165.000000000 31.27695605783333 120.906887855 2.187100000 5.000000000 0.013110250 0.000000000 0.000000000 0.000000000 0.015825640 17.000000000 18.000000000 49.000000000 28.000000000
1750225165.200000048 31.276956330999994 120.906886746 2.208300000 5.000000000 0.012973210 0.000000000 0.000000000 0.000000000 0.015550091 15.000000000 18.000000000 51.000000000 30.000000000
1750225165.400000095 31.27695640766666 120.906886152 2.180400000 5.000000000 0.012996000 0.000000000 0.000000000 0.000000000 0.015600010 15.000000000 18.000000000 51.000000000 30.000000000
1750225165.599999905 31.276956316666656 120.906885405 2.184300000 5.000000000 0.012950439 0.000000000 0.000000000 0.000000000 0.015725162 15.000000000 18.000000000 51.000000000 30.000000000
1750225165.799999952 31.276956452999997 120.906884138 2.198100000 5.000000000 0.012996000 0.000000000 0.000000000 0.000000000 0.016332841 15.000000000 18.000000000 51.000000000 30.000000000
1750225166.000000000 31.276956527833335 120.906883795 2.199700000 5.000000000 0.013018810 0.000000000 0.000000000 0.000000000 0.016307291 15.000000000 18.000000000 51.000000000 30.000000000
1750225166.200000048 31.276956391 120.906882811 2.240400000 5.000000000 0.012012160 0.000000000 0.000000000 0.000000000 0.015079840 19.000000000 18.800000000 50.000000000 28.000000000
1750225166.400000095 31.27695665116667 120.906881788 2.187400000 5.000000000 0.012100000 0.000000000 0.000000000 0.000000000 0.015400810 19.000000000 18.800000000 50.000000000 28.000000000
1750225166.599999905 31.276956595 120.906881215 2.186800000 5.000000000 0.012100000 0.000000000 0.000000000 0.000000000 0.015400810 19.000000000 18.800000000 50.000000000 28.000000000
1750225166.799999952 31.276956455000004 120.906880152 2.241000000 5.000000000 0.012100000 0.000000000 0.000000000 0.000000000 0.015400810 19.000000000 18.800000000 50.000000000 28.000000000
1750225167.000000000 31.27695603699999 120.906879498 2.221200000 5.000000000 0.012521611 0.000000000 0.000000000 0.000000000 0.015525160 19.000000000 18.800000000 50.000000000 28.000000000
1750225167.200000048 31.276955887166665 120.906878831 2.179400000 5.000000000 0.012521611 0.000000000 0.000000000 0.000000000 0.015525160 31.000000000 22.800000000 48.000000000 26.000000000
1750225167.400000095 31.276955372333333 120.906877678 2.270800000 5.000000000 0.012521611 0.000000000 0.000000000 0.000000000 0.015525160 31.000000000 22.800000000 48.000000000 26.000000000
1750225167.599999905 31.276955068999996 120.906877141 2.241900000 5.000000000 0.012521611 0.000000000 0.000000000 0.000000000 0.015525160 31.000000000 22.800000000 48.000000000 26.000000000
1750225167.799999952 31.276954845333336 120.906876810 2.139300000 5.000000000 0.012521611 0.000000000 0.000000000 0.000000000 0.015525160 31.000000000 22.800000000 48.000000000 26.000000000
1750225168.000000000 31.276954362833337 120.906875663 2.291500000 5.000000000 0.012521611 0.000000000 0.000000000 0.000000000 0.015525160 31.000000000 22.800000000 48.000000000 26.000000000
1750225168.200000048 31.27695429116666 120.906875046 2.211000000 5.000000000 0.012544001 0.000000000 0.000000000 0.000000000 0.015525160 28.000000000 23.200000000 51.000000000 30.000000000
1750225168.400000095 31.276954121333333 120.906873929 2.239100000 5.000000000 0.012544001 0.000000000 0.000000000 0.000000000 0.015525160 28.000000000 23.200000000 51.000000000 30.000000000
1750225168.599999905 31.27695380200001 120.906873102 2.285400000 5.000000000 0.012544001 0.000000000 0.000000000 0.000000000 0.015525160 28.000000000 23.200000000 51.000000000 30.000000000
1750225168.799999952 31.276953414333335 120.906872541 2.315700000 5.000000000 0.012544001 0.000000000 0.000000000 0.000000000 0.015525160 28.000000000 23.200000000 51.000000000 30.000000000
1750225169.000000000 31.276953217 120.906871693 2.361100000 5.000000000 0.012544001 0.000000000 0.000000000 0.000000000 0.015525160 28.000000000 23.200000000 51.000000000 30.000000000
1750225169.200000048 31.27695341666667 120.906870842 2.338200000 5.000000000 0.012544001 0.000000000 0.000000000 0.000000000 0.015525160 41.000000000 32.800000000 57.000000000 41.000000000
1750225169.400000095 31.276953945666662 120.906870217 2.318700000 5.000000000 0.012544001 0.000000000 0.000000000 0.000000000 0.015525160 41.000000000 32.800000000 57.000000000 41.000000000
1750225169.599999905 31.276954410499997 120.906869514 2.319200000 5.000000000 0.012544001 0.000000000 0.000000000 0.000000000 0.015525160 41.000000000 32.800000000 57.000000000 41.000000000
1750225169.799999952 31.276954917833336 120.906868565 2.364200000 5.000000000 0.012544001 0.000000000 0.000000000 0.000000000 0.015525160 41.000000000 32.800000000 57.000000000 41.000000000
1750225170.000000000 31.276955469 120.906868022 2.386600000 5.000000000 0.012544001 0.000000000 0.000000000 0.000000000 0.015525160 41.000000000 32.800000000 57.000000000 41.000000000
1750225170.200000048 31.276956129499993 120.906867623 2.377600000 5.000000000 0.012544001 0.000000000 0.000000000 0.000000000 0.015525160 45.000000000 31.600000000 53.000000000 34.000000000
1750225170.400000095 31.276956735499994 120.906867042 2.393300000 5.000000000 0.012544001 0.000000000 0.000000000 0.000000000 0.015525160 45.000000000 31.600000000 53.000000000 34.000000000
1750225170.599999905 31.27695747433333 120.906866847 2.397900000 5.000000000 0.012544001 0.000000000 0.000000000 0.000000000 0.015525160 45.000000000 31.600000000 53.000000000 34.000000000
1750225170.799999952 31.27695819516667 120.906866861 2.406700000 5.000000000 0.012544001 0.000000000 0.000000000 0.000000000 0.015525160 45.000000000 31.600000000 53.000000000 34.000000000
1750225171.000000000 31.27695891083333 120.906866829 2.430300000 5.000000000 0.012544001 0.000000000 0.000000000 0.000000000 0.015525160 45.000000000 31.600000000 53.000000000 34.000000000
1750225171.200000048 31.276959684999994 120.906866705 2.437700000 5.000000000 0.012566409 0.000000000 0.000000000 0.000000000 0.015525160 58.000000000 40.400000000 58.000000000 43.000000000
1750225171.400000095 31.276960295166674 120.906866481 2.452300000 5.000000000 0.012566409 0.000000000 0.000000000 0.000000000 0.015525160 58.000000000 40.400000000 58.000000000 43.000000000
1750225171.599999905 31.276961083333333 120.906866359 2.452300000 5.000000000 0.012566409 0.000000000 0.000000000 0.000000000 0.015525160 58.000000000 40.400000000 58.000000000 43.000000000
1750225171.799999952 31.276961758 120.906866087 2.443800000 5.000000000 0.012566409 0.000000000 0.000000000 0.000000000 0.015525160 58.000000000 40.400000000 58.000000000 43.000000000
1750225172.000000000 31.276962605833333 120.906866297 2.414100000 5.000000000 0.012566409 0.000000000 0.000000000 0.000000000 0.015525160 58.000000000 40.400000000 58.000000000 43.000000000
1750225172.200000048 31.276963333333327 120.906866256 2.412500000 5.000000000 0.012566409 0.000000000 0.000000000 0.000000000 0.015525160 58.000000000 41.200000000 59.000000000 45.000000000
1750225172.400000095 31.276964066666665 120.906866274 2.441100000 5.000000000 0.012566409 0.000000000 0.000000000 0.000000000 0.015525160 58.000000000 41.200000000 59.000000000 45.000000000
1750225172.599999905 31.27696474983334 120.906866078 2.438100000 5.000000000 0.012566409 0.000000000 0.000000000 0.000000000 0.015525160 58.000000000 41.200000000 59.000000000 45.000000000
1750225172.799999952 31.2769654545 120.906865898 2.407100000 5.000000000 0.012566409 0.000000000 0.000000000 0.000000000 0.015525160 58.000000000 41.200000000 59.000000000 45.000000000
1750225173.000000000 31.27696615633333 120.906865686 2.420500000 5.000000000 0.012566409 0.000000000 0.000000000 0.000000000 0.015525160 58.000000000 41.200000000 59.000000000 45.000000000
1750225173.200000048 31.27696682333334 120.906865582 2.411400000 5.000000000 0.012566409 0.000000000 0.000000000 0.000000000 0.015550091 53.000000000 38.800000000 59.000000000 44.000000000
1750225173.400000095 31.276967571833325 120.906865457 2.390800000 5.000000000 0.012566409 0.000000000 0.000000000 0.000000000 0.015550091 53.000000000 38.800000000 59.000000000 44.000000000
1750225173.599999905 31.27696814833334 120.906865116 2.408700000 5.000000000 0.012566409 0.000000000 0.000000000 0.000000000 0.015550091 53.000000000 38.800000000 59.000000000 44.000000000
1750225173.799999952 31.276968841333343 120.906864899 2.395600000 5.000000000 0.012566409 0.000000000 0.000000000 0.000000000 0.015550091 53.000000000 38.800000000 59.000000000 44.000000000
1750225174.000000000 31.276969686166666 120.906864547 2.408200000 5.000000000 0.012566409 0.000000000 0.000000000 0.000000000 0.015550091 53.000000000 38.800000000 59.000000000 44.000000000
1750225174.200000048 31.2769703795 120.906864159 2.419900000 5.000000000 0.012566409 0.000000000 0.000000000 0.000000000 0.015550091 44.000000000 39.600000000 64.000000000 55.000000000
1750225174.400000095 31.276971090333333 120.906863876 2.413100000 5.000000000 0.012566409 0.000000000 0.000000000 0.000000000 0.015550091 44.000000000 39.600000000 64.000000000 55.000000000
1750225174.599999905 31.276971776500005 120.906863669 2.431000000 5.000000000 0.012566409 0.000000000 0.000000000 0.000000000 0.015550091 44.000000000 39.600000000 64.000000000 55.000000000
1750225174.799999952 31.27697257616667 120.906863633 2.446100000 5.000000000 0.012566409 0.000000000 0.000000000 0.000000000 0.015550091 44.000000000 39.600000000 64.000000000 55.000000000
1750225175.000000000 31.27697331266667 120.906864082 2.437700000 5.000000000 0.012566409 0.000000000 0.000000000 0.000000000 0.015550091 44.000000000 39.600000000 64.000000000 55.000000000
1750225175.200000048 31.276974074833333 120.906864220 2.453700000 5.000000000 0.012588840 0.000000000 0.000000000 0.000000000 0.015550091 46.000000000 37.600000000 61.000000000 48.000000000
1750225175.400000095 31.276974813500004 120.906864241 2.428400000 5.000000000 0.012588840 0.000000000 0.000000000 0.000000000 0.015550091 46.000000000 37.600000000 61.000000000 48.000000000
1750225175.599999905 31.27697537366666 120.906863887 2.460000000 5.000000000 0.012588840 0.000000000 0.000000000 0.000000000 0.015550091 46.000000000 37.600000000 61.000000000 48.000000000
1750225175.799999952 31.276976075833332 120.906864052 2.448300000 5.000000000 0.012588840 0.000000000 0.000000000 0.000000000 0.015550091 46.000000000 37.600000000 61.000000000 48.000000000
1750225176.000000000 31.276976838833335 120.906863952 2.435900000 5.000000000 0.012588840 0.000000000 0.000000000 0.000000000 0.015550091 46.000000000 37.600000000 61.000000000 48.000000000
1750225176.200000048 31.276977542166662 120.906863837 2.434500000 5.000000000 0.012588840 0.000000000 0.000000000 0.000000000 0.015550091 44.000000000 36.800000000 61.000000000 48.000000000
1750225176.400000095 31.27697819833334 120.906863391 2.471500000 5.000000000 0.012588840 0.000000000 0.000000000 0.000000000 0.015550091 44.000000000 36.800000000 61.000000000 48.000000000
1750225176.599999905 31.276978848166664 120.906863675 2.420200000 5.000000000 0.012588840 0.000000000 0.000000000 0.000000000 0.015550091 44.000000000 36.800000000 61.000000000 48.000000000
1750225176.799999952 31.27697955083333 120.906863500 2.398400000 5.000000000 0.012588840 0.000000000 0.000000000 0.000000000 0.015550091 44.000000000 36.800000000 61.000000000 48.000000000
1750225177.000000000 31.27698031216667 120.906863346 2.380000000 5.000000000 0.012588840 0.000000000 0.000000000 0.000000000 0.015550091 44.000000000 36.800000000 61.000000000 48.000000000
1750225177.200000048 31.276980981333338 120.906863098 2.388500000 5.000000000 0.012588840 0.000000000 0.000000000 0.000000000 0.015550091 42.000000000 36.000000000 61.000000000 48.000000000
1750225177.400000095 31.276981705833336 120.906863246 2.388100000 5.000000000 0.012588840 0.000000000 0.000000000 0.000000000 0.015550091 42.000000000 36.000000000 61.000000000 48.000000000
1750225177.599999905 31.27698244616667 120.906863469 2.422000000 5.000000000 0.012588840 0.000000000 0.000000000 0.000000000 0.015550091 42.000000000 36.000000000 61.000000000 48.000000000
1750225177.799999952 31.276983153333333 120.906863823 2.408300000 5.000000000 0.012588840 0.000000000 0.000000000 0.000000000 0.015550091 42.000000000 36.000000000 61.000000000 48.000000000
1750225178.000000000 31.276983912166656 120.906863723 2.449800000 5.000000000 0.012588840 0.000000000 0.000000000 0.000000000 0.015550091 42.000000000 36.000000000 61.000000000 48.000000000
1750225178.200000048 31.276984623333334 120.906863699 2.436400000 5.000000000 0.012588840 0.000000000 0.000000000 0.000000000 0.015550091 43.000000000 38.800000000 63.000000000 54.000000000
1750225178.400000095 31.276985483666664 120.906863604 2.432300000 5.000000000 0.012588840 0.000000000 0.000000000 0.000000000 0.015550091 43.000000000 38.800000000 63.000000000 54.000000000
1750225178.599999905 31.27698606616667 120.906863188 2.449600000 5.000000000 0.012611290 0.000000000 0.000000000 0.000000000 0.015550091 43.000000000 38.800000000 63.000000000 54.000000000
1750225178.799999952 31.27698670933333 120.906862965 2.452100000 5.000000000 0.012611290 0.000000000 0.000000000 0.000000000 0.015550091 43.000000000 38.800000000 63.000000000 54.000000000
1750225179.000000000 31.276987428833337 120.906862819 2.458900000 5.000000000 0.012588840 0.000000000 0.000000000 0.000000000 0.015550091 43.000000000 38.800000000 63.000000000 54.000000000
1750225179.200000048 31.276988098000004 120.906862724 2.440000000 5.000000000 0.012611290 0.000000000 0.000000000 0.000000000 0.015550091 41.000000000 37.200000000 62.000000000 52.000000000
1750225179.400000095 31.27698878466667 120.906862671 2.415200000 5.000000000 0.012611290 0.000000000 0.000000000 0.000000000 0.015550091 41.000000000 37.200000000 62.000000000 52.000000000
1750225179.599999905 31.276989477499995 120.906862091 2.440100000 5.000000000 0.012611290 0.000000000 0.000000000 0.000000000 0.015550091 41.000000000 37.200000000 62.000000000 52.000000000
1750225179.799999952 31.27699011516667 120.906861731 2.465600000 5.000000000 0.012611290 0.000000000 0.000000000 0.000000000 0.015550091 41.000000000 37.200000000 62.000000000 52.000000000
1750225180.000000000 31.276990810166666 120.906861474 2.447400000 5.000000000 0.012611290 0.000000000 0.000000000 0.000000000 0.015550091 41.000000000 37.200000000 62.000000000 52.000000000
1750225180.200000048 31.2769914845 120.906861086 2.446200000 5.000000000 0.012611290 0.000000000 0.000000000 0.000000000 0.015550091 47.000000000 39.600000000 62.000000000 52.000000000
1750225180.400000095 31.27699222533333 120.906860806 2.438200000 5.000000000 0.012611290 0.000000000 0.000000000 0.000000000 0.015550091 47.000000000 39.600000000 62.000000000 52.000000000
1750225180.599999905 31.27699294883334 120.906860846 2.435100000 5.000000000 0.012611290 0.000000000 0.000000000 0.000000000 0.015550091 47.000000000 39.600000000 62.000000000 52.000000000
1750225180.799999952 31.276993664000003 120.906860847 2.434400000 5.000000000 0.012611290 0.000000000 0.000000000 0.000000000 0.015550091 47.000000000 39.600000000 62.000000000 52.000000000
1750225181.000000000 31.276994308833338 120.906861016 2.458900000 5.000000000 0.012611290 0.000000000 0.000000000 0.000000000 0.015550091 47.000000000 39.600000000 62.000000000 52.000000000
1750225181.200000048 31.276995101833336 120.906861346 2.444800000 5.000000000 0.012611290 0.000000000 0.000000000 0.000000000 0.015550091 52.000000000 42.400000000 63.000000000 54.000000000
1750225181.400000095 31.276995755 120.906861194 2.448300000 5.000000000 0.012611290 0.000000000 0.000000000 0.000000000 0.015550091 52.000000000 42.400000000 63.000000000 54.000000000
1750225181.599999905 31.27699650383333 120.906861160 2.445100000 5.000000000 0.012611290 0.000000000 0.000000000 0.000000000 0.015550091 52.000000000 42.400000000 63.000000000 54.000000000
1750225181.799999952 31.27699724516667 120.906861001 2.455100000 5.000000000 0.012611290 0.000000000 0.000000000 0.000000000 0.015550091 52.000000000 42.400000000 63.000000000 54.000000000
1750225182.000000000 31.276997979499995 120.906861053 2.438900000 5.000000000 0.012611290 0.000000000 0.000000000 0.000000000 0.015550091 52.000000000 42.400000000 63.000000000 54.000000000
1750225182.200000048 31.27699863933333 120.906860770 2.455200000 5.000000000 0.012633760 0.000000000 0.000000000 0.000000000 0.015550091 56.000000000 44.800000000 64.000000000 56.000000000
1750225182.400000095 31.276999417666673 120.906860718 2.438500000 5.000000000 0.012633760 0.000000000 0.000000000 0.000000000 0.015550091 56.000000000 44.800000000 64.000000000 56.000000000
1750225182.599999905 31.27700012533333 120.906860194 2.466200000 5.000000000 0.012633760 0.000000000 0.000000000 0.000000000 0.015550091 56.000000000 44.800000000 64.000000000 56.000000000
1750225182.799999952 31.277000790000002 120.906860184 2.468300000 5.000000000 0.012633760 0.000000000 0.000000000 0.000000000 0.015550091 56.000000000 44.800000000 64.000000000 56.000000000
1750225183.000000000 31.27700146316667 120.906860245 2.462300000 5.000000000 0.012633760 0.000000000 0.000000000 0.000000000 0.015550091 56.000000000 44.800000000 64.000000000 56.000000000
1750225183.200000048 31.277002169499994 120.906859954 2.468000000 5.000000000 0.012633760 0.000000000 0.000000000 0.000000000 0.015575039 54.000000000 44.000000000 64.000000000 56.000000000
1750225183.400000095 31.27700289783334 120.906859484 2.496700000 5.000000000 0.012633760 0.000000000 0.000000000 0.000000000 0.015575039 54.000000000 44.000000000 64.000000000 56.000000000
1750225183.599999905 31.277003637166672 120.906859442 2.491600000 5.000000000 0.012633760 0.000000000 0.000000000 0.000000000 0.015575039 54.000000000 44.000000000 64.000000000 56.000000000
1750225183.799999952 31.27700435466666 120.906859525 2.496200000 5.000000000 0.012633760 0.000000000 0.000000000 0.000000000 0.015575039 54.000000000 44.000000000 64.000000000 56.000000000
1750225184.000000000 31.277005000333332 120.906859690 2.490500000 5.000000000 0.012633760 0.000000000 0.000000000 0.000000000 0.015575039 54.000000000 44.000000000 64.000000000 56.000000000
1750225184.200000048 31.27700565316667 120.906859822 2.498600000 5.000000000 0.012633760 0.000000000 0.000000000 0.000000000 0.015575039 50.000000000 40.800000000 62.000000000 52.000000000
1750225184.400000095 31.277006371 120.906860048 2.505800000 5.000000000 0.012633760 0.000000000 0.000000000 0.000000000 0.015575039 50.000000000 40.800000000 62.000000000 52.000000000
1750225184.599999905 31.277007165499995 120.906860069 2.503900000 5.000000000 0.012633760 0.000000000 0.000000000 0.000000000 0.015575039 50.000000000 40.800000000 62.000000000 52.000000000
1750225184.799999952 31.277007809333327 120.906859745 2.508500000 5.000000000 0.012633760 0.000000000 0.000000000 0.000000000 0.015575039 50.000000000 40.800000000 62.000000000 52.000000000
1750225185.000000000 31.277008579333327 120.906859209 2.513700000 5.000000000 0.012633760 0.000000000 0.000000000 0.000000000 0.015575039 50.000000000 40.800000000 62.000000000 52.000000000
1750225185.200000048 31.27700923949999 120.906858693 2.521600000 5.000000000 0.012633760 0.000000000 0.000000000 0.000000000 0.015575039 50.000000000 40.800000000 62.000000000 52.000000000
1750225185.400000095 31.277009937499997 120.906858485 2.532500000 5.000000000 0.012633760 0.000000000 0.000000000 0.000000000 0.015575039 50.000000000 40.800000000 62.000000000 52.000000000
1750225185.599999905 31.277010669166657 120.906858626 2.519000000 5.000000000 0.012633760 0.000000000 0.000000000 0.000000000 0.015575039 50.000000000 40.800000000 62.000000000 52.000000000
1750225185.799999952 31.27701131966667 120.906858691 2.520100000 5.000000000 0.012633760 0.000000000 0.000000000 0.000000000 0.015575039 50.000000000 40.800000000 62.000000000 52.000000000
1750225186.000000000 31.277012091833328 120.906859021 2.502200000 5.000000000 0.012633760 0.000000000 0.000000000 0.000000000 0.015575039 50.000000000 40.800000000 62.000000000 52.000000000
1750225186.200000048 31.277012892666676 120.906858900 2.529800000 5.000000000 0.012656249 0.000000000 0.000000000 0.000000000 0.015575039 54.000000000 44.000000000 64.000000000 56.000000000
1750225186.400000095 31.27701355933334 120.906858638 2.523700000 5.000000000 0.012656249 0.000000000 0.000000000 0.000000000 0.015575039 54.000000000 44.000000000 64.000000000 56.000000000
1750225186.599999905 31.277014236666673 120.906858321 2.527400000 5.000000000 0.012656249 0.000000000 0.000000000 0.000000000 0.015575039 54.000000000 44.000000000 64.000000000 56.000000000
1750225186.799999952 31.277015003333332 120.906857842 2.544400000 5.000000000 0.012656249 0.000000000 0.000000000 0.000000000 0.015575039 54.000000000 44.000000000 64.000000000 56.000000000
1750225187.000000000 31.2770156335 120.906857501 2.543900000 5.000000000 0.012656249 0.000000000 0.000000000 0.000000000 0.015575039 54.000000000 44.000000000 64.000000000 56.000000000
1750225187.200000048 31.2770163955 120.906857317 2.552700000 5.000000000 0.012656249 0.000000000 0.000000000 0.000000000 0.015575039 54.000000000 44.000000000 64.000000000 56.000000000
1750225187.400000095 31.277017087333334 120.906857379 2.554100000 5.000000000 0.012656249 0.000000000 0.000000000 0.000000000 0.015575039 54.000000000 44.000000000 64.000000000 56.000000000
1750225187.599999905 31.277017817166666 120.906857473 2.565700000 5.000000000 0.012656249 0.000000000 0.000000000 0.000000000 0.015575039 54.000000000 44.000000000 64.000000000 56.000000000
1750225187.799999952 31.27701860416667 120.906857281 2.567400000 5.000000000 0.012656249 0.000000000 0.000000000 0.000000000 0.015575039 54.000000000 44.000000000 64.000000000 56.000000000
1750225188.000000000 31.277019200166663 120.906857008 2.565600000 5.000000000 0.012656249 0.000000000 0.000000000 0.000000000 0.015575039 54.000000000 44.000000000 64.000000000 56.000000000
1750225188.200000048 31.277019862333333 120.906856870 2.560200000 5.000000000 0.012656249 0.000000000 0.000000000 0.000000000 0.015575039 52.000000000 42.400000000 63.000000000 54.000000000
1750225188.400000095 31.277020518666674 120.906856842 2.559600000 5.000000000 0.012656249 0.000000000 0.000000000 0.000000000 0.015575039 52.000000000 42.400000000 63.000000000 54.000000000
1750225188.599999905 31.2770212465 120.906856710 2.574000000 5.000000000 0.012656249 0.000000000 0.000000000 0.000000000 0.015575039 52.000000000 42.400000000 63.000000000 54.000000000
1750225188.799999952 31.277021904833333 120.906856596 2.570800000 5.000000000 0.012656249 0.000000000 0.000000000 0.000000000 0.015575039 52.000000000 42.400000000 63.000000000 54.000000000
1750225189.000000000 31.27702259483334 120.906856527 2.565100000 5.000000000 0.012656249 0.000000000 0.000000000 0.000000000 0.015575039 52.000000000 42.400000000 63.000000000 54.000000000
1750225189.200000048 31.277023364 120.906856403 2.578700000 5.000000000 0.012656249 0.000000000 0.000000000 0.000000000 0.015575039 53.000000000 43.200000000 63.000000000 55.000000000
1750225189.400000095 31.277024087499996 120.906856285 2.568100000 5.000000000 0.012656249 0.000000000 0.000000000 0.000000000 0.015575039 53.000000000 43.200000000 63.000000000 55.000000000
1750225189.599999905 31.27702607116666 120.906856520 2.116100000 5.000000000 0.001962490 0.000000000 0.000000000 0.000000000 0.000412090 53.000000000 43.200000000 63.000000000 55.000000000
1750225189.799999952 31.277026734166668 120.906856361 2.111400000 5.000000000 0.001962490 0.000000000 0.000000000 0.000000000 0.000412090 53.000000000 43.200000000 63.000000000 55.000000000
1750225190.000000000 31.277027367833327 120.906856346 2.106800000 5.000000000 0.001944810 0.000000000 0.000000000 0.000000000 0.000412090 53.000000000 43.200000000 63.000000000 55.000000000
1750225190.200000048 31.277028038166662 120.906856323 2.100300000 4.000000000 0.001944810 0.000000000 0.000000000 0.000000000 0.000412090 48.000000000 46.350000000 63.000000000 55.000000000
1750225190.400000095 31.277028714500005 120.906856012 2.111800000 4.000000000 0.001944810 0.000000000 0.000000000 0.000000000 0.000428490 48.000000000 46.350000000 63.000000000 55.000000000
1750225190.599999905 31.27702944316667 120.906855951 2.106700000 4.000000000 0.001944810 0.000000000 0.000000000 0.000000000 0.000428490 48.000000000 46.350000000 63.000000000 55.000000000
1750225190.799999952 31.27703017183333 120.906855827 2.117800000 4.000000000 0.001944810 0.000000000 0.000000000 0.000000000 0.000428490 48.000000000 46.350000000 63.000000000 55.000000000
1750225191.000000000 31.277030833333328 120.906855630 2.109600000 4.000000000 0.001944810 0.000000000 0.000000000 0.000000000 0.000428490 48.000000000 46.350000000 63.000000000 55.000000000
1750225191.200000048 31.277031542999993 120.906855559 2.099200000 4.000000000 0.001840410 0.000000000 0.000000000 0.000000000 0.000424360 50.000000000 51.000000000 62.000000000 52.000000000
1750225191.400000095 31.277032282833332 120.906855252 2.116700000 4.000000000 0.001640250 0.000000000 0.000000000 0.000000000 0.000380250 50.000000000 51.000000000 62.000000000 52.000000000
1750225191.599999905 31.277032919333337 120.906855307 2.095400000 4.000000000 0.001640250 0.000000000 0.000000000 0.000000000 0.000380250 50.000000000 51.000000000 62.000000000 52.000000000
1750225191.799999952 31.27703351966666 120.906854982 2.102400000 4.000000000 0.001640250 0.000000000 0.000000000 0.000000000 0.000384160 50.000000000 51.000000000 62.000000000 52.000000000
1750225192.000000000 31.277034350999998 120.906855189 2.063700000 4.000000000 0.001689210 0.000000000 0.000000000 0.000000000 0.000384160 50.000000000 51.000000000 62.000000000 52.000000000
1750225192.200000048 31.277035116666667 120.906854866 2.074000000 4.000000000 0.001705690 0.000000000 0.000000000 0.000000000 0.000388090 53.000000000 54.000000000 63.000000000 55.000000000
1750225192.400000095 31.2770356515 120.906854508 2.094400000 4.000000000 0.001584040 0.000000000 0.000000000 0.000000000 0.000357210 53.000000000 54.000000000 63.000000000 55.000000000
1750225192.599999905 31.277036324999997 120.906854327 2.088900000 4.000000000 0.001576090 0.000000000 0.000000000 0.000000000 0.000357210 53.000000000 54.000000000 63.000000000 55.000000000
1750225192.799999952 31.27703706733334 120.906853891 2.091500000 4.000000000 0.001568160 0.000000000 0.000000000 0.000000000 0.000357210 53.000000000 54.000000000 63.000000000 55.000000000
1750225193.000000000 31.277037799 120.906853583 2.075700000 4.000000000 0.001568160 0.000000000 0.000000000 0.000000000 0.000357210 53.000000000 54.000000000 63.000000000 55.000000000
1750225193.200000048 31.27703854166667 120.906853467 2.087700000 4.000000000 0.001505440 0.000000000 0.000000000 0.000000000 0.000349690 51.000000000 53.000000000 63.000000000 55.000000000
1750225193.400000095 31.277039287166673 120.906853504 2.104200000 4.000000000 0.001482250 0.000000000 0.000000000 0.000000000 0.000338560 51.000000000 53.000000000 63.000000000 55.000000000
1750225193.599999905 31.27704001416666 120.906853817 2.092600000 4.000000000 0.001482250 0.000000000 0.000000000 0.000000000 0.000338560 51.000000000 53.000000000 63.000000000 55.000000000
1750225193.799999952 31.27704078283334 120.906854221 2.069500000 4.000000000 0.001489960 0.000000000 0.000000000 0.000000000 0.000338560 51.000000000 53.000000000 63.000000000 55.000000000
1750225194.000000000 31.277041401333335 120.906853934 2.092300000 4.000000000 0.001489960 0.000000000 0.000000000 0.000000000 0.000342250 51.000000000 53.000000000 63.000000000 55.000000000
1750225194.200000048 31.27704216533334 120.906853831 2.111100000 4.000000000 0.001521000 0.000000000 0.000000000 0.000000000 0.000345960 51.000000000 55.500000000 65.000000000 60.000000000
1750225194.400000095 31.277042811 120.906853591 2.131700000 4.000000000 0.001482250 0.000000000 0.000000000 0.000000000 0.000345960 51.000000000 55.500000000 65.000000000 60.000000000
1750225194.599999905 31.277043603333325 120.906853412 2.147800000 4.000000000 0.001444000 0.000000000 0.000000000 0.000000000 0.000342250 51.000000000 55.500000000 65.000000000 60.000000000
1750225194.799999952 31.277044308 120.906853430 2.138100000 4.000000000 0.001436410 0.000000000 0.000000000 0.000000000 0.000342250 51.000000000 55.500000000 65.000000000 60.000000000
1750225195.000000000 31.27704498983333 120.906853235 2.137000000 4.000000000 0.001436410 0.000000000 0.000000000 0.000000000 0.000342250 51.000000000 55.500000000 65.000000000 60.000000000
1750225195.200000048 31.27704573683333 120.906853273 2.129400000 4.000000000 0.001436410 0.000000000 0.000000000 0.000000000 0.000342250 51.000000000 54.000000000 64.000000000 57.000000000
1750225195.400000095 31.277046494999993 120.906853225 2.114100000 4.000000000 0.001436410 0.000000000 0.000000000 0.000000000 0.000349690 51.000000000 54.000000000 64.000000000 57.000000000
1750225195.599999905 31.27704712483333 120.906853204 2.099900000 4.000000000 0.001436410 0.000000000 0.000000000 0.000000000 0.000349690 51.000000000 54.000000000 64.000000000 57.000000000
1750225195.799999952 31.27704788599999 120.906853082 2.094100000 4.000000000 0.001444000 0.000000000 0.000000000 0.000000000 0.000353440 51.000000000 54.000000000 64.000000000 57.000000000
1750225196.000000000 31.277048579500004 120.906852794 2.119100000 4.000000000 0.001482250 0.000000000 0.000000000 0.000000000 0.000353440 51.000000000 54.000000000 64.000000000 57.000000000
1750225196.200000048 31.277049234333333 120.906852629 2.097400000 4.000000000 0.001451610 0.000000000 0.000000000 0.000000000 0.000353440 54.000000000 54.000000000 61.000000000 54.000000000
1750225196.400000095 31.277050021666668 120.906852713 2.092200000 4.000000000 0.001444000 0.000000000 0.000000000 0.000000000 0.000380250 54.000000000 54.000000000 61.000000000 54.000000000
1750225196.599999905 31.27705071349999 120.906852551 2.086400000 4.000000000 0.001451610 0.000000000 0.000000000 0.000000000 0.000380250 54.000000000 54.000000000 61.000000000 54.000000000
1750225196.799999952 31.27705141866666 120.906852401 2.085800000 4.000000000 0.001451610 0.000000000 0.000000000 0.000000000 0.000380250 54.000000000 54.000000000 61.000000000 54.000000000
1750225197.000000000 31.277052113833335 120.906852086 2.102400000 4.000000000 0.001482250 0.000000000 0.000000000 0.000000000 0.000384160 54.000000000 54.000000000 61.000000000 54.000000000
1750225197.200000048 31.277052776000005 120.906851965 2.098800000 4.000000000 0.001451610 0.000000000 0.000000000 0.000000000 0.000380250 50.000000000 51.000000000 60.000000000 52.000000000
1750225197.400000095 31.277053516333325 120.906852046 2.095000000 4.000000000 0.001361610 0.000000000 0.000000000 0.000000000 0.000368640 50.000000000 51.000000000 60.000000000 52.000000000
1750225197.599999905 31.277054116000002 120.906851764 2.091500000 4.000000000 0.001361610 0.000000000 0.000000000 0.000000000 0.000368640 50.000000000 51.000000000 60.000000000 52.000000000
1750225197.799999952 31.277054852666666 120.906851504 2.084800000 4.000000000 0.001369000 0.000000000 0.000000000 0.000000000 0.000368640 50.000000000 51.000000000 60.000000000 52.000000000
1750225198.000000000 31.277055600499992 120.906851168 2.104100000 4.000000000 0.001369000 0.000000000 0.000000000 0.000000000 0.000372490 50.000000000 51.000000000 60.000000000 52.000000000
1750225198.200000048 31.27705626866667 120.906851173 2.091700000 4.000000000 0.001369000 0.000000000 0.000000000 0.000000000 0.000372490 52.000000000 55.500000000 64.000000000 59.000000000
1750225198.400000095 31.27705699533334 120.906851185 2.072700000 4.000000000 0.001281640 0.000000000 0.000000000 0.000000000 0.000353440 52.000000000 55.500000000 64.000000000 59.000000000
1750225198.599999905 31.277057702333337 120.906850945 2.082200000 4.000000000 0.001281640 0.000000000 0.000000000 0.000000000 0.000353440 52.000000000 55.500000000 64.000000000 59.000000000
1750225198.799999952 31.27705841533333 120.906850784 2.078500000 4.000000000 0.001281640 0.000000000 0.000000000 0.000000000 0.000353440 52.000000000 55.500000000 64.000000000 59.000000000
1750225199.000000000 31.277059108333333 120.906850585 2.073500000 4.000000000 0.001274490 0.000000000 0.000000000 0.000000000 0.000353440 52.000000000 55.500000000 64.000000000 59.000000000
1750225199.200000048 31.277059595166662 120.906850206 2.076300000 4.000000000 0.001253160 0.000000000 0.000000000 0.000000000 0.000349690 52.000000000 55.500000000 64.000000000 59.000000000
1750225199.400000095 31.277059744 120.906849327 2.133600000 4.000000000 0.000864360 0.000000000 0.000000000 0.000000000 0.000268960 52.000000000 55.500000000 64.000000000 59.000000000
1750225199.599999905 31.2770602815 120.906849309 2.140700000 4.000000000 0.000864360 0.000000000 0.000000000 0.000000000 0.000268960 52.000000000 55.500000000 64.000000000 59.000000000
1750225199.799999952 31.277061018499992 120.906849653 2.131300000 4.000000000 0.000864360 0.000000000 0.000000000 0.000000000 0.000268960 52.000000000 55.500000000 64.000000000 59.000000000
1750225200.000000000 31.277061605666674 120.906850378 2.126700000 4.000000000 0.000864360 0.000000000 0.000000000 0.000000000 0.000268960 52.000000000 55.500000000 64.000000000 59.000000000
1750225200.200000048 31.277062107999996 120.906851039 2.124700000 4.000000000 0.000858490 0.000000000 0.000000000 0.000000000 0.000268960 60.000000000 62.500000000 66.000000000 65.000000000
1750225200.400000095 31.277062464166676 120.906851694 2.211300000 4.000000000 0.000761760 0.000000000 0.000000000 0.000000000 0.000234090 60.000000000 62.500000000 66.000000000 65.000000000
1750225200.599999905 31.277062797666673 120.906852728 2.206200000 4.000000000 0.000772840 0.000000000 0.000000000 0.000000000 0.000234090 60.000000000 62.500000000 66.000000000 65.000000000
1750225200.799999952 31.27706328133334 120.906853637 2.196900000 4.000000000 0.000778410 0.000000000 0.000000000 0.000000000 0.000234090 60.000000000 62.500000000 66.000000000 65.000000000
1750225201.000000000 31.277063426666672 120.906854565 2.211400000 4.000000000 0.000778410 0.000000000 0.000000000 0.000000000 0.000234090 60.000000000 62.500000000 66.000000000 65.000000000
1750225201.200000048 31.277063364333344 120.906855353 2.223200000 4.000000000 0.000750760 0.000000000 0.000000000 0.000000000 0.000237160 54.000000000 57.500000000 65.000000000 61.000000000
1750225201.400000095 31.27706360100001 120.906856022 2.197400000 4.000000000 0.000812250 0.000000000 0.000000000 0.000000000 0.000259210 54.000000000 57.500000000 65.000000000 61.000000000
1750225201.599999905 31.277063648833334 120.906856612 2.207600000 4.000000000 0.000817960 0.000000000 0.000000000 0.000000000 0.000259210 54.000000000 57.500000000 65.000000000 61.000000000
1750225201.799999952 31.277063429500004 120.906857384 2.175400000 4.000000000 0.000829440 0.000000000 0.000000000 0.000000000 0.000262440 54.000000000 57.500000000 65.000000000 61.000000000
1750225202.000000000 31.2770630535 120.906858358 2.172800000 4.000000000 0.000835210 0.000000000 0.000000000 0.000000000 0.000272250 54.000000000 57.500000000 65.000000000 61.000000000
1750225202.200000048 31.2770629285 120.906859156 2.212500000 4.000000000 0.000812250 0.000000000 0.000000000 0.000000000 0.000262440 59.000000000 57.500000000 62.000000000 56.000000000
1750225202.400000095 31.27706282466667 120.906859893 2.323700000 4.000000000 0.000948640 0.000000000 0.000000000 0.000000000 0.000538240 59.000000000 57.500000000 62.000000000 56.000000000
1750225202.599999905 31.277062971666666 120.906860787 2.332500000 4.000000000 0.000954810 0.000000000 0.000000000 0.000000000 0.000552250 59.000000000 57.500000000 62.000000000 56.000000000
1750225202.799999952 31.27706323933333 120.906861566 2.301100000 4.000000000 0.000992250 0.000000000 0.000000000 0.000000000 0.000556960 59.000000000 57.500000000 62.000000000 56.000000000
1750225203.000000000 31.277063371500006 120.906862481 2.310000000 4.000000000 0.001004890 0.000000000 0.000000000 0.000000000 0.000566440 59.000000000 57.500000000 62.000000000 56.000000000
1750225203.200000048 31.277063629333327 120.906863311 2.273400000 4.000000000 0.000998560 0.000000000 0.000000000 0.000000000 0.000556960 46.000000000 46.000000000 58.000000000 46.000000000
1750225203.400000095 31.27706413050001 120.906863889 2.266400000 4.000000000 0.001239040 0.000000000 0.000000000 0.000000000 0.000660490 46.000000000 46.000000000 58.000000000 46.000000000
1750225203.599999905 31.27706438 120.906864730 2.251000000 4.000000000 0.001303210 0.000000000 0.000000000 0.000000000 0.000676000 46.000000000 46.000000000 58.000000000 46.000000000
1750225203.799999952 31.277064656833332 120.906865406 2.256900000 4.000000000 0.001361610 0.000000000 0.000000000 0.000000000 0.000712890 46.000000000 46.000000000 58.000000000 46.000000000
1750225204.000000000 31.27706489016667 120.906865855 2.289100000 4.000000000 0.001369000 0.000000000 0.000000000 0.000000000 0.000729000 46.000000000 46.000000000 58.000000000 46.000000000
1750225204.200000048 31.277065035000007 120.906866495 2.303600000 4.000000000 0.001339560 0.000000000 0.000000000 0.000000000 0.000707560 42.000000000 38.500000000 53.000000000 35.000000000
1750225204.400000095 31.277064966166677 120.906868606 2.093200000 4.000000000 0.001681000 0.000000000 0.000000000 0.000000000 0.000817960 42.000000000 38.500000000 53.000000000 35.000000000
1750225204.599999905 31.27706515183334 120.906869371 2.106100000 4.000000000 0.001697440 0.000000000 0.000000000 0.000000000 0.000846810 42.000000000 38.500000000 53.000000000 35.000000000
1750225204.799999952 31.277065195666665 120.906870102 2.133200000 4.000000000 0.001722250 0.000000000 0.000000000 0.000000000 0.000912040 42.000000000 38.500000000 53.000000000 35.000000000
1750225205.000000000 31.277065578833344 120.906870796 2.147500000 4.000000000 0.001705690 0.000000000 0.000000000 0.000000000 0.000846810 42.000000000 38.500000000 53.000000000 35.000000000
1750225205.200000048 31.277065629999996 120.906871790 2.124500000 4.000000000 0.001672810 0.000000000 0.000000000 0.000000000 0.000806560 35.000000000 36.000000000 54.000000000 37.000000000
1750225205.400000095 31.27706543816666 120.906872388 2.115600000 4.000000000 0.001764000 0.000000000 0.000000000 0.000000000 0.001183360 35.000000000 36.000000000 54.000000000 37.000000000
1750225205.599999905 31.277065336000007 120.906873365 2.106700000 4.000000000 0.001772410 0.000000000 0.000000000 0.000000000 0.001183360 35.000000000 36.000000000 54.000000000 37.000000000
1750225205.799999952 31.277065582666665 120.906874164 2.100200000 4.000000000 0.001772410 0.000000000 0.000000000 0.000000000 0.001176490 35.000000000 36.000000000 54.000000000 37.000000000
1750225206.000000000 31.277065472999993 120.906874899 2.088900000 4.000000000 0.001772410 0.000000000 0.000000000 0.000000000 0.001176490 35.000000000 36.000000000 54.000000000 37.000000000
1750225206.200000048 31.277065639499995 120.906875742 2.066200000 4.000000000 0.001823290 0.000000000 0.000000000 0.000000000 0.001288810 40.000000000 40.000000000 55.000000000 40.000000000
1750225206.400000095 31.277066375333334 120.906875760 2.132000000 4.000000000 0.001747240 0.000000000 0.000000000 0.000000000 0.001376410 40.000000000 40.000000000 55.000000000 40.000000000
1750225206.599999905 31.277066617166668 120.906876243 2.215000000 4.000000000 0.001755610 0.000000000 0.000000000 0.000000000 0.001376410 40.000000000 40.000000000 55.000000000 40.000000000
1750225206.799999952 31.277066633000004 120.906877219 2.160700000 4.000000000 0.001883560 0.000000000 0.000000000 0.000000000 0.001383840 40.000000000 40.000000000 55.000000000 40.000000000
1750225207.000000000 31.2770668055 120.906877837 2.214100000 4.000000000 0.001874890 0.000000000 0.000000000 0.000000000 0.001391290 40.000000000 40.000000000 55.000000000 40.000000000
1750225207.200000048 31.277066868333335 120.906878208 2.259800000 4.000000000 0.001840410 0.000000000 0.000000000 0.000000000 0.001288810 28.000000000 29.500000000 51.000000000 31.000000000
1750225207.400000095 31.277066734 120.906878700 2.259800000 4.000000000 0.001944810 0.000000000 0.000000000 0.000000000 0.001428840 28.000000000 29.500000000 51.000000000 31.000000000
1750225207.599999905 31.27706708783333 120.906880074 2.263400000 4.000000000 0.002097640 0.000000000 0.000000000 0.000000000 0.001421290 28.000000000 29.500000000 51.000000000 31.000000000
1750225207.799999952 31.277066638833332 120.906880787 2.253000000 4.000000000 0.001918440 0.000000000 0.000000000 0.000000000 0.001640250 28.000000000 29.500000000 51.000000000 31.000000000
1750225208.000000000 31.27706695783334 120.906881900 2.268000000 4.000000000 0.002116000 0.000000000 0.000000000 0.000000000 0.001413760 28.000000000 29.500000000 51.000000000 31.000000000
1750225208.200000048 31.277066879166668 120.906882320 2.308600000 4.000000000 0.001797760 0.000000000 0.000000000 0.000000000 0.001398760 31.000000000 29.500000000 49.000000000 28.000000000
1750225208.400000095 31.2770669425 120.906882586 2.281000000 4.000000000 0.001806250 0.000000000 0.000000000 0.000000000 0.001406250 31.000000000 29.500000000 49.000000000 28.000000000
1750225208.599999905 31.277066946166656 120.906882224 2.353500000 4.000000000 0.001927210 0.000000000 0.000000000 0.000000000 0.001398760 31.000000000 29.500000000 49.000000000 28.000000000
1750225208.799999952 31.27706778583334 120.906883464 2.351600000 4.000000000 0.001900960 0.000000000 0.000000000 0.000000000 0.001406250 31.000000000 29.500000000 49.000000000 28.000000000
1750225209.000000000 31.277068200833327 120.906883513 2.391000000 5.000000000 0.001900960 0.000000000 0.000000000 0.000000000 0.001689210 31.000000000 29.500000000 49.000000000 28.000000000
1750225209.200000048 31.27706840266667 120.906883801 2.418200000 5.000000000 0.001797760 0.000000000 0.000000000 0.000000000 0.001616040 28.000000000 24.300000000 48.000000000 26.000000000
1750225209.400000095 31.277068526999997 120.906884164 2.423700000 5.000000000 0.001806250 0.000000000 0.000000000 0.000000000 0.001640250 28.000000000 24.300000000 48.000000000 26.000000000
1750225209.599999905 31.27706963316666 120.906883227 2.563500000 5.000000000 0.002007040 0.000000000 0.000000000 0.000000000 0.001764000 28.000000000 24.300000000 48.000000000 26.000000000
1750225209.799999952 31.277069736833326 120.906885757 2.325600000 5.000000000 0.002631690 0.000000000 0.000000000 0.000000000 0.001814760 28.000000000 24.300000000 48.000000000 26.000000000
1750225210.000000000 31.27707123350001 120.906884510 2.400700000 5.000000000 0.009506249 0.000000000 0.000000000 0.000000000 0.008408890 28.000000000 24.300000000 48.000000000 26.000000000
1750225210.200000048 31.277071640999992 120.906883772 2.391700000 5.000000000 0.010941160 0.000000000 0.000000000 0.000000000 0.012611290 20.000000000 20.400000000 50.000000000 31.000000000
1750225210.400000095 31.27707231633333 120.906883175 2.398500000 5.000000000 0.010983041 0.000000000 0.000000000 0.000000000 0.012791610 20.000000000 20.400000000 50.000000000 31.000000000
1750225210.599999905 31.277073434833326 120.906883294 2.419500000 5.000000000 0.010774440 0.000000000 0.000000000 0.000000000 0.012611290 20.000000000 20.400000000 50.000000000 31.000000000
1750225210.799999952 31.27707383083333 120.906883132 2.363500000 5.000000000 0.011088090 0.000000000 0.000000000 0.000000000 0.012723841 20.000000000 20.400000000 50.000000000 31.000000000
1750225211.000000000 31.277074710999997 120.906883347 2.375100000 5.000000000 0.011620840 0.000000000 0.000000000 0.000000000 0.012791610 20.000000000 20.400000000 50.000000000 31.000000000
1750225211.200000048 31.277075601333337 120.906883493 2.420000000 5.000000000 0.010899360 0.000000000 0.000000000 0.000000000 0.010567839 24.000000000 20.000000000 48.000000000 26.000000000
1750225211.400000095 31.277076093999995 120.906883535 2.443500000 5.000000000 0.010962090 0.000000000 0.000000000 0.000000000 0.010547291 24.000000000 20.000000000 48.000000000 26.000000000
1750225211.599999905 31.277077099333326 120.906883723 2.462200000 5.000000000 0.011299689 0.000000000 0.000000000 0.000000000 0.010712250 24.000000000 20.000000000 48.000000000 26.000000000
1750225211.799999952 31.277077862833337 120.906883263 2.531900000 5.000000000 0.011728890 0.000000000 0.000000000 0.000000000 0.010691560 24.000000000 20.000000000 48.000000000 26.000000000
1750225212.000000000 31.277078482999997 120.906883533 2.465800000 5.000000000 0.011815690 0.000000000 0.000000000 0.000000000 0.010691560 24.000000000 20.000000000 48.000000000 26.000000000
1750225212.200000048 31.277079152166664 120.906883478 2.444600000 5.000000000 0.010795210 0.000000000 0.000000000 0.000000000 0.009860490 24.000000000 20.000000000 48.000000000 26.000000000
1750225212.400000095 31.277079848499994 120.906883224 2.454600000 5.000000000 0.010795210 0.000000000 0.000000000 0.000000000 0.009840640 24.000000000 20.000000000 48.000000000 26.000000000
1750225212.599999905 31.277080560166667 120.906882786 2.485200000 5.000000000 0.010795210 0.000000000 0.000000000 0.000000000 0.009820811 24.000000000 20.000000000 48.000000000 26.000000000
1750225212.799999952 31.277081178499998 120.906883270 2.378100000 5.000000000 0.011427610 0.000000000 0.000000000 0.000000000 0.009940090 24.000000000 20.000000000 48.000000000 26.000000000
1750225213.000000000 31.27708191716667 120.906883035 2.377900000 5.000000000 0.010753689 0.000000000 0.000000000 0.000000000 0.009801000 24.000000000 20.000000000 48.000000000 26.000000000
1750225213.200000048 31.277082600666674 120.906883069 2.368400000 5.000000000 0.010629610 0.000000000 0.000000000 0.000000000 0.009781210 20.000000000 21.600000000 51.000000000 34.000000000
1750225213.400000095 31.27708334733333 120.906882739 2.421100000 5.000000000 0.010609000 0.000000000 0.000000000 0.000000000 0.009781210 20.000000000 21.600000000 51.000000000 34.000000000
1750225213.599999905 31.277084322000007 120.906882474 2.486500000 5.000000000 0.010857640 0.000000000 0.000000000 0.000000000 0.010485759 20.000000000 21.600000000 51.000000000 34.000000000
1750225213.799999952 31.277085189666664 120.906882352 2.490400000 5.000000000 0.010836809 0.000000000 0.000000000 0.000000000 0.010485759 20.000000000 21.600000000 51.000000000 34.000000000
1750225214.000000000 31.277085346999996 120.906882454 2.419800000 5.000000000 0.011046010 0.000000000 0.000000000 0.000000000 0.013432811 20.000000000 21.600000000 51.000000000 34.000000000
1750225214.200000048 31.277086130499995 120.906882361 2.441800000 5.000000000 0.009960040 0.000000000 0.000000000 0.000000000 0.009761441 24.000000000 20.800000000 49.000000000 28.000000000
1750225214.400000095 31.277086687833332 120.906882359 2.456100000 5.000000000 0.009960040 0.000000000 0.000000000 0.000000000 0.009761441 24.000000000 20.800000000 49.000000000 28.000000000
1750225214.599999905 31.27708752466667 120.906881992 2.489600000 5.000000000 0.009940090 0.000000000 0.000000000 0.000000000 0.009761441 24.000000000 20.800000000 49.000000000 28.000000000
1750225214.799999952 31.27708813816666 120.906881841 2.494600000 5.000000000 0.009960040 0.000000000 0.000000000 0.000000000 0.009781210 24.000000000 20.800000000 49.000000000 28.000000000
1750225215.000000000 31.27708888316667 120.906881775 2.514000000 5.000000000 0.010650241 0.000000000 0.000000000 0.000000000 0.009781210 24.000000000 20.800000000 49.000000000 28.000000000
1750225215.200000048 31.277089473333334 120.906881634 2.501600000 5.000000000 0.010526760 0.000000000 0.000000000 0.000000000 0.009409000 24.000000000 22.800000000 52.000000000 33.000000000
1750225215.400000095 31.27709014366667 120.906881439 2.520000000 5.000000000 0.010547291 0.000000000 0.000000000 0.000000000 0.009409000 24.000000000 22.800000000 52.000000000 33.000000000
1750225215.599999905 31.277090822333335 120.906881223 2.544700000 5.000000000 0.010567839 0.000000000 0.000000000 0.000000000 0.009409000 24.000000000 22.800000000 52.000000000 33.000000000
1750225215.799999952 31.277091590833336 120.906881309 2.515100000 5.000000000 0.010506250 0.000000000 0.000000000 0.000000000 0.009428410 24.000000000 22.800000000 52.000000000 33.000000000
1750225216.000000000 31.277092259 120.906881098 2.534300000 5.000000000 0.010670889 0.000000000 0.000000000 0.000000000 0.009761441 24.000000000 22.800000000 52.000000000 33.000000000
1750225216.200000048 31.277092793666668 120.906881015 2.531800000 5.000000000 0.009960040 0.000000000 0.000000000 0.000000000 0.009158490 24.000000000 22.800000000 52.000000000 33.000000000
1750225216.400000095 31.277093372833335 120.906880950 2.518300000 5.000000000 0.009940090 0.000000000 0.000000000 0.000000000 0.009158490 24.000000000 22.800000000 52.000000000 33.000000000
1750225216.599999905 31.277094035999994 120.906881021 2.520100000 5.000000000 0.009920160 0.000000000 0.000000000 0.000000000 0.009158490 24.000000000 22.800000000 52.000000000 33.000000000
1750225216.799999952 31.2770948015 120.906881006 2.536600000 5.000000000 0.009960040 0.000000000 0.000000000 0.000000000 0.009139360 24.000000000 22.800000000 52.000000000 33.000000000
1750225217.000000000 31.277095566166665 120.906880809 2.581400000 5.000000000 0.010040039 0.000000000 0.000000000 0.000000000 0.009158490 24.000000000 22.800000000 52.000000000 33.000000000
1750225217.200000048 31.277096301833325 120.906880939 2.578900000 5.000000000 0.010650241 0.000000000 0.000000000 0.000000000 0.009139360 24.000000000 24.400000000 54.000000000 37.000000000
1750225217.400000095 31.27709712816666 120.906880797 2.597800000 5.000000000 0.010588409 0.000000000 0.000000000 0.000000000 0.009139360 24.000000000 24.400000000 54.000000000 37.000000000
1750225217.599999905 31.277097929000007 120.906880420 2.647800000 5.000000000 0.010712250 0.000000000 0.000000000 0.000000000 0.009177639 24.000000000 24.400000000 54.000000000 37.000000000
1750225217.799999952 31.27709863749999 120.906880586 2.592700000 5.000000000 0.010920251 0.000000000 0.000000000 0.000000000 0.009177639 24.000000000 24.400000000 54.000000000 37.000000000
1750225218.000000000 31.277099318500007 120.906880351 2.592000000 5.000000000 0.010816000 0.000000000 0.000000000 0.000000000 0.009196809 24.000000000 24.400000000 54.000000000 37.000000000
1750225218.200000048 31.27710002966667 120.906879780 2.628500000 5.000000000 0.010547291 0.000000000 0.000000000 0.000000000 0.009044010 24.000000000 22.000000000 51.000000000 31.000000000
1750225218.400000095 31.27710063016667 120.906879508 2.650900000 5.000000000 0.010526760 0.000000000 0.000000000 0.000000000 0.009025000 24.000000000 22.000000000 51.000000000 31.000000000
1750225218.599999905 31.277101440333325 120.906879844 2.569400000 5.000000000 0.010567839 0.000000000 0.000000000 0.000000000 0.009044010 24.000000000 22.000000000 51.000000000 31.000000000
1750225218.799999952 31.277102088166657 120.906879913 2.542200000 5.000000000 0.010567839 0.000000000 0.000000000 0.000000000 0.009044010 24.000000000 22.000000000 51.000000000 31.000000000
1750225219.000000000 31.277102815666666 120.906879570 2.564300000 5.000000000 0.010567839 0.000000000 0.000000000 0.000000000 0.009025000 24.000000000 22.000000000 51.000000000 31.000000000
1750225219.200000048 31.27710341533333 120.906879144 2.561500000 5.000000000 0.009409000 0.000000000 0.000000000 0.000000000 0.008667610 26.000000000 24.400000000 53.000000000 35.000000000
1750225219.400000095 31.277104147833327 120.906879208 2.547300000 5.000000000 0.009447840 0.000000000 0.000000000 0.000000000 0.008667610 26.000000000 24.400000000 53.000000000 35.000000000
1750225219.599999905 31.277104732166663 120.906878950 2.531200000 5.000000000 0.009604000 0.000000000 0.000000000 0.000000000 0.008742251 26.000000000 24.400000000 53.000000000 35.000000000
1750225219.799999952 31.277105465000005 120.906878614 2.553900000 5.000000000 0.009900250 0.000000000 0.000000000 0.000000000 0.008911361 26.000000000 24.400000000 53.000000000 35.000000000
1750225220.000000000 31.277106200000006 120.906878487 2.543700000 5.000000000 0.010000001 0.000000000 0.000000000 0.000000000 0.008949160 26.000000000 24.400000000 53.000000000 35.000000000
1750225220.200000048 31.27710695333333 120.906878434 2.546200000 5.000000000 0.010020010 0.000000000 0.000000000 0.000000000 0.008949160 26.000000000 26.000000000 56.000000000 39.000000000
1750225220.400000095 31.277107809499995 120.906878253 2.580500000 5.000000000 0.010020010 0.000000000 0.000000000 0.000000000 0.008949160 26.000000000 26.000000000 56.000000000 39.000000000
1750225220.599999905 31.277108517166667 120.906878716 2.556300000 5.000000000 0.010020010 0.000000000 0.000000000 0.000000000 0.008949160 26.000000000 26.000000000 56.000000000 39.000000000
1750225220.799999952 31.277109219833335 120.906878912 2.571400000 5.000000000 0.010020010 0.000000000 0.000000000 0.000000000 0.008949160 26.000000000 26.000000000 56.000000000 39.000000000
1750225221.000000000 31.277109919833336 120.906878930 2.552200000 5.000000000 0.010020010 0.000000000 0.000000000 0.000000000 0.008949160 26.000000000 26.000000000 56.000000000 39.000000000
1750225221.200000048 31.277110593000003 120.906878365 2.583000000 5.000000000 0.010020010 0.000000000 0.000000000 0.000000000 0.008949160 30.000000000 28.400000000 57.000000000 41.000000000
1750225221.400000095 31.277111342166677 120.906878211 2.577200000 5.000000000 0.010020010 0.000000000 0.000000000 0.000000000 0.008949160 30.000000000 28.400000000 57.000000000 41.000000000
1750225221.599999905 31.277112102666663 120.906878070 2.574800000 5.000000000 0.010020010 0.000000000 0.000000000 0.000000000 0.008949160 30.000000000 28.400000000 57.000000000 41.000000000
1750225221.799999952 31.277112829333333 120.906877727 2.574800000 5.000000000 0.010020010 0.000000000 0.000000000 0.000000000 0.008949160 30.000000000 28.400000000 57.000000000 41.000000000
1750225222.000000000 31.2771134085 120.906877336 2.573900000 5.000000000 0.010020010 0.000000000 0.000000000 0.000000000 0.008949160 30.000000000 28.400000000 57.000000000 41.000000000
1750225222.200000048 31.277114065000006 120.906876820 2.562400000 5.000000000 0.010020010 0.000000000 0.000000000 0.000000000 0.008949160 42.000000000 35.200000000 58.000000000 46.000000000
1750225222.400000095 31.277114859999998 120.906876614 2.551000000 5.000000000 0.010020010 0.000000000 0.000000000 0.000000000 0.008949160 42.000000000 35.200000000 58.000000000 46.000000000
1750225222.599999905 31.277115548833336 120.906876229 2.558500000 5.000000000 0.010020010 0.000000000 0.000000000 0.000000000 0.008949160 42.000000000 35.200000000 58.000000000 46.000000000
1750225222.799999952 31.277116304499998 120.906876158 2.565700000 5.000000000 0.010020010 0.000000000 0.000000000 0.000000000 0.008949160 42.000000000 35.200000000 58.000000000 46.000000000
1750225223.000000000 31.277116933333332 120.906876174 2.555600000 5.000000000 0.010020010 0.000000000 0.000000000 0.000000000 0.008949160 42.000000000 35.200000000 58.000000000 46.000000000
1750225223.200000048 31.277117681166672 120.906876020 2.570700000 5.000000000 0.010040039 0.000000000 0.000000000 0.000000000 0.008949160 42.000000000 37.200000000 61.000000000 51.000000000
1750225223.400000095 31.277118394833337 120.906875968 2.575300000 5.000000000 0.010040039 0.000000000 0.000000000 0.000000000 0.008949160 42.000000000 37.200000000 61.000000000 51.000000000
1750225223.599999905 31.277119076666665 120.906876028 2.544700000 5.000000000 0.010040039 0.000000000 0.000000000 0.000000000 0.008949160 42.000000000 37.200000000 61.000000000 51.000000000
1750225223.799999952 31.277119794499995 120.906876214 2.540800000 5.000000000 0.010040039 0.000000000 0.000000000 0.000000000 0.008949160 42.000000000 37.200000000 61.000000000 51.000000000
1750225224.000000000 31.277120512166675 120.906876369 2.529000000 5.000000000 0.010040039 0.000000000 0.000000000 0.000000000 0.008949160 42.000000000 37.200000000 61.000000000 51.000000000
1750225224.200000048 31.27712125783333 120.906876368 2.526800000 5.000000000 0.010040039 0.000000000 0.000000000 0.000000000 0.008968091 46.000000000 37.600000000 59.000000000 48.000000000
1750225224.400000095 31.27712201466666 120.906876230 2.522200000 5.000000000 0.010040039 0.000000000 0.000000000 0.000000000 0.008968091 46.000000000 37.600000000 59.000000000 48.000000000
1750225224.599999905 31.27712259750001 120.906875990 2.525100000 5.000000000 0.010040039 0.000000000 0.000000000 0.000000000 0.008968091 46.000000000 37.600000000 59.000000000 48.000000000
1750225224.799999952 31.277123322833333 120.906876106 2.518600000 5.000000000 0.010040039 0.000000000 0.000000000 0.000000000 0.008968091 46.000000000 37.600000000 59.000000000 48.000000000
1750225225.000000000 31.277123969833326 120.906875884 2.556400000 5.000000000 0.010040039 0.000000000 0.000000000 0.000000000 0.008968091 46.000000000 37.600000000 59.000000000 48.000000000
1750225225.200000048 31.27712479249999 120.906875723 2.548900000 5.000000000 0.010040039 0.000000000 0.000000000 0.000000000 0.008968091 48.000000000 39.600000000 61.000000000 51.000000000
1750225225.400000095 31.277125473666672 120.906875303 2.569600000 5.000000000 0.010040039 0.000000000 0.000000000 0.000000000 0.008968091 48.000000000 39.600000000 61.000000000 51.000000000
1750225225.599999905 31.277126240499996 120.906875076 2.546800000 5.000000000 0.010040039 0.000000000 0.000000000 0.000000000 0.008968091 48.000000000 39.600000000 61.000000000 51.000000000
1750225225.799999952 31.277126863333336 120.906874526 2.554400000 5.000000000 0.010040039 0.000000000 0.000000000 0.000000000 0.008968091 48.000000000 39.600000000 61.000000000 51.000000000
1750225226.000000000 31.27712757533334 120.906873937 2.555800000 5.000000000 0.010040039 0.000000000 0.000000000 0.000000000 0.008968091 48.000000000 39.600000000 61.000000000 51.000000000
1750225226.200000048 31.27712826616667 120.906873652 2.548900000 5.000000000 0.010040039 0.000000000 0.000000000 0.000000000 0.008968091 37.000000000 33.200000000 58.000000000 46.000000000
1750225226.400000095 31.27712905283333 120.906873521 2.533500000 5.000000000 0.010040039 0.000000000 0.000000000 0.000000000 0.008968091 37.000000000 33.200000000 58.000000000 46.000000000
1750225226.599999905 31.277129829833328 120.906873216 2.542100000 5.000000000 0.010040039 0.000000000 0.000000000 0.000000000 0.008968091 37.000000000 33.200000000 58.000000000 46.000000000
1750225226.799999952 31.277130713833344 120.906872891 2.551000000 5.000000000 0.010040039 0.000000000 0.000000000 0.000000000 0.008968091 37.000000000 33.200000000 58.000000000 46.000000000
1750225227.000000000 31.277131448000006 120.906872906 2.544000000 5.000000000 0.010040039 0.000000000 0.000000000 0.000000000 0.008968091 37.000000000 33.200000000 58.000000000 46.000000000
1750225227.200000048 31.27713215066666 120.906872749 2.551200000 5.000000000 0.010060090 0.000000000 0.000000000 0.000000000 0.008968091 46.000000000 35.200000000 56.000000000 42.000000000
1750225227.400000095 31.27713299433333 120.906872743 2.543500000 5.000000000 0.010060090 0.000000000 0.000000000 0.000000000 0.008968091 46.000000000 35.200000000 56.000000000 42.000000000
1750225227.599999905 31.277133671499996 120.906872686 2.547000000 5.000000000 0.010060090 0.000000000 0.000000000 0.000000000 0.008968091 46.000000000 35.200000000 56.000000000 42.000000000
1750225227.799999952 31.277134391999994 120.906872681 2.546800000 5.000000000 0.010060090 0.000000000 0.000000000 0.000000000 0.008968091 46.000000000 35.200000000 56.000000000 42.000000000
1750225228.000000000 31.277135093666672 120.906872555 2.554800000 5.000000000 0.010060090 0.000000000 0.000000000 0.000000000 0.008968091 46.000000000 35.200000000 56.000000000 42.000000000
1750225228.200000048 31.277135797 120.906872408 2.547400000 5.000000000 0.010060090 0.000000000 0.000000000 0.000000000 0.008968091 53.000000000 41.600000000 61.000000000 51.000000000
1750225228.400000095 31.27713649366666 120.906872169 2.542700000 5.000000000 0.010060090 0.000000000 0.000000000 0.000000000 0.008968091 53.000000000 41.600000000 61.000000000 51.000000000
1750225228.599999905 31.277137286500007 120.906871979 2.531600000 5.000000000 0.010060090 0.000000000 0.000000000 0.000000000 0.008968091 53.000000000 41.600000000 61.000000000 51.000000000
1750225228.799999952 31.277138022499997 120.906871969 2.558300000 5.000000000 0.010060090 0.000000000 0.000000000 0.000000000 0.008968091 53.000000000 41.600000000 61.000000000 51.000000000
1750225229.000000000 31.277138744166677 120.906871972 2.556600000 5.000000000 0.010060090 0.000000000 0.000000000 0.000000000 0.008968091 53.000000000 41.600000000 61.000000000 51.000000000
1750225229.200000048 31.277139596500007 120.906872244 2.552700000 5.000000000 0.010060090 0.000000000 0.000000000 0.000000000 0.008968091 47.000000000 40.400000000 63.000000000 54.000000000
1750225229.400000095 31.277140281666675 120.906872296 2.540700000 5.000000000 0.010060090 0.000000000 0.000000000 0.000000000 0.008968091 47.000000000 40.400000000 63.000000000 54.000000000
1750225229.599999905 31.27714111333333 120.906872497 2.503700000 5.000000000 0.010060090 0.000000000 0.000000000 0.000000000 0.008968091 47.000000000 40.400000000 63.000000000 54.000000000
1750225229.799999952 31.277141794499997 120.906872817 2.500800000 5.000000000 0.010060090 0.000000000 0.000000000 0.000000000 0.008968091 47.000000000 40.400000000 63.000000000 54.000000000
1750225230.000000000 31.277142383500006 120.906873142 2.506300000 5.000000000 0.010060090 0.000000000 0.000000000 0.000000000 0.008968091 47.000000000 40.400000000 63.000000000 54.000000000
1750225230.200000048 31.2771430265 120.906873532 2.510500000 5.000000000 0.010060090 0.000000000 0.000000000 0.000000000 0.008968091 58.000000000 43.200000000 61.000000000 50.000000000
1750225230.400000095 31.277143518333332 120.906874193 2.483500000 5.000000000 0.010060090 0.000000000 0.000000000 0.000000000 0.008968091 58.000000000 43.200000000 61.000000000 50.000000000
1750225230.599999905 31.277144008999997 120.906874779 2.480700000 5.000000000 0.010060090 0.000000000 0.000000000 0.000000000 0.008968091 58.000000000 43.200000000 61.000000000 50.000000000
1750225230.799999952 31.27714438466667 120.906875447 2.481500000 5.000000000 0.010060090 0.000000000 0.000000000 0.000000000 0.008968091 58.000000000 43.200000000 61.000000000 50.000000000
1750225231.000000000 31.27714496083334 120.906876256 2.451800000 5.000000000 0.010060090 0.000000000 0.000000000 0.000000000 0.008968091 58.000000000 43.200000000 61.000000000 50.000000000
1750225231.200000048 31.277145534166664 120.906876692 2.466800000 5.000000000 0.010060090 0.000000000 0.000000000 0.000000000 0.008968091 47.000000000 37.600000000 60.000000000 47.000000000
1750225231.400000095 31.277146032000005 120.906877009 2.459400000 5.000000000 0.010060090 0.000000000 0.000000000 0.000000000 0.008968091 47.000000000 37.600000000 60.000000000 47.000000000
1750225231.599999905 31.277146420000008 120.906877748 2.443500000 5.000000000 0.010060090 0.000000000 0.000000000 0.000000000 0.008968091 47.000000000 37.600000000 60.000000000 47.000000000
1750225231.799999952 31.27714633716667 120.906878625 2.471900000 5.000000000 0.010060090 0.000000000 0.000000000 0.000000000 0.008968091 47.000000000 37.600000000 60.000000000 47.000000000
1750225232.000000000 31.277145965999992 120.906879425 2.433300000 5.000000000 0.010060090 0.000000000 0.000000000 0.000000000 0.008968091 47.000000000 37.600000000 60.000000000 47.000000000
1750225232.200000048 31.27714546916667 120.906880256 2.426000000 5.000000000 0.010080161 0.000000000 0.000000000 0.000000000 0.008968091 63.000000000 47.600000000 64.000000000 56.000000000
1750225232.400000095 31.277145066166668 120.906881013 2.415100000 5.000000000 0.010080161 0.000000000 0.000000000 0.000000000 0.008968091 63.000000000 47.600000000 64.000000000 56.000000000
1750225232.599999905 31.27714475783334 120.906881701 2.415500000 5.000000000 0.010080161 0.000000000 0.000000000 0.000000000 0.008968091 63.000000000 47.600000000 64.000000000 56.000000000
1750225232.799999952 31.277144451333328 120.906882478 2.399600000 5.000000000 0.010080161 0.000000000 0.000000000 0.000000000 0.008968091 63.000000000 47.600000000 64.000000000 56.000000000
1750225233.000000000 31.277144355666664 120.906883628 2.408800000 5.000000000 0.010080161 0.000000000 0.000000000 0.000000000 0.008968091 63.000000000 47.600000000 64.000000000 56.000000000
1750225233.200000048 31.27714436849999 120.906884394 2.415000000 5.000000000 0.010080161 0.000000000 0.000000000 0.000000000 0.008968091 63.000000000 40.800000000 56.000000000 39.000000000
1750225233.400000095 31.27714417300001 120.906885303 2.434000000 5.000000000 0.010080161 0.000000000 0.000000000 0.000000000 0.008968091 63.000000000 40.800000000 56.000000000 39.000000000
1750225233.599999905 31.277142792666666 120.906888643 1.965400000 5.000000000 0.000210250 0.000000000 0.000000000 0.000000000 0.000275560 63.000000000 40.800000000 56.000000000 39.000000000
1750225233.799999952 31.277142690000005 120.906889352 1.967800000 5.000000000 0.000219040 0.000000000 0.000000000 0.000000000 0.000285610 63.000000000 40.800000000 56.000000000 39.000000000
1750225234.000000000 31.277142928833342 120.906890087 2.053800000 5.000000000 0.000231040 0.000000000 0.000000000 0.000000000 0.000292410 63.000000000 40.800000000 56.000000000 39.000000000
1750225234.200000048 31.27714268683333 120.906890793 2.034100000 4.000000000 0.000216090 0.000000000 0.000000000 0.000000000 0.000265690 46.000000000 35.550000000 52.000000000 33.000000000
1750225234.400000095 31.277142834333333 120.906891791 1.995000000 4.000000000 0.000506250 0.000000000 0.000000000 0.000000000 0.000432640 46.000000000 35.550000000 52.000000000 33.000000000
1750225234.599999905 31.27714283666667 120.906892575 2.018200000 4.000000000 0.000506250 0.000000000 0.000000000 0.000000000 0.000445210 46.000000000 35.550000000 52.000000000 33.000000000
1750225234.799999952 31.277142857166666 120.906893448 2.026100000 4.000000000 0.000506250 0.000000000 0.000000000 0.000000000 0.000445210 46.000000000 35.550000000 52.000000000 33.000000000
1750225235.000000000 31.277142576333333 120.906894287 2.004700000 5.000000000 0.000506250 0.000000000 0.000000000 0.000000000 0.000457960 46.000000000 35.550000000 52.000000000 33.000000000
1750225235.200000048 31.2771426005 120.906895000 2.024200000 4.000000000 0.000497290 0.000000000 0.000000000 0.000000000 0.000441000 48.000000000 43.200000000 59.000000000 48.000000000
1750225235.400000095 31.277142196166665 120.906895912 2.037000000 4.000000000 0.000475240 0.000000000 0.000000000 0.000000000 0.000542890 48.000000000 43.200000000 59.000000000 48.000000000
1750225235.599999905 31.277141914166663 120.906896443 2.038300000 4.000000000 0.000475240 0.000000000 0.000000000 0.000000000 0.000547560 48.000000000 43.200000000 59.000000000 48.000000000
1750225235.799999952 31.27714171533333 120.906897394 2.036800000 4.000000000 0.000497290 0.000000000 0.000000000 0.000000000 0.000600250 48.000000000 43.200000000 59.000000000 48.000000000
1750225236.000000000 31.277141764666666 120.906898170 2.033200000 4.000000000 0.000484000 0.000000000 0.000000000 0.000000000 0.000580810 48.000000000 43.200000000 59.000000000 48.000000000
1750225236.200000048 31.277142113833335 120.906898849 2.053000000 4.000000000 0.000488410 0.000000000 0.000000000 0.000000000 0.000590490 41.000000000 42.000000000 58.000000000 43.000000000
1750225236.400000095 31.27714197583333 120.906899866 2.077200000 4.000000000 0.000424360 0.000000000 0.000000000 0.000000000 0.000739840 41.000000000 42.000000000 58.000000000 43.000000000
1750225236.599999905 31.27714185083333 120.906900569 2.085500000 4.000000000 0.000470890 0.000000000 0.000000000 0.000000000 0.000906010 41.000000000 42.000000000 58.000000000 43.000000000
1750225236.799999952 31.277141942666674 120.906901473 2.097300000 4.000000000 0.000449440 0.000000000 0.000000000 0.000000000 0.000778410 41.000000000 42.000000000 58.000000000 43.000000000
1750225237.000000000 31.27714186033333 120.906902089 2.146900000 4.000000000 0.000457960 0.000000000 0.000000000 0.000000000 0.000800890 41.000000000 42.000000000 58.000000000 43.000000000
1750225237.200000048 31.277141049666668 120.906902716 2.080800000 4.000000000 0.000453690 0.000000000 0.000000000 0.000000000 0.000761760 42.000000000 43.000000000 57.000000000 44.000000000
1750225237.400000095 31.277141370833334 120.906904007 2.076300000 4.000000000 0.000432640 0.000000000 0.000000000 0.000000000 0.000846810 42.000000000 43.000000000 57.000000000 44.000000000
1750225237.599999905 31.2771414675 120.906904884 2.101400000 4.000000000 0.000441000 0.000000000 0.000000000 0.000000000 0.000888040 42.000000000 43.000000000 57.000000000 44.000000000
1750225237.799999952 31.277141256333337 120.906905725 2.050900000 4.000000000 0.000445210 0.000000000 0.000000000 0.000000000 0.000906010 42.000000000 43.000000000 57.000000000 44.000000000
1750225238.000000000 31.27714102733333 120.906906402 2.033100000 4.000000000 0.000449440 0.000000000 0.000000000 0.000000000 0.000912040 42.000000000 43.000000000 57.000000000 44.000000000
1750225238.200000048 31.27714140966667 120.906907261 2.031200000 4.000000000 0.000462250 0.000000000 0.000000000 0.000000000 0.001310440 39.000000000 42.000000000 59.000000000 45.000000000
1750225238.400000095 31.27714084466666 120.906908296 1.961800000 4.000000000 0.000441000 0.000000000 0.000000000 0.000000000 0.001482250 39.000000000 42.000000000 59.000000000 45.000000000
1750225238.599999905 31.27714114683333 120.906909044 1.973700000 4.000000000 0.000445210 0.000000000 0.000000000 0.000000000 0.001624090 39.000000000 42.000000000 59.000000000 45.000000000
1750225238.799999952 31.277141470000004 120.906909875 1.983600000 4.000000000 0.000453690 0.000000000 0.000000000 0.000000000 0.001656490 39.000000000 42.000000000 59.000000000 45.000000000
1750225239.000000000 31.277141773500006 120.906910616 2.002100000 4.000000000 0.000453690 0.000000000 0.000000000 0.000000000 0.001689210 39.000000000 42.000000000 59.000000000 45.000000000
1750225239.200000048 31.27714208783334 120.906911220 1.976800000 4.000000000 0.000368640 0.000000000 0.000000000 0.000000000 0.001024000 41.000000000 41.000000000 57.000000000 41.000000000
1750225239.400000095 31.277142673166665 120.906911983 1.940400000 4.000000000 0.000295840 0.000000000 0.000000000 0.000000000 0.001747240 41.000000000 41.000000000 57.000000000 41.000000000
1750225239.599999905 31.277143213333332 120.906912959 1.951500000 4.000000000 0.000292410 0.000000000 0.000000000 0.000000000 0.001722250 41.000000000 41.000000000 57.000000000 41.000000000
1750225239.799999952 31.277143172333325 120.906913804 1.911900000 4.000000000 0.000295840 0.000000000 0.000000000 0.000000000 0.001755610 41.000000000 41.000000000 57.000000000 41.000000000
1750225240.000000000 31.277143677499993 120.906914459 1.968900000 4.000000000 0.000302760 0.000000000 0.000000000 0.000000000 0.001772410 41.000000000 41.000000000 57.000000000 41.000000000
1750225240.200000048 31.277143632999994 120.906915281 1.982700000 4.000000000 0.000289000 0.000000000 0.000000000 0.000000000 0.001713960 39.000000000 37.500000000 54.000000000 36.000000000
1750225240.400000095 31.277143147000004 120.906915981 1.941900000 4.000000000 0.000299290 0.000000000 0.000000000 0.000000000 0.002043040 39.000000000 37.500000000 54.000000000 36.000000000
1750225240.599999905 31.2771429 120.906916981 1.944500000 4.000000000 0.000316840 0.000000000 0.000000000 0.000000000 0.002097640 39.000000000 37.500000000 54.000000000 36.000000000
1750225240.799999952 31.277142835999996 120.906917699 1.961300000 4.000000000 0.000299290 0.000000000 0.000000000 0.000000000 0.002052090 39.000000000 37.500000000 54.000000000 36.000000000
1750225241.000000000 31.277142915500008 120.906918608 1.956700000 4.000000000 0.000316840 0.000000000 0.000000000 0.000000000 0.002106810 39.000000000 37.500000000 54.000000000 36.000000000
1750225241.200000048 31.277142790666673 120.906918872 1.952600000 4.000000000 0.000289000 0.000000000 0.000000000 0.000000000 0.001840410 39.000000000 36.500000000 53.000000000 34.000000000
1750225241.400000095 31.277143234333337 120.906918903 1.979600000 4.000000000 0.000262440 0.000000000 0.000000000 0.000000000 0.001689210 39.000000000 36.500000000 53.000000000 34.000000000
1750225241.599999905 31.27714324850001 120.906919019 1.982800000 4.000000000 0.000262440 0.000000000 0.000000000 0.000000000 0.001697440 39.000000000 36.500000000 53.000000000 34.000000000
1750225241.799999952 31.277143232666674 120.906919591 1.974900000 4.000000000 0.000262440 0.000000000 0.000000000 0.000000000 0.001697440 39.000000000 36.500000000 53.000000000 34.000000000
1750225242.000000000 31.277143209000002 120.906920453 1.951100000 4.000000000 0.000262440 0.000000000 0.000000000 0.000000000 0.001697440 39.000000000 36.500000000 53.000000000 34.000000000
1750225242.200000048 31.277143875666667 120.906921069 1.989000000 4.000000000 0.000265690 0.000000000 0.000000000 0.000000000 0.001866240 45.000000000 45.000000000 59.000000000 45.000000000
1750225242.400000095 31.277143898333335 120.906921890 1.977300000 4.000000000 0.000282240 0.000000000 0.000000000 0.000000000 0.001764000 45.000000000 45.000000000 59.000000000 45.000000000
1750225242.599999905 31.277143884666657 120.906922301 1.990800000 4.000000000 0.000282240 0.000000000 0.000000000 0.000000000 0.001755610 45.000000000 45.000000000 59.000000000 45.000000000
1750225242.799999952 31.27714383583333 120.906922561 1.972900000 4.000000000 0.000289000 0.000000000 0.000000000 0.000000000 0.001772410 45.000000000 45.000000000 59.000000000 45.000000000
1750225243.000000000 31.27714394066666 120.906923069 1.975800000 4.000000000 0.000289000 0.000000000 0.000000000 0.000000000 0.001780840 45.000000000 45.000000000 59.000000000 45.000000000
1750225243.200000048 31.277144597499998 120.906923398 1.983900000 4.000000000 0.000282240 0.000000000 0.000000000 0.000000000 0.001764000 41.000000000 41.000000000 57.000000000 41.000000000
1750225243.400000095 31.27714495266666 120.906923462 1.934500000 4.000000000 0.000353440 0.000000000 0.000000000 0.000000000 0.002125210 41.000000000 41.000000000 57.000000000 41.000000000
1750225243.599999905 31.277144579999998 120.906922844 1.861800000 4.000000000 0.000364810 0.000000000 0.000000000 0.000000000 0.002342560 41.000000000 41.000000000 57.000000000 41.000000000
1750225243.799999952 31.277145342166662 120.906922689 1.931800000 4.000000000 0.000357210 0.000000000 0.000000000 0.000000000 0.002209000 41.000000000 41.000000000 57.000000000 41.000000000
1750225244.000000000 31.277146085333328 120.906922216 1.955900000 4.000000000 0.000380250 0.000000000 0.000000000 0.000000000 0.002134440 41.000000000 41.000000000 57.000000000 41.000000000
1750225244.200000048 31.277145867166666 120.906921856 1.929400000 4.000000000 0.000349690 0.000000000 0.000000000 0.000000000 0.002052090 39.000000000 37.500000000 54.000000000 36.000000000
1750225244.400000095 31.277145924833334 120.906921735 1.891500000 4.000000000 0.000278890 0.000000000 0.000000000 0.000000000 0.002052090 39.000000000 37.500000000 54.000000000 36.000000000
1750225244.599999905 31.277146075000005 120.906921423 1.881400000 4.000000000 0.000282240 0.000000000 0.000000000 0.000000000 0.002061160 39.000000000 37.500000000 54.000000000 36.000000000
1750225244.799999952 31.277146166166673 120.906921419 1.902200000 4.000000000 0.000282240 0.000000000 0.000000000 0.000000000 0.002070250 39.000000000 37.500000000 54.000000000 36.000000000
1750225245.000000000 31.277146213500004 120.906921437 1.902000000 4.000000000 0.000282240 0.000000000 0.000000000 0.000000000 0.002070250 39.000000000 37.500000000 54.000000000 36.000000000
1750225245.200000048 31.277146288499992 120.906921457 1.909800000 4.000000000 0.000278890 0.000000000 0.000000000 0.000000000 0.002016010 40.000000000 41.000000000 56.000000000 42.000000000
1750225245.400000095 31.27714657283333 120.906921355 1.945400000 4.000000000 0.000228010 0.000000000 0.000000000 0.000000000 0.001505440 40.000000000 41.000000000 56.000000000 42.000000000
1750225245.599999905 31.277146847333327 120.906921285 1.938300000 4.000000000 0.000228010 0.000000000 0.000000000 0.000000000 0.001513210 40.000000000 41.000000000 56.000000000 42.000000000
1750225245.799999952 31.277147227166665 120.906921289 1.905900000 4.000000000 0.000234090 0.000000000 0.000000000 0.000000000 0.001536640 40.000000000 41.000000000 56.000000000 42.000000000
1750225246.000000000 31.27714764866667 120.906920943 1.905500000 4.000000000 0.000240250 0.000000000 0.000000000 0.000000000 0.001592010 40.000000000 41.000000000 56.000000000 42.000000000
1750225246.200000048 31.277147903 120.906920940 1.928700000 4.000000000 0.000228010 0.000000000 0.000000000 0.000000000 0.001513210 44.000000000 40.500000000 54.000000000 37.000000000
1750225246.400000095 31.277148364166663 120.906920956 1.967900000 4.000000000 0.000243360 0.000000000 0.000000000 0.000000000 0.001681000 44.000000000 40.500000000 54.000000000 37.000000000
1750225246.599999905 31.277149016833334 120.906921138 2.012900000 4.000000000 0.000243360 0.000000000 0.000000000 0.000000000 0.001689210 44.000000000 40.500000000 54.000000000 37.000000000
1750225246.799999952 31.277150140499998 120.906921686 2.052100000 4.000000000 0.000265690 0.000000000 0.000000000 0.000000000 0.001789290 44.000000000 40.500000000 54.000000000 37.000000000
1750225247.000000000 31.27714993783333 120.906922475 2.023700000 4.000000000 0.000265690 0.000000000 0.000000000 0.000000000 0.001730560 44.000000000 40.500000000 54.000000000 37.000000000
1750225247.200000048 31.27714995933333 120.906923259 1.996400000 4.000000000 0.000243360 0.000000000 0.000000000 0.000000000 0.001689210 39.000000000 36.500000000 53.000000000 34.000000000
1750225247.400000095 31.277150281666664 120.906924117 1.977800000 4.000000000 0.000196000 0.000000000 0.000000000 0.000000000 0.001459240 39.000000000 36.500000000 53.000000000 34.000000000
1750225247.599999905 31.277150190833325 120.906924925 1.978100000 4.000000000 0.000201640 0.000000000 0.000000000 0.000000000 0.001451610 39.000000000 36.500000000 53.000000000 34.000000000
1750225247.799999952 31.277150507666676 120.906925805 2.026400000 4.000000000 0.000201640 0.000000000 0.000000000 0.000000000 0.001444000 39.000000000 36.500000000 53.000000000 34.000000000
1750225248.000000000 31.277150546499996 120.906926612 2.018100000 4.000000000 0.000201640 0.000000000 0.000000000 0.000000000 0.001444000 39.000000000 36.500000000 53.000000000 34.000000000
1750225248.200000048 31.27715019333334 120.906927487 2.004100000 4.000000000 0.000193210 0.000000000 0.000000000 0.000000000 0.001288810 41.000000000 42.000000000 58.000000000 43.000000000
1750225248.400000095 31.277150549166663 120.906928346 2.071400000 4.000000000 0.000187690 0.000000000 0.000000000 0.000000000 0.001428840 41.000000000 42.000000000 58.000000000 43.000000000
1750225248.599999905 31.27715044716666 120.906929152 2.054900000 4.000000000 0.000190440 0.000000000 0.000000000 0.000000000 0.001451610 41.000000000 42.000000000 58.000000000 43.000000000
1750225248.799999952 31.277150354166665 120.906930103 2.081700000 4.000000000 0.000228010 0.000000000 0.000000000 0.000000000 0.001874890 41.000000000 42.000000000 58.000000000 43.000000000
1750225249.000000000 31.2771495465 120.906930523 2.003300000 4.000000000 0.000207360 0.000000000 0.000000000 0.000000000 0.001738890 41.000000000 42.000000000 58.000000000 43.000000000
1750225249.200000048 31.277149828000006 120.906931462 2.055100000 4.000000000 0.000187690 0.000000000 0.000000000 0.000000000 0.001421290 41.000000000 37.500000000 53.000000000 34.000000000
1750225249.400000095 31.277150334499993 120.906932304 2.098200000 4.000000000 0.000187690 0.000000000 0.000000000 0.000000000 0.001421290 41.000000000 37.500000000 53.000000000 34.000000000
1750225249.599999905 31.277149899166673 120.906933037 2.045700000 4.000000000 0.000193210 0.000000000 0.000000000 0.000000000 0.001513210 41.000000000 37.500000000 53.000000000 34.000000000
1750225249.799999952 31.277149856166673 120.906933824 2.013600000 4.000000000 0.000193210 0.000000000 0.000000000 0.000000000 0.001513210 41.000000000 37.500000000 53.000000000 34.000000000
1750225250.000000000 31.277150187000004 120.906934719 2.071000000 4.000000000 0.000198810 0.000000000 0.000000000 0.000000000 0.001568160 41.000000000 37.500000000 53.000000000 34.000000000
1750225250.200000048 31.277150645999996 120.906935618 2.145900000 4.000000000 0.000187690 0.000000000 0.000000000 0.000000000 0.001436410 42.000000000 43.000000000 57.000000000 44.000000000
1750225250.400000095 31.277150098999996 120.906936319 2.057700000 4.000000000 0.000190440 0.000000000 0.000000000 0.000000000 0.001459240 42.000000000 43.000000000 57.000000000 44.000000000
1750225250.599999905 31.277150313999996 120.906937130 2.052600000 4.000000000 0.000190440 0.000000000 0.000000000 0.000000000 0.001451610 42.000000000 43.000000000 57.000000000 44.000000000
1750225250.799999952 31.27715065449999 120.906938184 2.064900000 4.000000000 0.000190440 0.000000000 0.000000000 0.000000000 0.001459240 42.000000000 43.000000000 57.000000000 44.000000000
1750225251.000000000 31.27715112850001 120.906938882 2.094500000 4.000000000 0.000190440 0.000000000 0.000000000 0.000000000 0.001459240 42.000000000 43.000000000 57.000000000 44.000000000
1750225251.200000048 31.27715104533334 120.906939637 2.063300000 5.000000000 0.000196000 0.000000000 0.000000000 0.000000000 0.001560250 41.000000000 42.000000000 58.000000000 43.000000000
1750225251.400000095 31.277151224333338 120.906940428 2.036800000 4.000000000 0.000243360 0.000000000 0.000000000 0.000000000 0.002097640 41.000000000 42.000000000 58.000000000 43.000000000
1750225251.599999905 31.27715222533334 120.906941575 2.084000000 4.000000000 0.000243360 0.000000000 0.000000000 0.000000000 0.002125210 41.000000000 42.000000000 58.000000000 43.000000000
1750225251.799999952 31.277152334500002 120.906942298 2.086200000 4.000000000 0.000246490 0.000000000 0.000000000 0.000000000 0.002199610 41.000000000 42.000000000 58.000000000 43.000000000
1750225252.000000000 31.277151818333323 120.906943061 2.044100000 4.000000000 0.000246490 0.000000000 0.000000000 0.000000000 0.002209000 41.000000000 42.000000000 58.000000000 43.000000000
1750225252.200000048 31.277152206166676 120.906943924 2.049100000 4.000000000 0.000237160 0.000000000 0.000000000 0.000000000 0.002088490 40.000000000 39.000000000 53.000000000 38.000000000
1750225252.400000095 31.277152172833325 120.906944735 2.027400000 4.000000000 0.000234090 0.000000000 0.000000000 0.000000000 0.002052090 40.000000000 39.000000000 53.000000000 38.000000000
1750225252.599999905 31.277152110333333 120.906945524 2.010400000 4.000000000 0.000234090 0.000000000 0.000000000 0.000000000 0.002052090 40.000000000 39.000000000 53.000000000 38.000000000
1750225252.799999952 31.277152078666674 120.906946305 1.997800000 4.000000000 0.000234090 0.000000000 0.000000000 0.000000000 0.002043040 40.000000000 39.000000000 53.000000000 38.000000000
1750225253.000000000 31.27715214333334 120.906947131 1.997400000 4.000000000 0.000234090 0.000000000 0.000000000 0.000000000 0.002043040 40.000000000 39.000000000 53.000000000 38.000000000
1750225253.200000048 31.27715225616666 120.906947941 2.004600000 4.000000000 0.000234090 0.000000000 0.000000000 0.000000000 0.001971360 45.000000000 44.000000000 56.000000000 43.000000000
1750225253.400000095 31.27715175916667 120.906948697 1.926700000 4.000000000 0.000184960 0.000000000 0.000000000 0.000000000 0.001664640 45.000000000 44.000000000 56.000000000 43.000000000
1750225253.599999905 31.277152295333337 120.906949550 1.968800000 4.000000000 0.000184960 0.000000000 0.000000000 0.000000000 0.001772410 45.000000000 44.000000000 56.000000000 43.000000000
1750225253.799999952 31.277152191166664 120.906950206 1.959300000 4.000000000 0.000184960 0.000000000 0.000000000 0.000000000 0.001857610 45.000000000 44.000000000 56.000000000 43.000000000
1750225254.000000000 31.27715227733333 120.906950924 1.948900000 4.000000000 0.000184960 0.000000000 0.000000000 0.000000000 0.001849000 45.000000000 44.000000000 56.000000000 43.000000000
1750225254.200000048 31.277152355166663 120.906951771 1.963500000 4.000000000 0.000184960 0.000000000 0.000000000 0.000000000 0.001722250 41.000000000 38.500000000 54.000000000 36.000000000
1750225254.400000095 31.277152725166673 120.906952702 2.005300000 4.000000000 0.000228010 0.000000000 0.000000000 0.000000000 0.002332890 41.000000000 38.500000000 54.000000000 36.000000000
1750225254.599999905 31.27715288616666 120.906953536 2.023600000 4.000000000 0.000228010 0.000000000 0.000000000 0.000000000 0.002342560 41.000000000 38.500000000 54.000000000 36.000000000
1750225254.799999952 31.277152729999997 120.906954275 2.006700000 4.000000000 0.000228010 0.000000000 0.000000000 0.000000000 0.002342560 41.000000000 38.500000000 54.000000000 36.000000000
1750225255.000000000 31.277152915499997 120.906955116 2.038000000 4.000000000 0.000228010 0.000000000 0.000000000 0.000000000 0.002342560 41.000000000 38.500000000 54.000000000 36.000000000
1750225255.200000048 31.277152849666663 120.906955769 2.019800000 4.000000000 0.000228010 0.000000000 0.000000000 0.000000000 0.002171560 46.000000000 43.000000000 55.000000000 40.000000000
1750225255.400000095 31.277152957666658 120.906956748 2.004400000 4.000000000 0.000196000 0.000000000 0.000000000 0.000000000 0.002227840 46.000000000 43.000000000 55.000000000 40.000000000
1750225255.599999905 31.277153142499998 120.906957660 2.035000000 4.000000000 0.000196000 0.000000000 0.000000000 0.000000000 0.002227840 46.000000000 43.000000000 55.000000000 40.000000000
1750225255.799999952 31.277153341 120.906958353 2.045200000 4.000000000 0.000196000 0.000000000 0.000000000 0.000000000 0.002227840 46.000000000 43.000000000 55.000000000 40.000000000
1750225256.000000000 31.277153465500007 120.906959220 2.051100000 4.000000000 0.000196000 0.000000000 0.000000000 0.000000000 0.002227840 46.000000000 43.000000000 55.000000000 40.000000000
1750225256.200000048 31.27715328233333 120.906959970 2.028200000 4.000000000 0.000196000 0.000000000 0.000000000 0.000000000 0.002265760 45.000000000 46.000000000 58.000000000 47.000000000
1750225256.400000095 31.27715258233333 120.906960728 2.000500000 4.000000000 0.000190440 0.000000000 0.000000000 0.000000000 0.001428840 45.000000000 46.000000000 58.000000000 47.000000000
1750225256.599999905 31.277152785333328 120.906961652 2.006300000 4.000000000 0.000190440 0.000000000 0.000000000 0.000000000 0.001444000 45.000000000 46.000000000 58.000000000 47.000000000
1750225256.799999952 31.277153006333336 120.906962383 2.009400000 4.000000000 0.000190440 0.000000000 0.000000000 0.000000000 0.001436410 45.000000000 46.000000000 58.000000000 47.000000000
1750225257.000000000 31.27715324016667 120.906963187 2.041600000 4.000000000 0.000187690 0.000000000 0.000000000 0.000000000 0.001436410 45.000000000 46.000000000 58.000000000 47.000000000
1750225257.200000048 31.277153367166676 120.906963881 2.042900000 4.000000000 0.000184960 0.000000000 0.000000000 0.000000000 0.001317690 43.000000000 44.000000000 57.000000000 45.000000000
1750225257.400000095 31.2771529085 120.906964534 1.965600000 4.000000000 0.000225000 0.000000000 0.000000000 0.000000000 0.001576090 43.000000000 44.000000000 57.000000000 45.000000000
1750225257.599999905 31.277152630499998 120.906965480 1.942100000 4.000000000 0.000225000 0.000000000 0.000000000 0.000000000 0.001592010 43.000000000 44.000000000 57.000000000 45.000000000
1750225257.799999952 31.277153401666666 120.906966180 1.996100000 4.000000000 0.000231040 0.000000000 0.000000000 0.000000000 0.001755610 43.000000000 44.000000000 57.000000000 45.000000000
1750225258.000000000 31.277153322000004 120.906967039 1.999100000 4.000000000 0.000231040 0.000000000 0.000000000 0.000000000 0.001755610 43.000000000 44.000000000 57.000000000 45.000000000
1750225258.200000048 31.277153401000007 120.906967729 2.005400000 4.000000000 0.000228010 0.000000000 0.000000000 0.000000000 0.001600000 45.000000000 44.000000000 56.000000000 43.000000000
1750225258.400000095 31.2771530215 120.906968535 1.972200000 4.000000000 0.000201640 0.000000000 0.000000000 0.000000000 0.001576090 45.000000000 44.000000000 56.000000000 43.000000000
1750225258.599999905 31.277153720166666 120.906969325 2.034400000 4.000000000 0.000207360 0.000000000 0.000000000 0.000000000 0.001738890 45.000000000 44.000000000 56.000000000 43.000000000
1750225258.799999952 31.277153645833323 120.906969895 2.031700000 4.000000000 0.000207360 0.000000000 0.000000000 0.000000000 0.001747240 45.000000000 44.000000000 56.000000000 43.000000000
1750225259.000000000 31.27715333916666 120.906970663 1.981400000 4.000000000 0.000204490 0.000000000 0.000000000 0.000000000 0.001584040 45.000000000 44.000000000 56.000000000 43.000000000
1750225259.200000048 31.27715374333333 120.906971524 2.013700000 4.000000000 0.000204490 0.000000000 0.000000000 0.000000000 0.001592010 38.000000000 39.000000000 54.000000000 40.000000000
1750225259.400000095 31.277153567 120.906972269 1.985600000 4.000000000 0.000243360 0.000000000 0.000000000 0.000000000 0.001866240 38.000000000 39.000000000 54.000000000 40.000000000
1750225259.599999905 31.27715340816667 120.906973062 1.971700000 4.000000000 0.000243360 0.000000000 0.000000000 0.000000000 0.001874890 38.000000000 39.000000000 54.000000000 40.000000000
1750225259.799999952 31.277153676166677 120.906973810 1.997500000 4.000000000 0.000243360 0.000000000 0.000000000 0.000000000 0.001883560 38.000000000 39.000000000 54.000000000 40.000000000
1750225260.000000000 31.27715373000001 120.906974363 1.995600000 4.000000000 0.000243360 0.000000000 0.000000000 0.000000000 0.001883560 38.000000000 39.000000000 54.000000000 40.000000000
1750225260.200000048 31.277153906833334 120.906975369 2.001600000 4.000000000 0.000243360 0.000000000 0.000000000 0.000000000 0.001866240 40.000000000 41.500000000 56.000000000 43.000000000
1750225260.400000095 31.277154148833333 120.906976368 2.008400000 4.000000000 0.000268960 0.000000000 0.000000000 0.000000000 0.001840410 40.000000000 41.500000000 56.000000000 43.000000000
1750225260.599999905 31.277154284666665 120.906977080 2.022000000 4.000000000 0.000265690 0.000000000 0.000000000 0.000000000 0.001831840 40.000000000 41.500000000 56.000000000 43.000000000
1750225260.799999952 31.27715455016667 120.906977924 2.054900000 4.000000000 0.000265690 0.000000000 0.000000000 0.000000000 0.001840410 40.000000000 41.500000000 56.000000000 43.000000000
1750225261.000000000 31.277154552166664 120.906978682 2.036300000 4.000000000 0.000268960 0.000000000 0.000000000 0.000000000 0.001840410 40.000000000 41.500000000 56.000000000 43.000000000
1750225261.200000048 31.2771547025 120.906979431 2.033000000 4.000000000 0.000262440 0.000000000 0.000000000 0.000000000 0.001664640 34.000000000 37.000000000 54.000000000 40.000000000
1750225261.400000095 31.27715485333333 120.906980143 2.029000000 4.000000000 0.000265690 0.000000000 0.000000000 0.000000000 0.001664640 34.000000000 37.000000000 54.000000000 40.000000000
1750225261.599999905 31.27715515833333 120.906980937 2.008000000 4.000000000 0.000268960 0.000000000 0.000000000 0.000000000 0.001840410 34.000000000 37.000000000 54.000000000 40.000000000
1750225261.799999952 31.27715560366667 120.906981868 2.039700000 4.000000000 0.000272250 0.000000000 0.000000000 0.000000000 0.001840410 34.000000000 37.000000000 54.000000000 40.000000000
1750225262.000000000 31.277155605999994 120.906982724 2.017400000 4.000000000 0.000272250 0.000000000 0.000000000 0.000000000 0.001866240 34.000000000 37.000000000 54.000000000 40.000000000
1750225262.200000048 31.277155615500007 120.906983435 2.013600000 4.000000000 0.000262440 0.000000000 0.000000000 0.000000000 0.001772410 38.000000000 37.000000000 52.000000000 36.000000000
1750225262.400000095 31.277155889166664 120.906984197 2.033800000 4.000000000 0.000262440 0.000000000 0.000000000 0.000000000 0.001772410 38.000000000 37.000000000 52.000000000 36.000000000
1750225262.599999905 31.277155974333326 120.906984929 2.021300000 4.000000000 0.000265690 0.000000000 0.000000000 0.000000000 0.001772410 38.000000000 37.000000000 52.000000000 36.000000000
1750225262.799999952 31.277156375999994 120.906985985 2.059000000 4.000000000 0.000265690 0.000000000 0.000000000 0.000000000 0.001772410 38.000000000 37.000000000 52.000000000 36.000000000
1750225263.000000000 31.277156472166666 120.906986551 2.050700000 4.000000000 0.000265690 0.000000000 0.000000000 0.000000000 0.001772410 38.000000000 37.000000000 52.000000000 36.000000000
1750225263.200000048 31.277156398333332 120.906987335 2.045900000 5.000000000 0.000262440 0.000000000 0.000000000 0.000000000 0.001764000 39.000000000 40.000000000 54.000000000 41.000000000
1750225263.400000095 31.27715721433333 120.906988809 2.105000000 4.000000000 0.000324000 0.000000000 0.000000000 0.000000000 0.002007040 39.000000000 40.000000000 54.000000000 41.000000000
1750225263.599999905 31.277156943666668 120.906989391 2.063700000 4.000000000 0.000324000 0.000000000 0.000000000 0.000000000 0.002007040 39.000000000 40.000000000 54.000000000 41.000000000
1750225263.799999952 31.277157158666668 120.906990263 2.072100000 4.000000000 0.000324000 0.000000000 0.000000000 0.000000000 0.002016010 39.000000000 40.000000000 54.000000000 41.000000000
1750225264.000000000 31.277157349999996 120.906991012 2.085500000 4.000000000 0.000324000 0.000000000 0.000000000 0.000000000 0.002016010 39.000000000 40.000000000 54.000000000 41.000000000
1750225264.200000048 31.277157682833334 120.906991715 2.092300000 4.000000000 0.000316840 0.000000000 0.000000000 0.000000000 0.001866240 40.000000000 43.500000000 56.000000000 47.000000000
1750225264.400000095 31.277157547833326 120.906992290 2.021200000 4.000000000 0.000240250 0.000000000 0.000000000 0.000000000 0.001764000 40.000000000 43.500000000 56.000000000 47.000000000
1750225264.599999905 31.277157996499994 120.906992916 2.010500000 4.000000000 0.000240250 0.000000000 0.000000000 0.000000000 0.001772410 40.000000000 43.500000000 56.000000000 47.000000000
1750225264.799999952 31.277158651500002 120.906993258 2.066400000 4.000000000 0.000246490 0.000000000 0.000000000 0.000000000 0.001918440 40.000000000 43.500000000 56.000000000 47.000000000
1750225265.000000000 31.27715891683333 120.906993419 2.028600000 4.000000000 0.000256000 0.000000000 0.000000000 0.000000000 0.001927210 40.000000000 43.500000000 56.000000000 47.000000000
1750225265.200000048 31.27715885666666 120.906993421 2.033800000 4.000000000 0.000243360 0.000000000 0.000000000 0.000000000 0.001780840 44.000000000 41.500000000 53.000000000 39.000000000
1750225265.400000095 31.277158599666677 120.906993379 1.987400000 4.000000000 0.000256000 0.000000000 0.000000000 0.000000000 0.002125210 44.000000000 41.500000000 53.000000000 39.000000000
1750225265.599999905 31.277158625833337 120.906993062 1.988800000 4.000000000 0.000256000 0.000000000 0.000000000 0.000000000 0.002125210 44.000000000 41.500000000 53.000000000 39.000000000
1750225265.799999952 31.277158673333332 120.906992308 1.962300000 4.000000000 0.000256000 0.000000000 0.000000000 0.000000000 0.002125210 44.000000000 41.500000000 53.000000000 39.000000000
1750225266.000000000 31.277158581166674 120.906991428 1.959100000 4.000000000 0.000256000 0.000000000 0.000000000 0.000000000 0.002125210 44.000000000 41.500000000 53.000000000 39.000000000
1750225266.200000048 31.277158258666674 120.906991027 1.962100000 4.000000000 0.000256000 0.000000000 0.000000000 0.000000000 0.002125210 47.000000000 47.000000000 56.000000000 47.000000000
1750225266.400000095 31.277158443999994 120.906991072 1.965400000 4.000000000 0.000249640 0.000000000 0.000000000 0.000000000 0.002323240 47.000000000 47.000000000 56.000000000 47.000000000
1750225266.599999905 31.277158497000002 120.906991066 1.970500000 4.000000000 0.000249640 0.000000000 0.000000000 0.000000000 0.002323240 47.000000000 47.000000000 56.000000000 47.000000000
1750225266.799999952 31.2771585215 120.906991277 1.966400000 4.000000000 0.000249640 0.000000000 0.000000000 0.000000000 0.002323240 47.000000000 47.000000000 56.000000000 47.000000000
1750225267.000000000 31.277158445166663 120.906992002 1.960600000 4.000000000 0.000249640 0.000000000 0.000000000 0.000000000 0.002323240 47.000000000 47.000000000 56.000000000 47.000000000
1750225267.200000048 31.277158425333326 120.906992878 1.972600000 4.000000000 0.000246490 0.000000000 0.000000000 0.000000000 0.002313610 50.000000000 48.500000000 56.000000000 47.000000000
1750225267.400000095 31.27715831383334 120.906993701 1.992700000 4.000000000 0.000231040 0.000000000 0.000000000 0.000000000 0.001998090 50.000000000 48.500000000 56.000000000 47.000000000
1750225267.599999905 31.277158329000002 120.906994658 1.998600000 4.000000000 0.000237160 0.000000000 0.000000000 0.000000000 0.002007040 50.000000000 48.500000000 56.000000000 47.000000000
1750225267.799999952 31.2771584865 120.906995549 2.009800000 4.000000000 0.000234090 0.000000000 0.000000000 0.000000000 0.001998090 50.000000000 48.500000000 56.000000000 47.000000000
1750225268.000000000 31.27715863233334 120.906996268 2.008600000 4.000000000 0.000234090 0.000000000 0.000000000 0.000000000 0.001998090 50.000000000 48.500000000 56.000000000 47.000000000
1750225268.200000048 31.27715866283333 120.906997118 1.984000000 4.000000000 0.000237160 0.000000000 0.000000000 0.000000000 0.002034010 48.000000000 48.000000000 58.000000000 48.000000000
1750225268.400000095 31.27715882616667 120.906998034 1.982700000 4.000000000 0.000302760 0.000000000 0.000000000 0.000000000 0.001989160 48.000000000 48.000000000 58.000000000 48.000000000
1750225268.599999905 31.277158944500002 120.906998936 1.981000000 4.000000000 0.000306250 0.000000000 0.000000000 0.000000000 0.001998090 48.000000000 48.000000000 58.000000000 48.000000000
1750225268.799999952 31.277158931000002 120.906999729 1.969600000 4.000000000 0.000306250 0.000000000 0.000000000 0.000000000 0.001998090 48.000000000 48.000000000 58.000000000 48.000000000
1750225269.000000000 31.277159030500002 120.907000557 1.963600000 4.000000000 0.000302760 0.000000000 0.000000000 0.000000000 0.001998090 48.000000000 48.000000000 58.000000000 48.000000000
1750225269.200000048 31.27715837933333 120.907001417 1.933700000 4.000000000 0.000299290 0.000000000 0.000000000 0.000000000 0.001866240 51.000000000 47.500000000 56.000000000 44.000000000
1750225269.400000095 31.277158507833335 120.907002247 1.978100000 4.000000000 0.000252810 0.000000000 0.000000000 0.000000000 0.001624090 51.000000000 47.500000000 56.000000000 44.000000000
1750225269.599999905 31.277158380833328 120.907003029 1.989900000 4.000000000 0.000259210 0.000000000 0.000000000 0.000000000 0.001789290 51.000000000 47.500000000 56.000000000 44.000000000
1750225269.799999952 31.277158181333334 120.907003914 1.999800000 4.000000000 0.000268960 0.000000000 0.000000000 0.000000000 0.001857610 51.000000000 47.500000000 56.000000000 44.000000000
1750225270.000000000 31.277158100166673 120.907004708 1.984100000 4.000000000 0.000272250 0.000000000 0.000000000 0.000000000 0.001874890 51.000000000 47.500000000 56.000000000 44.000000000
1750225270.200000048 31.277158196333332 120.907005457 1.978400000 4.000000000 0.000262440 0.000000000 0.000000000 0.000000000 0.001831840 42.000000000 42.000000000 54.000000000 42.000000000
1750225270.400000095 31.277158505499997 120.907006195 1.982700000 4.000000000 0.000282240 0.000000000 0.000000000 0.000000000 0.001892250 42.000000000 42.000000000 54.000000000 42.000000000
1750225270.599999905 31.277158767833328 120.907006870 1.992600000 4.000000000 0.000282240 0.000000000 0.000000000 0.000000000 0.001892250 42.000000000 42.000000000 54.000000000 42.000000000
1750225270.799999952 31.277159019500004 120.907007725 1.989300000 4.000000000 0.000282240 0.000000000 0.000000000 0.000000000 0.001892250 42.000000000 42.000000000 54.000000000 42.000000000
1750225271.000000000 31.27715915233334 120.907008477 1.977000000 4.000000000 0.000282240 0.000000000 0.000000000 0.000000000 0.001892250 42.000000000 42.000000000 54.000000000 42.000000000
1750225271.200000048 31.277159498999993 120.907009318 1.994000000 4.000000000 0.000278890 0.000000000 0.000000000 0.000000000 0.001892250 42.000000000 43.500000000 55.000000000 45.000000000
1750225271.400000095 31.277159366999996 120.907010178 2.038000000 4.000000000 0.000240250 0.000000000 0.000000000 0.000000000 0.001536640 42.000000000 43.500000000 55.000000000 45.000000000
1750225271.599999905 31.277159591 120.907010935 2.036800000 4.000000000 0.000240250 0.000000000 0.000000000 0.000000000 0.001536640 42.000000000 43.500000000 55.000000000 45.000000000
1750225271.799999952 31.277159677166665 120.907011712 2.029900000 4.000000000 0.000243360 0.000000000 0.000000000 0.000000000 0.001536640 42.000000000 43.500000000 55.000000000 45.000000000
1750225272.000000000 31.277159954 120.907012476 2.037400000 4.000000000 0.000243360 0.000000000 0.000000000 0.000000000 0.001544490 42.000000000 43.500000000 55.000000000 45.000000000
1750225272.200000048 31.27716000716667 120.907013361 2.032700000 4.000000000 0.000243360 0.000000000 0.000000000 0.000000000 0.001552360 41.000000000 41.000000000 54.000000000 41.000000000
1750225272.400000095 31.277160341166677 120.907014001 2.057100000 4.000000000 0.000259210 0.000000000 0.000000000 0.000000000 0.001632160 41.000000000 41.000000000 54.000000000 41.000000000
1750225272.599999905 31.277160696166675 120.907014918 2.057200000 4.000000000 0.000256000 0.000000000 0.000000000 0.000000000 0.001632160 41.000000000 41.000000000 54.000000000 41.000000000
1750225272.799999952 31.277160976333334 120.907015656 2.046100000 4.000000000 0.000262440 0.000000000 0.000000000 0.000000000 0.001632160 41.000000000 41.000000000 54.000000000 41.000000000
1750225273.000000000 31.2771611365 120.907016488 2.042200000 4.000000000 0.000259210 0.000000000 0.000000000 0.000000000 0.001640250 41.000000000 41.000000000 54.000000000 41.000000000
1750225273.200000048 31.277161100166666 120.907017391 2.046800000 4.000000000 0.000259210 0.000000000 0.000000000 0.000000000 0.001592010 43.000000000 43.000000000 54.000000000 43.000000000
1750225273.400000095 31.277160995999992 120.907018125 2.032300000 4.000000000 0.000278890 0.000000000 0.000000000 0.000000000 0.001560250 43.000000000 43.000000000 54.000000000 43.000000000
1750225273.599999905 31.27716068383333 120.907018912 2.016800000 4.000000000 0.000278890 0.000000000 0.000000000 0.000000000 0.001576090 43.000000000 43.000000000 54.000000000 43.000000000
1750225273.799999952 31.277160685166677 120.907019713 2.049900000 4.000000000 0.000278890 0.000000000 0.000000000 0.000000000 0.001568160 43.000000000 43.000000000 54.000000000 43.000000000
1750225274.000000000 31.277160651333332 120.907020589 2.056900000 4.000000000 0.000278890 0.000000000 0.000000000 0.000000000 0.001616040 43.000000000 43.000000000 54.000000000 43.000000000
1750225274.200000048 31.277160522666662 120.907021316 2.041300000 4.000000000 0.000282240 0.000000000 0.000000000 0.000000000 0.001624090 40.000000000 40.000000000 53.000000000 40.000000000
1750225274.400000095 31.277160746166672 120.907022126 2.022700000 4.000000000 0.000331240 0.000000000 0.000000000 0.000000000 0.001738890 40.000000000 40.000000000 53.000000000 40.000000000
1750225274.599999905 31.27716068833334 120.907023004 2.012500000 4.000000000 0.000327610 0.000000000 0.000000000 0.000000000 0.001730560 40.000000000 40.000000000 53.000000000 40.000000000
1750225274.799999952 31.277160507999994 120.907023792 2.006400000 4.000000000 0.000331240 0.000000000 0.000000000 0.000000000 0.001738890 40.000000000 40.000000000 53.000000000 40.000000000
1750225275.000000000 31.277160484333336 120.907024552 1.985300000 4.000000000 0.000331240 0.000000000 0.000000000 0.000000000 0.001738890 40.000000000 40.000000000 53.000000000 40.000000000
1750225275.200000048 31.277160792833342 120.907025402 2.008200000 4.000000000 0.000327610 0.000000000 0.000000000 0.000000000 0.001738890 40.000000000 40.000000000 53.000000000 40.000000000
1750225275.400000095 31.27716126366667 120.907026348 2.091800000 4.000000000 0.000313290 0.000000000 0.000000000 0.000000000 0.001780840 40.000000000 40.000000000 53.000000000 40.000000000
1750225275.599999905 31.27716136016666 120.907027006 2.068000000 4.000000000 0.000316840 0.000000000 0.000000000 0.000000000 0.001797760 40.000000000 40.000000000 53.000000000 40.000000000
1750225275.799999952 31.277161408166663 120.907027864 2.051600000 4.000000000 0.000316840 0.000000000 0.000000000 0.000000000 0.001797760 40.000000000 40.000000000 53.000000000 40.000000000
1750225276.000000000 31.27716155233334 120.907028642 2.067600000 4.000000000 0.000316840 0.000000000 0.000000000 0.000000000 0.001789290 40.000000000 40.000000000 53.000000000 40.000000000
1750225276.200000048 31.277161535333335 120.907029373 2.035100000 4.000000000 0.000316840 0.000000000 0.000000000 0.000000000 0.001780840 40.000000000 41.000000000 54.000000000 42.000000000
1750225276.400000095 31.277161311 120.907030086 2.005700000 4.000000000 0.000299290 0.000000000 0.000000000 0.000000000 0.001944810 40.000000000 41.000000000 54.000000000 42.000000000
1750225276.599999905 31.27716124599999 120.907030933 2.000600000 4.000000000 0.000299290 0.000000000 0.000000000 0.000000000 0.001944810 40.000000000 41.000000000 54.000000000 42.000000000
1750225276.799999952 31.277161343333333 120.907031728 1.991700000 4.000000000 0.000299290 0.000000000 0.000000000 0.000000000 0.001944810 40.000000000 41.000000000 54.000000000 42.000000000
1750225277.000000000 31.27716145016666 120.907032562 2.004000000 4.000000000 0.000302760 0.000000000 0.000000000 0.000000000 0.001944810 40.000000000 41.000000000 54.000000000 42.000000000
1750225277.200000048 31.27716162983333 120.907033324 1.994700000 4.000000000 0.000295840 0.000000000 0.000000000 0.000000000 0.001927210 43.000000000 43.000000000 54.000000000 43.000000000
1750225277.400000095 31.277161615833336 120.907034062 1.960200000 4.000000000 0.000240250 0.000000000 0.000000000 0.000000000 0.001600000 43.000000000 43.000000000 54.000000000 43.000000000
1750225277.599999905 31.277161641666666 120.907034919 1.964800000 4.000000000 0.000243360 0.000000000 0.000000000 0.000000000 0.001608010 43.000000000 43.000000000 54.000000000 43.000000000
1750225277.799999952 31.277161739833332 120.907035700 1.959900000 4.000000000 0.000243360 0.000000000 0.000000000 0.000000000 0.001608010 43.000000000 43.000000000 54.000000000 43.000000000
1750225278.000000000 31.277161851166667 120.907036518 1.963800000 4.000000000 0.000243360 0.000000000 0.000000000 0.000000000 0.001608010 43.000000000 43.000000000 54.000000000 43.000000000
1750225278.200000048 31.277161889500007 120.907037360 1.965900000 4.000000000 0.000243360 0.000000000 0.000000000 0.000000000 0.001608010 43.000000000 44.500000000 55.000000000 46.000000000
1750225278.400000095 31.277161940499994 120.907038137 2.011400000 4.000000000 0.000207360 0.000000000 0.000000000 0.000000000 0.001346890 43.000000000 44.500000000 55.000000000 46.000000000
1750225278.599999905 31.277162266000005 120.907038879 2.028900000 4.000000000 0.000207360 0.000000000 0.000000000 0.000000000 0.001339560 43.000000000 44.500000000 55.000000000 46.000000000
1750225278.799999952 31.277162092833336 120.907039941 2.035900000 4.000000000 0.000207360 0.000000000 0.000000000 0.000000000 0.001346890 43.000000000 44.500000000 55.000000000 46.000000000
1750225279.000000000 31.277162028333336 120.907040620 2.017400000 4.000000000 0.000207360 0.000000000 0.000000000 0.000000000 0.001346890 43.000000000 44.500000000 55.000000000 46.000000000
1750225279.200000048 31.277162356333335 120.907041360 2.035800000 4.000000000 0.000207360 0.000000000 0.000000000 0.000000000 0.001310440 40.000000000 42.500000000 55.000000000 45.000000000
1750225279.400000095 31.277162703499997 120.907042397 2.085100000 4.000000000 0.000207360 0.000000000 0.000000000 0.000000000 0.001197160 40.000000000 42.500000000 55.000000000 45.000000000
1750225279.599999905 31.277162715666663 120.907043164 2.069000000 4.000000000 0.000207360 0.000000000 0.000000000 0.000000000 0.001197160 40.000000000 42.500000000 55.000000000 45.000000000
1750225279.799999952 31.277162805333333 120.907043962 2.058400000 4.000000000 0.000207360 0.000000000 0.000000000 0.000000000 0.001197160 40.000000000 42.500000000 55.000000000 45.000000000
1750225280.000000000 31.27716307916667 120.907044606 2.064700000 4.000000000 0.000207360 0.000000000 0.000000000 0.000000000 0.001197160 40.000000000 42.500000000 55.000000000 45.000000000
1750225280.200000048 31.27716318516667 120.907045515 2.073500000 4.000000000 0.000207360 0.000000000 0.000000000 0.000000000 0.001197160 42.000000000 44.500000000 56.000000000 47.000000000
1750225280.400000095 31.277163102666663 120.907046182 2.053100000 4.000000000 0.000213160 0.000000000 0.000000000 0.000000000 0.001162810 42.000000000 44.500000000 56.000000000 47.000000000
1750225280.599999905 31.27716331900001 120.907047090 2.057600000 4.000000000 0.000213160 0.000000000 0.000000000 0.000000000 0.001162810 42.000000000 44.500000000 56.000000000 47.000000000
1750225280.799999952 31.27716328533333 120.907047836 2.047900000 4.000000000 0.000213160 0.000000000 0.000000000 0.000000000 0.001162810 42.000000000 44.500000000 56.000000000 47.000000000
1750225281.000000000 31.2771635605 120.907048598 2.058100000 4.000000000 0.000213160 0.000000000 0.000000000 0.000000000 0.001162810 42.000000000 44.500000000 56.000000000 47.000000000
1750225281.200000048 31.277163604500004 120.907049382 2.028800000 4.000000000 0.000213160 0.000000000 0.000000000 0.000000000 0.001169640 45.000000000 45.000000000 55.000000000 45.000000000
1750225281.400000095 31.277164017833343 120.907050114 2.059500000 4.000000000 0.000210250 0.000000000 0.000000000 0.000000000 0.001102240 45.000000000 45.000000000 55.000000000 45.000000000
1750225281.599999905 31.277164358666667 120.907050878 2.053700000 4.000000000 0.000210250 0.000000000 0.000000000 0.000000000 0.001102240 45.000000000 45.000000000 55.000000000 45.000000000
1750225281.799999952 31.277164490833343 120.907051726 2.051400000 4.000000000 0.000210250 0.000000000 0.000000000 0.000000000 0.001102240 45.000000000 45.000000000 55.000000000 45.000000000
1750225282.000000000 31.27716452516667 120.907052500 2.039400000 4.000000000 0.000210250 0.000000000 0.000000000 0.000000000 0.001102240 45.000000000 45.000000000 55.000000000 45.000000000
1750225282.200000048 31.27716425 120.907053392 2.066600000 4.000000000 0.000210250 0.000000000 0.000000000 0.000000000 0.001102240 45.000000000 45.000000000 55.000000000 45.000000000
1750225282.400000095 31.277164255166667 120.907054139 2.042700000 4.000000000 0.000204490 0.000000000 0.000000000 0.000000000 0.001011240 45.000000000 45.000000000 55.000000000 45.000000000
1750225282.599999905 31.2771643185 120.907054964 2.047400000 4.000000000 0.000204490 0.000000000 0.000000000 0.000000000 0.001011240 45.000000000 45.000000000 55.000000000 45.000000000
1750225282.799999952 31.277164388000003 120.907055805 2.040700000 4.000000000 0.000204490 0.000000000 0.000000000 0.000000000 0.001017610 45.000000000 45.000000000 55.000000000 45.000000000
1750225283.000000000 31.277164512500008 120.907056573 2.053000000 4.000000000 0.000204490 0.000000000 0.000000000 0.000000000 0.001017610 45.000000000 45.000000000 55.000000000 45.000000000
1750225283.200000048 31.277164481833324 120.907057363 2.051200000 4.000000000 0.000204490 0.000000000 0.000000000 0.000000000 0.001017610 47.000000000 46.000000000 55.000000000 45.000000000
1750225283.400000095 31.277165135833343 120.907058085 2.072800000 4.000000000 0.000207360 0.000000000 0.000000000 0.000000000 0.001017610 47.000000000 46.000000000 55.000000000 45.000000000
1750225283.599999905 31.277165171666667 120.907058789 2.062600000 4.000000000 0.000207360 0.000000000 0.000000000 0.000000000 0.001024000 47.000000000 46.000000000 55.000000000 45.000000000
1750225283.799999952 31.277165265000008 120.907059727 2.060600000 4.000000000 0.000207360 0.000000000 0.000000000 0.000000000 0.001017610 47.000000000 46.000000000 55.000000000 45.000000000
1750225284.000000000 31.27716536766667 120.907060604 2.081700000 4.000000000 0.000207360 0.000000000 0.000000000 0.000000000 0.001024000 47.000000000 46.000000000 55.000000000 45.000000000
1750225284.200000048 31.277165195166674 120.907061413 2.069800000 4.000000000 0.000207360 0.000000000 0.000000000 0.000000000 0.001024000 48.000000000 47.000000000 55.000000000 46.000000000
1750225284.400000095 31.277165407666672 120.907062081 2.086000000 4.000000000 0.000204490 0.000000000 0.000000000 0.000000000 0.000998560 48.000000000 47.000000000 55.000000000 46.000000000
1750225284.599999905 31.277165542333336 120.907062888 2.090100000 4.000000000 0.000204490 0.000000000 0.000000000 0.000000000 0.000998560 48.000000000 47.000000000 55.000000000 46.000000000
1750225284.799999952 31.277165524333327 120.907063683 2.075700000 4.000000000 0.000204490 0.000000000 0.000000000 0.000000000 0.000998560 48.000000000 47.000000000 55.000000000 46.000000000
1750225285.000000000 31.277165524666657 120.907064615 2.092600000 4.000000000 0.000204490 0.000000000 0.000000000 0.000000000 0.000998560 48.000000000 47.000000000 55.000000000 46.000000000
1750225285.200000048 31.277165562999997 120.907065279 2.078300000 4.000000000 0.000204490 0.000000000 0.000000000 0.000000000 0.000985960 48.000000000 47.000000000 55.000000000 46.000000000
1750225285.400000095 31.277165754500004 120.907065977 2.110500000 4.000000000 0.000204490 0.000000000 0.000000000 0.000000000 0.001069290 48.000000000 47.000000000 55.000000000 46.000000000
1750225285.599999905 31.2771657695 120.907066905 2.121900000 4.000000000 0.000207360 0.000000000 0.000000000 0.000000000 0.001082410 48.000000000 47.000000000 55.000000000 46.000000000
1750225285.799999952 31.277165788999994 120.907067672 2.123800000 4.000000000 0.000207360 0.000000000 0.000000000 0.000000000 0.001075840 48.000000000 47.000000000 55.000000000 46.000000000
1750225286.000000000 31.277165893499998 120.907068494 2.116300000 4.000000000 0.000207360 0.000000000 0.000000000 0.000000000 0.001069290 48.000000000 47.000000000 55.000000000 46.000000000
1750225286.200000048 31.27716577133333 120.907069251 2.109600000 4.000000000 0.000207360 0.000000000 0.000000000 0.000000000 0.001082410 46.000000000 45.000000000 56.000000000 44.000000000
1750225286.400000095 31.277165760833327 120.907070092 2.134700000 4.000000000 0.000219040 0.000000000 0.000000000 0.000000000 0.001239040 46.000000000 45.000000000 56.000000000 44.000000000
1750225286.599999905 31.277165851333336 120.907070833 2.130100000 4.000000000 0.000222010 0.000000000 0.000000000 0.000000000 0.001253160 46.000000000 45.000000000 56.000000000 44.000000000
1750225286.799999952 31.277166123833325 120.907071436 2.160000000 4.000000000 0.000222010 0.000000000 0.000000000 0.000000000 0.001267360 46.000000000 45.000000000 56.000000000 44.000000000
1750225287.000000000 31.277166371333337 120.907072129 2.131200000 4.000000000 0.000222010 0.000000000 0.000000000 0.000000000 0.001267360 46.000000000 45.000000000 56.000000000 44.000000000
1750225287.200000048 31.27716659166667 120.907073024 2.131900000 4.000000000 0.000225000 0.000000000 0.000000000 0.000000000 0.001281640 44.000000000 41.500000000 53.000000000 39.000000000
1750225287.400000095 31.277166813833333 120.907073701 2.134300000 4.000000000 0.000240250 0.000000000 0.000000000 0.000000000 0.001436410 44.000000000 41.500000000 53.000000000 39.000000000
1750225287.599999905 31.27716674283333 120.907074673 2.111200000 4.000000000 0.000240250 0.000000000 0.000000000 0.000000000 0.001444000 44.000000000 41.500000000 53.000000000 39.000000000
1750225287.799999952 31.277167197333327 120.907075293 2.114400000 4.000000000 0.000240250 0.000000000 0.000000000 0.000000000 0.001451610 44.000000000 41.500000000 53.000000000 39.000000000
1750225288.000000000 31.277167374499996 120.907076080 2.108500000 4.000000000 0.000240250 0.000000000 0.000000000 0.000000000 0.001436410 44.000000000 41.500000000 53.000000000 39.000000000
1750225288.200000048 31.277167488999993 120.907076894 2.110800000 4.000000000 0.000234090 0.000000000 0.000000000 0.000000000 0.001413760 44.000000000 42.500000000 54.000000000 41.000000000
1750225288.400000095 31.277167703333333 120.907077948 2.143000000 4.000000000 0.000237160 0.000000000 0.000000000 0.000000000 0.001310440 44.000000000 42.500000000 54.000000000 41.000000000
1750225288.599999905 31.277167842333327 120.907078692 2.142000000 4.000000000 0.000237160 0.000000000 0.000000000 0.000000000 0.001310440 44.000000000 42.500000000 54.000000000 41.000000000
1750225288.799999952 31.277167767500003 120.907079552 2.155300000 4.000000000 0.000240250 0.000000000 0.000000000 0.000000000 0.001339560 44.000000000 42.500000000 54.000000000 41.000000000
1750225289.000000000 31.277167651500008 120.907080484 2.178000000 4.000000000 0.000243360 0.000000000 0.000000000 0.000000000 0.001354240 44.000000000 42.500000000 54.000000000 41.000000000
1750225289.200000048 31.277167885833336 120.907081213 2.182200000 4.000000000 0.000243360 0.000000000 0.000000000 0.000000000 0.001346890 38.000000000 40.000000000 54.000000000 42.000000000
1750225289.400000095 31.27716790416666 120.907081759 2.095000000 4.000000000 0.000299290 0.000000000 0.000000000 0.000000000 0.001428840 38.000000000 40.000000000 54.000000000 42.000000000
1750225289.599999905 31.277168284166663 120.907082549 2.112600000 4.000000000 0.000299290 0.000000000 0.000000000 0.000000000 0.001428840 38.000000000 40.000000000 54.000000000 42.000000000
1750225289.799999952 31.277168368666665 120.907083390 2.118200000 4.000000000 0.000299290 0.000000000 0.000000000 0.000000000 0.001474560 38.000000000 40.000000000 54.000000000 42.000000000
1750225290.000000000 31.277168454999995 120.907084367 2.108300000 4.000000000 0.000295840 0.000000000 0.000000000 0.000000000 0.001428840 38.000000000 40.000000000 54.000000000 42.000000000
1750225290.200000048 31.277168464833338 120.907085088 2.099300000 4.000000000 0.000295840 0.000000000 0.000000000 0.000000000 0.001428840 41.000000000 42.000000000 54.000000000 43.000000000
1750225290.400000095 31.277168450000005 120.907085992 2.104100000 4.000000000 0.000259210 0.000000000 0.000000000 0.000000000 0.001281640 41.000000000 42.000000000 54.000000000 43.000000000
1750225290.599999905 31.27716854883333 120.907086758 2.112600000 4.000000000 0.000259210 0.000000000 0.000000000 0.000000000 0.001288810 41.000000000 42.000000000 54.000000000 43.000000000
1750225290.799999952 31.27716858849999 120.907087539 2.088600000 4.000000000 0.000262440 0.000000000 0.000000000 0.000000000 0.001288810 41.000000000 42.000000000 54.000000000 43.000000000
1750225291.000000000 31.27716875983333 120.907088258 2.100400000 4.000000000 0.000262440 0.000000000 0.000000000 0.000000000 0.001303210 41.000000000 42.000000000 54.000000000 43.000000000
1750225291.200000048 31.27716856566667 120.907089074 2.091300000 4.000000000 0.000262440 0.000000000 0.000000000 0.000000000 0.001303210 40.000000000 42.500000000 54.000000000 45.000000000
1750225291.400000095 31.277168400500003 120.907089860 2.064800000 4.000000000 0.000275560 0.000000000 0.000000000 0.000000000 0.001346890 40.000000000 42.500000000 54.000000000 45.000000000
1750225291.599999905 31.277168381500005 120.907090847 2.070300000 4.000000000 0.000275560 0.000000000 0.000000000 0.000000000 0.001354240 40.000000000 42.500000000 54.000000000 45.000000000
1750225291.799999952 31.277168710333328 120.907091574 2.069800000 4.000000000 0.000275560 0.000000000 0.000000000 0.000000000 0.001354240 40.000000000 42.500000000 54.000000000 45.000000000
1750225292.000000000 31.277168989833328 120.907092316 2.069000000 4.000000000 0.000275560 0.000000000 0.000000000 0.000000000 0.001354240 40.000000000 42.500000000 54.000000000 45.000000000
1750225292.200000048 31.27716907916667 120.907093088 2.066000000 4.000000000 0.000275560 0.000000000 0.000000000 0.000000000 0.001346890 41.000000000 42.000000000 54.000000000 43.000000000
1750225292.400000095 31.277169191166664 120.907093889 2.036200000 4.000000000 0.000240250 0.000000000 0.000000000 0.000000000 0.001303210 41.000000000 42.000000000 54.000000000 43.000000000
1750225292.599999905 31.27716952666667 120.907094886 2.052800000 4.000000000 0.000240250 0.000000000 0.000000000 0.000000000 0.001346890 41.000000000 42.000000000 54.000000000 43.000000000
1750225292.799999952 31.277169955000005 120.907095492 2.056100000 4.000000000 0.000243360 0.000000000 0.000000000 0.000000000 0.001354240 41.000000000 42.000000000 54.000000000 43.000000000
1750225293.000000000 31.277170000833337 120.907096301 2.043100000 4.000000000 0.000243360 0.000000000 0.000000000 0.000000000 0.001361610 41.000000000 42.000000000 54.000000000 43.000000000
1750225293.200000048 31.27717023066667 120.907097047 2.052100000 4.000000000 0.000243360 0.000000000 0.000000000 0.000000000 0.001369000 42.000000000 42.000000000 52.000000000 42.000000000
1750225293.400000095 31.27717035233333 120.907097924 2.037800000 4.000000000 0.000289000 0.000000000 0.000000000 0.000000000 0.001632160 42.000000000 42.000000000 52.000000000 42.000000000
1750225293.599999905 31.277170392666676 120.907098471 2.023900000 4.000000000 0.000289000 0.000000000 0.000000000 0.000000000 0.001632160 42.000000000 42.000000000 52.000000000 42.000000000
1750225293.799999952 31.277170723833336 120.907099336 2.022600000 4.000000000 0.000285610 0.000000000 0.000000000 0.000000000 0.001648360 42.000000000 42.000000000 52.000000000 42.000000000
1750225294.000000000 31.277170762500006 120.907100033 2.013200000 4.000000000 0.000289000 0.000000000 0.000000000 0.000000000 0.001632160 42.000000000 42.000000000 52.000000000 42.000000000
1750225294.200000048 31.277170907833337 120.907100836 2.014100000 4.000000000 0.000289000 0.000000000 0.000000000 0.000000000 0.001632160 42.000000000 42.000000000 52.000000000 42.000000000
1750225294.400000095 31.277171140999997 120.907101686 2.028900000 4.000000000 0.000306250 0.000000000 0.000000000 0.000000000 0.001705690 42.000000000 42.000000000 52.000000000 42.000000000
1750225294.599999905 31.277171296000006 120.907102383 2.031400000 4.000000000 0.000309760 0.000000000 0.000000000 0.000000000 0.001713960 42.000000000 42.000000000 52.000000000 42.000000000
1750225294.799999952 31.277171522833328 120.907103230 2.028100000 4.000000000 0.000309760 0.000000000 0.000000000 0.000000000 0.001713960 42.000000000 42.000000000 52.000000000 42.000000000
1750225295.000000000 31.277171701 120.907103979 2.033600000 4.000000000 0.000309760 0.000000000 0.000000000 0.000000000 0.001705690 42.000000000 42.000000000 52.000000000 42.000000000
1750225295.200000048 31.27717181 120.907104774 2.024500000 4.000000000 0.000306250 0.000000000 0.000000000 0.000000000 0.001713960 40.000000000 41.000000000 52.000000000 42.000000000
1750225295.400000095 31.277172354166666 120.907105405 2.037500000 4.000000000 0.000320410 0.000000000 0.000000000 0.000000000 0.001689210 40.000000000 41.000000000 52.000000000 42.000000000
1750225295.599999905 31.277172724833335 120.907106050 2.046000000 4.000000000 0.000320410 0.000000000 0.000000000 0.000000000 0.001689210 40.000000000 41.000000000 52.000000000 42.000000000
1750225295.799999952 31.277173104166664 120.907106502 2.064200000 4.000000000 0.000316840 0.000000000 0.000000000 0.000000000 0.001681000 40.000000000 41.000000000 52.000000000 42.000000000
1750225296.000000000 31.27717338783333 120.907106552 2.061800000 4.000000000 0.000316840 0.000000000 0.000000000 0.000000000 0.001681000 40.000000000 41.000000000 52.000000000 42.000000000
1750225296.200000048 31.277173541333326 120.907106826 2.056800000 4.000000000 0.000309760 0.000000000 0.000000000 0.000000000 0.001497690 40.000000000 41.000000000 52.000000000 42.000000000
1750225296.400000095 31.277173587666667 120.907107629 1.943300000 4.000000000 0.000252810 0.000000000 0.000000000 0.000000000 0.001211040 40.000000000 41.000000000 52.000000000 42.000000000
1750225296.599999905 31.277173511833325 120.907108400 1.943200000 4.000000000 0.000252810 0.000000000 0.000000000 0.000000000 0.001211040 40.000000000 41.000000000 52.000000000 42.000000000
1750225296.799999952 31.277173219333335 120.907109278 1.963600000 4.000000000 0.000252810 0.000000000 0.000000000 0.000000000 0.001211040 40.000000000 41.000000000 52.000000000 42.000000000
1750225297.000000000 31.27717300966667 120.907110028 1.962300000 4.000000000 0.000252810 0.000000000 0.000000000 0.000000000 0.001211040 40.000000000 41.000000000 52.000000000 42.000000000
1750225297.200000048 31.277172764666673 120.907110404 1.967400000 4.000000000 0.000249640 0.000000000 0.000000000 0.000000000 0.001197160 40.000000000 43.500000000 55.000000000 47.000000000
1750225297.400000095 31.277172715666666 120.907110321 2.003600000 4.000000000 0.000246490 0.000000000 0.000000000 0.000000000 0.001169640 40.000000000 43.500000000 55.000000000 47.000000000
1750225297.599999905 31.277172714166667 120.907110326 2.005200000 4.000000000 0.000246490 0.000000000 0.000000000 0.000000000 0.001169640 40.000000000 43.500000000 55.000000000 47.000000000
1750225297.799999952 31.277172758999995 120.907110336 2.012200000 4.000000000 0.000246490 0.000000000 0.000000000 0.000000000 0.001176490 40.000000000 43.500000000 55.000000000 47.000000000
1750225298.000000000 31.27717269 120.907110347 2.005400000 4.000000000 0.000246490 0.000000000 0.000000000 0.000000000 0.001176490 40.000000000 43.500000000 55.000000000 47.000000000
1750225298.200000048 31.277172679999993 120.907110345 2.003400000 4.000000000 0.000246490 0.000000000 0.000000000 0.000000000 0.001176490 42.000000000 44.500000000 55.000000000 47.000000000
1750225298.400000095 31.27717270683334 120.907110371 2.009700000 4.000000000 0.000243360 0.000000000 0.000000000 0.000000000 0.001135690 42.000000000 44.500000000 55.000000000 47.000000000
1750225298.599999905 31.27717265999999 120.907110379 2.008600000 4.000000000 0.000240250 0.000000000 0.000000000 0.000000000 0.001135690 42.000000000 44.500000000 55.000000000 47.000000000
1750225298.799999952 31.27717268533334 120.907110375 2.007800000 4.000000000 0.000243360 0.000000000 0.000000000 0.000000000 0.001142440 42.000000000 44.500000000 55.000000000 47.000000000
1750225299.000000000 31.27717268683334 120.907110396 2.007100000 4.000000000 0.000243360 0.000000000 0.000000000 0.000000000 0.001142440 42.000000000 44.500000000 55.000000000 47.000000000
1750225299.200000048 31.27717272466667 120.907110851 2.015500000 4.000000000 0.000243360 0.000000000 0.000000000 0.000000000 0.001142440 46.000000000 46.000000000 55.000000000 46.000000000
1750225299.400000095 31.277172511499998 120.907111663 2.003500000 4.000000000 0.000240250 0.000000000 0.000000000 0.000000000 0.001162810 46.000000000 46.000000000 55.000000000 46.000000000
1750225299.599999905 31.277172340333323 120.907112689 1.996300000 4.000000000 0.000240250 0.000000000 0.000000000 0.000000000 0.001162810 46.000000000 46.000000000 55.000000000 46.000000000
1750225299.799999952 31.277172120499998 120.907113420 1.992900000 4.000000000 0.000240250 0.000000000 0.000000000 0.000000000 0.001162810 46.000000000 46.000000000 55.000000000 46.000000000
1750225300.000000000 31.277172140000005 120.907114124 2.003000000 4.000000000 0.000240250 0.000000000 0.000000000 0.000000000 0.001197160 46.000000000 46.000000000 55.000000000 46.000000000
1750225300.200000048 31.277172125999996 120.907114921 1.998400000 4.000000000 0.000237160 0.000000000 0.000000000 0.000000000 0.001197160 46.000000000 46.000000000 55.000000000 46.000000000
1750225300.400000095 31.277171862000003 120.907115759 2.033100000 4.000000000 0.000234090 0.000000000 0.000000000 0.000000000 0.001135690 46.000000000 46.000000000 55.000000000 46.000000000
1750225300.599999905 31.277171934166674 120.907116588 2.028700000 4.000000000 0.000234090 0.000000000 0.000000000 0.000000000 0.001142440 46.000000000 46.000000000 55.000000000 46.000000000
1750225300.799999952 31.277172108333332 120.907117264 2.028700000 4.000000000 0.000234090 0.000000000 0.000000000 0.000000000 0.001142440 46.000000000 46.000000000 55.000000000 46.000000000
1750225301.000000000 31.277172091500006 120.907118070 2.024300000 4.000000000 0.000234090 0.000000000 0.000000000 0.000000000 0.001142440 46.000000000 46.000000000 55.000000000 46.000000000
1750225301.200000048 31.277172369499993 120.907118962 2.043500000 4.000000000 0.000237160 0.000000000 0.000000000 0.000000000 0.001142440 47.000000000 47.000000000 55.000000000 47.000000000
1750225301.400000095 31.277172291833338 120.907119673 2.035000000 4.000000000 0.000240250 0.000000000 0.000000000 0.000000000 0.001218010 47.000000000 47.000000000 55.000000000 47.000000000
1750225301.599999905 31.277172420833338 120.907120464 2.030800000 4.000000000 0.000243360 0.000000000 0.000000000 0.000000000 0.001218010 47.000000000 47.000000000 55.000000000 47.000000000
1750225301.799999952 31.27717259566667 120.907121244 2.023100000 4.000000000 0.000243360 0.000000000 0.000000000 0.000000000 0.001225000 47.000000000 47.000000000 55.000000000 47.000000000
1750225302.000000000 31.27717265966666 120.907122005 2.029200000 4.000000000 0.000243360 0.000000000 0.000000000 0.000000000 0.001218010 47.000000000 47.000000000 55.000000000 47.000000000
1750225302.200000048 31.277172835000002 120.907122787 2.023000000 4.000000000 0.000240250 0.000000000 0.000000000 0.000000000 0.001225000 52.000000000 49.500000000 55.000000000 47.000000000
1750225302.400000095 31.27717296433333 120.907123789 2.012400000 4.000000000 0.000237160 0.000000000 0.000000000 0.000000000 0.001281640 52.000000000 49.500000000 55.000000000 47.000000000
1750225302.599999905 31.27717316666667 120.907124554 2.013000000 4.000000000 0.000237160 0.000000000 0.000000000 0.000000000 0.001281640 52.000000000 49.500000000 55.000000000 47.000000000
1750225302.799999952 31.277173256833336 120.907125366 1.996700000 4.000000000 0.000237160 0.000000000 0.000000000 0.000000000 0.001288810 52.000000000 49.500000000 55.000000000 47.000000000
1750225303.000000000 31.277173377833336 120.907126120 1.992600000 4.000000000 0.000237160 0.000000000 0.000000000 0.000000000 0.001288810 52.000000000 49.500000000 55.000000000 47.000000000
1750225303.200000048 31.277173683166666 120.907126825 2.010500000 4.000000000 0.000237160 0.000000000 0.000000000 0.000000000 0.001288810 47.000000000 48.500000000 56.000000000 50.000000000
1750225303.400000095 31.27717399866667 120.907127668 1.997300000 4.000000000 0.000222010 0.000000000 0.000000000 0.000000000 0.001190250 47.000000000 48.500000000 56.000000000 50.000000000
1750225303.599999905 31.277174210666658 120.907128491 1.995100000 4.000000000 0.000225000 0.000000000 0.000000000 0.000000000 0.001197160 47.000000000 48.500000000 56.000000000 50.000000000
1750225303.799999952 31.277174077666672 120.907129237 1.980900000 4.000000000 0.000228010 0.000000000 0.000000000 0.000000000 0.001218010 47.000000000 48.500000000 56.000000000 50.000000000
1750225304.000000000 31.277174172666662 120.907130110 1.984400000 4.000000000 0.000225000 0.000000000 0.000000000 0.000000000 0.001197160 47.000000000 48.500000000 56.000000000 50.000000000
1750225304.200000048 31.277174276166676 120.907130827 1.987800000 4.000000000 0.000225000 0.000000000 0.000000000 0.000000000 0.001197160 43.000000000 43.000000000 54.000000000 43.000000000
1750225304.400000095 31.27717431283334 120.907131025 1.965800000 4.000000000 0.000231040 0.000000000 0.000000000 0.000000000 0.001218010 43.000000000 43.000000000 54.000000000 43.000000000
1750225304.599999905 31.277174330666668 120.907130929 1.976800000 4.000000000 0.000231040 0.000000000 0.000000000 0.000000000 0.001218010 43.000000000 43.000000000 54.000000000 43.000000000
1750225304.799999952 31.2771743175 120.907130976 1.972000000 4.000000000 0.000231040 0.000000000 0.000000000 0.000000000 0.001218010 43.000000000 43.000000000 54.000000000 43.000000000
1750225305.000000000 31.277174313833328 120.907130985 1.974300000 4.000000000 0.000231040 0.000000000 0.000000000 0.000000000 0.001218010 43.000000000 43.000000000 54.000000000 43.000000000
1750225305.200000048 31.27717425433333 120.907130997 1.968200000 4.000000000 0.000231040 0.000000000 0.000000000 0.000000000 0.001218010 43.000000000 43.000000000 54.000000000 43.000000000
1750225305.400000095 31.27717434033333 120.907130930 2.005100000 4.000000000 0.000259210 0.000000000 0.000000000 0.000000000 0.001225000 43.000000000 43.000000000 54.000000000 43.000000000
1750225305.599999905 31.2771743685 120.907130962 1.996200000 4.000000000 0.000262440 0.000000000 0.000000000 0.000000000 0.001232010 43.000000000 43.000000000 54.000000000 43.000000000
1750225305.799999952 31.277174405166676 120.907130928 1.999200000 4.000000000 0.000262440 0.000000000 0.000000000 0.000000000 0.001239040 43.000000000 43.000000000 54.000000000 43.000000000
1750225306.000000000 31.27717440149999 120.907130947 1.997000000 4.000000000 0.000262440 0.000000000 0.000000000 0.000000000 0.001225000 43.000000000 43.000000000 54.000000000 43.000000000
1750225306.200000048 31.277174420666668 120.907130959 2.004000000 4.000000000 0.000262440 0.000000000 0.000000000 0.000000000 0.001225000 43.000000000 44.500000000 55.000000000 46.000000000
1750225306.400000095 31.27717443649999 120.907130939 2.054700000 4.000000000 0.000285610 0.000000000 0.000000000 0.000000000 0.001369000 43.000000000 44.500000000 55.000000000 46.000000000
1750225306.599999905 31.27717450333334 120.907131157 2.053200000 4.000000000 0.000285610 0.000000000 0.000000000 0.000000000 0.001369000 43.000000000 44.500000000 55.000000000 46.000000000
1750225306.799999952 31.277174574333344 120.907131865 2.064000000 4.000000000 0.000285610 0.000000000 0.000000000 0.000000000 0.001369000 43.000000000 44.500000000 55.000000000 46.000000000
1750225307.000000000 31.277174744666667 120.907132827 2.071400000 4.000000000 0.000285610 0.000000000 0.000000000 0.000000000 0.001376410 43.000000000 44.500000000 55.000000000 46.000000000
1750225307.200000048 31.27717481816667 120.907133646 2.061000000 4.000000000 0.000289000 0.000000000 0.000000000 0.000000000 0.001369000 43.000000000 44.500000000 55.000000000 46.000000000
1750225307.400000095 31.277175024833326 120.907134393 2.076400000 4.000000000 0.000272250 0.000000000 0.000000000 0.000000000 0.001369000 43.000000000 44.500000000 55.000000000 46.000000000
1750225307.599999905 31.277175016 120.907135173 2.079000000 4.000000000 0.000275560 0.000000000 0.000000000 0.000000000 0.001444000 43.000000000 44.500000000 55.000000000 46.000000000
1750225307.799999952 31.277175165333333 120.907135898 2.056000000 4.000000000 0.000275560 0.000000000 0.000000000 0.000000000 0.001444000 43.000000000 44.500000000 55.000000000 46.000000000
1750225308.000000000 31.277175348666674 120.907136854 2.058800000 4.000000000 0.000275560 0.000000000 0.000000000 0.000000000 0.001436410 43.000000000 44.500000000 55.000000000 46.000000000
1750225308.200000048 31.277175454166667 120.907137615 2.074600000 4.000000000 0.000275560 0.000000000 0.000000000 0.000000000 0.001428840 43.000000000 43.000000000 52.000000000 43.000000000
1750225308.400000095 31.277175139166673 120.907138412 2.040300000 4.000000000 0.000342250 0.000000000 0.000000000 0.000000000 0.001584040 43.000000000 43.000000000 52.000000000 43.000000000
1750225308.599999905 31.277175248333336 120.907139311 2.057300000 4.000000000 0.000345960 0.000000000 0.000000000 0.000000000 0.001592010 43.000000000 43.000000000 52.000000000 43.000000000
1750225308.799999952 31.277175444666668 120.907140100 2.057600000 4.000000000 0.000342250 0.000000000 0.000000000 0.000000000 0.001592010 43.000000000 43.000000000 52.000000000 43.000000000
1750225309.000000000 31.277175371 120.907140828 2.059500000 4.000000000 0.000342250 0.000000000 0.000000000 0.000000000 0.001584040 43.000000000 43.000000000 52.000000000 43.000000000
1750225309.200000048 31.277175455333335 120.907141756 2.060200000 4.000000000 0.000345960 0.000000000 0.000000000 0.000000000 0.001592010 42.000000000 42.000000000 52.000000000 42.000000000
1750225309.400000095 31.277175357999994 120.907142528 2.029300000 4.000000000 0.000372490 0.000000000 0.000000000 0.000000000 0.001672810 42.000000000 42.000000000 52.000000000 42.000000000
1750225309.599999905 31.27717533783334 120.907143398 2.031300000 4.000000000 0.000376360 0.000000000 0.000000000 0.000000000 0.001681000 42.000000000 42.000000000 52.000000000 42.000000000
1750225309.799999952 31.27717541433333 120.907144296 2.041800000 4.000000000 0.000376360 0.000000000 0.000000000 0.000000000 0.001681000 42.000000000 42.000000000 52.000000000 42.000000000
1750225310.000000000 31.277175258166665 120.907145199 2.035900000 4.000000000 0.000376360 0.000000000 0.000000000 0.000000000 0.001689210 42.000000000 42.000000000 52.000000000 42.000000000
1750225310.200000048 31.27717537533333 120.907146053 2.024700000 4.000000000 0.000376360 0.000000000 0.000000000 0.000000000 0.001697440 43.000000000 43.000000000 52.000000000 43.000000000
1750225310.400000095 31.277175542833334 120.907146749 2.045900000 4.000000000 0.000361000 0.000000000 0.000000000 0.000000000 0.001640250 43.000000000 43.000000000 52.000000000 43.000000000
1750225310.599999905 31.27717580383333 120.907147467 2.050300000 4.000000000 0.000361000 0.000000000 0.000000000 0.000000000 0.001648360 43.000000000 43.000000000 52.000000000 43.000000000
1750225310.799999952 31.27717586733334 120.907148215 2.049100000 4.000000000 0.000361000 0.000000000 0.000000000 0.000000000 0.001640250 43.000000000 43.000000000 52.000000000 43.000000000
1750225311.000000000 31.2771760735 120.907148917 2.062300000 4.000000000 0.000361000 0.000000000 0.000000000 0.000000000 0.001632160 43.000000000 43.000000000 52.000000000 43.000000000
1750225311.200000048 31.277176392 120.907149783 2.064100000 4.000000000 0.000361000 0.000000000 0.000000000 0.000000000 0.001640250 42.000000000 42.000000000 52.000000000 42.000000000
1750225311.400000095 31.277176102833323 120.907150572 2.044700000 4.000000000 0.000313290 0.000000000 0.000000000 0.000000000 0.001528810 42.000000000 42.000000000 52.000000000 42.000000000
1750225311.599999905 31.2771761745 120.907151298 2.044700000 4.000000000 0.000313290 0.000000000 0.000000000 0.000000000 0.001528810 42.000000000 42.000000000 52.000000000 42.000000000
1750225311.799999952 31.277176373333333 120.907152120 2.040600000 4.000000000 0.000309760 0.000000000 0.000000000 0.000000000 0.001521000 42.000000000 42.000000000 52.000000000 42.000000000
1750225312.000000000 31.2771765775 120.907153023 2.044600000 4.000000000 0.000309760 0.000000000 0.000000000 0.000000000 0.001528810 42.000000000 42.000000000 52.000000000 42.000000000
1750225312.200000048 31.277176623833327 120.907153858 2.040300000 4.000000000 0.000306250 0.000000000 0.000000000 0.000000000 0.001466890 42.000000000 43.500000000 54.000000000 45.000000000
1750225312.400000095 31.277176739666672 120.907154741 2.020900000 4.000000000 0.000246490 0.000000000 0.000000000 0.000000000 0.001324960 42.000000000 43.500000000 54.000000000 45.000000000
1750225312.599999905 31.27717693983334 120.907155558 2.011200000 4.000000000 0.000249640 0.000000000 0.000000000 0.000000000 0.001324960 42.000000000 43.500000000 54.000000000 45.000000000
1750225312.799999952 31.277176989833336 120.907156355 2.002200000 4.000000000 0.000249640 0.000000000 0.000000000 0.000000000 0.001324960 42.000000000 43.500000000 54.000000000 45.000000000
1750225313.000000000 31.27717718383333 120.907157212 2.004100000 4.000000000 0.000249640 0.000000000 0.000000000 0.000000000 0.001332250 42.000000000 43.500000000 54.000000000 45.000000000
1750225313.200000048 31.27717731466666 120.907157948 2.008900000 4.000000000 0.000249640 0.000000000 0.000000000 0.000000000 0.001332250 40.000000000 42.500000000 55.000000000 45.000000000
1750225313.400000095 31.27717745066667 120.907158709 2.009100000 4.000000000 0.000240250 0.000000000 0.000000000 0.000000000 0.001239040 40.000000000 42.500000000 55.000000000 45.000000000
1750225313.599999905 31.277177638166677 120.907159524 2.019900000 4.000000000 0.000240250 0.000000000 0.000000000 0.000000000 0.001239040 40.000000000 42.500000000 55.000000000 45.000000000
1750225313.799999952 31.27717777416666 120.907160456 2.040500000 4.000000000 0.000240250 0.000000000 0.000000000 0.000000000 0.001253160 40.000000000 42.500000000 55.000000000 45.000000000
1750225314.000000000 31.277177837833335 120.907161141 2.028400000 4.000000000 0.000240250 0.000000000 0.000000000 0.000000000 0.001246090 40.000000000 42.500000000 55.000000000 45.000000000
1750225314.200000048 31.277177660333336 120.907162021 2.030300000 4.000000000 0.000240250 0.000000000 0.000000000 0.000000000 0.001246090 40.000000000 42.500000000 55.000000000 45.000000000
1750225314.400000095 31.277178031999995 120.907162845 2.023500000 4.000000000 0.000225000 0.000000000 0.000000000 0.000000000 0.001183360 40.000000000 42.500000000 55.000000000 45.000000000
1750225314.599999905 31.277178062000004 120.907163599 2.008800000 4.000000000 0.000222010 0.000000000 0.000000000 0.000000000 0.001183360 40.000000000 42.500000000 55.000000000 45.000000000
1750225314.799999952 31.27717824066667 120.907164479 2.047200000 4.000000000 0.000225000 0.000000000 0.000000000 0.000000000 0.001225000 40.000000000 42.500000000 55.000000000 45.000000000
1750225315.000000000 31.27717811166667 120.907165295 2.029100000 4.000000000 0.000225000 0.000000000 0.000000000 0.000000000 0.001183360 40.000000000 42.500000000 55.000000000 45.000000000
1750225315.200000048 31.277178313666667 120.907166072 2.041200000 4.000000000 0.000225000 0.000000000 0.000000000 0.000000000 0.001190250 45.000000000 45.000000000 54.000000000 45.000000000
1750225315.400000095 31.277178370499996 120.907166970 2.000900000 4.000000000 0.000237160 0.000000000 0.000000000 0.000000000 0.001267360 45.000000000 45.000000000 54.000000000 45.000000000
1750225315.599999905 31.2771783125 120.907167705 1.973400000 4.000000000 0.000240250 0.000000000 0.000000000 0.000000000 0.001267360 45.000000000 45.000000000 54.000000000 45.000000000
1750225315.799999952 31.277178446666667 120.907168484 1.978800000 4.000000000 0.000243360 0.000000000 0.000000000 0.000000000 0.001281640 45.000000000 45.000000000 54.000000000 45.000000000
1750225316.000000000 31.277178570333334 120.907169224 1.976400000 4.000000000 0.000243360 0.000000000 0.000000000 0.000000000 0.001288810 45.000000000 45.000000000 54.000000000 45.000000000
1750225316.200000048 31.27717841116666 120.907170066 1.953000000 4.000000000 0.000243360 0.000000000 0.000000000 0.000000000 0.001296000 40.000000000 40.000000000 51.000000000 40.000000000
1750225316.400000095 31.277178210000002 120.907170785 1.967800000 4.000000000 0.000289000 0.000000000 0.000000000 0.000000000 0.001497690 40.000000000 40.000000000 51.000000000 40.000000000
1750225316.599999905 31.2771781525 120.907171685 1.956000000 4.000000000 0.000289000 0.000000000 0.000000000 0.000000000 0.001497690 40.000000000 40.000000000 51.000000000 40.000000000
1750225316.799999952 31.27717826683333 120.907172539 1.948100000 4.000000000 0.000289000 0.000000000 0.000000000 0.000000000 0.001497690 40.000000000 40.000000000 51.000000000 40.000000000
1750225317.000000000 31.277178234666664 120.907173258 1.948300000 4.000000000 0.000289000 0.000000000 0.000000000 0.000000000 0.001497690 40.000000000 40.000000000 51.000000000 40.000000000
1750225317.200000048 31.277178407999997 120.907174203 1.957400000 4.000000000 0.000292410 0.000000000 0.000000000 0.000000000 0.001505440 35.000000000 36.000000000 50.000000000 37.000000000
1750225317.400000095 31.277178722333332 120.907174858 2.022900000 4.000000000 0.000289000 0.000000000 0.000000000 0.000000000 0.001505440 35.000000000 36.000000000 50.000000000 37.000000000
1750225317.599999905 31.277178896833334 120.907175748 2.028300000 4.000000000 0.000289000 0.000000000 0.000000000 0.000000000 0.001505440 35.000000000 36.000000000 50.000000000 37.000000000
1750225317.799999952 31.277179112166664 120.907176330 2.016000000 4.000000000 0.000289000 0.000000000 0.000000000 0.000000000 0.001505440 35.000000000 36.000000000 50.000000000 37.000000000
1750225318.000000000 31.277179013666668 120.907177279 1.970100000 4.000000000 0.000289000 0.000000000 0.000000000 0.000000000 0.001505440 35.000000000 36.000000000 50.000000000 37.000000000
1750225318.200000048 31.277179043999993 120.907178040 1.958700000 4.000000000 0.000289000 0.000000000 0.000000000 0.000000000 0.001497690 36.000000000 36.000000000 50.000000000 36.000000000
1750225318.400000095 31.277179531166666 120.907178891 2.035200000 4.000000000 0.000289000 0.000000000 0.000000000 0.000000000 0.001505440 36.000000000 36.000000000 50.000000000 36.000000000
1750225318.599999905 31.277179671 120.907179629 2.050800000 4.000000000 0.000289000 0.000000000 0.000000000 0.000000000 0.001513210 36.000000000 36.000000000 50.000000000 36.000000000
1750225318.799999952 31.277179795833334 120.907180412 2.052800000 4.000000000 0.000292410 0.000000000 0.000000000 0.000000000 0.001513210 36.000000000 36.000000000 50.000000000 36.000000000
1750225319.000000000 31.277180110000003 120.907181205 2.005600000 4.000000000 0.000289000 0.000000000 0.000000000 0.000000000 0.001497690 36.000000000 36.000000000 50.000000000 36.000000000
1750225319.200000048 31.277180305166667 120.907181991 2.020500000 4.000000000 0.000289000 0.000000000 0.000000000 0.000000000 0.001482250 34.000000000 35.000000000 50.000000000 36.000000000
1750225319.400000095 31.277180472499992 120.907182819 2.056100000 4.000000000 0.000278890 0.000000000 0.000000000 0.000000000 0.001927210 34.000000000 35.000000000 50.000000000 36.000000000
1750225319.599999905 31.277180527833337 120.907183666 2.057200000 4.000000000 0.000278890 0.000000000 0.000000000 0.000000000 0.001936000 34.000000000 35.000000000 50.000000000 36.000000000
1750225319.799999952 31.277180358833334 120.907184556 2.062900000 4.000000000 0.000278890 0.000000000 0.000000000 0.000000000 0.001927210 34.000000000 35.000000000 50.000000000 36.000000000
1750225320.000000000 31.277180138666665 120.907185356 2.054300000 4.000000000 0.000278890 0.000000000 0.000000000 0.000000000 0.001927210 34.000000000 35.000000000 50.000000000 36.000000000
1750225320.200000048 31.277180308333328 120.907186322 2.053400000 4.000000000 0.000275560 0.000000000 0.000000000 0.000000000 0.001909690 34.000000000 34.000000000 49.000000000 34.000000000
1750225320.400000095 31.2771805295 120.907186896 2.056800000 4.000000000 0.000256000 0.000000000 0.000000000 0.000000000 0.001608010 34.000000000 34.000000000 49.000000000 34.000000000
1750225320.599999905 31.277180728999994 120.907187708 2.069300000 4.000000000 0.000256000 0.000000000 0.000000000 0.000000000 0.001608010 34.000000000 34.000000000 49.000000000 34.000000000
1750225320.799999952 31.277180906833337 120.907188546 2.061700000 4.000000000 0.000256000 0.000000000 0.000000000 0.000000000 0.001616040 34.000000000 34.000000000 49.000000000 34.000000000
1750225321.000000000 31.277180970499998 120.907189365 2.051600000 4.000000000 0.000256000 0.000000000 0.000000000 0.000000000 0.001608010 34.000000000 34.000000000 49.000000000 34.000000000
1750225321.200000048 31.277181078833337 120.907190148 2.055700000 4.000000000 0.000256000 0.000000000 0.000000000 0.000000000 0.001624090 34.000000000 35.000000000 50.000000000 36.000000000
1750225321.400000095 31.277181014666667 120.907190866 2.035200000 4.000000000 0.000249640 0.000000000 0.000000000 0.000000000 0.001536640 34.000000000 35.000000000 50.000000000 36.000000000
1750225321.599999905 31.277181126499997 120.907191744 2.028100000 4.000000000 0.000249640 0.000000000 0.000000000 0.000000000 0.001544490 34.000000000 35.000000000 50.000000000 36.000000000
1750225321.799999952 31.277181400333333 120.907192510 2.017700000 4.000000000 0.000249640 0.000000000 0.000000000 0.000000000 0.001552360 34.000000000 35.000000000 50.000000000 36.000000000
1750225322.000000000 31.277181503833333 120.907193371 2.011900000 4.000000000 0.000249640 0.000000000 0.000000000 0.000000000 0.001552360 34.000000000 35.000000000 50.000000000 36.000000000
1750225322.200000048 31.277181624999997 120.907194145 2.019200000 4.000000000 0.000249640 0.000000000 0.000000000 0.000000000 0.001544490 34.000000000 34.000000000 49.000000000 34.000000000
1750225322.400000095 31.277181687833334 120.907194993 1.986800000 4.000000000 0.000231040 0.000000000 0.000000000 0.000000000 0.001505440 34.000000000 34.000000000 49.000000000 34.000000000
1750225322.599999905 31.27718201333333 120.907195869 2.035400000 4.000000000 0.000231040 0.000000000 0.000000000 0.000000000 0.001513210 34.000000000 34.000000000 49.000000000 34.000000000
1750225322.799999952 31.277182116999995 120.907196727 2.031900000 4.000000000 0.000231040 0.000000000 0.000000000 0.000000000 0.001513210 34.000000000 34.000000000 49.000000000 34.000000000
1750225323.000000000 31.277182215500005 120.907197648 2.050300000 4.000000000 0.000231040 0.000000000 0.000000000 0.000000000 0.001513210 34.000000000 34.000000000 49.000000000 34.000000000
1750225323.200000048 31.277182302166665 120.907198365 2.027500000 4.000000000 0.000234090 0.000000000 0.000000000 0.000000000 0.001482250 34.000000000 35.000000000 50.000000000 36.000000000
1750225323.400000095 31.277182386999996 120.907198976 1.964300000 4.000000000 0.000243360 0.000000000 0.000000000 0.000000000 0.001361610 34.000000000 35.000000000 50.000000000 36.000000000
1750225323.599999905 31.27718233666667 120.907199923 1.962300000 4.000000000 0.000240250 0.000000000 0.000000000 0.000000000 0.001361610 34.000000000 35.000000000 50.000000000 36.000000000
1750225323.799999952 31.2771825545 120.907200662 1.954900000 4.000000000 0.000243360 0.000000000 0.000000000 0.000000000 0.001361610 34.000000000 35.000000000 50.000000000 36.000000000
1750225324.000000000 31.2771823545 120.907201440 1.951100000 4.000000000 0.000243360 0.000000000 0.000000000 0.000000000 0.001361610 34.000000000 35.000000000 50.000000000 36.000000000
1750225324.200000048 31.277182561666677 120.907202254 1.961400000 4.000000000 0.000240250 0.000000000 0.000000000 0.000000000 0.001361610 36.000000000 36.000000000 50.000000000 36.000000000
1750225324.400000095 31.277182674833327 120.907203023 1.959500000 4.000000000 0.000237160 0.000000000 0.000000000 0.000000000 0.001253160 36.000000000 36.000000000 50.000000000 36.000000000
1750225324.599999905 31.277182718000006 120.907203774 1.953200000 4.000000000 0.000237160 0.000000000 0.000000000 0.000000000 0.001253160 36.000000000 36.000000000 50.000000000 36.000000000
1750225324.799999952 31.27718269416667 120.907204574 1.929400000 4.000000000 0.000237160 0.000000000 0.000000000 0.000000000 0.001253160 36.000000000 36.000000000 50.000000000 36.000000000
1750225325.000000000 31.27718258916667 120.907205349 1.907200000 4.000000000 0.000237160 0.000000000 0.000000000 0.000000000 0.001253160 36.000000000 36.000000000 50.000000000 36.000000000
1750225325.200000048 31.27718275783333 120.907206188 1.939300000 4.000000000 0.000237160 0.000000000 0.000000000 0.000000000 0.001260250 36.000000000 38.500000000 53.000000000 41.000000000
1750225325.400000095 31.27718289416667 120.907207140 1.963900000 4.000000000 0.000231040 0.000000000 0.000000000 0.000000000 0.001211040 36.000000000 38.500000000 53.000000000 41.000000000
1750225325.599999905 31.277182760499997 120.907207849 1.946800000 4.000000000 0.000231040 0.000000000 0.000000000 0.000000000 0.001246090 36.000000000 38.500000000 53.000000000 41.000000000
1750225325.799999952 31.277182828333338 120.907208811 1.976100000 4.000000000 0.000231040 0.000000000 0.000000000 0.000000000 0.001211040 36.000000000 38.500000000 53.000000000 41.000000000
1750225326.000000000 31.277182527666668 120.907209765 1.972100000 4.000000000 0.000234090 0.000000000 0.000000000 0.000000000 0.001253160 36.000000000 38.500000000 53.000000000 41.000000000
1750225326.200000048 31.27718276116667 120.907210468 1.975700000 4.000000000 0.000231040 0.000000000 0.000000000 0.000000000 0.001218010 40.000000000 38.500000000 50.000000000 37.000000000
1750225326.400000095 31.277183283499994 120.907211247 2.030900000 4.000000000 0.000231040 0.000000000 0.000000000 0.000000000 0.001176490 40.000000000 38.500000000 50.000000000 37.000000000
1750225326.599999905 31.27718360649999 120.907212016 2.027900000 4.000000000 0.000231040 0.000000000 0.000000000 0.000000000 0.001176490 40.000000000 38.500000000 50.000000000 37.000000000
1750225326.799999952 31.277183737499996 120.907212762 2.027700000 4.000000000 0.000231040 0.000000000 0.000000000 0.000000000 0.001176490 40.000000000 38.500000000 50.000000000 37.000000000
1750225327.000000000 31.277183876166674 120.907213610 2.028700000 4.000000000 0.000231040 0.000000000 0.000000000 0.000000000 0.001169640 40.000000000 38.500000000 50.000000000 37.000000000
1750225327.200000048 31.277184024333337 120.907214331 2.030500000 4.000000000 0.000231040 0.000000000 0.000000000 0.000000000 0.001176490 37.000000000 39.500000000 52.000000000 42.000000000
1750225327.400000095 31.277183932499995 120.907215127 2.017700000 4.000000000 0.000234090 0.000000000 0.000000000 0.000000000 0.001281640 37.000000000 39.500000000 52.000000000 42.000000000
1750225327.599999905 31.277183956000002 120.907215994 2.037800000 4.000000000 0.000234090 0.000000000 0.000000000 0.000000000 0.001281640 37.000000000 39.500000000 52.000000000 42.000000000
1750225327.799999952 31.277183959500007 120.907216838 2.017200000 4.000000000 0.000234090 0.000000000 0.000000000 0.000000000 0.001281640 37.000000000 39.500000000 52.000000000 42.000000000
1750225328.000000000 31.277183956000002 120.907217539 2.036600000 4.000000000 0.000234090 0.000000000 0.000000000 0.000000000 0.001288810 37.000000000 39.500000000 52.000000000 42.000000000
1750225328.200000048 31.277183950333324 120.907218347 2.022200000 4.000000000 0.000234090 0.000000000 0.000000000 0.000000000 0.001288810 42.000000000 41.000000000 53.000000000 40.000000000
1750225328.400000095 31.27718402716667 120.907219148 2.012800000 4.000000000 0.000225000 0.000000000 0.000000000 0.000000000 0.001346890 42.000000000 41.000000000 53.000000000 40.000000000
1750225328.599999905 31.277184020666667 120.907220008 1.995600000 4.000000000 0.000225000 0.000000000 0.000000000 0.000000000 0.001346890 42.000000000 41.000000000 53.000000000 40.000000000
1750225328.799999952 31.277184026166665 120.907220838 2.021100000 4.000000000 0.000225000 0.000000000 0.000000000 0.000000000 0.001398760 42.000000000 41.000000000 53.000000000 40.000000000
1750225329.000000000 31.27718408183334 120.907221674 2.001500000 4.000000000 0.000225000 0.000000000 0.000000000 0.000000000 0.001398760 42.000000000 41.000000000 53.000000000 40.000000000
1750225329.200000048 31.27718407416667 120.907222478 1.995900000 4.000000000 0.000225000 0.000000000 0.000000000 0.000000000 0.001398760 42.000000000 38.500000000 50.000000000 35.000000000
1750225329.400000095 31.2771843175 120.907223441 2.010300000 4.000000000 0.000216090 0.000000000 0.000000000 0.000000000 0.001428840 42.000000000 38.500000000 50.000000000 35.000000000
1750225329.599999905 31.277184747999996 120.907224203 2.017200000 4.000000000 0.000216090 0.000000000 0.000000000 0.000000000 0.001436410 42.000000000 38.500000000 50.000000000 35.000000000
1750225329.799999952 31.277184951166674 120.907225126 2.009700000 4.000000000 0.000216090 0.000000000 0.000000000 0.000000000 0.001436410 42.000000000 38.500000000 50.000000000 35.000000000
1750225330.000000000 31.27718557883334 120.907225644 2.029100000 4.000000000 0.000216090 0.000000000 0.000000000 0.000000000 0.001436410 42.000000000 38.500000000 50.000000000 35.000000000
1750225330.200000048 31.277186058833337 120.907226321 2.032000000 4.000000000 0.000219040 0.000000000 0.000000000 0.000000000 0.001436410 40.000000000 40.000000000 53.000000000 40.000000000
1750225330.400000095 31.2771862635 120.907226939 2.004000000 4.000000000 0.000225000 0.000000000 0.000000000 0.000000000 0.001489960 40.000000000 40.000000000 53.000000000 40.000000000
1750225330.599999905 31.277186461166664 120.907227581 1.935300000 4.000000000 0.000228010 0.000000000 0.000000000 0.000000000 0.001482250 40.000000000 40.000000000 53.000000000 40.000000000
1750225330.799999952 31.277187228166667 120.907228279 1.945600000 4.000000000 0.000228010 0.000000000 0.000000000 0.000000000 0.001489960 40.000000000 40.000000000 53.000000000 40.000000000
1750225331.000000000 31.277187582500005 120.907228809 1.960400000 4.000000000 0.000228010 0.000000000 0.000000000 0.000000000 0.001497690 40.000000000 40.000000000 53.000000000 40.000000000
1750225331.200000048 31.277188077333335 120.907229282 2.000700000 4.000000000 0.000225000 0.000000000 0.000000000 0.000000000 0.001444000 39.000000000 36.500000000 49.000000000 34.000000000
1750225331.400000095 31.277189142166662 120.907229693 2.115000000 4.000000000 0.000237160 0.000000000 0.000000000 0.000000000 0.001391290 39.000000000 36.500000000 49.000000000 34.000000000
1750225331.599999905 31.277189963500007 120.907229968 2.135600000 4.000000000 0.000237160 0.000000000 0.000000000 0.000000000 0.001391290 39.000000000 36.500000000 49.000000000 34.000000000
1750225331.799999952 31.277190523499996 120.907229673 2.099300000 4.000000000 0.000240250 0.000000000 0.000000000 0.000000000 0.001398760 39.000000000 36.500000000 49.000000000 34.000000000
1750225332.000000000 31.277191357999996 120.907229726 2.151900000 4.000000000 0.000240250 0.000000000 0.000000000 0.000000000 0.001406250 39.000000000 36.500000000 49.000000000 34.000000000
1750225332.200000048 31.277191836499995 120.907229324 2.117000000 4.000000000 0.000243360 0.000000000 0.000000000 0.000000000 0.001406250 36.000000000 38.500000000 53.000000000 41.000000000
1750225332.400000095 31.277191721666668 120.907228950 2.049600000 4.000000000 0.000299290 0.000000000 0.000000000 0.000000000 0.001474560 36.000000000 38.500000000 53.000000000 41.000000000
1750225332.599999905 31.27719183283334 120.907228717 2.046700000 4.000000000 0.000299290 0.000000000 0.000000000 0.000000000 0.001482250 36.000000000 38.500000000 53.000000000 41.000000000
1750225332.799999952 31.277192097833336 120.907228386 2.051800000 4.000000000 0.000299290 0.000000000 0.000000000 0.000000000 0.001489960 36.000000000 38.500000000 53.000000000 41.000000000
1750225333.000000000 31.277192436333337 120.907228265 2.067700000 4.000000000 0.000299290 0.000000000 0.000000000 0.000000000 0.001489960 36.000000000 38.500000000 53.000000000 41.000000000
1750225333.200000048 31.27719297516667 120.907228412 2.087100000 4.000000000 0.000299290 0.000000000 0.000000000 0.000000000 0.001428840 41.000000000 40.000000000 52.000000000 39.000000000
1750225333.400000095 31.277193946833336 120.907229098 2.140400000 4.000000000 0.000259210 0.000000000 0.000000000 0.000000000 0.001413760 41.000000000 40.000000000 52.000000000 39.000000000
1750225333.599999905 31.2771944725 120.907229867 2.134500000 4.000000000 0.000259210 0.000000000 0.000000000 0.000000000 0.001428840 41.000000000 40.000000000 52.000000000 39.000000000
1750225333.799999952 31.277194478666672 120.907230399 2.124500000 4.000000000 0.000262440 0.000000000 0.000000000 0.000000000 0.001428840 41.000000000 40.000000000 52.000000000 39.000000000
1750225334.000000000 31.277194264166667 120.907230517 2.120800000 4.000000000 0.000259210 0.000000000 0.000000000 0.000000000 0.001421290 41.000000000 40.000000000 52.000000000 39.000000000
1750225334.200000048 31.277194050000006 120.907230703 2.116000000 4.000000000 0.000259210 0.000000000 0.000000000 0.000000000 0.001391290 37.000000000 38.500000000 51.000000000 40.000000000
1750225334.400000095 31.277193768000004 120.907230559 2.074700000 4.000000000 0.000278890 0.000000000 0.000000000 0.000000000 0.001436410 37.000000000 38.500000000 51.000000000 40.000000000
1750225334.599999905 31.277193649833336 120.907230775 2.093700000 4.000000000 0.000275560 0.000000000 0.000000000 0.000000000 0.001436410 37.000000000 38.500000000 51.000000000 40.000000000
1750225334.799999952 31.277193559500006 120.907231034 2.095900000 4.000000000 0.000278890 0.000000000 0.000000000 0.000000000 0.001436410 37.000000000 38.500000000 51.000000000 40.000000000
1750225335.000000000 31.277193701166667 120.907231537 2.078300000 4.000000000 0.000278890 0.000000000 0.000000000 0.000000000 0.001436410 37.000000000 38.500000000 51.000000000 40.000000000
1750225335.200000048 31.2771943245 120.907232273 2.091500000 4.000000000 0.000282240 0.000000000 0.000000000 0.000000000 0.001451610 40.000000000 42.500000000 54.000000000 45.000000000
1750225335.400000095 31.2771948865 120.907233036 2.054500000 4.000000000 0.000320410 0.000000000 0.000000000 0.000000000 0.001474560 40.000000000 42.500000000 54.000000000 45.000000000
1750225335.599999905 31.27719508216667 120.907233437 2.025800000 4.000000000 0.000324000 0.000000000 0.000000000 0.000000000 0.001505440 40.000000000 42.500000000 54.000000000 45.000000000
1750225335.799999952 31.27719513816666 120.907233830 2.045100000 4.000000000 0.000324000 0.000000000 0.000000000 0.000000000 0.001513210 40.000000000 42.500000000 54.000000000 45.000000000
1750225336.000000000 31.277195263500005 120.907234136 2.060900000 4.000000000 0.000324000 0.000000000 0.000000000 0.000000000 0.001521000 40.000000000 42.500000000 54.000000000 45.000000000
1750225336.200000048 31.277195308999993 120.907234166 2.053000000 4.000000000 0.000324000 0.000000000 0.000000000 0.000000000 0.001513210 40.000000000 41.000000000 52.000000000 42.000000000
1750225336.400000095 31.277195033499993 120.907233959 2.067400000 4.000000000 0.000327610 0.000000000 0.000000000 0.000000000 0.001568160 40.000000000 41.000000000 52.000000000 42.000000000
1750225336.599999905 31.277195340666665 120.907234001 2.067400000 4.000000000 0.000327610 0.000000000 0.000000000 0.000000000 0.001568160 40.000000000 41.000000000 52.000000000 42.000000000
1750225336.799999952 31.27719605583333 120.907234049 2.068400000 4.000000000 0.000331240 0.000000000 0.000000000 0.000000000 0.001576090 40.000000000 41.000000000 52.000000000 42.000000000
1750225337.000000000 31.277196840666676 120.907233874 2.064800000 4.000000000 0.000331240 0.000000000 0.000000000 0.000000000 0.001592010 40.000000000 41.000000000 52.000000000 42.000000000
1750225337.200000048 31.277197513333334 120.907233724 2.078900000 4.000000000 0.000331240 0.000000000 0.000000000 0.000000000 0.001592010 39.000000000 40.000000000 53.000000000 41.000000000
1750225337.400000095 31.277198409166658 120.907233819 2.068800000 4.000000000 0.000357210 0.000000000 0.000000000 0.000000000 0.001681000 39.000000000 40.000000000 53.000000000 41.000000000
1750225337.599999905 31.277199089000007 120.907233631 2.042100000 4.000000000 0.000357210 0.000000000 0.000000000 0.000000000 0.001681000 39.000000000 40.000000000 53.000000000 41.000000000
1750225337.799999952 31.277199809166675 120.907233453 2.043000000 4.000000000 0.000357210 0.000000000 0.000000000 0.000000000 0.001681000 39.000000000 40.000000000 53.000000000 41.000000000
1750225338.000000000 31.27720042483334 120.907233246 2.033700000 4.000000000 0.000357210 0.000000000 0.000000000 0.000000000 0.001681000 39.000000000 40.000000000 53.000000000 41.000000000
1750225338.200000048 31.277201044500003 120.907233096 2.018100000 4.000000000 0.000357210 0.000000000 0.000000000 0.000000000 0.001697440 35.000000000 36.500000000 52.000000000 38.000000000
1750225338.400000095 31.277201950666665 120.907232786 2.018900000 4.000000000 0.000424360 0.000000000 0.000000000 0.000000000 0.001797760 35.000000000 36.500000000 52.000000000 38.000000000
1750225338.599999905 31.277202703166665 120.907232589 2.018500000 4.000000000 0.000424360 0.000000000 0.000000000 0.000000000 0.001789290 35.000000000 36.500000000 52.000000000 38.000000000
1750225338.799999952 31.27720328866667 120.907232363 2.021700000 4.000000000 0.000424360 0.000000000 0.000000000 0.000000000 0.001789290 35.000000000 36.500000000 52.000000000 38.000000000
1750225339.000000000 31.277203797166663 120.907232168 1.982500000 4.000000000 0.000420250 0.000000000 0.000000000 0.000000000 0.001780840 35.000000000 36.500000000 52.000000000 38.000000000
1750225339.200000048 31.27720463450001 120.907231978 1.988600000 4.000000000 0.000420250 0.000000000 0.000000000 0.000000000 0.001640250 38.000000000 38.000000000 52.000000000 38.000000000
1750225339.400000095 31.277205465166674 120.907231925 2.011400000 4.000000000 0.000372490 0.000000000 0.000000000 0.000000000 0.001497690 38.000000000 38.000000000 52.000000000 38.000000000
1750225339.599999905 31.277206126833335 120.907231834 1.984700000 4.000000000 0.000368640 0.000000000 0.000000000 0.000000000 0.001497690 38.000000000 38.000000000 52.000000000 38.000000000
1750225339.799999952 31.2772067665 120.907231806 2.000300000 4.000000000 0.000372490 0.000000000 0.000000000 0.000000000 0.001497690 38.000000000 38.000000000 52.000000000 38.000000000
1750225340.000000000 31.27720711483333 120.907231611 2.002800000 4.000000000 0.000372490 0.000000000 0.000000000 0.000000000 0.001497690 38.000000000 38.000000000 52.000000000 38.000000000
1750225340.200000048 31.277207256166662 120.907231393 2.002100000 4.000000000 0.000368640 0.000000000 0.000000000 0.000000000 0.001497690 39.000000000 41.000000000 54.000000000 43.000000000
1750225340.400000095 31.27720749933333 120.907231209 1.955600000 4.000000000 0.000338560 0.000000000 0.000000000 0.000000000 0.001274490 39.000000000 41.000000000 54.000000000 43.000000000
1750225340.599999905 31.277207719666663 120.907231007 1.950800000 4.000000000 0.000338560 0.000000000 0.000000000 0.000000000 0.001281640 39.000000000 41.000000000 54.000000000 43.000000000
1750225340.799999952 31.277208023499995 120.907231031 1.944700000 4.000000000 0.000338560 0.000000000 0.000000000 0.000000000 0.001288810 39.000000000 41.000000000 54.000000000 43.000000000
1750225341.000000000 31.277208545999997 120.907231293 1.918200000 4.000000000 0.000338560 0.000000000 0.000000000 0.000000000 0.001281640 39.000000000 41.000000000 54.000000000 43.000000000
1750225341.200000048 31.277208997999992 120.907231974 1.912900000 4.000000000 0.000338560 0.000000000 0.000000000 0.000000000 0.001260250 41.000000000 42.000000000 54.000000000 43.000000000
1750225341.400000095 31.277209588333335 120.907232929 1.908100000 4.000000000 0.000349690 0.000000000 0.000000000 0.000000000 0.001176490 41.000000000 42.000000000 54.000000000 43.000000000
1750225341.599999905 31.277209663333338 120.907233749 1.922100000 4.000000000 0.000349690 0.000000000 0.000000000 0.000000000 0.001176490 41.000000000 42.000000000 54.000000000 43.000000000
1750225341.799999952 31.277209798166666 120.907234588 1.913100000 4.000000000 0.000349690 0.000000000 0.000000000 0.000000000 0.001176490 41.000000000 42.000000000 54.000000000 43.000000000
1750225342.000000000 31.277209979333335 120.907235464 1.925000000 4.000000000 0.000349690 0.000000000 0.000000000 0.000000000 0.001176490 41.000000000 42.000000000 54.000000000 43.000000000
1750225342.200000048 31.27721008233334 120.907236212 1.917000000 4.000000000 0.000338560 0.000000000 0.000000000 0.000000000 0.001122250 45.000000000 43.500000000 54.000000000 42.000000000
1750225342.400000095 31.277209870000007 120.907236923 1.900400000 4.000000000 0.000342250 0.000000000 0.000000000 0.000000000 0.000900000 45.000000000 43.500000000 54.000000000 42.000000000
1750225342.599999905 31.277210037999993 120.907237748 1.903000000 4.000000000 0.000342250 0.000000000 0.000000000 0.000000000 0.000906010 45.000000000 43.500000000 54.000000000 42.000000000
1750225342.799999952 31.277209947000003 120.907238511 1.884900000 4.000000000 0.000342250 0.000000000 0.000000000 0.000000000 0.000906010 45.000000000 43.500000000 54.000000000 42.000000000
1750225343.000000000 31.277209947833327 120.907239413 1.890600000 4.000000000 0.000342250 0.000000000 0.000000000 0.000000000 0.000906010 45.000000000 43.500000000 54.000000000 42.000000000
1750225343.200000048 31.27721006916667 120.907240305 1.877200000 4.000000000 0.000342250 0.000000000 0.000000000 0.000000000 0.000894010 42.000000000 44.500000000 56.000000000 47.000000000
1750225343.400000095 31.27721002283333 120.907241426 1.885100000 4.000000000 0.000345960 0.000000000 0.000000000 0.000000000 0.000852640 42.000000000 44.500000000 56.000000000 47.000000000
1750225343.599999905 31.27720990733333 120.907241859 1.893100000 4.000000000 0.000345960 0.000000000 0.000000000 0.000000000 0.000852640 42.000000000 44.500000000 56.000000000 47.000000000
1750225343.799999952 31.277209861666663 120.907241970 1.890700000 4.000000000 0.000345960 0.000000000 0.000000000 0.000000000 0.000852640 42.000000000 44.500000000 56.000000000 47.000000000
1750225344.000000000 31.277209687833334 120.907242195 1.896300000 4.000000000 0.000345960 0.000000000 0.000000000 0.000000000 0.000852640 42.000000000 44.500000000 56.000000000 47.000000000
1750225344.200000048 31.277209441833335 120.907242455 1.895500000 4.000000000 0.000345960 0.000000000 0.000000000 0.000000000 0.000852640 50.000000000 50.000000000 58.000000000 50.000000000
1750225344.400000095 31.27720909499999 120.907242625 1.902700000 4.000000000 0.000338560 0.000000000 0.000000000 0.000000000 0.000712890 50.000000000 50.000000000 58.000000000 50.000000000
1750225344.599999905 31.277208959666666 120.907242856 1.903100000 4.000000000 0.000338560 0.000000000 0.000000000 0.000000000 0.000712890 50.000000000 50.000000000 58.000000000 50.000000000
1750225344.799999952 31.277208880666663 120.907243164 1.899200000 4.000000000 0.000338560 0.000000000 0.000000000 0.000000000 0.000707560 50.000000000 50.000000000 58.000000000 50.000000000
1750225345.000000000 31.27720900466666 120.907243495 1.891600000 4.000000000 0.000338560 0.000000000 0.000000000 0.000000000 0.000712890 50.000000000 50.000000000 58.000000000 50.000000000
1750225345.200000048 31.277209388499998 120.907244098 1.896100000 4.000000000 0.000338560 0.000000000 0.000000000 0.000000000 0.000696960 53.000000000 53.000000000 60.000000000 53.000000000
1750225345.400000095 31.27720991933333 120.907244314 1.938200000 4.000000000 0.000299290 0.000000000 0.000000000 0.000000000 0.000552250 53.000000000 53.000000000 60.000000000 53.000000000
1750225345.599999905 31.277210597333337 120.907244517 1.933700000 4.000000000 0.000302760 0.000000000 0.000000000 0.000000000 0.000561690 53.000000000 53.000000000 60.000000000 53.000000000
1750225345.799999952 31.277211295833325 120.907244589 1.948000000 4.000000000 0.000302760 0.000000000 0.000000000 0.000000000 0.000561690 53.000000000 53.000000000 60.000000000 53.000000000
1750225346.000000000 31.27721197400001 120.907244498 1.946700000 4.000000000 0.000302760 0.000000000 0.000000000 0.000000000 0.000561690 53.000000000 53.000000000 60.000000000 53.000000000
1750225346.200000048 31.277212648999992 120.907244423 1.948000000 4.000000000 0.000302760 0.000000000 0.000000000 0.000000000 0.000556960 53.000000000 50.500000000 58.000000000 48.000000000
1750225346.400000095 31.277213394166665 120.907244455 1.923300000 4.000000000 0.000313290 0.000000000 0.000000000 0.000000000 0.000515290 53.000000000 50.500000000 58.000000000 48.000000000
1750225346.599999905 31.277214072166657 120.907244363 1.902800000 4.000000000 0.000309760 0.000000000 0.000000000 0.000000000 0.000515290 53.000000000 50.500000000 58.000000000 48.000000000
1750225346.799999952 31.27721464533333 120.907244295 1.914400000 4.000000000 0.000313290 0.000000000 0.000000000 0.000000000 0.000515290 53.000000000 50.500000000 58.000000000 48.000000000
1750225347.000000000 31.27721544116666 120.907244547 1.983700000 4.000000000 0.000327610 0.000000000 0.000000000 0.000000000 0.000533610 53.000000000 50.500000000 58.000000000 48.000000000
1750225347.200000048 31.277216063833336 120.907244208 1.977200000 4.000000000 0.000313290 0.000000000 0.000000000 0.000000000 0.000515290 58.000000000 51.000000000 56.000000000 44.000000000
1750225347.400000095 31.27721701883334 120.907244091 1.898200000 4.000000000 0.000275560 0.000000000 0.000000000 0.000000000 0.000316840 58.000000000 51.000000000 56.000000000 44.000000000
1750225347.599999905 31.277217511499998 120.907244025 1.949700000 4.000000000 0.000278890 0.000000000 0.000000000 0.000000000 0.000313290 58.000000000 51.000000000 56.000000000 44.000000000
1750225347.799999952 31.277218272833338 120.907243912 1.943200000 4.000000000 0.000282240 0.000000000 0.000000000 0.000000000 0.000324000 58.000000000 51.000000000 56.000000000 44.000000000
1750225348.000000000 31.27721897083333 120.907244109 1.939300000 4.000000000 0.000285610 0.000000000 0.000000000 0.000000000 0.000324000 58.000000000 51.000000000 56.000000000 44.000000000
1750225348.200000048 31.27721967383333 120.907244350 1.967800000 4.000000000 0.000289000 0.000000000 0.000000000 0.000000000 0.000331240 34.000000000 37.500000000 54.000000000 41.000000000
1750225348.400000095 31.27722056633334 120.907244262 1.853100000 4.000000000 0.000445210 0.000000000 0.000000000 0.000000000 0.000506250 34.000000000 37.500000000 54.000000000 41.000000000
1750225348.599999905 31.277221030000007 120.907244631 1.931300000 4.000000000 0.000449440 0.000000000 0.000000000 0.000000000 0.000506250 34.000000000 37.500000000 54.000000000 41.000000000
1750225348.799999952 31.277221397999995 120.907245268 1.951300000 4.000000000 0.000538240 0.000000000 0.000000000 0.000000000 0.000590490 34.000000000 37.500000000 54.000000000 41.000000000
1750225349.000000000 31.277221617833334 120.907245333 1.909800000 4.000000000 0.000510760 0.000000000 0.000000000 0.000000000 0.000566440 34.000000000 37.500000000 54.000000000 41.000000000
1750225349.200000048 31.277221858000004 120.907245575 1.914300000 4.000000000 0.000466560 0.000000000 0.000000000 0.000000000 0.000529000 32.000000000 33.000000000 51.000000000 34.000000000
1750225349.400000095 31.27722212766666 120.907245282 1.860800000 4.000000000 0.000640090 0.000000000 0.000000000 0.000000000 0.000566440 32.000000000 33.000000000 51.000000000 34.000000000
1750225349.599999905 31.27722228350001 120.907245354 1.875600000 4.000000000 0.000645160 0.000000000 0.000000000 0.000000000 0.000576000 32.000000000 33.000000000 51.000000000 34.000000000
1750225349.799999952 31.277222549 120.907245332 1.867700000 4.000000000 0.000660490 0.000000000 0.000000000 0.000000000 0.000595360 32.000000000 33.000000000 51.000000000 34.000000000
1750225350.000000000 31.27722251200001 120.907245305 1.855800000 4.000000000 0.000686440 0.000000000 0.000000000 0.000000000 0.000605160 32.000000000 33.000000000 51.000000000 34.000000000
1750225350.200000048 31.277222624999993 120.907245320 1.854000000 4.000000000 0.000595360 0.000000000 0.000000000 0.000000000 0.000519840 34.000000000 36.500000000 53.000000000 39.000000000
1750225350.400000095 31.277222742333336 120.907245175 1.834500000 4.000000000 0.000547560 0.000000000 0.000000000 0.000000000 0.000445210 34.000000000 36.500000000 53.000000000 39.000000000
1750225350.599999905 31.27722276366667 120.907245145 1.831000000 4.000000000 0.000547560 0.000000000 0.000000000 0.000000000 0.000445210 34.000000000 36.500000000 53.000000000 39.000000000
1750225350.799999952 31.277222888833336 120.907245169 1.827200000 4.000000000 0.000547560 0.000000000 0.000000000 0.000000000 0.000445210 34.000000000 36.500000000 53.000000000 39.000000000
1750225351.000000000 31.27722299 120.907245163 1.833700000 4.000000000 0.000547560 0.000000000 0.000000000 0.000000000 0.000449440 34.000000000 36.500000000 53.000000000 39.000000000
1750225351.200000048 31.277223231999997 120.907245217 1.849000000 4.000000000 0.000552250 0.000000000 0.000000000 0.000000000 0.000453690 32.000000000 40.000000000 58.000000000 48.000000000
1750225351.400000095 31.277223392833335 120.907245271 1.838400000 4.000000000 0.000492840 0.000000000 0.000000000 0.000000000 0.000436810 32.000000000 40.000000000 58.000000000 48.000000000
1750225351.599999905 31.27722344483334 120.907245299 1.839400000 4.000000000 0.000492840 0.000000000 0.000000000 0.000000000 0.000441000 32.000000000 40.000000000 58.000000000 48.000000000
1750225351.799999952 31.277223433666677 120.907245234 1.835100000 4.000000000 0.000492840 0.000000000 0.000000000 0.000000000 0.000441000 32.000000000 40.000000000 58.000000000 48.000000000
1750225352.000000000 31.27722357016667 120.907244847 1.849700000 4.000000000 0.000497290 0.000000000 0.000000000 0.000000000 0.000445210 32.000000000 40.000000000 58.000000000 48.000000000
1750225352.200000048 31.277223764833337 120.907244009 1.854500000 4.000000000 0.000497290 0.000000000 0.000000000 0.000000000 0.000436810 30.000000000 34.500000000 53.000000000 39.000000000
1750225352.400000095 31.277223968 120.907243030 1.881700000 4.000000000 0.000515290 0.000000000 0.000000000 0.000000000 0.000462250 30.000000000 34.500000000 53.000000000 39.000000000
1750225352.599999905 31.277224001999997 120.907242263 1.864200000 4.000000000 0.000515290 0.000000000 0.000000000 0.000000000 0.000462250 30.000000000 34.500000000 53.000000000 39.000000000
1750225352.799999952 31.277223814166675 120.907241567 1.886100000 4.000000000 0.000515290 0.000000000 0.000000000 0.000000000 0.000462250 30.000000000 34.500000000 53.000000000 39.000000000
1750225353.000000000 31.277223683166667 120.907240631 1.887000000 4.000000000 0.000515290 0.000000000 0.000000000 0.000000000 0.000462250 30.000000000 34.500000000 53.000000000 39.000000000
1750225353.200000048 31.277223321999998 120.907239781 1.873200000 4.000000000 0.000488410 0.000000000 0.000000000 0.000000000 0.000436810 33.000000000 35.000000000 54.000000000 37.000000000
1750225353.400000095 31.277223228833336 120.907238902 1.825700000 4.000000000 0.000445210 0.000000000 0.000000000 0.000000000 0.000364810 33.000000000 35.000000000 54.000000000 37.000000000
1750225353.599999905 31.277222828999996 120.907238204 1.875700000 4.000000000 0.000449440 0.000000000 0.000000000 0.000000000 0.000368640 33.000000000 35.000000000 54.000000000 37.000000000
1750225353.799999952 31.277222662 120.907237511 1.872900000 4.000000000 0.000484000 0.000000000 0.000000000 0.000000000 0.000408040 33.000000000 35.000000000 54.000000000 37.000000000
1750225354.000000000 31.277222448499998 120.907236657 1.875500000 4.000000000 0.000484000 0.000000000 0.000000000 0.000000000 0.000408040 33.000000000 35.000000000 54.000000000 37.000000000
1750225354.200000048 31.27722211866667 120.907235771 1.874500000 4.000000000 0.000462250 0.000000000 0.000000000 0.000000000 0.000384160 35.000000000 31.500000000 49.000000000 28.000000000
1750225354.400000095 31.277221831666665 120.907234587 1.894600000 4.000000000 0.000428490 0.000000000 0.000000000 0.000000000 0.000353440 35.000000000 31.500000000 49.000000000 28.000000000
1750225354.599999905 31.277221633500005 120.907233675 1.871400000 4.000000000 0.000441000 0.000000000 0.000000000 0.000000000 0.000361000 35.000000000 31.500000000 49.000000000 28.000000000
1750225354.799999952 31.27722185016667 120.907232966 1.877700000 4.000000000 0.000432640 0.000000000 0.000000000 0.000000000 0.000357210 35.000000000 31.500000000 49.000000000 28.000000000
1750225355.000000000 31.27722135533334 120.907232250 1.914000000 4.000000000 0.000441000 0.000000000 0.000000000 0.000000000 0.000361000 35.000000000 31.500000000 49.000000000 28.000000000
1750225355.200000048 31.277221251666674 120.907231351 1.906500000 4.000000000 0.000428490 0.000000000 0.000000000 0.000000000 0.000353440 35.000000000 38.500000000 56.000000000 42.000000000
1750225355.400000095 31.277221287499998 120.907230370 1.874700000 4.000000000 0.000470890 0.000000000 0.000000000 0.000000000 0.000396010 35.000000000 38.500000000 56.000000000 42.000000000
1750225355.599999905 31.27722116583334 120.907229543 1.895400000 4.000000000 0.000470890 0.000000000 0.000000000 0.000000000 0.000396010 35.000000000 38.500000000 56.000000000 42.000000000
1750225355.799999952 31.277221096000005 120.907228740 1.896700000 4.000000000 0.000470890 0.000000000 0.000000000 0.000000000 0.000396010 35.000000000 38.500000000 56.000000000 42.000000000
1750225356.000000000 31.27722104733334 120.907227926 1.894900000 4.000000000 0.000470890 0.000000000 0.000000000 0.000000000 0.000396010 35.000000000 38.500000000 56.000000000 42.000000000
1750225356.200000048 31.277221032166665 120.907227131 1.895300000 4.000000000 0.000457960 0.000000000 0.000000000 0.000000000 0.000376360 37.000000000 39.500000000 56.000000000 42.000000000
1750225356.400000095 31.277221167999997 120.907226106 1.939200000 4.000000000 0.000501760 0.000000000 0.000000000 0.000000000 0.000420250 37.000000000 39.500000000 56.000000000 42.000000000
1750225356.599999905 31.2772210265 120.907225346 1.957700000 4.000000000 0.000501760 0.000000000 0.000000000 0.000000000 0.000416160 37.000000000 39.500000000 56.000000000 42.000000000
1750225356.799999952 31.277220977833338 120.907224542 1.958900000 4.000000000 0.000501760 0.000000000 0.000000000 0.000000000 0.000420250 37.000000000 39.500000000 56.000000000 42.000000000
1750225357.000000000 31.2772209675 120.907223699 1.962500000 4.000000000 0.000519840 0.000000000 0.000000000 0.000000000 0.000449440 37.000000000 39.500000000 56.000000000 42.000000000
1750225357.200000048 31.27722090616666 120.907222877 1.980700000 4.000000000 0.000501760 0.000000000 0.000000000 0.000000000 0.000416160 42.000000000 38.500000000 53.000000000 35.000000000
1750225357.400000095 31.2772209675 120.907221676 1.970400000 4.000000000 0.000475240 0.000000000 0.000000000 0.000000000 0.000396010 42.000000000 38.500000000 53.000000000 35.000000000
1750225357.599999905 31.27722089849999 120.907220828 1.954100000 4.000000000 0.000475240 0.000000000 0.000000000 0.000000000 0.000400000 42.000000000 38.500000000 53.000000000 35.000000000
1750225357.799999952 31.277220721333336 120.907220142 1.974200000 4.000000000 0.000475240 0.000000000 0.000000000 0.000000000 0.000404010 42.000000000 38.500000000 53.000000000 35.000000000
1750225358.000000000 31.27722052050001 120.907219244 1.991700000 4.000000000 0.000492840 0.000000000 0.000000000 0.000000000 0.000424360 42.000000000 38.500000000 53.000000000 35.000000000
1750225358.200000048 31.2772204125 120.907218419 2.029400000 4.000000000 0.000479610 0.000000000 0.000000000 0.000000000 0.000404010 42.000000000 37.500000000 52.000000000 33.000000000
1750225358.400000095 31.277220332166664 120.907217280 1.985700000 4.000000000 0.000515290 0.000000000 0.000000000 0.000000000 0.000424360 42.000000000 37.500000000 52.000000000 33.000000000
1750225358.599999905 31.277220147500003 120.907216597 1.991000000 4.000000000 0.000519840 0.000000000 0.000000000 0.000000000 0.000428490 42.000000000 37.500000000 52.000000000 33.000000000
1750225358.799999952 31.277220140833336 120.907215765 1.983700000 4.000000000 0.000519840 0.000000000 0.000000000 0.000000000 0.000428490 42.000000000 37.500000000 52.000000000 33.000000000
1750225359.000000000 31.27721989183334 120.907214936 1.985800000 4.000000000 0.000519840 0.000000000 0.000000000 0.000000000 0.000432640 42.000000000 37.500000000 52.000000000 33.000000000
1750225359.200000048 31.277219720999994 120.907214056 2.001400000 4.000000000 0.000506250 0.000000000 0.000000000 0.000000000 0.000420250 40.000000000 40.000000000 55.000000000 40.000000000
1750225359.400000095 31.277220035499994 120.907212886 1.987000000 4.000000000 0.000501760 0.000000000 0.000000000 0.000000000 0.000484000 40.000000000 40.000000000 55.000000000 40.000000000
1750225359.599999905 31.277219824666673 120.907212027 1.999900000 4.000000000 0.000492840 0.000000000 0.000000000 0.000000000 0.000453690 40.000000000 40.000000000 55.000000000 40.000000000
1750225359.799999952 31.277219943666665 120.907211047 1.986500000 4.000000000 0.000501760 0.000000000 0.000000000 0.000000000 0.000492840 40.000000000 40.000000000 55.000000000 40.000000000
1750225360.000000000 31.277219810333335 120.907210084 2.004100000 4.000000000 0.000561690 0.000000000 0.000000000 0.000000000 0.000542890 40.000000000 40.000000000 55.000000000 40.000000000
1750225360.200000048 31.277219830666667 120.907209216 2.012300000 4.000000000 0.000484000 0.000000000 0.000000000 0.000000000 0.000441000 40.000000000 40.000000000 55.000000000 40.000000000
1750225360.400000095 31.27721971066667 120.907208478 2.018800000 4.000000000 0.000707560 0.000000000 0.000000000 0.000000000 0.000650250 40.000000000 40.000000000 55.000000000 40.000000000
1750225360.599999905 31.277219588166673 120.907207726 1.975000000 4.000000000 0.000734410 0.000000000 0.000000000 0.000000000 0.000681210 40.000000000 40.000000000 55.000000000 40.000000000
1750225360.799999952 31.277219321000004 120.907206808 1.968800000 4.000000000 0.000772840 0.000000000 0.000000000 0.000000000 0.000745290 40.000000000 40.000000000 55.000000000 40.000000000
1750225361.000000000 31.27721894999999 120.907205866 2.008600000 4.000000000 0.000778410 0.000000000 0.000000000 0.000000000 0.000750760 40.000000000 40.000000000 55.000000000 40.000000000
1750225361.200000048 31.27721898916667 120.907205105 1.989000000 4.000000000 0.000729000 0.000000000 0.000000000 0.000000000 0.000686440 35.000000000 38.500000000 56.000000000 42.000000000
1750225361.400000095 31.277218800666674 120.907204234 1.998100000 4.000000000 0.000894010 0.000000000 0.000000000 0.000000000 0.001062760 35.000000000 38.500000000 56.000000000 42.000000000
1750225361.599999905 31.277218892666667 120.907203575 1.966500000 4.000000000 0.000900000 0.000000000 0.000000000 0.000000000 0.001089000 35.000000000 38.500000000 56.000000000 42.000000000
1750225361.799999952 31.277218857500003 120.907202787 1.960600000 4.000000000 0.000912040 0.000000000 0.000000000 0.000000000 0.001102240 35.000000000 38.500000000 56.000000000 42.000000000
1750225362.000000000 31.27721884783334 120.907201795 1.983300000 4.000000000 0.000918090 0.000000000 0.000000000 0.000000000 0.001115560 35.000000000 38.500000000 56.000000000 42.000000000
1750225362.200000048 31.277218883999993 120.907200939 1.989100000 4.000000000 0.000930250 0.000000000 0.000000000 0.000000000 0.001128960 28.000000000 32.500000000 54.000000000 37.000000000
1750225362.400000095 31.277218649833344 120.907200164 2.002500000 4.000000000 0.001062760 0.000000000 0.000000000 0.000000000 0.001451610 28.000000000 32.500000000 54.000000000 37.000000000
1750225362.599999905 31.277218537500005 120.907199311 1.973400000 4.000000000 0.001069290 0.000000000 0.000000000 0.000000000 0.001459240 28.000000000 32.500000000 54.000000000 37.000000000
1750225362.799999952 31.27721853 120.907198546 2.000400000 4.000000000 0.001082410 0.000000000 0.000000000 0.000000000 0.001505440 28.000000000 32.500000000 54.000000000 37.000000000
1750225363.000000000 31.27721842983334 120.907197764 2.012500000 4.000000000 0.001089000 0.000000000 0.000000000 0.000000000 0.001521000 28.000000000 32.500000000 54.000000000 37.000000000
1750225363.200000048 31.277218367833328 120.907196803 2.002200000 4.000000000 0.001089000 0.000000000 0.000000000 0.000000000 0.001474560 28.000000000 30.500000000 52.000000000 33.000000000
1750225363.400000095 31.277218282666666 120.907196186 2.015900000 4.000000000 0.001421290 0.000000000 0.000000000 0.000000000 0.001789290 28.000000000 30.500000000 52.000000000 33.000000000
1750225363.599999905 31.277218286999997 120.907195360 2.028500000 4.000000000 0.001428840 0.000000000 0.000000000 0.000000000 0.001806250 28.000000000 30.500000000 52.000000000 33.000000000
1750225363.799999952 31.2772182035 120.907194636 2.025900000 4.000000000 0.001436410 0.000000000 0.000000000 0.000000000 0.001814760 28.000000000 30.500000000 52.000000000 33.000000000
1750225364.000000000 31.277218248500006 120.907193721 1.998200000 4.000000000 0.001444000 0.000000000 0.000000000 0.000000000 0.001831840 28.000000000 30.500000000 52.000000000 33.000000000
1750225364.200000048 31.277218218499996 120.907192987 1.996900000 4.000000000 0.001459240 0.000000000 0.000000000 0.000000000 0.001772410 22.000000000 29.000000000 52.000000000 36.000000000
1750225364.400000095 31.2772181415 120.907192099 2.021700000 4.000000000 0.001505440 0.000000000 0.000000000 0.000000000 0.001764000 22.000000000 29.000000000 52.000000000 36.000000000
1750225364.599999905 31.277217964499997 120.907191367 2.027400000 4.000000000 0.001513210 0.000000000 0.000000000 0.000000000 0.001772410 22.000000000 29.000000000 52.000000000 36.000000000
1750225364.799999952 31.277217855666663 120.907190572 2.011200000 4.000000000 0.001528810 0.000000000 0.000000000 0.000000000 0.001823290 22.000000000 29.000000000 52.000000000 36.000000000
1750225365.000000000 31.27721777383333 120.907189703 2.035400000 4.000000000 0.001536640 0.000000000 0.000000000 0.000000000 0.001840410 22.000000000 29.000000000 52.000000000 36.000000000
1750225365.200000048 31.27721785 120.907188976 1.998700000 4.000000000 0.001536640 0.000000000 0.000000000 0.000000000 0.001806250 28.000000000 31.500000000 53.000000000 35.000000000
1750225365.400000095 31.277217756166664 120.907188034 2.031900000 4.000000000 0.001346890 0.000000000 0.000000000 0.000000000 0.001584040 28.000000000 31.500000000 53.000000000 35.000000000
1750225365.599999905 31.277217635 120.907187192 2.008000000 4.000000000 0.001369000 0.000000000 0.000000000 0.000000000 0.001608010 28.000000000 31.500000000 53.000000000 35.000000000
1750225365.799999952 31.277217664666665 120.907186473 1.993200000 4.000000000 0.001376410 0.000000000 0.000000000 0.000000000 0.001616040 28.000000000 31.500000000 53.000000000 35.000000000
1750225366.000000000 31.27721747416666 120.907185742 2.012200000 4.000000000 0.001383840 0.000000000 0.000000000 0.000000000 0.001632160 28.000000000 31.500000000 53.000000000 35.000000000
1750225366.200000048 31.277217410333336 120.907184886 2.026800000 4.000000000 0.001115560 0.000000000 0.000000000 0.000000000 0.001197160 26.000000000 28.500000000 51.000000000 31.000000000
1750225366.400000095 31.277217561833325 120.907184049 1.989400000 4.000000000 0.001142440 0.000000000 0.000000000 0.000000000 0.001225000 26.000000000 28.500000000 51.000000000 31.000000000
1750225366.599999905 31.277217413499997 120.907183344 1.979600000 4.000000000 0.001142440 0.000000000 0.000000000 0.000000000 0.001232010 26.000000000 28.500000000 51.000000000 31.000000000
1750225366.799999952 31.277217322833337 120.907182489 1.997700000 4.000000000 0.001142440 0.000000000 0.000000000 0.000000000 0.001232010 26.000000000 28.500000000 51.000000000 31.000000000
1750225367.000000000 31.27721723766666 120.907181730 2.009100000 4.000000000 0.001149210 0.000000000 0.000000000 0.000000000 0.001239040 26.000000000 28.500000000 51.000000000 31.000000000
1750225367.200000048 31.27721723133334 120.907180889 2.015500000 4.000000000 0.001135690 0.000000000 0.000000000 0.000000000 0.001197160 25.000000000 28.000000000 50.000000000 31.000000000
1750225367.400000095 31.27721710099999 120.907180145 1.989000000 4.000000000 0.001183360 0.000000000 0.000000000 0.000000000 0.001267360 25.000000000 28.000000000 50.000000000 31.000000000
1750225367.599999905 31.277216968666664 120.907179250 1.990200000 4.000000000 0.001190250 0.000000000 0.000000000 0.000000000 0.001267360 25.000000000 28.000000000 50.000000000 31.000000000
1750225367.799999952 31.2772169 120.907178476 2.028700000 4.000000000 0.001211040 0.000000000 0.000000000 0.000000000 0.001317690 25.000000000 28.000000000 50.000000000 31.000000000
1750225368.000000000 31.277216727333325 120.907177531 2.029800000 4.000000000 0.001190250 0.000000000 0.000000000 0.000000000 0.001267360 25.000000000 28.000000000 50.000000000 31.000000000
1750225368.200000048 31.277216501833323 120.907176775 2.025000000 4.000000000 0.001190250 0.000000000 0.000000000 0.000000000 0.001239040 22.000000000 29.000000000 52.000000000 36.000000000
1750225368.400000095 31.277216284666665 120.907175876 2.004000000 4.000000000 0.001296000 0.000000000 0.000000000 0.000000000 0.001218010 22.000000000 29.000000000 52.000000000 36.000000000
1750225368.599999905 31.277216134333344 120.907175107 2.005700000 4.000000000 0.001310440 0.000000000 0.000000000 0.000000000 0.001225000 22.000000000 29.000000000 52.000000000 36.000000000
1750225368.799999952 31.277216062833332 120.907174375 1.983600000 4.000000000 0.001428840 0.000000000 0.000000000 0.000000000 0.001361610 22.000000000 29.000000000 52.000000000 36.000000000
1750225369.000000000 31.277215937333338 120.907173517 2.037800000 4.000000000 0.001444000 0.000000000 0.000000000 0.000000000 0.001451610 22.000000000 29.000000000 52.000000000 36.000000000
1750225369.200000048 31.277215836833335 120.907172808 2.009400000 4.000000000 0.001383840 0.000000000 0.000000000 0.000000000 0.001339560 20.000000000 25.500000000 50.000000000 31.000000000
1750225369.400000095 31.2772157885 120.907171960 2.038000000 4.000000000 0.001197160 0.000000000 0.000000000 0.000000000 0.001218010 20.000000000 25.500000000 50.000000000 31.000000000
1750225369.599999905 31.27721564716667 120.907171040 2.050900000 4.000000000 0.001204090 0.000000000 0.000000000 0.000000000 0.001232010 20.000000000 25.500000000 50.000000000 31.000000000
1750225369.799999952 31.277215530666666 120.907170259 2.048600000 4.000000000 0.001211040 0.000000000 0.000000000 0.000000000 0.001246090 20.000000000 25.500000000 50.000000000 31.000000000
1750225370.000000000 31.277215435166667 120.907169469 2.028800000 4.000000000 0.001225000 0.000000000 0.000000000 0.000000000 0.001260250 20.000000000 25.500000000 50.000000000 31.000000000
1750225370.200000048 31.277215223166664 120.907168724 2.048400000 4.000000000 0.001239040 0.000000000 0.000000000 0.000000000 0.001246090 25.000000000 30.500000000 52.000000000 36.000000000
1750225370.400000095 31.27721533383334 120.907167875 2.039800000 4.000000000 0.001128960 0.000000000 0.000000000 0.000000000 0.001183360 25.000000000 30.500000000 52.000000000 36.000000000
1750225370.599999905 31.27721523466667 120.907167138 2.052000000 4.000000000 0.001135690 0.000000000 0.000000000 0.000000000 0.001190250 25.000000000 30.500000000 52.000000000 36.000000000
1750225370.799999952 31.277214958833326 120.907166276 2.047900000 4.000000000 0.001149210 0.000000000 0.000000000 0.000000000 0.001239040 25.000000000 30.500000000 52.000000000 36.000000000
1750225371.000000000 31.277214980833335 120.907165362 2.056800000 4.000000000 0.001156000 0.000000000 0.000000000 0.000000000 0.001310440 25.000000000 30.500000000 52.000000000 36.000000000
1750225371.200000048 31.277214875 120.907164660 2.056100000 4.000000000 0.001142440 0.000000000 0.000000000 0.000000000 0.001274490 22.000000000 28.000000000 51.000000000 34.000000000
1750225371.400000095 31.27721483783334 120.907163710 2.074800000 4.000000000 0.001176490 0.000000000 0.000000000 0.000000000 0.001346890 22.000000000 28.000000000 51.000000000 34.000000000
1750225371.599999905 31.277214854333337 120.907162914 2.068200000 4.000000000 0.001204090 0.000000000 0.000000000 0.000000000 0.001383840 22.000000000 28.000000000 51.000000000 34.000000000
1750225371.799999952 31.277214911499996 120.907162085 2.065100000 4.000000000 0.001211040 0.000000000 0.000000000 0.000000000 0.001398760 22.000000000 28.000000000 51.000000000 34.000000000
1750225372.000000000 31.277215093333325 120.907161294 2.120100000 4.000000000 0.001218010 0.000000000 0.000000000 0.000000000 0.001413760 22.000000000 28.000000000 51.000000000 34.000000000
1750225372.200000048 31.277214802999993 120.907160698 2.232800000 4.000000000 0.001246090 0.000000000 0.000000000 0.000000000 0.001317690 20.000000000 25.500000000 50.000000000 31.000000000
1750225372.400000095 31.277214982000004 120.907159931 2.202200000 4.000000000 0.001267360 0.000000000 0.000000000 0.000000000 0.001436410 20.000000000 25.500000000 50.000000000 31.000000000
1750225372.599999905 31.277214936000007 120.907159015 2.241500000 5.000000000 0.001376410 0.000000000 0.000000000 0.000000000 0.001552360 20.000000000 25.500000000 50.000000000 31.000000000
1750225372.799999952 31.277214938 120.907158106 2.217700000 5.000000000 0.001398760 0.000000000 0.000000000 0.000000000 0.001576090 20.000000000 25.500000000 50.000000000 31.000000000
1750225373.000000000 31.277214837499997 120.907157375 2.187500000 5.000000000 0.001505440 0.000000000 0.000000000 0.000000000 0.001823290 20.000000000 25.500000000 50.000000000 31.000000000
1750225373.200000048 31.27721472383334 120.907156603 2.130200000 4.000000000 0.001197160 0.000000000 0.000000000 0.000000000 0.001444000 20.000000000 18.000000000 47.000000000 25.000000000
1750225373.400000095 31.277214598166665 120.907155851 2.107400000 4.000000000 0.001218010 0.000000000 0.000000000 0.000000000 0.001482250 20.000000000 18.000000000 47.000000000 25.000000000
1750225373.599999905 31.27721445983333 120.907154969 2.108400000 4.000000000 0.001239040 0.000000000 0.000000000 0.000000000 0.001513210 20.000000000 18.000000000 47.000000000 25.000000000
1750225373.799999952 31.277214378833335 120.907154245 2.119400000 4.000000000 0.001260250 0.000000000 0.000000000 0.000000000 0.001544490 20.000000000 18.000000000 47.000000000 25.000000000
1750225374.000000000 31.277214256333338 120.907153488 2.117400000 4.000000000 0.001274490 0.000000000 0.000000000 0.000000000 0.001576090 20.000000000 18.000000000 47.000000000 25.000000000
1750225374.200000048 31.277213972666658 120.907152572 2.182000000 5.000000000 0.001274490 0.000000000 0.000000000 0.000000000 0.001459240 20.000000000 23.500000000 48.000000000 27.000000000
1750225374.400000095 31.27721390283334 120.907151789 2.206000000 5.000000000 0.001288810 0.000000000 0.000000000 0.000000000 0.001489960 20.000000000 23.500000000 48.000000000 27.000000000
1750225374.599999905 31.27721386799999 120.907151088 2.184700000 5.000000000 0.001303210 0.000000000 0.000000000 0.000000000 0.001505440 20.000000000 23.500000000 48.000000000 27.000000000
1750225374.799999952 31.277213522500006 120.907150330 2.200000000 5.000000000 0.001339560 0.000000000 0.000000000 0.000000000 0.001697440 20.000000000 23.500000000 48.000000000 27.000000000
1750225375.000000000 31.277213437 120.907149618 2.138500000 4.000000000 0.001239040 0.000000000 0.000000000 0.000000000 0.001474560 20.000000000 23.500000000 48.000000000 27.000000000
1750225375.200000048 31.277213161999995 120.907148949 2.132200000 5.000000000 0.001253160 0.000000000 0.000000000 0.000000000 0.001489960 20.000000000 27.000000000 51.000000000 34.000000000
1750225375.400000095 31.277213013833332 120.907148138 2.134600000 5.000000000 0.001274490 0.000000000 0.000000000 0.000000000 0.001544490 20.000000000 27.000000000 51.000000000 34.000000000
1750225375.599999905 31.277212923999997 120.907147358 2.100000000 5.000000000 0.001332250 0.000000000 0.000000000 0.000000000 0.001624090 20.000000000 27.000000000 51.000000000 34.000000000
1750225375.799999952 31.277212811833337 120.907146527 2.124700000 5.000000000 0.001346890 0.000000000 0.000000000 0.000000000 0.001648360 20.000000000 27.000000000 51.000000000 34.000000000
1750225376.000000000 31.27721262116667 120.907145719 2.150400000 5.000000000 0.001204090 0.000000000 0.000000000 0.000000000 0.001413760 20.000000000 27.000000000 51.000000000 34.000000000
1750225376.200000048 31.277212226333333 120.907144883 2.148600000 5.000000000 0.001211040 0.000000000 0.000000000 0.000000000 0.001428840 20.000000000 19.600000000 49.000000000 29.000000000
1750225376.400000095 31.277212212833334 120.907143937 2.175400000 5.000000000 0.001225000 0.000000000 0.000000000 0.000000000 0.001444000 20.000000000 19.600000000 49.000000000 29.000000000
1750225376.599999905 31.277211995166667 120.907143172 2.167700000 5.000000000 0.001225000 0.000000000 0.000000000 0.000000000 0.001459240 20.000000000 19.600000000 49.000000000 29.000000000
1750225376.799999952 31.277211929499998 120.907142427 2.137200000 5.000000000 0.001239040 0.000000000 0.000000000 0.000000000 0.001466890 20.000000000 19.600000000 49.000000000 29.000000000
1750225377.000000000 31.27721175666666 120.907141717 2.058400000 5.000000000 0.001246090 0.000000000 0.000000000 0.000000000 0.001482250 20.000000000 19.600000000 49.000000000 29.000000000
1750225377.200000048 31.27721150783333 120.907140868 2.097300000 5.000000000 0.001225000 0.000000000 0.000000000 0.000000000 0.001413760 20.000000000 19.600000000 49.000000000 29.000000000
1750225377.400000095 31.2772117225 120.907139933 2.105500000 5.000000000 0.001024000 0.000000000 0.000000000 0.000000000 0.001142440 20.000000000 19.600000000 49.000000000 29.000000000
1750225377.599999905 31.27721185183333 120.907139128 2.098900000 5.000000000 0.001017610 0.000000000 0.000000000 0.000000000 0.001122250 20.000000000 19.600000000 49.000000000 29.000000000
1750225377.799999952 31.277212190166665 120.907138150 2.145500000 5.000000000 0.001017610 0.000000000 0.000000000 0.000000000 0.001128960 20.000000000 19.600000000 49.000000000 29.000000000
1750225378.000000000 31.277212201333327 120.907137195 2.169100000 5.000000000 0.001049760 0.000000000 0.000000000 0.000000000 0.001162810 20.000000000 19.600000000 49.000000000 29.000000000
1750225378.200000048 31.277212034499996 120.907136596 2.173700000 5.000000000 0.001004890 0.000000000 0.000000000 0.000000000 0.001102240 22.000000000 19.600000000 48.000000000 27.000000000
1750225378.400000095 31.277212179000003 120.907135641 2.167700000 5.000000000 0.001030410 0.000000000 0.000000000 0.000000000 0.001128960 22.000000000 19.600000000 48.000000000 27.000000000
1750225378.599999905 31.277212003999992 120.907134836 2.181700000 5.000000000 0.001030410 0.000000000 0.000000000 0.000000000 0.001128960 22.000000000 19.600000000 48.000000000 27.000000000
1750225378.799999952 31.27721182916666 120.907134064 2.189100000 5.000000000 0.001024000 0.000000000 0.000000000 0.000000000 0.001115560 22.000000000 19.600000000 48.000000000 27.000000000
1750225379.000000000 31.27721193266666 120.907133208 2.184200000 5.000000000 0.001017610 0.000000000 0.000000000 0.000000000 0.001108890 22.000000000 19.600000000 48.000000000 27.000000000
1750225379.200000048 31.27721182083333 120.907132444 2.175300000 5.000000000 0.000998560 0.000000000 0.000000000 0.000000000 0.001108890 20.000000000 21.600000000 51.000000000 34.000000000
1750225379.400000095 31.277211530333332 120.907131589 2.191000000 5.000000000 0.000998560 0.000000000 0.000000000 0.000000000 0.001108890 20.000000000 21.600000000 51.000000000 34.000000000
1750225379.599999905 31.277211511833343 120.907130725 2.178200000 5.000000000 0.001004890 0.000000000 0.000000000 0.000000000 0.001169640 20.000000000 21.600000000 51.000000000 34.000000000
1750225379.799999952 31.277211317833334 120.907129971 2.172800000 5.000000000 0.001004890 0.000000000 0.000000000 0.000000000 0.001169640 20.000000000 21.600000000 51.000000000 34.000000000
1750225380.000000000 31.277211237499998 120.907129133 2.167400000 5.000000000 0.001004890 0.000000000 0.000000000 0.000000000 0.001176490 20.000000000 21.600000000 51.000000000 34.000000000
1750225380.200000048 31.27721104300001 120.907128345 2.177200000 5.000000000 0.000992250 0.000000000 0.000000000 0.000000000 0.001089000 25.000000000 22.400000000 50.000000000 31.000000000
1750225380.400000095 31.277210893333333 120.907127540 2.168600000 5.000000000 0.000992250 0.000000000 0.000000000 0.000000000 0.001089000 25.000000000 22.400000000 50.000000000 31.000000000
1750225380.599999905 31.277210780666664 120.907126761 2.160300000 5.000000000 0.000992250 0.000000000 0.000000000 0.000000000 0.001089000 25.000000000 22.400000000 50.000000000 31.000000000
1750225380.799999952 31.277210677666673 120.907125886 2.165900000 5.000000000 0.000998560 0.000000000 0.000000000 0.000000000 0.001095610 25.000000000 22.400000000 50.000000000 31.000000000
1750225381.000000000 31.27721014433334 120.907125106 2.177800000 5.000000000 0.001011240 0.000000000 0.000000000 0.000000000 0.001183360 25.000000000 22.400000000 50.000000000 31.000000000
1750225381.200000048 31.277210093333338 120.907124476 2.139400000 5.000000000 0.001011240 0.000000000 0.000000000 0.000000000 0.001183360 36.000000000 26.000000000 49.000000000 29.000000000
1750225381.400000095 31.277210096666664 120.907123617 2.138900000 5.000000000 0.001011240 0.000000000 0.000000000 0.000000000 0.001183360 36.000000000 26.000000000 49.000000000 29.000000000
1750225381.599999905 31.277210065666665 120.907122748 2.123200000 5.000000000 0.001011240 0.000000000 0.000000000 0.000000000 0.001183360 36.000000000 26.000000000 49.000000000 29.000000000
1750225381.799999952 31.277209796833333 120.907122073 2.123100000 5.000000000 0.001011240 0.000000000 0.000000000 0.000000000 0.001183360 36.000000000 26.000000000 49.000000000 29.000000000
1750225382.000000000 31.277209705333334 120.907121248 2.113500000 5.000000000 0.001011240 0.000000000 0.000000000 0.000000000 0.001183360 36.000000000 26.000000000 49.000000000 29.000000000
1750225382.200000048 31.2772097605 120.907120513 2.092800000 5.000000000 0.001017610 0.000000000 0.000000000 0.000000000 0.001183360 40.000000000 34.800000000 58.000000000 47.000000000
1750225382.400000095 31.277209844166663 120.907119611 2.105600000 5.000000000 0.001017610 0.000000000 0.000000000 0.000000000 0.001183360 40.000000000 34.800000000 58.000000000 47.000000000
1750225382.599999905 31.27720988366667 120.907118880 2.100200000 5.000000000 0.001017610 0.000000000 0.000000000 0.000000000 0.001183360 40.000000000 34.800000000 58.000000000 47.000000000
1750225382.799999952 31.27720977716666 120.907117892 2.103100000 5.000000000 0.001017610 0.000000000 0.000000000 0.000000000 0.001183360 40.000000000 34.800000000 58.000000000 47.000000000
1750225383.000000000 31.277209891500007 120.907117127 2.093400000 5.000000000 0.001017610 0.000000000 0.000000000 0.000000000 0.001183360 40.000000000 34.800000000 58.000000000 47.000000000
1750225383.200000048 31.277209955666663 120.907116364 2.082400000 5.000000000 0.001017610 0.000000000 0.000000000 0.000000000 0.001183360 38.000000000 30.400000000 53.000000000 38.000000000
1750225383.400000095 31.277209885666664 120.907115574 2.083200000 5.000000000 0.001017610 0.000000000 0.000000000 0.000000000 0.001183360 38.000000000 30.400000000 53.000000000 38.000000000
1750225383.599999905 31.277209756666664 120.907114919 2.074000000 5.000000000 0.001017610 0.000000000 0.000000000 0.000000000 0.001183360 38.000000000 30.400000000 53.000000000 38.000000000
1750225383.799999952 31.277209267499998 120.907114672 2.075300000 5.000000000 0.001017610 0.000000000 0.000000000 0.000000000 0.001183360 38.000000000 30.400000000 53.000000000 38.000000000
1750225384.000000000 31.277208989000002 120.907114273 2.087600000 5.000000000 0.001017610 0.000000000 0.000000000 0.000000000 0.001183360 38.000000000 30.400000000 53.000000000 38.000000000
1750225384.200000048 31.277209076999995 120.907114369 2.068000000 5.000000000 0.001017610 0.000000000 0.000000000 0.000000000 0.001183360 40.000000000 33.200000000 56.000000000 43.000000000
1750225384.400000095 31.277209056000004 120.907114390 2.067400000 5.000000000 0.001017610 0.000000000 0.000000000 0.000000000 0.001183360 40.000000000 33.200000000 56.000000000 43.000000000
1750225384.599999905 31.277209044833327 120.907114397 2.073800000 5.000000000 0.001017610 0.000000000 0.000000000 0.000000000 0.001183360 40.000000000 33.200000000 56.000000000 43.000000000
1750225384.799999952 31.277209103833343 120.907114611 2.066000000 5.000000000 0.001017610 0.000000000 0.000000000 0.000000000 0.001183360 40.000000000 33.200000000 56.000000000 43.000000000
1750225385.000000000 31.277208949833337 120.907115142 2.074400000 5.000000000 0.001017610 0.000000000 0.000000000 0.000000000 0.001183360 40.000000000 33.200000000 56.000000000 43.000000000
1750225385.200000048 31.27720875333334 120.907115890 2.076100000 5.000000000 0.001017610 0.000000000 0.000000000 0.000000000 0.001183360 43.000000000 36.000000000 58.000000000 47.000000000
1750225385.400000095 31.27720881083333 120.907116354 2.070600000 5.000000000 0.001017610 0.000000000 0.000000000 0.000000000 0.001183360 43.000000000 36.000000000 58.000000000 47.000000000
1750225385.599999905 31.277208890333327 120.907116479 2.066500000 5.000000000 0.001017610 0.000000000 0.000000000 0.000000000 0.001183360 43.000000000 36.000000000 58.000000000 47.000000000
1750225385.799999952 31.277209232000004 120.907116424 2.069800000 5.000000000 0.001017610 0.000000000 0.000000000 0.000000000 0.001183360 43.000000000 36.000000000 58.000000000 47.000000000
1750225386.000000000 31.27720947783334 120.907116381 2.076700000 5.000000000 0.001017610 0.000000000 0.000000000 0.000000000 0.001183360 43.000000000 36.000000000 58.000000000 47.000000000
1750225386.200000048 31.277209594499993 120.907116389 2.067500000 5.000000000 0.001017610 0.000000000 0.000000000 0.000000000 0.001183360 43.000000000 37.200000000 59.000000000 50.000000000
1750225386.400000095 31.2772086815 120.907117867 2.018700000 4.000000000 0.000368640 0.000000000 0.000000000 0.000000000 0.000368640 43.000000000 37.200000000 59.000000000 50.000000000
1750225386.599999905 31.277208716333334 120.907117864 2.024800000 4.000000000 0.000368640 0.000000000 0.000000000 0.000000000 0.000372490 43.000000000 37.200000000 59.000000000 50.000000000
1750225386.799999952 31.277208716833343 120.907117854 2.020400000 4.000000000 0.000368640 0.000000000 0.000000000 0.000000000 0.000380250 43.000000000 37.200000000 59.000000000 50.000000000
1750225387.000000000 31.277208664166665 120.907117353 2.022000000 4.000000000 0.000368640 0.000000000 0.000000000 0.000000000 0.000380250 43.000000000 37.200000000 59.000000000 50.000000000
1750225387.200000048 31.277208681333335 120.907116492 2.014300000 4.000000000 0.000368640 0.000000000 0.000000000 0.000000000 0.000380250 43.000000000 46.500000000 59.000000000 50.000000000
1750225387.400000095 31.2772085685 120.907115477 2.035100000 4.000000000 0.000349690 0.000000000 0.000000000 0.000000000 0.000376360 43.000000000 46.500000000 59.000000000 50.000000000
1750225387.599999905 31.277208717333338 120.907114609 2.048600000 4.000000000 0.000349690 0.000000000 0.000000000 0.000000000 0.000372490 43.000000000 46.500000000 59.000000000 50.000000000
1750225387.799999952 31.27720849266666 120.907113873 2.043300000 4.000000000 0.000349690 0.000000000 0.000000000 0.000000000 0.000380250 43.000000000 46.500000000 59.000000000 50.000000000
1750225388.000000000 31.277208317333333 120.907113057 2.033800000 4.000000000 0.000349690 0.000000000 0.000000000 0.000000000 0.000380250 43.000000000 46.500000000 59.000000000 50.000000000
1750225388.200000048 31.277208036000005 120.907112218 2.022900000 4.000000000 0.000349690 0.000000000 0.000000000 0.000000000 0.000372490 45.000000000 47.500000000 59.000000000 50.000000000
1750225388.400000095 31.27720780499999 120.907111335 1.989400000 4.000000000 0.000216090 0.000000000 0.000000000 0.000000000 0.000353440 45.000000000 47.500000000 59.000000000 50.000000000
1750225388.599999905 31.27720763100001 120.907110553 1.991600000 4.000000000 0.000216090 0.000000000 0.000000000 0.000000000 0.000357210 45.000000000 47.500000000 59.000000000 50.000000000
1750225388.799999952 31.277207453166668 120.907109770 1.995000000 4.000000000 0.000216090 0.000000000 0.000000000 0.000000000 0.000357210 45.000000000 47.500000000 59.000000000 50.000000000
1750225389.000000000 31.277207266999994 120.907108965 1.993800000 4.000000000 0.000219040 0.000000000 0.000000000 0.000000000 0.000357210 45.000000000 47.500000000 59.000000000 50.000000000
1750225389.200000048 31.277207229333328 120.907108138 1.993200000 4.000000000 0.000219040 0.000000000 0.000000000 0.000000000 0.000353440 45.000000000 46.000000000 58.000000000 47.000000000
1750225389.400000095 31.277207100833337 120.907107203 2.051600000 4.000000000 0.000207360 0.000000000 0.000000000 0.000000000 0.000345960 45.000000000 46.000000000 58.000000000 47.000000000
1750225389.599999905 31.277207000666664 120.907106428 2.050000000 4.000000000 0.000207360 0.000000000 0.000000000 0.000000000 0.000345960 45.000000000 46.000000000 58.000000000 47.000000000
1750225389.799999952 31.27720700416667 120.907105505 2.058900000 4.000000000 0.000207360 0.000000000 0.000000000 0.000000000 0.000345960 45.000000000 46.000000000 58.000000000 47.000000000
1750225390.000000000 31.277206928 120.907104685 2.050700000 4.000000000 0.000207360 0.000000000 0.000000000 0.000000000 0.000345960 45.000000000 46.000000000 58.000000000 47.000000000
1750225390.200000048 31.277206796 120.907103896 2.041600000 4.000000000 0.000207360 0.000000000 0.000000000 0.000000000 0.000345960 46.000000000 48.500000000 59.000000000 51.000000000
1750225390.400000095 31.277206550166667 120.907103006 2.044200000 4.000000000 0.000182250 0.000000000 0.000000000 0.000000000 0.000299290 46.000000000 48.500000000 59.000000000 51.000000000
1750225390.599999905 31.27720642899999 120.907102232 2.029800000 4.000000000 0.000182250 0.000000000 0.000000000 0.000000000 0.000299290 46.000000000 48.500000000 59.000000000 51.000000000
1750225390.799999952 31.27720617916667 120.907101718 2.039000000 4.000000000 0.000182250 0.000000000 0.000000000 0.000000000 0.000299290 46.000000000 48.500000000 59.000000000 51.000000000
1750225391.000000000 31.27720595466667 120.907101544 2.044500000 4.000000000 0.000182250 0.000000000 0.000000000 0.000000000 0.000299290 46.000000000 48.500000000 59.000000000 51.000000000
1750225391.200000048 31.277205737999992 120.907101472 2.053900000 4.000000000 0.000182250 0.000000000 0.000000000 0.000000000 0.000292410 46.000000000 48.500000000 59.000000000 51.000000000
1750225391.400000095 31.2772055275 120.907101314 2.065500000 4.000000000 0.000187690 0.000000000 0.000000000 0.000000000 0.000285610 46.000000000 48.500000000 59.000000000 51.000000000
1750225391.599999905 31.277205324333337 120.907101171 2.051000000 4.000000000 0.000187690 0.000000000 0.000000000 0.000000000 0.000285610 46.000000000 48.500000000 59.000000000 51.000000000
1750225391.799999952 31.277205117999998 120.907101017 2.041300000 4.000000000 0.000187690 0.000000000 0.000000000 0.000000000 0.000285610 46.000000000 48.500000000 59.000000000 51.000000000
1750225392.000000000 31.277204847333337 120.907100923 2.010700000 4.000000000 0.000193210 0.000000000 0.000000000 0.000000000 0.000289000 46.000000000 48.500000000 59.000000000 51.000000000
1750225392.200000048 31.277204668833335 120.907100627 2.050100000 4.000000000 0.000190440 0.000000000 0.000000000 0.000000000 0.000295840 51.000000000 49.500000000 58.000000000 48.000000000
1750225392.400000095 31.277204732666675 120.907100150 2.018100000 4.000000000 0.000306250 0.000000000 0.000000000 0.000000000 0.000324000 51.000000000 49.500000000 58.000000000 48.000000000
1750225392.599999905 31.27720502983334 120.907099448 2.011700000 4.000000000 0.000316840 0.000000000 0.000000000 0.000000000 0.000327610 51.000000000 49.500000000 58.000000000 48.000000000
1750225392.799999952 31.277205618500005 120.907098823 1.991400000 4.000000000 0.000313290 0.000000000 0.000000000 0.000000000 0.000327610 51.000000000 49.500000000 58.000000000 48.000000000
1750225393.000000000 31.27720625633333 120.907098031 2.027000000 4.000000000 0.000320410 0.000000000 0.000000000 0.000000000 0.000327610 51.000000000 49.500000000 58.000000000 48.000000000
1750225393.200000048 31.27720691333333 120.907097607 2.031700000 4.000000000 0.000320410 0.000000000 0.000000000 0.000000000 0.000327610 47.000000000 47.000000000 56.000000000 47.000000000
1750225393.400000095 31.277207574833326 120.907097297 1.984100000 4.000000000 0.000320410 0.000000000 0.000000000 0.000000000 0.000324000 47.000000000 47.000000000 56.000000000 47.000000000
1750225393.599999905 31.277208257500007 120.907097079 1.988400000 4.000000000 0.000320410 0.000000000 0.000000000 0.000000000 0.000324000 47.000000000 47.000000000 56.000000000 47.000000000
1750225393.799999952 31.277209078666672 120.907096918 2.010700000 4.000000000 0.000324000 0.000000000 0.000000000 0.000000000 0.000327610 47.000000000 47.000000000 56.000000000 47.000000000
1750225394.000000000 31.277209687833334 120.907096847 2.033400000 4.000000000 0.000324000 0.000000000 0.000000000 0.000000000 0.000327610 47.000000000 47.000000000 56.000000000 47.000000000
1750225394.200000048 31.27720988850001 120.907096489 2.027200000 4.000000000 0.000327610 0.000000000 0.000000000 0.000000000 0.000320410 50.000000000 50.000000000 58.000000000 50.000000000
1750225394.400000095 31.2772101435 120.907096368 2.027800000 4.000000000 0.000306250 0.000000000 0.000000000 0.000000000 0.000338560 50.000000000 50.000000000 58.000000000 50.000000000
1750225394.599999905 31.277209985500008 120.907096423 2.013900000 4.000000000 0.000306250 0.000000000 0.000000000 0.000000000 0.000338560 50.000000000 50.000000000 58.000000000 50.000000000
1750225394.799999952 31.27720997450001 120.907096455 2.002400000 4.000000000 0.000306250 0.000000000 0.000000000 0.000000000 0.000338560 50.000000000 50.000000000 58.000000000 50.000000000
1750225395.000000000 31.277209939166667 120.907096406 2.011900000 4.000000000 0.000306250 0.000000000 0.000000000 0.000000000 0.000338560 50.000000000 50.000000000 58.000000000 50.000000000
1750225395.200000048 31.277209588999995 120.907096297 2.015500000 4.000000000 0.000306250 0.000000000 0.000000000 0.000000000 0.000338560 50.000000000 51.000000000 59.000000000 52.000000000
1750225395.400000095 31.27720933483333 120.907096299 1.852600000 4.000000000 0.000364810 0.000000000 0.000000000 0.000000000 0.000388090 50.000000000 51.000000000 59.000000000 52.000000000
1750225395.599999905 31.277208923666663 120.907096211 1.850500000 4.000000000 0.000364810 0.000000000 0.000000000 0.000000000 0.000388090 50.000000000 51.000000000 59.000000000 52.000000000
1750225395.799999952 31.277208794666663 120.907096392 1.854500000 4.000000000 0.000364810 0.000000000 0.000000000 0.000000000 0.000388090 50.000000000 51.000000000 59.000000000 52.000000000
1750225396.000000000 31.27720877666667 120.907096611 1.851000000 4.000000000 0.000364810 0.000000000 0.000000000 0.000000000 0.000388090 50.000000000 51.000000000 59.000000000 52.000000000
1750225396.200000048 31.277208848666675 120.907096843 1.855100000 4.000000000 0.000368640 0.000000000 0.000000000 0.000000000 0.000392040 51.000000000 52.000000000 59.000000000 53.000000000
1750225396.400000095 31.277208875 120.907097231 1.811100000 4.000000000 0.000376360 0.000000000 0.000000000 0.000000000 0.000392040 51.000000000 52.000000000 59.000000000 53.000000000
1750225396.599999905 31.2772088575 120.907097407 1.819800000 4.000000000 0.000376360 0.000000000 0.000000000 0.000000000 0.000392040 51.000000000 52.000000000 59.000000000 53.000000000
1750225396.799999952 31.277208882500005 120.907097308 1.818900000 4.000000000 0.000376360 0.000000000 0.000000000 0.000000000 0.000392040 51.000000000 52.000000000 59.000000000 53.000000000
1750225397.000000000 31.27720886499999 120.907097347 1.811400000 4.000000000 0.000380250 0.000000000 0.000000000 0.000000000 0.000392040 51.000000000 52.000000000 59.000000000 53.000000000
1750225397.200000048 31.277208976499992 120.907097279 1.808400000 4.000000000 0.000376360 0.000000000 0.000000000 0.000000000 0.000396010 50.000000000 52.500000000 59.000000000 55.000000000
1750225397.400000095 31.2772094515 120.907097145 1.837900000 4.000000000 0.000368640 0.000000000 0.000000000 0.000000000 0.000416160 50.000000000 52.500000000 59.000000000 55.000000000
1750225397.599999905 31.277210211166675 120.907097075 1.861300000 4.000000000 0.000368640 0.000000000 0.000000000 0.000000000 0.000412090 50.000000000 52.500000000 59.000000000 55.000000000
1750225397.799999952 31.277210859833332 120.907097057 1.850200000 4.000000000 0.000368640 0.000000000 0.000000000 0.000000000 0.000412090 50.000000000 52.500000000 59.000000000 55.000000000
1750225398.000000000 31.277211542833328 120.907096850 1.880600000 4.000000000 0.000368640 0.000000000 0.000000000 0.000000000 0.000412090 50.000000000 52.500000000 59.000000000 55.000000000
1750225398.200000048 31.277212299 120.907096717 1.878100000 4.000000000 0.000368640 0.000000000 0.000000000 0.000000000 0.000412090 51.000000000 52.000000000 59.000000000 53.000000000
1750225398.400000095 31.277212943833334 120.907096570 1.899500000 4.000000000 0.000416160 0.000000000 0.000000000 0.000000000 0.000400000 51.000000000 52.000000000 59.000000000 53.000000000
1750225398.599999905 31.277213799833333 120.907096384 1.923500000 4.000000000 0.000416160 0.000000000 0.000000000 0.000000000 0.000400000 51.000000000 52.000000000 59.000000000 53.000000000
1750225398.799999952 31.277214455333336 120.907096145 1.920200000 4.000000000 0.000416160 0.000000000 0.000000000 0.000000000 0.000400000 51.000000000 52.000000000 59.000000000 53.000000000
1750225399.000000000 31.277215041000005 120.907096002 1.930200000 4.000000000 0.000416160 0.000000000 0.000000000 0.000000000 0.000400000 51.000000000 52.000000000 59.000000000 53.000000000
1750225399.200000048 31.277215701999992 120.907095861 1.940800000 4.000000000 0.000416160 0.000000000 0.000000000 0.000000000 0.000396010 50.000000000 50.000000000 58.000000000 50.000000000
1750225399.400000095 31.27721636199999 120.907095680 1.935200000 4.000000000 0.000416160 0.000000000 0.000000000 0.000000000 0.000396010 50.000000000 50.000000000 58.000000000 50.000000000
1750225399.599999905 31.277216875500002 120.907095382 1.969300000 4.000000000 0.000416160 0.000000000 0.000000000 0.000000000 0.000396010 50.000000000 50.000000000 58.000000000 50.000000000
1750225399.799999952 31.277217626833334 120.907095167 1.966300000 4.000000000 0.000416160 0.000000000 0.000000000 0.000000000 0.000396010 50.000000000 50.000000000 58.000000000 50.000000000
1750225400.000000000 31.277218338833336 120.907095151 1.927900000 4.000000000 0.000420250 0.000000000 0.000000000 0.000000000 0.000396010 50.000000000 50.000000000 58.000000000 50.000000000
1750225400.200000048 31.277219050166664 120.907095063 1.967700000 4.000000000 0.000416160 0.000000000 0.000000000 0.000000000 0.000388090 48.000000000 48.000000000 57.000000000 48.000000000
1750225400.400000095 31.277219736000006 120.907095018 1.921700000 4.000000000 0.000416160 0.000000000 0.000000000 0.000000000 0.000388090 48.000000000 48.000000000 57.000000000 48.000000000
1750225400.599999905 31.27722040816667 120.907094709 1.998900000 4.000000000 0.000420250 0.000000000 0.000000000 0.000000000 0.000388090 48.000000000 48.000000000 57.000000000 48.000000000
1750225400.799999952 31.277221022000006 120.907094705 1.936500000 4.000000000 0.000432640 0.000000000 0.000000000 0.000000000 0.000388090 48.000000000 48.000000000 57.000000000 48.000000000
1750225401.000000000 31.2772217925 120.907094215 2.006100000 4.000000000 0.000436810 0.000000000 0.000000000 0.000000000 0.000388090 48.000000000 48.000000000 57.000000000 48.000000000
1750225401.200000048 31.277222539999997 120.907093946 1.968100000 5.000000000 0.000432640 0.000000000 0.000000000 0.000000000 0.000388090 48.000000000 48.000000000 57.000000000 48.000000000
1750225401.400000095 31.277223292666662 120.907093362 2.031400000 5.000000000 0.000470890 0.000000000 0.000000000 0.000000000 0.000400000 48.000000000 48.000000000 57.000000000 48.000000000
1750225401.599999905 31.2772241375 120.907093221 2.016600000 5.000000000 0.000470890 0.000000000 0.000000000 0.000000000 0.000396010 48.000000000 48.000000000 57.000000000 48.000000000
1750225401.799999952 31.27722482583333 120.907093281 2.019400000 5.000000000 0.000475240 0.000000000 0.000000000 0.000000000 0.000400000 48.000000000 48.000000000 57.000000000 48.000000000
1750225402.000000000 31.277225539166665 120.907093501 2.027800000 5.000000000 0.000479610 0.000000000 0.000000000 0.000000000 0.000400000 48.000000000 48.000000000 57.000000000 48.000000000
1750225402.200000048 31.2772262255 120.907093607 2.023500000 5.000000000 0.000479610 0.000000000 0.000000000 0.000000000 0.000400000 40.000000000 32.000000000 53.000000000 40.000000000
1750225402.400000095 31.277226890666668 120.907093406 2.032300000 5.000000000 0.000479610 0.000000000 0.000000000 0.000000000 0.000400000 40.000000000 32.000000000 53.000000000 40.000000000
1750225402.599999905 31.27722770150001 120.907093209 2.034100000 5.000000000 0.000479610 0.000000000 0.000000000 0.000000000 0.000400000 40.000000000 32.000000000 53.000000000 40.000000000
1750225402.799999952 31.27722837766666 120.907093181 2.024700000 5.000000000 0.000484000 0.000000000 0.000000000 0.000000000 0.000404010 40.000000000 32.000000000 53.000000000 40.000000000
1750225403.000000000 31.277229023833343 120.907093167 2.021500000 5.000000000 0.000479610 0.000000000 0.000000000 0.000000000 0.000404010 40.000000000 32.000000000 53.000000000 40.000000000
1750225403.200000048 31.27722979633333 120.907093111 2.018400000 5.000000000 0.000470890 0.000000000 0.000000000 0.000000000 0.000388090 42.000000000 32.800000000 53.000000000 40.000000000
1750225403.400000095 31.277230460666672 120.907092879 2.025900000 5.000000000 0.000466560 0.000000000 0.000000000 0.000000000 0.000388090 42.000000000 32.800000000 53.000000000 40.000000000
1750225403.599999905 31.277231190166674 120.907092823 2.024500000 5.000000000 0.000470890 0.000000000 0.000000000 0.000000000 0.000388090 42.000000000 32.800000000 53.000000000 40.000000000
1750225403.799999952 31.277231814333334 120.907092803 2.024600000 5.000000000 0.000466560 0.000000000 0.000000000 0.000000000 0.000388090 42.000000000 32.800000000 53.000000000 40.000000000
1750225404.000000000 31.277232626499995 120.907092804 2.020100000 5.000000000 0.000470890 0.000000000 0.000000000 0.000000000 0.000388090 42.000000000 32.800000000 53.000000000 40.000000000
1750225404.200000048 31.277233332833333 120.907092609 2.022200000 5.000000000 0.000453690 0.000000000 0.000000000 0.000000000 0.000376360 45.000000000 36.000000000 56.000000000 45.000000000
1750225404.400000095 31.27723399366667 120.907093492 1.745300000 4.000000000 0.000973440 0.000000000 0.000000000 0.000000000 0.000259210 45.000000000 36.000000000 56.000000000 45.000000000
1750225404.599999905 31.277234585666662 120.907093335 1.753200000 4.000000000 0.000973440 0.000000000 0.000000000 0.000000000 0.000259210 45.000000000 36.000000000 56.000000000 45.000000000
1750225404.799999952 31.27723533833334 120.907093071 1.773200000 4.000000000 0.000973440 0.000000000 0.000000000 0.000000000 0.000259210 45.000000000 36.000000000 56.000000000 45.000000000
1750225405.000000000 31.27723595949999 120.907092874 1.769000000 4.000000000 0.000973440 0.000000000 0.000000000 0.000000000 0.000259210 45.000000000 36.000000000 56.000000000 45.000000000
1750225405.200000048 31.27723674716667 120.907092592 1.767100000 4.000000000 0.000948640 0.000000000 0.000000000 0.000000000 0.000259210 46.000000000 49.500000000 61.000000000 53.000000000
1750225405.400000095 31.27723755283334 120.907092825 1.737500000 4.000000000 0.000882090 0.000000000 0.000000000 0.000000000 0.000219040 46.000000000 49.500000000 61.000000000 53.000000000
1750225405.599999905 31.277238361166667 120.907092881 1.709000000 4.000000000 0.000882090 0.000000000 0.000000000 0.000000000 0.000219040 46.000000000 49.500000000 61.000000000 53.000000000
1750225405.799999952 31.277239185 120.907092644 1.683900000 4.000000000 0.000882090 0.000000000 0.000000000 0.000000000 0.000222010 46.000000000 49.500000000 61.000000000 53.000000000
1750225406.000000000 31.27723989666667 120.907092697 1.678000000 4.000000000 0.000882090 0.000000000 0.000000000 0.000000000 0.000222010 46.000000000 49.500000000 61.000000000 53.000000000
1750225406.200000048 31.27724061633333 120.907092567 1.659300000 4.000000000 0.000864360 0.000000000 0.000000000 0.000000000 0.000222010 51.000000000 52.000000000 61.000000000 53.000000000
1750225406.400000095 31.27724116249999 120.907092161 1.703800000 4.000000000 0.000795240 0.000000000 0.000000000 0.000000000 0.000201640 51.000000000 52.000000000 61.000000000 53.000000000
1750225406.599999905 31.27724186766666 120.907092006 1.672200000 4.000000000 0.000795240 0.000000000 0.000000000 0.000000000 0.000201640 51.000000000 52.000000000 61.000000000 53.000000000
1750225406.799999952 31.277242555833325 120.907091699 1.687800000 4.000000000 0.000795240 0.000000000 0.000000000 0.000000000 0.000201640 51.000000000 52.000000000 61.000000000 53.000000000
1750225407.000000000 31.2772432755 120.907091326 1.680700000 4.000000000 0.000795240 0.000000000 0.000000000 0.000000000 0.000201640 51.000000000 52.000000000 61.000000000 53.000000000
1750225407.200000048 31.277243903833323 120.907090938 1.677400000 4.000000000 0.000784000 0.000000000 0.000000000 0.000000000 0.000196000 64.000000000 61.500000000 63.000000000 59.000000000
1750225407.400000095 31.277244678333332 120.907090635 1.674000000 4.000000000 0.000676000 0.000000000 0.000000000 0.000000000 0.000163840 64.000000000 61.500000000 63.000000000 59.000000000
1750225407.599999905 31.277245480333335 120.907090824 1.660500000 4.000000000 0.000676000 0.000000000 0.000000000 0.000000000 0.000166410 64.000000000 61.500000000 63.000000000 59.000000000
1750225407.799999952 31.277246129333335 120.907090917 1.664500000 4.000000000 0.000676000 0.000000000 0.000000000 0.000000000 0.000166410 64.000000000 61.500000000 63.000000000 59.000000000
1750225408.000000000 31.277246887333334 120.907091029 1.637500000 4.000000000 0.000686440 0.000000000 0.000000000 0.000000000 0.000166410 64.000000000 61.500000000 63.000000000 59.000000000
1750225408.200000048 31.277247645333333 120.907091023 1.629600000 4.000000000 0.000691690 0.000000000 0.000000000 0.000000000 0.000163840 61.000000000 62.500000000 65.000000000 64.000000000
1750225408.400000095 31.277248404000005 120.907090721 1.657300000 4.000000000 0.000635040 0.000000000 0.000000000 0.000000000 0.000153760 61.000000000 62.500000000 65.000000000 64.000000000
1750225408.599999905 31.277249120000008 120.907090466 1.648700000 4.000000000 0.000635040 0.000000000 0.000000000 0.000000000 0.000153760 61.000000000 62.500000000 65.000000000 64.000000000
1750225408.799999952 31.27724981066666 120.907090196 1.665100000 4.000000000 0.000635040 0.000000000 0.000000000 0.000000000 0.000153760 61.000000000 62.500000000 65.000000000 64.000000000
1750225409.000000000 31.277250514833327 120.907089616 1.697800000 4.000000000 0.000650250 0.000000000 0.000000000 0.000000000 0.000156250 61.000000000 62.500000000 65.000000000 64.000000000
1750225409.200000048 31.277251180666667 120.907089300 1.670600000 4.000000000 0.000650250 0.000000000 0.000000000 0.000000000 0.000156250 61.000000000 61.000000000 64.000000000 61.000000000
1750225409.400000095 31.277251890499997 120.907088993 1.652800000 4.000000000 0.000670810 0.000000000 0.000000000 0.000000000 0.000151290 61.000000000 61.000000000 64.000000000 61.000000000
1750225409.599999905 31.277252414999992 120.907088614 1.661100000 4.000000000 0.000670810 0.000000000 0.000000000 0.000000000 0.000151290 61.000000000 61.000000000 64.000000000 61.000000000
1750225409.799999952 31.27725284633334 120.907088099 1.644100000 4.000000000 0.000670810 0.000000000 0.000000000 0.000000000 0.000153760 61.000000000 61.000000000 64.000000000 61.000000000
1750225410.000000000 31.2772530405 120.907087600 1.661300000 4.000000000 0.000670810 0.000000000 0.000000000 0.000000000 0.000153760 61.000000000 61.000000000 64.000000000 61.000000000
1750225410.200000048 31.27725331566667 120.907087402 1.678800000 4.000000000 0.000676000 0.000000000 0.000000000 0.000000000 0.000153760 64.000000000 64.000000000 65.000000000 64.000000000
1750225410.400000095 31.27725355749999 120.907087203 1.674400000 4.000000000 0.000681210 0.000000000 0.000000000 0.000000000 0.000153760 64.000000000 64.000000000 65.000000000 64.000000000
1750225410.599999905 31.277254058333327 120.907087211 1.673300000 4.000000000 0.000681210 0.000000000 0.000000000 0.000000000 0.000156250 64.000000000 64.000000000 65.000000000 64.000000000
1750225410.799999952 31.277254819999996 120.907087384 1.708100000 4.000000000 0.000681210 0.000000000 0.000000000 0.000000000 0.000156250 64.000000000 64.000000000 65.000000000 64.000000000
1750225411.000000000 31.277255491999995 120.907088044 1.713000000 4.000000000 0.000686440 0.000000000 0.000000000 0.000000000 0.000156250 64.000000000 64.000000000 65.000000000 64.000000000
1750225411.200000048 31.277255763 120.907088809 1.685400000 4.000000000 0.000686440 0.000000000 0.000000000 0.000000000 0.000156250 64.000000000 64.000000000 65.000000000 64.000000000
1750225411.400000095 31.27725600416666 120.907089622 1.669000000 4.000000000 0.000686440 0.000000000 0.000000000 0.000000000 0.000156250 64.000000000 64.000000000 65.000000000 64.000000000
1750225411.599999905 31.277256096499997 120.907090206 1.691800000 4.000000000 0.000681210 0.000000000 0.000000000 0.000000000 0.000156250 64.000000000 64.000000000 65.000000000 64.000000000
1750225411.799999952 31.277256335333334 120.907091077 1.686600000 4.000000000 0.000681210 0.000000000 0.000000000 0.000000000 0.000156250 64.000000000 64.000000000 65.000000000 64.000000000
1750225412.000000000 31.277256616666662 120.907091756 1.686200000 4.000000000 0.000686440 0.000000000 0.000000000 0.000000000 0.000158760 64.000000000 64.000000000 65.000000000 64.000000000
1750225412.200000048 31.27725682350001 120.907092368 1.704000000 5.000000000 0.000686440 0.000000000 0.000000000 0.000000000 0.000161290 54.000000000 57.500000000 64.000000000 61.000000000
1750225412.400000095 31.277257015666663 120.907093042 1.750800000 5.000000000 0.000712890 0.000000000 0.000000000 0.000000000 0.000161290 54.000000000 57.500000000 64.000000000 61.000000000
1750225412.599999905 31.277257215000006 120.907093766 1.757700000 5.000000000 0.000729000 0.000000000 0.000000000 0.000000000 0.000161290 54.000000000 57.500000000 64.000000000 61.000000000
1750225412.799999952 31.277257453000004 120.907094557 1.783300000 5.000000000 0.000718240 0.000000000 0.000000000 0.000000000 0.000161290 54.000000000 57.500000000 64.000000000 61.000000000
1750225413.000000000 31.277257570166668 120.907095614 1.784000000 5.000000000 0.000739840 0.000000000 0.000000000 0.000000000 0.000161290 54.000000000 57.500000000 64.000000000 61.000000000
1750225413.200000048 31.277257818500004 120.907096182 1.796400000 5.000000000 0.000707560 0.000000000 0.000000000 0.000000000 0.000156250 52.000000000 40.800000000 58.000000000 50.000000000
1750225413.400000095 31.277258042666674 120.907096458 1.895800000 4.000000000 0.001102240 0.000000000 0.000000000 0.000000000 0.000265690 52.000000000 40.800000000 58.000000000 50.000000000
1750225413.599999905 31.27725830316666 120.907097109 1.900800000 4.000000000 0.001102240 0.000000000 0.000000000 0.000000000 0.000265690 52.000000000 40.800000000 58.000000000 50.000000000
1750225413.799999952 31.277258219833328 120.907097938 1.871200000 4.000000000 0.001128960 0.000000000 0.000000000 0.000000000 0.000268960 52.000000000 40.800000000 58.000000000 50.000000000
1750225414.000000000 31.277258386666674 120.907098839 1.857400000 4.000000000 0.001162810 0.000000000 0.000000000 0.000000000 0.000268960 52.000000000 40.800000000 58.000000000 50.000000000
1750225414.200000048 31.277258491499992 120.907099611 1.834600000 4.000000000 0.001135690 0.000000000 0.000000000 0.000000000 0.000262440 50.000000000 48.500000000 57.000000000 47.000000000
1750225414.400000095 31.277258365999998 120.907100122 1.850100000 4.000000000 0.001135690 0.000000000 0.000000000 0.000000000 0.000262440 50.000000000 48.500000000 57.000000000 47.000000000
1750225414.599999905 31.277258249666673 120.907100650 1.824800000 4.000000000 0.001128960 0.000000000 0.000000000 0.000000000 0.000262440 50.000000000 48.500000000 57.000000000 47.000000000
1750225414.799999952 31.277258319499992 120.907101329 1.795100000 4.000000000 0.001156000 0.000000000 0.000000000 0.000000000 0.000265690 50.000000000 48.500000000 57.000000000 47.000000000
1750225415.000000000 31.277258681666666 120.907101642 1.868200000 4.000000000 0.001162810 0.000000000 0.000000000 0.000000000 0.000268960 50.000000000 48.500000000 57.000000000 47.000000000
1750225415.200000048 31.27725932850001 120.907102136 1.903700000 4.000000000 0.001156000 0.000000000 0.000000000 0.000000000 0.000268960 47.000000000 48.500000000 58.000000000 50.000000000
1750225415.400000095 31.27725986466666 120.907102127 1.923500000 5.000000000 0.001162810 0.000000000 0.000000000 0.000000000 0.000275560 47.000000000 48.500000000 58.000000000 50.000000000
1750225415.599999905 31.27726037666666 120.907102294 1.943500000 5.000000000 0.001183360 0.000000000 0.000000000 0.000000000 0.000278890 47.000000000 48.500000000 58.000000000 50.000000000
1750225415.799999952 31.277261127000003 120.907103007 1.869300000 5.000000000 0.001267360 0.000000000 0.000000000 0.000000000 0.000292410 47.000000000 48.500000000 58.000000000 50.000000000
1750225416.000000000 31.277261556666673 120.907103385 1.918500000 4.000000000 0.001197160 0.000000000 0.000000000 0.000000000 0.000289000 47.000000000 48.500000000 58.000000000 50.000000000
1750225416.200000048 31.2772621715 120.907103190 1.925000000 4.000000000 0.001169640 0.000000000 0.000000000 0.000000000 0.000268960 42.000000000 42.000000000 54.000000000 42.000000000
1750225416.400000095 31.277262491166667 120.907103504 1.901800000 4.000000000 0.001169640 0.000000000 0.000000000 0.000000000 0.000268960 42.000000000 42.000000000 54.000000000 42.000000000
1750225416.599999905 31.27726248266667 120.907103409 1.924700000 4.000000000 0.001162810 0.000000000 0.000000000 0.000000000 0.000268960 42.000000000 42.000000000 54.000000000 42.000000000
1750225416.799999952 31.277262473333337 120.907103498 1.912900000 4.000000000 0.001169640 0.000000000 0.000000000 0.000000000 0.000268960 42.000000000 42.000000000 54.000000000 42.000000000
1750225417.000000000 31.277262548833335 120.907103496 1.910500000 4.000000000 0.001169640 0.000000000 0.000000000 0.000000000 0.000268960 42.000000000 42.000000000 54.000000000 42.000000000
1750225417.200000048 31.277262668666665 120.907103358 1.912100000 4.000000000 0.001135690 0.000000000 0.000000000 0.000000000 0.000262440 42.000000000 46.000000000 58.000000000 50.000000000
1750225417.400000095 31.27726328916667 120.907104051 1.878700000 5.000000000 0.002171560 0.000000000 0.000000000 0.000000000 0.000412090 42.000000000 46.000000000 58.000000000 50.000000000
1750225417.599999905 31.277264085 120.907104171 1.755300000 5.000000000 0.003528360 0.000000000 0.000000000 0.000000000 0.000761760 42.000000000 46.000000000 58.000000000 50.000000000
1750225417.799999952 31.277264485666663 120.907104083 1.743400000 4.000000000 0.002227840 0.000000000 0.000000000 0.000000000 0.000436810 42.000000000 46.000000000 58.000000000 50.000000000
1750225418.000000000 31.277264391666677 120.907103990 1.768700000 4.000000000 0.002275290 0.000000000 0.000000000 0.000000000 0.000441000 42.000000000 46.000000000 58.000000000 50.000000000
1750225418.200000048 31.277264296 120.907104006 1.753000000 4.000000000 0.002227840 0.000000000 0.000000000 0.000000000 0.000420250 45.000000000 43.500000000 54.000000000 42.000000000
1750225418.400000095 31.277264146999997 120.907104525 1.606900000 4.000000000 0.002218410 0.000000000 0.000000000 0.000000000 0.000449440 45.000000000 43.500000000 54.000000000 42.000000000
1750225418.599999905 31.277263809999994 120.907104880 1.535100000 4.000000000 0.002218410 0.000000000 0.000000000 0.000000000 0.000449440 45.000000000 43.500000000 54.000000000 42.000000000
1750225418.799999952 31.27726314983333 120.907104699 1.653000000 4.000000000 0.002237290 0.000000000 0.000000000 0.000000000 0.000457960 45.000000000 43.500000000 54.000000000 42.000000000
1750225419.000000000 31.277262588 120.907104765 1.670900000 4.000000000 0.002237290 0.000000000 0.000000000 0.000000000 0.000457960 45.000000000 43.500000000 54.000000000 42.000000000
1750225419.200000048 31.277261826166665 120.907105069 1.609800000 4.000000000 0.002171560 0.000000000 0.000000000 0.000000000 0.000445210 45.000000000 45.000000000 56.000000000 45.000000000
1750225419.400000095 31.277262126166676 120.907105444 1.382100000 4.000000000 0.002313610 0.000000000 0.000000000 0.000000000 0.000475240 45.000000000 45.000000000 56.000000000 45.000000000
1750225419.599999905 31.277261823000003 120.907104942 1.612900000 4.000000000 0.002304000 0.000000000 0.000000000 0.000000000 0.000475240 45.000000000 45.000000000 56.000000000 45.000000000
1750225419.799999952 31.277261851666665 120.907104942 1.617900000 4.000000000 0.002313610 0.000000000 0.000000000 0.000000000 0.000475240 45.000000000 45.000000000 56.000000000 45.000000000
1750225420.000000000 31.277261948333333 120.907104909 1.619400000 4.000000000 0.002313610 0.000000000 0.000000000 0.000000000 0.000479610 45.000000000 45.000000000 56.000000000 45.000000000
1750225420.200000048 31.277262211500002 120.907104750 1.613700000 4.000000000 0.002284840 0.000000000 0.000000000 0.000000000 0.000466560 41.000000000 43.500000000 56.000000000 46.000000000
1750225420.400000095 31.277262167666663 120.907103927 1.795900000 4.000000000 0.002580640 0.000000000 0.000000000 0.000000000 0.000533610 41.000000000 43.500000000 56.000000000 46.000000000
1750225420.599999905 31.277262202333333 120.907104072 1.781900000 4.000000000 0.002590810 0.000000000 0.000000000 0.000000000 0.000533610 41.000000000 43.500000000 56.000000000 46.000000000
1750225420.799999952 31.277262220166676 120.907104164 1.767900000 4.000000000 0.002662560 0.000000000 0.000000000 0.000000000 0.000533610 41.000000000 43.500000000 56.000000000 46.000000000
1750225421.000000000 31.27726228333333 120.907104332 1.720700000 4.000000000 0.002662560 0.000000000 0.000000000 0.000000000 0.000538240 41.000000000 43.500000000 56.000000000 46.000000000
1750225421.200000048 31.277262256 120.907104289 1.732500000 4.000000000 0.002560360 0.000000000 0.000000000 0.000000000 0.000529000 46.000000000 46.000000000 56.000000000 46.000000000
1750225421.400000095 31.27726198566667 120.907104450 1.697100000 4.000000000 0.002352250 0.000000000 0.000000000 0.000000000 0.000453690 46.000000000 46.000000000 56.000000000 46.000000000
1750225421.599999905 31.2772615935 120.907104572 1.672100000 4.000000000 0.002352250 0.000000000 0.000000000 0.000000000 0.000453690 46.000000000 46.000000000 56.000000000 46.000000000
1750225421.799999952 31.277260947333332 120.907104562 1.736100000 4.000000000 0.002470090 0.000000000 0.000000000 0.000000000 0.000470890 46.000000000 46.000000000 56.000000000 46.000000000
1750225422.000000000 31.277260022166672 120.907104586 1.760000000 5.000000000 0.005760810 0.000000000 0.000000000 0.000000000 0.001036840 46.000000000 46.000000000 56.000000000 46.000000000
1750225422.200000048 31.277259352166666 120.907104592 1.754600000 5.000000000 0.004774810 0.000000000 0.000000000 0.000000000 0.000936360 42.000000000 32.800000000 53.000000000 40.000000000
1750225422.400000095 31.27725907683333 120.907104797 1.761300000 4.000000000 0.002601000 0.000000000 0.000000000 0.000000000 0.000501760 42.000000000 32.800000000 53.000000000 40.000000000
1750225422.599999905 31.277259168833325 120.907104687 1.776000000 4.000000000 0.002631690 0.000000000 0.000000000 0.000000000 0.000510760 42.000000000 32.800000000 53.000000000 40.000000000
1750225422.799999952 31.277259158999996 120.907104699 1.781300000 4.000000000 0.002672890 0.000000000 0.000000000 0.000000000 0.000519840 42.000000000 32.800000000 53.000000000 40.000000000
1750225423.000000000 31.27725916766667 120.907104887 1.752400000 4.000000000 0.002704000 0.000000000 0.000000000 0.000000000 0.000524410 42.000000000 32.800000000 53.000000000 40.000000000
1750225423.200000048 31.27725914716666 120.907104877 1.756500000 4.000000000 0.002342560 0.000000000 0.000000000 0.000000000 0.000441000 43.000000000 43.000000000 54.000000000 43.000000000
1750225423.400000095 31.277259114000003 120.907104888 1.718300000 4.000000000 0.002500000 0.000000000 0.000000000 0.000000000 0.000445210 43.000000000 43.000000000 54.000000000 43.000000000
1750225423.599999905 31.277259327333326 120.907104826 1.731300000 4.000000000 0.002601000 0.000000000 0.000000000 0.000000000 0.000449440 43.000000000 43.000000000 54.000000000 43.000000000
1750225423.799999952 31.277259567499996 120.907104781 1.743500000 4.000000000 0.002652250 0.000000000 0.000000000 0.000000000 0.000462250 43.000000000 43.000000000 54.000000000 43.000000000
1750225424.000000000 31.277259739499996 120.907104739 1.770400000 4.000000000 0.002672890 0.000000000 0.000000000 0.000000000 0.000462250 43.000000000 43.000000000 54.000000000 43.000000000
1750225424.200000048 31.277260095666662 120.907105003 1.722300000 4.000000000 0.003025000 0.000000000 0.000000000 0.000000000 0.000529000 39.000000000 41.000000000 54.000000000 43.000000000
1750225424.400000095 31.27726052033333 120.907104788 1.759700000 4.000000000 0.003014010 0.000000000 0.000000000 0.000000000 0.000519840 39.000000000 41.000000000 54.000000000 43.000000000
1750225424.599999905 31.277260995666666 120.907104704 1.789000000 4.000000000 0.003069160 0.000000000 0.000000000 0.000000000 0.000529000 39.000000000 41.000000000 54.000000000 43.000000000
1750225424.799999952 31.277261415499993 120.907104720 1.802900000 4.000000000 0.003113640 0.000000000 0.000000000 0.000000000 0.000538240 39.000000000 41.000000000 54.000000000 43.000000000
1750225425.000000000 31.277261795 120.907104823 1.790300000 4.000000000 0.003180960 0.000000000 0.000000000 0.000000000 0.000547560 39.000000000 41.000000000 54.000000000 43.000000000
1750225425.200000048 31.27726215749999 120.907104974 1.778700000 4.000000000 0.002766760 0.000000000 0.000000000 0.000000000 0.000484000 36.000000000 38.500000000 53.000000000 41.000000000
1750225425.400000095 31.27726259266666 120.907104844 1.793600000 4.000000000 0.003169690 0.000000000 0.000000000 0.000000000 0.000552250 36.000000000 38.500000000 53.000000000 41.000000000
1750225425.599999905 31.277262445833344 120.907104887 1.769200000 4.000000000 0.003180960 0.000000000 0.000000000 0.000000000 0.000556960 36.000000000 38.500000000 53.000000000 41.000000000
1750225425.799999952 31.277262393166666 120.907104844 1.784700000 4.000000000 0.003226240 0.000000000 0.000000000 0.000000000 0.000566440 36.000000000 38.500000000 53.000000000 41.000000000
1750225426.000000000 31.27726224716666 120.907104633 1.789300000 4.000000000 0.003260410 0.000000000 0.000000000 0.000000000 0.000571210 36.000000000 38.500000000 53.000000000 41.000000000
1750225426.200000048 31.277262143 120.907104341 1.808700000 4.000000000 0.003306250 0.000000000 0.000000000 0.000000000 0.000576000 36.000000000 39.500000000 54.000000000 43.000000000
1750225426.400000095 31.27726219916667 120.907104566 1.742700000 4.000000000 0.003492810 0.000000000 0.000000000 0.000000000 0.000734410 36.000000000 39.500000000 54.000000000 43.000000000
1750225426.599999905 31.277262149833334 120.907104568 1.747900000 4.000000000 0.003516490 0.000000000 0.000000000 0.000000000 0.000739840 36.000000000 39.500000000 54.000000000 43.000000000
1750225426.799999952 31.277262215166672 120.907104591 1.742900000 4.000000000 0.003564090 0.000000000 0.000000000 0.000000000 0.000745290 36.000000000 39.500000000 54.000000000 43.000000000
1750225427.000000000 31.27726234566667 120.907104388 1.765000000 4.000000000 0.003588010 0.000000000 0.000000000 0.000000000 0.000750760 36.000000000 39.500000000 54.000000000 43.000000000
1750225427.200000048 31.277262969000006 120.907103780 1.767500000 4.000000000 0.003660250 0.000000000 0.000000000 0.000000000 0.000767290 36.000000000 39.500000000 54.000000000 43.000000000
1750225427.400000095 31.277263539000003 120.907103490 1.722400000 4.000000000 0.003672360 0.000000000 0.000000000 0.000000000 0.000800890 36.000000000 39.500000000 54.000000000 43.000000000
1750225427.599999905 31.277264309666663 120.907103219 1.712500000 4.000000000 0.003696640 0.000000000 0.000000000 0.000000000 0.000812250 36.000000000 39.500000000 54.000000000 43.000000000
1750225427.799999952 31.27726491333334 120.907103131 1.720400000 4.000000000 0.003733210 0.000000000 0.000000000 0.000000000 0.000817960 36.000000000 39.500000000 54.000000000 43.000000000
1750225428.000000000 31.277265579 120.907102815 1.740100000 4.000000000 0.003757690 0.000000000 0.000000000 0.000000000 0.000823690 36.000000000 39.500000000 54.000000000 43.000000000
1750225428.200000048 31.27726629 120.907102587 1.737300000 4.000000000 0.003856410 0.000000000 0.000000000 0.000000000 0.000841000 36.000000000 39.500000000 54.000000000 43.000000000
1750225428.400000095 31.277267003333336 120.907102652 1.742700000 4.000000000 0.003856410 0.000000000 0.000000000 0.000000000 0.000841000 36.000000000 39.500000000 54.000000000 43.000000000
1750225428.599999905 31.27726730166667 120.907102967 1.737000000 4.000000000 0.003881290 0.000000000 0.000000000 0.000000000 0.000846810 36.000000000 39.500000000 54.000000000 43.000000000
1750225428.799999952 31.277267646499993 120.907103188 1.734700000 4.000000000 0.003918760 0.000000000 0.000000000 0.000000000 0.000846810 36.000000000 39.500000000 54.000000000 43.000000000
1750225429.000000000 31.277267886666664 120.907103277 1.728300000 4.000000000 0.003943840 0.000000000 0.000000000 0.000000000 0.000852640 36.000000000 39.500000000 54.000000000 43.000000000
1750225429.200000048 31.277268274500003 120.907103131 1.735000000 4.000000000 0.003624040 0.000000000 0.000000000 0.000000000 0.000817960 36.000000000 38.500000000 53.000000000 41.000000000
1750225429.400000095 31.277268771833334 120.907102509 1.747500000 4.000000000 0.002777290 0.000000000 0.000000000 0.000000000 0.000645160 36.000000000 38.500000000 53.000000000 41.000000000
1750225429.599999905 31.27726907233334 120.907101640 1.777800000 4.000000000 0.002777290 0.000000000 0.000000000 0.000000000 0.000645160 36.000000000 38.500000000 53.000000000 41.000000000
1750225429.799999952 31.277269251000007 120.907100727 1.784000000 4.000000000 0.002894440 0.000000000 0.000000000 0.000000000 0.000660490 36.000000000 38.500000000 53.000000000 41.000000000
1750225430.000000000 31.27726963016667 120.907099853 1.763500000 4.000000000 0.002894440 0.000000000 0.000000000 0.000000000 0.000660490 36.000000000 38.500000000 53.000000000 41.000000000
1750225430.200000048 31.27726965716667 120.907099230 1.775100000 4.000000000 0.002851560 0.000000000 0.000000000 0.000000000 0.000655360 36.000000000 38.500000000 53.000000000 41.000000000
1750225430.400000095 31.277269736500003 120.907098459 1.685600000 4.000000000 0.002470090 0.000000000 0.000000000 0.000000000 0.000510760 36.000000000 38.500000000 53.000000000 41.000000000
1750225430.599999905 31.27726940433334 120.907097679 1.752400000 4.000000000 0.002470090 0.000000000 0.000000000 0.000000000 0.000510760 36.000000000 38.500000000 53.000000000 41.000000000
1750225430.799999952 31.27726904233333 120.907096782 1.769300000 4.000000000 0.002470090 0.000000000 0.000000000 0.000000000 0.000510760 36.000000000 38.500000000 53.000000000 41.000000000
1750225431.000000000 31.277268776166665 120.907095992 1.788900000 4.000000000 0.002490010 0.000000000 0.000000000 0.000000000 0.000515290 36.000000000 38.500000000 53.000000000 41.000000000
1750225431.200000048 31.277268528666667 120.907095351 1.813100000 4.000000000 0.002381440 0.000000000 0.000000000 0.000000000 0.000501760 36.000000000 38.500000000 53.000000000 41.000000000
1750225431.400000095 31.27726831016666 120.907094107 1.834400000 4.000000000 0.002361960 0.000000000 0.000000000 0.000000000 0.000475240 36.000000000 38.500000000 53.000000000 41.000000000
1750225431.599999905 31.277268214166668 120.907093497 1.821700000 4.000000000 0.002361960 0.000000000 0.000000000 0.000000000 0.000475240 36.000000000 38.500000000 53.000000000 41.000000000
1750225431.799999952 31.27726795283334 120.907092781 1.805000000 4.000000000 0.002371690 0.000000000 0.000000000 0.000000000 0.000475240 36.000000000 38.500000000 53.000000000 41.000000000
1750225432.000000000 31.277267481166675 120.907092309 1.784900000 4.000000000 0.002352250 0.000000000 0.000000000 0.000000000 0.000475240 36.000000000 38.500000000 53.000000000 41.000000000
1750225432.200000048 31.27726734466667 120.907091385 1.805000000 4.000000000 0.002294410 0.000000000 0.000000000 0.000000000 0.000466560 36.000000000 42.000000000 57.000000000 48.000000000
1750225432.400000095 31.2772672065 120.907090507 1.820900000 4.000000000 0.002209000 0.000000000 0.000000000 0.000000000 0.000524410 36.000000000 42.000000000 57.000000000 48.000000000
1750225432.599999905 31.277267164333324 120.907089830 1.759000000 4.000000000 0.002218410 0.000000000 0.000000000 0.000000000 0.000529000 36.000000000 42.000000000 57.000000000 48.000000000
1750225432.799999952 31.277267230999996 120.907089043 1.745100000 4.000000000 0.002209000 0.000000000 0.000000000 0.000000000 0.000529000 36.000000000 42.000000000 57.000000000 48.000000000
1750225433.000000000 31.277267291166666 120.907088448 1.726700000 4.000000000 0.002218410 0.000000000 0.000000000 0.000000000 0.000529000 36.000000000 42.000000000 57.000000000 48.000000000
1750225433.200000048 31.277267117666668 120.907087551 1.756100000 4.000000000 0.002162250 0.000000000 0.000000000 0.000000000 0.000519840 43.000000000 44.500000000 56.000000000 46.000000000
1750225433.400000095 31.277266967166668 120.907086686 1.776200000 4.000000000 0.002162250 0.000000000 0.000000000 0.000000000 0.000519840 43.000000000 44.500000000 56.000000000 46.000000000
1750225433.599999905 31.277266666833327 120.907085896 1.764200000 4.000000000 0.002162250 0.000000000 0.000000000 0.000000000 0.000524410 43.000000000 44.500000000 56.000000000 46.000000000
1750225433.799999952 31.277266045666664 120.907085217 1.772000000 4.000000000 0.002162250 0.000000000 0.000000000 0.000000000 0.000524410 43.000000000 44.500000000 56.000000000 46.000000000
1750225434.000000000 31.277265827333338 120.907084456 1.768600000 4.000000000 0.002162250 0.000000000 0.000000000 0.000000000 0.000524410 43.000000000 44.500000000 56.000000000 46.000000000
1750225434.200000048 31.277265780500002 120.907083684 1.763300000 4.000000000 0.002162250 0.000000000 0.000000000 0.000000000 0.000519840 43.000000000 47.000000000 58.000000000 51.000000000
1750225434.400000095 31.27726559616667 120.907082965 1.707000000 4.000000000 0.001011240 0.000000000 0.000000000 0.000000000 0.000259210 43.000000000 47.000000000 58.000000000 51.000000000
1750225434.599999905 31.277265489833326 120.907082090 1.702900000 4.000000000 0.001017610 0.000000000 0.000000000 0.000000000 0.000259210 43.000000000 47.000000000 58.000000000 51.000000000
1750225434.799999952 31.277265327833334 120.907081238 1.717300000 4.000000000 0.001017610 0.000000000 0.000000000 0.000000000 0.000259210 43.000000000 47.000000000 58.000000000 51.000000000
1750225435.000000000 31.277265137666674 120.907080516 1.710800000 4.000000000 0.001017610 0.000000000 0.000000000 0.000000000 0.000259210 43.000000000 47.000000000 58.000000000 51.000000000
1750225435.200000048 31.277264940166674 120.907079590 1.734300000 4.000000000 0.000973440 0.000000000 0.000000000 0.000000000 0.000252810 58.000000000 54.500000000 58.000000000 51.000000000
1750225435.400000095 31.27726490783334 120.907078964 1.722200000 4.000000000 0.000772840 0.000000000 0.000000000 0.000000000 0.000169000 58.000000000 54.500000000 58.000000000 51.000000000
1750225435.599999905 31.277264739333333 120.907078138 1.737000000 4.000000000 0.000767290 0.000000000 0.000000000 0.000000000 0.000169000 58.000000000 54.500000000 58.000000000 51.000000000
1750225435.799999952 31.277264662166658 120.907077488 1.711400000 4.000000000 0.000772840 0.000000000 0.000000000 0.000000000 0.000169000 58.000000000 54.500000000 58.000000000 51.000000000
1750225436.000000000 31.27726443183333 120.907076582 1.737600000 4.000000000 0.000772840 0.000000000 0.000000000 0.000000000 0.000169000 58.000000000 54.500000000 58.000000000 51.000000000
1750225436.200000048 31.277264185166672 120.907075609 1.741500000 4.000000000 0.000734410 0.000000000 0.000000000 0.000000000 0.000166410 59.000000000 59.000000000 63.000000000 59.000000000
1750225436.400000095 31.277264168000002 120.907074990 1.724300000 4.000000000 0.000686440 0.000000000 0.000000000 0.000000000 0.000161290 59.000000000 59.000000000 63.000000000 59.000000000
1750225436.599999905 31.277264014333326 120.907074262 1.728500000 4.000000000 0.000686440 0.000000000 0.000000000 0.000000000 0.000161290 59.000000000 59.000000000 63.000000000 59.000000000
1750225436.799999952 31.277263850166662 120.907073398 1.705200000 4.000000000 0.000686440 0.000000000 0.000000000 0.000000000 0.000161290 59.000000000 59.000000000 63.000000000 59.000000000
1750225437.000000000 31.277263796166665 120.907072676 1.704600000 4.000000000 0.000686440 0.000000000 0.000000000 0.000000000 0.000161290 59.000000000 59.000000000 63.000000000 59.000000000
1750225437.200000048 31.277263550499995 120.907071688 1.737100000 4.000000000 0.000665640 0.000000000 0.000000000 0.000000000 0.000161290 64.000000000 64.000000000 65.000000000 64.000000000
1750225437.400000095 31.27726330983333 120.907070775 1.816500000 4.000000000 0.000313290 0.000000000 0.000000000 0.000000000 0.000161290 64.000000000 64.000000000 65.000000000 64.000000000
1750225437.599999905 31.277262977666666 120.907069897 1.857500000 4.000000000 0.000331240 0.000000000 0.000000000 0.000000000 0.000166410 64.000000000 64.000000000 65.000000000 64.000000000
1750225437.799999952 31.27726291416667 120.907069325 1.791600000 4.000000000 0.000342250 0.000000000 0.000000000 0.000000000 0.000166410 64.000000000 64.000000000 65.000000000 64.000000000
1750225438.000000000 31.27726276466666 120.907068477 1.800200000 4.000000000 0.000342250 0.000000000 0.000000000 0.000000000 0.000166410 64.000000000 64.000000000 65.000000000 64.000000000
1750225438.200000048 31.27726259083333 120.907067798 1.796900000 4.000000000 0.000306250 0.000000000 0.000000000 0.000000000 0.000158760 61.000000000 57.500000000 60.000000000 54.000000000
1750225438.400000095 31.277262480333334 120.907066808 1.801800000 4.000000000 0.000392040 0.000000000 0.000000000 0.000000000 0.000171610 61.000000000 57.500000000 60.000000000 54.000000000
1750225438.599999905 31.2772623325 120.907066208 1.779900000 4.000000000 0.000364810 0.000000000 0.000000000 0.000000000 0.000166410 61.000000000 57.500000000 60.000000000 54.000000000
1750225438.799999952 31.277262110500004 120.907065511 1.761000000 4.000000000 0.000338560 0.000000000 0.000000000 0.000000000 0.000163840 61.000000000 57.500000000 60.000000000 54.000000000
1750225439.000000000 31.27726193316667 120.907064545 1.786600000 4.000000000 0.000345960 0.000000000 0.000000000 0.000000000 0.000166410 61.000000000 57.500000000 60.000000000 54.000000000
1750225439.200000048 31.27726160516667 120.907063747 1.800300000 4.000000000 0.000327610 0.000000000 0.000000000 0.000000000 0.000158760 66.000000000 60.000000000 60.000000000 54.000000000
1750225439.400000095 31.27726140033333 120.907063038 1.808700000 4.000000000 0.000299290 0.000000000 0.000000000 0.000000000 0.000153760 66.000000000 60.000000000 60.000000000 54.000000000
1750225439.599999905 31.277261385666662 120.907062244 1.826800000 4.000000000 0.000299290 0.000000000 0.000000000 0.000000000 0.000153760 66.000000000 60.000000000 60.000000000 54.000000000
1750225439.799999952 31.277261266166676 120.907061460 1.792100000 4.000000000 0.000302760 0.000000000 0.000000000 0.000000000 0.000153760 66.000000000 60.000000000 60.000000000 54.000000000
1750225440.000000000 31.277261022000005 120.907060501 1.830500000 4.000000000 0.000309760 0.000000000 0.000000000 0.000000000 0.000153760 66.000000000 60.000000000 60.000000000 54.000000000
1750225440.200000048 31.277260936999994 120.907059743 1.841900000 4.000000000 0.000289000 0.000000000 0.000000000 0.000000000 0.000151290 64.000000000 62.500000000 64.000000000 61.000000000
1750225440.400000095 31.27726089566667 120.907058699 1.803700000 4.000000000 0.000228010 0.000000000 0.000000000 0.000000000 0.000132250 64.000000000 62.500000000 64.000000000 61.000000000
1750225440.599999905 31.277260716499995 120.907057880 1.820900000 4.000000000 0.000231040 0.000000000 0.000000000 0.000000000 0.000134560 64.000000000 62.500000000 64.000000000 61.000000000
1750225440.799999952 31.277260530999996 120.907056879 1.801100000 4.000000000 0.000234090 0.000000000 0.000000000 0.000000000 0.000136890 64.000000000 62.500000000 64.000000000 61.000000000
1750225441.000000000 31.277260253666668 120.907056354 1.806300000 4.000000000 0.000231040 0.000000000 0.000000000 0.000000000 0.000134560 64.000000000 62.500000000 64.000000000 61.000000000
1750225441.200000048 31.277259907833326 120.907055658 1.804300000 4.000000000 0.000228010 0.000000000 0.000000000 0.000000000 0.000129960 67.000000000 64.500000000 65.000000000 62.000000000
1750225441.400000095 31.277259674166658 120.907054828 1.809900000 4.000000000 0.000207360 0.000000000 0.000000000 0.000000000 0.000132250 67.000000000 64.500000000 65.000000000 62.000000000
1750225441.599999905 31.277259302999994 120.907054050 1.813100000 4.000000000 0.000207360 0.000000000 0.000000000 0.000000000 0.000132250 67.000000000 64.500000000 65.000000000 62.000000000
1750225441.799999952 31.277259051666675 120.907053395 1.805300000 4.000000000 0.000207360 0.000000000 0.000000000 0.000000000 0.000132250 67.000000000 64.500000000 65.000000000 62.000000000
1750225442.000000000 31.277258832166666 120.907052547 1.804500000 4.000000000 0.000207360 0.000000000 0.000000000 0.000000000 0.000132250 67.000000000 64.500000000 65.000000000 62.000000000
1750225442.200000048 31.277258733833335 120.907051630 1.787900000 4.000000000 0.000204490 0.000000000 0.000000000 0.000000000 0.000132250 70.000000000 70.000000000 70.000000000 70.000000000
1750225442.400000095 31.27725883316667 120.907050504 1.818800000 4.000000000 0.000187690 0.000000000 0.000000000 0.000000000 0.000112360 70.000000000 70.000000000 70.000000000 70.000000000
1750225442.599999905 31.27725890966667 120.907049705 1.824300000 4.000000000 0.000187690 0.000000000 0.000000000 0.000000000 0.000112360 70.000000000 70.000000000 70.000000000 70.000000000
1750225442.799999952 31.277258989833328 120.907048705 1.823400000 4.000000000 0.000187690 0.000000000 0.000000000 0.000000000 0.000112360 70.000000000 70.000000000 70.000000000 70.000000000
1750225443.000000000 31.277259075499998 120.907047830 1.826600000 4.000000000 0.000190440 0.000000000 0.000000000 0.000000000 0.000114490 70.000000000 70.000000000 70.000000000 70.000000000
1750225443.200000048 31.27725903933333 120.907046832 1.854200000 4.000000000 0.000187690 0.000000000 0.000000000 0.000000000 0.000112360 70.000000000 70.000000000 70.000000000 70.000000000
1750225443.400000095 31.27725897233333 120.907046047 1.815800000 4.000000000 0.000201640 0.000000000 0.000000000 0.000000000 0.000125440 70.000000000 70.000000000 70.000000000 70.000000000
1750225443.599999905 31.277258835666657 120.907045270 1.796600000 4.000000000 0.000201640 0.000000000 0.000000000 0.000000000 0.000125440 70.000000000 70.000000000 70.000000000 70.000000000
1750225443.799999952 31.27725855883334 120.907044538 1.809800000 4.000000000 0.000201640 0.000000000 0.000000000 0.000000000 0.000125440 70.000000000 70.000000000 70.000000000 70.000000000
1750225444.000000000 31.27725836416667 120.907043778 1.799000000 4.000000000 0.000201640 0.000000000 0.000000000 0.000000000 0.000127690 70.000000000 70.000000000 70.000000000 70.000000000
1750225444.200000048 31.27725822299999 120.907042957 1.802500000 4.000000000 0.000201640 0.000000000 0.000000000 0.000000000 0.000127690 72.000000000 72.000000000 71.000000000 72.000000000
1750225444.400000095 31.277258173166672 120.907042253 1.804100000 4.000000000 0.000207360 0.000000000 0.000000000 0.000000000 0.000118810 72.000000000 72.000000000 71.000000000 72.000000000
1750225444.599999905 31.277258073333343 120.907041393 1.797000000 4.000000000 0.000207360 0.000000000 0.000000000 0.000000000 0.000118810 72.000000000 72.000000000 71.000000000 72.000000000
1750225444.799999952 31.277257863666662 120.907040677 1.801500000 4.000000000 0.000207360 0.000000000 0.000000000 0.000000000 0.000121000 72.000000000 72.000000000 71.000000000 72.000000000
1750225445.000000000 31.277257804 120.907039785 1.799900000 4.000000000 0.000210250 0.000000000 0.000000000 0.000000000 0.000121000 72.000000000 72.000000000 71.000000000 72.000000000
1750225445.200000048 31.277257678833337 120.907038992 1.778400000 4.000000000 0.000207360 0.000000000 0.000000000 0.000000000 0.000118810 70.000000000 70.000000000 70.000000000 70.000000000
1750225445.400000095 31.277257481999996 120.907038177 1.793300000 4.000000000 0.000222010 0.000000000 0.000000000 0.000000000 0.000123210 70.000000000 70.000000000 70.000000000 70.000000000
1750225445.599999905 31.277257420166663 120.907037366 1.777200000 4.000000000 0.000222010 0.000000000 0.000000000 0.000000000 0.000123210 70.000000000 70.000000000 70.000000000 70.000000000
1750225445.799999952 31.277257296166667 120.907036502 1.760400000 4.000000000 0.000222010 0.000000000 0.000000000 0.000000000 0.000123210 70.000000000 70.000000000 70.000000000 70.000000000
1750225446.000000000 31.277257200166673 120.907035598 1.785600000 4.000000000 0.000222010 0.000000000 0.000000000 0.000000000 0.000125440 70.000000000 70.000000000 70.000000000 70.000000000
1750225446.200000048 31.277257163833326 120.907034872 1.781400000 4.000000000 0.000222010 0.000000000 0.000000000 0.000000000 0.000123210 75.000000000 71.500000000 69.000000000 68.000000000
1750225446.400000095 31.277256998333343 120.907033921 1.765300000 4.000000000 0.000213160 0.000000000 0.000000000 0.000000000 0.000121000 75.000000000 71.500000000 69.000000000 68.000000000
1750225446.599999905 31.277256866166667 120.907033133 1.759800000 4.000000000 0.000213160 0.000000000 0.000000000 0.000000000 0.000121000 75.000000000 71.500000000 69.000000000 68.000000000
1750225446.799999952 31.277256662166664 120.907032302 1.770900000 4.000000000 0.000213160 0.000000000 0.000000000 0.000000000 0.000123210 75.000000000 71.500000000 69.000000000 68.000000000
1750225447.000000000 31.277256629666667 120.907031565 1.794800000 4.000000000 0.000213160 0.000000000 0.000000000 0.000000000 0.000123210 75.000000000 71.500000000 69.000000000 68.000000000
1750225447.200000048 31.277256427166662 120.907030807 1.803300000 4.000000000 0.000210250 0.000000000 0.000000000 0.000000000 0.000121000 77.000000000 76.000000000 72.000000000 75.000000000
1750225447.400000095 31.277256371500002 120.907029924 1.791100000 4.000000000 0.000207360 0.000000000 0.000000000 0.000000000 0.000132250 77.000000000 76.000000000 72.000000000 75.000000000
1750225447.599999905 31.277256240499995 120.907029135 1.790200000 4.000000000 0.000207360 0.000000000 0.000000000 0.000000000 0.000132250 77.000000000 76.000000000 72.000000000 75.000000000
1750225447.799999952 31.277256157166676 120.907028330 1.783600000 4.000000000 0.000207360 0.000000000 0.000000000 0.000000000 0.000132250 77.000000000 76.000000000 72.000000000 75.000000000
1750225448.000000000 31.277256130833337 120.907027569 1.791400000 4.000000000 0.000207360 0.000000000 0.000000000 0.000000000 0.000134560 77.000000000 76.000000000 72.000000000 75.000000000
1750225448.200000048 31.27725597216667 120.907026790 1.786400000 4.000000000 0.000210250 1.000000000 0.000000000 0.000000000 0.000132250 79.000000000 80.000000000 75.000000000 81.000000000
1750225448.400000095 31.277255704666658 120.907026157 1.818200000 4.000000000 0.000201640 1.000000000 0.000000000 0.000000000 0.000141610 79.000000000 80.000000000 75.000000000 81.000000000
1750225448.599999905 31.27725550933333 120.907025328 1.835000000 4.000000000 0.000201640 1.000000000 0.000000000 0.000000000 0.000139240 79.000000000 80.000000000 75.000000000 81.000000000
1750225448.799999952 31.277255571500007 120.907024546 1.817700000 4.000000000 0.000204490 1.000000000 0.000000000 0.000000000 0.000141610 79.000000000 80.000000000 75.000000000 81.000000000
1750225449.000000000 31.277255436333334 120.907023515 1.820900000 4.000000000 0.000204490 1.000000000 0.000000000 0.000000000 0.000141610 79.000000000 80.000000000 75.000000000 81.000000000
1750225449.200000048 31.277255221833343 120.907022852 1.820200000 4.000000000 0.000201640 1.000000000 0.000000000 0.000000000 0.000139240 75.000000000 73.500000000 71.000000000 72.000000000
1750225449.400000095 31.27725482433334 120.907021978 1.837000000 4.000000000 0.000198810 1.000000000 0.000000000 0.000000000 0.000132250 75.000000000 73.500000000 71.000000000 72.000000000
1750225449.599999905 31.277254665666675 120.907021044 1.833400000 4.000000000 0.000198810 1.000000000 0.000000000 0.000000000 0.000134560 75.000000000 73.500000000 71.000000000 72.000000000
1750225449.799999952 31.277254435000003 120.907020237 1.834300000 4.000000000 0.000198810 1.000000000 0.000000000 0.000000000 0.000134560 75.000000000 73.500000000 71.000000000 72.000000000
1750225450.000000000 31.277254170999996 120.907019419 1.868000000 4.000000000 0.000198810 1.000000000 0.000000000 0.000000000 0.000134560 75.000000000 73.500000000 71.000000000 72.000000000
1750225450.200000048 31.27725394833334 120.907018654 1.869700000 4.000000000 0.000198810 1.000000000 0.000000000 0.000000000 0.000134560 70.000000000 72.500000000 72.000000000 75.000000000
1750225450.400000095 31.277253844499995 120.907017909 1.836600000 4.000000000 0.000198810 1.000000000 0.000000000 0.000000000 0.000134560 70.000000000 72.500000000 72.000000000 75.000000000
1750225450.599999905 31.277253652666673 120.907017098 1.799800000 4.000000000 0.000207360 1.000000000 0.000000000 0.000000000 0.000151290 70.000000000 72.500000000 72.000000000 75.000000000
1750225450.799999952 31.277253437833338 120.907016396 1.808000000 4.000000000 0.000207360 1.000000000 0.000000000 0.000000000 0.000151290 70.000000000 72.500000000 72.000000000 75.000000000
1750225451.000000000 31.27725325883334 120.907015491 1.817400000 4.000000000 0.000207360 1.000000000 0.000000000 0.000000000 0.000151290 70.000000000 72.500000000 72.000000000 75.000000000
1750225451.200000048 31.27725291249999 120.907014792 1.839100000 4.000000000 0.000207360 1.000000000 0.000000000 0.000000000 0.000148840 75.000000000 75.000000000 72.000000000 75.000000000
1750225451.400000095 31.27725279816667 120.907014034 1.842800000 4.000000000 0.000193210 1.000000000 0.000000000 0.000000000 0.000161290 75.000000000 75.000000000 72.000000000 75.000000000
1750225451.599999905 31.277252818833333 120.907013252 1.860300000 4.000000000 0.000193210 1.000000000 0.000000000 0.000000000 0.000161290 75.000000000 75.000000000 72.000000000 75.000000000
1750225451.799999952 31.27725264483334 120.907012442 1.848000000 4.000000000 0.000193210 1.000000000 0.000000000 0.000000000 0.000161290 75.000000000 75.000000000 72.000000000 75.000000000
1750225452.000000000 31.277252290166672 120.907011613 1.866800000 4.000000000 0.000193210 1.000000000 0.000000000 0.000000000 0.000163840 75.000000000 75.000000000 72.000000000 75.000000000
1750225452.200000048 31.27725219683333 120.907010842 1.846900000 4.000000000 0.000193210 1.000000000 0.000000000 0.000000000 0.000161290 72.000000000 74.500000000 73.000000000 77.000000000
1750225452.400000095 31.277252120666674 120.907010037 1.857100000 4.000000000 0.000193210 1.000000000 0.000000000 0.000000000 0.000161290 72.000000000 74.500000000 73.000000000 77.000000000
1750225452.599999905 31.277252040333337 120.907009273 1.862000000 4.000000000 0.000171610 1.000000000 0.000000000 0.000000000 0.000125440 72.000000000 74.500000000 73.000000000 77.000000000
1750225452.799999952 31.27725194499999 120.907008618 1.861000000 4.000000000 0.000171610 1.000000000 0.000000000 0.000000000 0.000125440 72.000000000 74.500000000 73.000000000 77.000000000
1750225453.000000000 31.27725163433334 120.907007836 1.855100000 4.000000000 0.000174240 1.000000000 0.000000000 0.000000000 0.000125440 72.000000000 74.500000000 73.000000000 77.000000000
1750225453.200000048 31.277251479 120.907007074 1.847600000 4.000000000 0.000171610 1.000000000 0.000000000 0.000000000 0.000125440 72.000000000 73.500000000 72.000000000 75.000000000
1750225453.400000095 31.277251407833333 120.907006389 1.851400000 4.000000000 0.000182250 1.000000000 0.000000000 0.000000000 0.000125440 72.000000000 73.500000000 72.000000000 75.000000000
1750225453.599999905 31.277251210166668 120.907005712 1.826200000 4.000000000 0.000182250 1.000000000 0.000000000 0.000000000 0.000125440 72.000000000 73.500000000 72.000000000 75.000000000
1750225453.799999952 31.277251068166663 120.907004780 1.844100000 4.000000000 0.000182250 1.000000000 0.000000000 0.000000000 0.000123210 72.000000000 73.500000000 72.000000000 75.000000000
1750225454.000000000 31.277250914000007 120.907004003 1.840500000 4.000000000 0.000182250 1.000000000 0.000000000 0.000000000 0.000125440 72.000000000 73.500000000 72.000000000 75.000000000
1750225454.200000048 31.277250710000004 120.907003216 1.845000000 4.000000000 0.000176890 1.000000000 0.000000000 0.000000000 0.000123210 77.000000000 72.500000000 69.000000000 68.000000000
1750225454.400000095 31.277250507000005 120.907002237 1.851500000 4.000000000 0.000268960 1.000000000 0.000000000 0.000000000 0.000144000 77.000000000 72.500000000 69.000000000 68.000000000
1750225454.599999905 31.27725032966667 120.907001560 1.853700000 4.000000000 0.000268960 1.000000000 0.000000000 0.000000000 0.000144000 77.000000000 72.500000000 69.000000000 68.000000000
1750225454.799999952 31.27725019766666 120.907000678 1.859000000 4.000000000 0.000275560 1.000000000 0.000000000 0.000000000 0.000146410 77.000000000 72.500000000 69.000000000 68.000000000
1750225455.000000000 31.277250264166668 120.906999816 1.828600000 4.000000000 0.000278890 1.000000000 0.000000000 0.000000000 0.000151290 77.000000000 72.500000000 69.000000000 68.000000000
1750225455.200000048 31.277249950666672 120.906999115 1.850400000 4.000000000 0.000275560 0.000000000 0.000000000 0.000000000 0.000148840 61.000000000 60.000000000 64.000000000 59.000000000
1750225455.400000095 31.277249786666673 120.906998331 1.830100000 4.000000000 0.000313290 0.000000000 0.000000000 0.000000000 0.000182250 61.000000000 60.000000000 64.000000000 59.000000000
1750225455.599999905 31.277249631833342 120.906997484 1.833400000 4.000000000 0.000316840 0.000000000 0.000000000 0.000000000 0.000182250 61.000000000 60.000000000 64.000000000 59.000000000
1750225455.799999952 31.277249478499996 120.906996758 1.843800000 4.000000000 0.000316840 0.000000000 0.000000000 0.000000000 0.000182250 61.000000000 60.000000000 64.000000000 59.000000000
1750225456.000000000 31.2772493155 120.906995868 1.852700000 4.000000000 0.000316840 0.000000000 0.000000000 0.000000000 0.000182250 61.000000000 60.000000000 64.000000000 59.000000000
1750225456.200000048 31.277249057666666 120.906995126 1.834400000 4.000000000 0.000316840 0.000000000 0.000000000 0.000000000 0.000182250 59.000000000 60.000000000 65.000000000 61.000000000
1750225456.400000095 31.277248824833336 120.906994344 1.788800000 4.000000000 0.000349690 0.000000000 0.000000000 0.000000000 0.000219040 59.000000000 60.000000000 65.000000000 61.000000000
1750225456.599999905 31.277248644666656 120.906993549 1.778600000 4.000000000 0.000349690 0.000000000 0.000000000 0.000000000 0.000219040 59.000000000 60.000000000 65.000000000 61.000000000
1750225456.799999952 31.277248223166666 120.906992726 1.799600000 4.000000000 0.000349690 0.000000000 0.000000000 0.000000000 0.000219040 59.000000000 60.000000000 65.000000000 61.000000000
1750225457.000000000 31.277247921499992 120.906992017 1.807800000 4.000000000 0.000349690 0.000000000 0.000000000 0.000000000 0.000222010 59.000000000 60.000000000 65.000000000 61.000000000
1750225457.200000048 31.277247673000005 120.906991249 1.820900000 4.000000000 0.000342250 0.000000000 0.000000000 0.000000000 0.000213160 56.000000000 56.000000000 63.000000000 56.000000000
1750225457.400000095 31.277247735333333 120.906990342 1.844500000 4.000000000 0.000453690 0.000000000 0.000000000 0.000000000 0.000295840 56.000000000 56.000000000 63.000000000 56.000000000
1750225457.599999905 31.27724759583333 120.906989561 1.866800000 4.000000000 0.000453690 0.000000000 0.000000000 0.000000000 0.000295840 56.000000000 56.000000000 63.000000000 56.000000000
1750225457.799999952 31.277247626999994 120.906988834 1.857200000 4.000000000 0.000453690 0.000000000 0.000000000 0.000000000 0.000295840 56.000000000 56.000000000 63.000000000 56.000000000
1750225458.000000000 31.27724757483334 120.906988076 1.854500000 4.000000000 0.000462250 0.000000000 0.000000000 0.000000000 0.000302760 56.000000000 56.000000000 63.000000000 56.000000000
1750225458.200000048 31.27724750266667 120.906987158 1.836000000 4.000000000 0.000449440 0.000000000 0.000000000 0.000000000 0.000299290 54.000000000 56.500000000 64.000000000 59.000000000
1750225458.400000095 31.277247185500002 120.906986511 1.863600000 4.000000000 0.000445210 0.000000000 0.000000000 0.000000000 0.000295840 54.000000000 56.500000000 64.000000000 59.000000000
1750225458.599999905 31.27724722233333 120.906985665 1.860400000 4.000000000 0.000445210 0.000000000 0.000000000 0.000000000 0.000299290 54.000000000 56.500000000 64.000000000 59.000000000
1750225458.799999952 31.27724707600001 120.906985002 1.848300000 4.000000000 0.000449440 0.000000000 0.000000000 0.000000000 0.000299290 54.000000000 56.500000000 64.000000000 59.000000000
1750225459.000000000 31.277247183666674 120.906984081 1.813300000 4.000000000 0.000470890 0.000000000 0.000000000 0.000000000 0.000320410 54.000000000 56.500000000 64.000000000 59.000000000
1750225459.200000048 31.277247073833337 120.906983159 1.818000000 4.000000000 0.000445210 0.000000000 0.000000000 0.000000000 0.000295840 54.000000000 49.500000000 57.000000000 45.000000000
1750225459.400000095 31.277246986500003 120.906982229 1.812400000 4.000000000 0.000470890 0.000000000 0.000000000 0.000000000 0.000457960 54.000000000 49.500000000 57.000000000 45.000000000
1750225459.599999905 31.277246870499994 120.906981489 1.814400000 4.000000000 0.000466560 0.000000000 0.000000000 0.000000000 0.000457960 54.000000000 49.500000000 57.000000000 45.000000000
1750225459.799999952 31.2772468405 120.906980750 1.824100000 4.000000000 0.000466560 0.000000000 0.000000000 0.000000000 0.000453690 54.000000000 49.500000000 57.000000000 45.000000000
1750225460.000000000 31.277246958000006 120.906979766 1.814700000 4.000000000 0.000466560 0.000000000 0.000000000 0.000000000 0.000453690 54.000000000 49.500000000 57.000000000 45.000000000
1750225460.200000048 31.27724708433334 120.906978893 1.796400000 4.000000000 0.000462250 0.000000000 0.000000000 0.000000000 0.000453690 56.000000000 60.500000000 67.000000000 65.000000000
1750225460.400000095 31.277246976166666 120.906978165 1.798500000 4.000000000 0.000376360 0.000000000 0.000000000 0.000000000 0.000396010 56.000000000 60.500000000 67.000000000 65.000000000
1750225460.599999905 31.27724683466667 120.906977263 1.802200000 4.000000000 0.000380250 0.000000000 0.000000000 0.000000000 0.000404010 56.000000000 60.500000000 67.000000000 65.000000000
1750225460.799999952 31.277246667166665 120.906976463 1.801400000 4.000000000 0.000376360 0.000000000 0.000000000 0.000000000 0.000404010 56.000000000 60.500000000 67.000000000 65.000000000
1750225461.000000000 31.277246626000007 120.906975447 1.801100000 4.000000000 0.000380250 0.000000000 0.000000000 0.000000000 0.000408040 56.000000000 60.500000000 67.000000000 65.000000000
1750225461.200000048 31.27724646050001 120.906974847 1.811800000 4.000000000 0.000380250 0.000000000 0.000000000 0.000000000 0.000408040 59.000000000 59.000000000 64.000000000 59.000000000
1750225461.400000095 31.277246588166662 120.906973931 1.751700000 4.000000000 0.000345960 0.000000000 0.000000000 0.000000000 0.000364810 59.000000000 59.000000000 64.000000000 59.000000000
1750225461.599999905 31.277246380166673 120.906973111 1.772800000 4.000000000 0.000349690 0.000000000 0.000000000 0.000000000 0.000364810 59.000000000 59.000000000 64.000000000 59.000000000
1750225461.799999952 31.2772462465 120.906972342 1.742500000 4.000000000 0.000349690 0.000000000 0.000000000 0.000000000 0.000368640 59.000000000 59.000000000 64.000000000 59.000000000
1750225462.000000000 31.277246078333334 120.906971629 1.762100000 4.000000000 0.000349690 0.000000000 0.000000000 0.000000000 0.000368640 59.000000000 59.000000000 64.000000000 59.000000000
1750225462.200000048 31.27724594066666 120.906970744 1.757800000 4.000000000 0.000338560 0.000000000 0.000000000 0.000000000 0.000345960 68.000000000 61.000000000 62.000000000 54.000000000
1750225462.400000095 31.277245631833324 120.906970145 1.759500000 4.000000000 0.000320410 0.000000000 0.000000000 0.000000000 0.000299290 68.000000000 61.000000000 62.000000000 54.000000000
1750225462.599999905 31.277245518666675 120.906969378 1.776600000 4.000000000 0.000320410 0.000000000 0.000000000 0.000000000 0.000299290 68.000000000 61.000000000 62.000000000 54.000000000
1750225462.799999952 31.277245416166664 120.906968382 1.778100000 4.000000000 0.000324000 0.000000000 0.000000000 0.000000000 0.000306250 68.000000000 61.000000000 62.000000000 54.000000000
1750225463.000000000 31.277245195000006 120.906967716 1.772500000 4.000000000 0.000324000 0.000000000 0.000000000 0.000000000 0.000309760 68.000000000 61.000000000 62.000000000 54.000000000
1750225463.200000048 31.277244917333334 120.906966874 1.759100000 4.000000000 0.000320410 0.000000000 0.000000000 0.000000000 0.000302760 65.000000000 63.000000000 65.000000000 61.000000000
1750225463.400000095 31.27724468950001 120.906965985 1.733700000 4.000000000 0.000282240 0.000000000 0.000000000 0.000000000 0.000265690 65.000000000 63.000000000 65.000000000 61.000000000
1750225463.599999905 31.27724462816667 120.906965252 1.720900000 4.000000000 0.000282240 0.000000000 0.000000000 0.000000000 0.000268960 65.000000000 63.000000000 65.000000000 61.000000000
1750225463.799999952 31.277244435499995 120.906964504 1.741800000 4.000000000 0.000282240 0.000000000 0.000000000 0.000000000 0.000268960 65.000000000 63.000000000 65.000000000 61.000000000
1750225464.000000000 31.277244103833326 120.906963595 1.784500000 4.000000000 0.000285610 0.000000000 0.000000000 0.000000000 0.000278890 65.000000000 63.000000000 65.000000000 61.000000000
1750225464.200000048 31.277244123666662 120.906962921 1.759500000 4.000000000 0.000278890 0.000000000 0.000000000 0.000000000 0.000265690 68.000000000 64.500000000 65.000000000 61.000000000
1750225464.400000095 31.277243993499994 120.906961900 1.739500000 4.000000000 0.000289000 0.000000000 0.000000000 0.000000000 0.000306250 68.000000000 64.500000000 65.000000000 61.000000000
1750225464.599999905 31.277243848833336 120.906961196 1.730700000 4.000000000 0.000289000 0.000000000 0.000000000 0.000000000 0.000306250 68.000000000 64.500000000 65.000000000 61.000000000
1750225464.799999952 31.277243654333333 120.906960327 1.739100000 4.000000000 0.000278890 0.000000000 0.000000000 0.000000000 0.000295840 68.000000000 64.500000000 65.000000000 61.000000000
1750225465.000000000 31.277243542666668 120.906959571 1.750700000 4.000000000 0.000282240 0.000000000 0.000000000 0.000000000 0.000299290 68.000000000 64.500000000 65.000000000 61.000000000
1750225465.200000048 31.27724337783333 120.906958844 1.757500000 4.000000000 0.000278890 0.000000000 0.000000000 0.000000000 0.000292410 70.000000000 67.500000000 67.000000000 65.000000000
1750225465.400000095 31.27724316133333 120.906958056 1.762100000 4.000000000 0.000278890 0.000000000 0.000000000 0.000000000 0.000295840 70.000000000 67.500000000 67.000000000 65.000000000
1750225465.599999905 31.27724290016667 120.906957366 1.747500000 4.000000000 0.000295840 0.000000000 0.000000000 0.000000000 0.000316840 70.000000000 67.500000000 67.000000000 65.000000000
1750225465.799999952 31.27724272883333 120.906956625 1.753900000 4.000000000 0.000299290 0.000000000 0.000000000 0.000000000 0.000316840 70.000000000 67.500000000 67.000000000 65.000000000
1750225466.000000000 31.277242622499998 120.906955692 1.750900000 4.000000000 0.000299290 0.000000000 0.000000000 0.000000000 0.000316840 70.000000000 67.500000000 67.000000000 65.000000000
1750225466.200000048 31.277242493499998 120.906954934 1.751100000 4.000000000 0.000295840 0.000000000 0.000000000 0.000000000 0.000316840 72.000000000 72.000000000 71.000000000 72.000000000
1750225466.400000095 31.277242277833338 120.906954230 1.764300000 4.000000000 0.000295840 0.000000000 0.000000000 0.000000000 0.000316840 72.000000000 72.000000000 71.000000000 72.000000000
1750225466.599999905 31.277242377500002 120.906953368 1.727500000 4.000000000 0.000299290 0.000000000 0.000000000 0.000000000 0.000331240 72.000000000 72.000000000 71.000000000 72.000000000
1750225466.799999952 31.277242168499996 120.906952544 1.734400000 4.000000000 0.000295840 0.000000000 0.000000000 0.000000000 0.000327610 72.000000000 72.000000000 71.000000000 72.000000000
1750225467.000000000 31.277241958333335 120.906951754 1.724800000 4.000000000 0.000299290 0.000000000 0.000000000 0.000000000 0.000331240 72.000000000 72.000000000 71.000000000 72.000000000
1750225467.200000048 31.27724178533333 120.906950948 1.727600000 4.000000000 0.000299290 0.000000000 0.000000000 0.000000000 0.000334890 77.000000000 68.000000000 64.000000000 59.000000000
1750225467.400000095 31.277241496666676 120.906950068 1.732700000 4.000000000 0.000292410 0.000000000 0.000000000 0.000000000 0.000320410 77.000000000 68.000000000 64.000000000 59.000000000
1750225467.599999905 31.2772413725 120.906949416 1.769500000 4.000000000 0.000216090 0.000000000 0.000000000 0.000000000 0.000256000 77.000000000 68.000000000 64.000000000 59.000000000
1750225467.799999952 31.277241186500007 120.906948631 1.799100000 4.000000000 0.000219040 0.000000000 0.000000000 0.000000000 0.000262440 77.000000000 68.000000000 64.000000000 59.000000000
1750225468.000000000 31.27724108550001 120.906947634 1.769900000 4.000000000 0.000219040 0.000000000 0.000000000 0.000000000 0.000262440 77.000000000 68.000000000 64.000000000 59.000000000
1750225468.200000048 31.277240948666673 120.906946950 1.755000000 4.000000000 0.000216090 1.000000000 0.000000000 0.000000000 0.000259210 84.000000000 76.000000000 69.000000000 68.000000000
1750225468.400000095 31.27724080183333 120.906946158 1.759600000 4.000000000 0.000216090 1.000000000 0.000000000 0.000000000 0.000259210 84.000000000 76.000000000 69.000000000 68.000000000
1750225468.599999905 31.277240463666658 120.906945492 1.791900000 4.000000000 0.000302760 1.000000000 0.000000000 0.000000000 0.000316840 84.000000000 76.000000000 69.000000000 68.000000000
1750225468.799999952 31.277240330499993 120.906944691 1.789700000 4.000000000 0.000302760 1.000000000 0.000000000 0.000000000 0.000316840 84.000000000 76.000000000 69.000000000 68.000000000
1750225469.000000000 31.277240204833333 120.906943904 1.802800000 4.000000000 0.000302760 1.000000000 0.000000000 0.000000000 0.000316840 84.000000000 76.000000000 69.000000000 68.000000000
1750225469.200000048 31.27723995716667 120.906943076 1.809700000 4.000000000 0.000306250 1.000000000 0.000000000 0.000000000 0.000316840 77.000000000 77.000000000 73.000000000 77.000000000
1750225469.400000095 31.27723975916666 120.906942117 1.816700000 4.000000000 0.000306250 1.000000000 0.000000000 0.000000000 0.000320410 77.000000000 77.000000000 73.000000000 77.000000000
1750225469.599999905 31.2772393275 120.906941262 1.836200000 4.000000000 0.000148840 1.000000000 0.000000000 0.000000000 0.000169000 77.000000000 77.000000000 73.000000000 77.000000000
1750225469.799999952 31.27723889966667 120.906940501 1.842000000 4.000000000 0.000148840 1.000000000 0.000000000 0.000000000 0.000169000 77.000000000 77.000000000 73.000000000 77.000000000
1750225470.000000000 31.2772386795 120.906939630 1.850500000 4.000000000 0.000148840 1.000000000 0.000000000 0.000000000 0.000166410 77.000000000 77.000000000 73.000000000 77.000000000
1750225470.200000048 31.277238723833335 120.906938831 1.844200000 4.000000000 0.000146410 1.000000000 0.000000000 0.000000000 0.000163840 77.000000000 74.500000000 71.000000000 72.000000000
1750225470.400000095 31.277238740833326 120.906937938 1.841900000 4.000000000 0.000146410 1.000000000 0.000000000 0.000000000 0.000163840 77.000000000 74.500000000 71.000000000 72.000000000
1750225470.599999905 31.27723888033333 120.906937015 1.840300000 4.000000000 0.000158760 1.000000000 0.000000000 0.000000000 0.000141610 77.000000000 74.500000000 71.000000000 72.000000000
1750225470.799999952 31.27723885016667 120.906936164 1.837800000 4.000000000 0.000161290 1.000000000 0.000000000 0.000000000 0.000146410 77.000000000 74.500000000 71.000000000 72.000000000
1750225471.000000000 31.277238876333328 120.906935407 1.815500000 4.000000000 0.000161290 1.000000000 0.000000000 0.000000000 0.000146410 77.000000000 74.500000000 71.000000000 72.000000000
1750225471.200000048 31.277238755 120.906934547 1.836900000 4.000000000 0.000163840 1.000000000 0.000000000 0.000000000 0.000151290 75.000000000 75.000000000 72.000000000 75.000000000
1750225471.400000095 31.2772386365 120.906933729 1.836600000 4.000000000 0.000161290 1.000000000 0.000000000 0.000000000 0.000151290 75.000000000 75.000000000 72.000000000 75.000000000
1750225471.599999905 31.27723859533333 120.906932959 1.833400000 4.000000000 0.000161290 1.000000000 0.000000000 0.000000000 0.000144000 75.000000000 75.000000000 72.000000000 75.000000000
1750225471.799999952 31.277238556166665 120.906932225 1.817700000 4.000000000 0.000161290 1.000000000 0.000000000 0.000000000 0.000144000 75.000000000 75.000000000 72.000000000 75.000000000
1750225472.000000000 31.27723862783334 120.906931319 1.820000000 4.000000000 0.000163840 1.000000000 0.000000000 0.000000000 0.000151290 75.000000000 75.000000000 72.000000000 75.000000000
1750225472.200000048 31.27723852733334 120.906930527 1.826000000 4.000000000 0.000161290 1.000000000 0.000000000 0.000000000 0.000141610 77.000000000 71.000000000 67.000000000 65.000000000
1750225472.400000095 31.277238408166667 120.906929690 1.814000000 4.000000000 0.000161290 1.000000000 0.000000000 0.000000000 0.000141610 77.000000000 71.000000000 67.000000000 65.000000000
1750225472.599999905 31.277238300333337 120.906928916 1.814200000 4.000000000 0.000161290 1.000000000 0.000000000 0.000000000 0.000141610 77.000000000 71.000000000 67.000000000 65.000000000
1750225472.799999952 31.277238148500004 120.906928181 1.822100000 4.000000000 0.000161290 1.000000000 0.000000000 0.000000000 0.000144000 77.000000000 71.000000000 67.000000000 65.000000000
1750225473.000000000 31.277238014333335 120.906927344 1.830400000 4.000000000 0.000161290 1.000000000 0.000000000 0.000000000 0.000144000 77.000000000 71.000000000 67.000000000 65.000000000
1750225473.200000048 31.27723794549999 120.906926675 1.828000000 5.000000000 0.000161290 1.000000000 0.000000000 0.000000000 0.000141610 70.000000000 72.500000000 72.000000000 75.000000000
1750225473.400000095 31.277237746166662 120.906925755 1.794100000 5.000000000 0.000161290 1.000000000 0.000000000 0.000000000 0.000141610 70.000000000 72.500000000 72.000000000 75.000000000
1750225473.599999905 31.277237608666667 120.906924934 1.808800000 5.000000000 0.000161290 1.000000000 0.000000000 0.000000000 0.000141610 70.000000000 72.500000000 72.000000000 75.000000000
1750225473.799999952 31.27723760016667 120.906924123 1.843500000 5.000000000 0.000163840 1.000000000 0.000000000 0.000000000 0.000141610 70.000000000 72.500000000 72.000000000 75.000000000
1750225474.000000000 31.277237530333338 120.906923326 1.824000000 5.000000000 0.000163840 1.000000000 0.000000000 0.000000000 0.000141610 70.000000000 72.500000000 72.000000000 75.000000000
1750225474.200000048 31.277237601333326 120.906922610 1.826900000 5.000000000 0.000161290 1.000000000 0.000000000 0.000000000 0.000141610 65.000000000 56.000000000 72.000000000 75.000000000
1750225474.400000095 31.27723747183333 120.906921809 1.827300000 5.000000000 0.000161290 1.000000000 0.000000000 0.000000000 0.000141610 65.000000000 56.000000000 72.000000000 75.000000000
1750225474.599999905 31.27723733016667 120.906921093 1.829400000 5.000000000 0.000169000 1.000000000 0.000000000 0.000000000 0.000148840 65.000000000 56.000000000 72.000000000 75.000000000
1750225474.799999952 31.277236976499992 120.906920207 1.806700000 5.000000000 0.000166410 1.000000000 0.000000000 0.000000000 0.000151290 65.000000000 56.000000000 72.000000000 75.000000000
1750225475.000000000 31.27723679766666 120.906919461 1.823700000 5.000000000 0.000161290 1.000000000 0.000000000 0.000000000 0.000144000 65.000000000 56.000000000 72.000000000 75.000000000
1750225475.200000048 31.277236513333335 120.906918646 1.831100000 5.000000000 0.000161290 1.000000000 0.000000000 0.000000000 0.000141610 65.000000000 54.800000000 71.000000000 72.000000000
1750225475.400000095 31.27723636600001 120.906918002 1.842600000 5.000000000 0.000161290 1.000000000 0.000000000 0.000000000 0.000141610 65.000000000 54.800000000 71.000000000 72.000000000
1750225475.599999905 31.27723608466667 120.906917147 1.828400000 5.000000000 0.000161290 1.000000000 0.000000000 0.000000000 0.000144000 65.000000000 54.800000000 71.000000000 72.000000000
1750225475.799999952 31.277235677666667 120.906916339 1.823900000 5.000000000 0.000161290 1.000000000 0.000000000 0.000000000 0.000141610 65.000000000 54.800000000 71.000000000 72.000000000
1750225476.000000000 31.277235712999996 120.906915560 1.834200000 5.000000000 0.000161290 1.000000000 0.000000000 0.000000000 0.000144000 65.000000000 54.800000000 71.000000000 72.000000000
1750225476.200000048 31.277235727666664 120.906914727 1.832200000 5.000000000 0.000158760 1.000000000 0.000000000 0.000000000 0.000139240 70.000000000 56.800000000 71.000000000 72.000000000
1750225476.400000095 31.277235628666674 120.906913809 1.824600000 5.000000000 0.000158760 1.000000000 0.000000000 0.000000000 0.000139240 70.000000000 56.800000000 71.000000000 72.000000000
1750225476.599999905 31.277235449333332 120.906913043 1.821000000 5.000000000 0.000158760 1.000000000 0.000000000 0.000000000 0.000139240 70.000000000 56.800000000 71.000000000 72.000000000
1750225476.799999952 31.277235537333326 120.906912036 1.836800000 5.000000000 0.000161290 1.000000000 0.000000000 0.000000000 0.000141610 70.000000000 56.800000000 71.000000000 72.000000000
1750225477.000000000 31.277235355666676 120.906911263 1.820500000 5.000000000 0.000161290 1.000000000 0.000000000 0.000000000 0.000141610 70.000000000 56.800000000 71.000000000 72.000000000
1750225477.200000048 31.277235296 120.906910394 1.827300000 5.000000000 0.000158760 1.000000000 0.000000000 0.000000000 0.000139240 72.000000000 57.600000000 71.000000000 72.000000000
1750225477.400000095 31.27723511666666 120.906909617 1.825500000 5.000000000 0.000158760 1.000000000 0.000000000 0.000000000 0.000141610 72.000000000 57.600000000 71.000000000 72.000000000
1750225477.599999905 31.277235139666658 120.906908926 1.765900000 4.000000000 0.000166410 0.000000000 0.000000000 0.000000000 0.000171610 72.000000000 57.600000000 71.000000000 72.000000000
1750225477.799999952 31.277234950500002 120.906908066 1.761100000 4.000000000 0.000166410 0.000000000 0.000000000 0.000000000 0.000171610 72.000000000 57.600000000 71.000000000 72.000000000
1750225478.000000000 31.277234864500002 120.906907279 1.766900000 4.000000000 0.000166410 0.000000000 0.000000000 0.000000000 0.000171610 72.000000000 57.600000000 71.000000000 72.000000000
1750225478.200000048 31.277234692333337 120.906906416 1.759500000 4.000000000 0.000163840 0.000000000 0.000000000 0.000000000 0.000166410 73.000000000 73.000000000 72.000000000 73.000000000
1750225478.400000095 31.277234471166665 120.906905760 1.758700000 4.000000000 0.000163840 0.000000000 0.000000000 0.000000000 0.000166410 73.000000000 73.000000000 72.000000000 73.000000000
1750225478.599999905 31.277234176833332 120.906904972 1.768800000 4.000000000 0.000156250 0.000000000 0.000000000 0.000000000 0.000146410 73.000000000 73.000000000 72.000000000 73.000000000
1750225478.799999952 31.277234034333333 120.906904231 1.776600000 4.000000000 0.000156250 0.000000000 0.000000000 0.000000000 0.000146410 73.000000000 73.000000000 72.000000000 73.000000000
1750225479.000000000 31.277233801333338 120.906903484 1.769900000 4.000000000 0.000156250 0.000000000 0.000000000 0.000000000 0.000146410 73.000000000 73.000000000 72.000000000 73.000000000
1750225479.200000048 31.277233497333327 120.906902806 1.761600000 4.000000000 0.000156250 1.000000000 0.000000000 0.000000000 0.000144000 73.000000000 76.500000000 76.000000000 80.000000000
1750225479.400000095 31.277233298833337 120.906902044 1.765000000 4.000000000 0.000158760 1.000000000 0.000000000 0.000000000 0.000144000 73.000000000 76.500000000 76.000000000 80.000000000
1750225479.599999905 31.277233199166673 120.906901142 1.777400000 4.000000000 0.000158760 1.000000000 0.000000000 0.000000000 0.000141610 73.000000000 76.500000000 76.000000000 80.000000000
1750225479.799999952 31.277233008333326 120.906900271 1.775500000 4.000000000 0.000161290 1.000000000 0.000000000 0.000000000 0.000144000 73.000000000 76.500000000 76.000000000 80.000000000
1750225480.000000000 31.277233021833325 120.906899508 1.773000000 4.000000000 0.000161290 1.000000000 0.000000000 0.000000000 0.000144000 73.000000000 76.500000000 76.000000000 80.000000000
1750225480.200000048 31.27723291316667 120.906898709 1.781800000 4.000000000 0.000161290 1.000000000 0.000000000 0.000000000 0.000144000 71.000000000 71.000000000 72.000000000 71.000000000
1750225480.400000095 31.277232737333335 120.906897963 1.771300000 4.000000000 0.000161290 1.000000000 0.000000000 0.000000000 0.000144000 71.000000000 71.000000000 72.000000000 71.000000000
1750225480.599999905 31.27723265033333 120.906896948 1.788600000 4.000000000 0.000153760 1.000000000 0.000000000 0.000000000 0.000136890 71.000000000 71.000000000 72.000000000 71.000000000
1750225480.799999952 31.277232544 120.906896300 1.778900000 4.000000000 0.000153760 1.000000000 0.000000000 0.000000000 0.000136890 71.000000000 71.000000000 72.000000000 71.000000000
1750225481.000000000 31.277232417333337 120.906895539 1.772800000 4.000000000 0.000156250 1.000000000 0.000000000 0.000000000 0.000136890 71.000000000 71.000000000 72.000000000 71.000000000
1750225481.200000048 31.27723234166666 120.906894854 1.758300000 4.000000000 0.000151290 1.000000000 0.000000000 0.000000000 0.000134560 80.000000000 75.500000000 72.000000000 71.000000000
1750225481.400000095 31.277232183333325 120.906894027 1.762000000 4.000000000 0.000151290 1.000000000 0.000000000 0.000000000 0.000134560 80.000000000 75.500000000 72.000000000 71.000000000
1750225481.599999905 31.2772319045 120.906893102 1.782100000 4.000000000 0.000161290 1.000000000 0.000000000 0.000000000 0.000136890 80.000000000 75.500000000 72.000000000 71.000000000
1750225481.799999952 31.277231909500003 120.906892418 1.783000000 4.000000000 0.000161290 1.000000000 0.000000000 0.000000000 0.000136890 80.000000000 75.500000000 72.000000000 71.000000000
1750225482.000000000 31.277231758500008 120.906891692 1.792400000 4.000000000 0.000161290 1.000000000 0.000000000 0.000000000 0.000136890 80.000000000 75.500000000 72.000000000 71.000000000
1750225482.200000048 31.277231642333334 120.906890968 1.799000000 4.000000000 0.000161290 1.000000000 0.000000000 0.000000000 0.000136890 82.000000000 82.000000000 77.000000000 82.000000000
1750225482.400000095 31.277231501333333 120.906890067 1.793100000 4.000000000 0.000161290 1.000000000 0.000000000 0.000000000 0.000136890 82.000000000 82.000000000 77.000000000 82.000000000
1750225482.599999905 31.277231412333336 120.906889300 1.798900000 4.000000000 0.000139240 1.000000000 0.000000000 0.000000000 0.000129960 82.000000000 82.000000000 77.000000000 82.000000000
1750225482.799999952 31.27723132316666 120.906888568 1.780400000 4.000000000 0.000141610 1.000000000 0.000000000 0.000000000 0.000132250 82.000000000 82.000000000 77.000000000 82.000000000
1750225483.000000000 31.277231216333334 120.906887748 1.794100000 4.000000000 0.000141610 1.000000000 0.000000000 0.000000000 0.000132250 82.000000000 82.000000000 77.000000000 82.000000000
1750225483.200000048 31.277230997999993 120.906886815 1.806900000 4.000000000 0.000141610 1.000000000 0.000000000 0.000000000 0.000129960 80.000000000 76.500000000 73.000000000 73.000000000
1750225483.400000095 31.27723083316667 120.906886046 1.781000000 4.000000000 0.000141610 1.000000000 0.000000000 0.000000000 0.000129960 80.000000000 76.500000000 73.000000000 73.000000000
1750225483.599999905 31.277230858833335 120.906885206 1.801100000 4.000000000 0.000129960 1.000000000 0.000000000 0.000000000 0.000127690 80.000000000 76.500000000 73.000000000 73.000000000
1750225483.799999952 31.277230674833334 120.906884450 1.797500000 4.000000000 0.000129960 1.000000000 0.000000000 0.000000000 0.000129960 80.000000000 76.500000000 73.000000000 73.000000000
1750225484.000000000 31.277230602000003 120.906883728 1.770500000 4.000000000 0.000129960 1.000000000 0.000000000 0.000000000 0.000129960 80.000000000 76.500000000 73.000000000 73.000000000
1750225484.200000048 31.27723051933333 120.906882876 1.787500000 4.000000000 0.000129960 1.000000000 0.000000000 0.000000000 0.000129960 84.000000000 82.000000000 76.000000000 80.000000000
1750225484.400000095 31.27723066483334 120.906881978 1.756000000 4.000000000 0.000129960 1.000000000 0.000000000 0.000000000 0.000129960 84.000000000 82.000000000 76.000000000 80.000000000
1750225484.599999905 31.277230588166674 120.906881105 1.785100000 4.000000000 0.000112360 1.000000000 0.000000000 0.000000000 0.000102010 84.000000000 82.000000000 76.000000000 80.000000000
1750225484.799999952 31.27723059066666 120.906880355 1.781500000 4.000000000 0.000114490 1.000000000 0.000000000 0.000000000 0.000102010 84.000000000 82.000000000 76.000000000 80.000000000
1750225485.000000000 31.277230504333332 120.906879541 1.787400000 4.000000000 0.000116640 1.000000000 0.000000000 0.000000000 0.000104040 84.000000000 82.000000000 76.000000000 80.000000000
1750225485.200000048 31.277230483833335 120.906878525 1.784400000 4.000000000 0.000118810 1.000000000 0.000000000 0.000000000 0.000104040 68.000000000 71.500000000 74.000000000 75.000000000
1750225485.400000095 31.277230279500003 120.906877580 1.781400000 4.000000000 0.000169000 1.000000000 0.000000000 0.000000000 0.000132250 68.000000000 71.500000000 74.000000000 75.000000000
1750225485.599999905 31.277230413333342 120.906877029 1.770800000 4.000000000 0.000166410 1.000000000 0.000000000 0.000000000 0.000129960 68.000000000 71.500000000 74.000000000 75.000000000
1750225485.799999952 31.277230487666657 120.906876714 1.770100000 4.000000000 0.000166410 1.000000000 0.000000000 0.000000000 0.000132250 68.000000000 71.500000000 74.000000000 75.000000000
1750225486.000000000 31.277230580999998 120.906876411 1.763000000 4.000000000 0.000169000 1.000000000 0.000000000 0.000000000 0.000132250 68.000000000 71.500000000 74.000000000 75.000000000
1750225486.200000048 31.27723071766667 120.906876113 1.754500000 4.000000000 0.000163840 1.000000000 0.000000000 0.000000000 0.000129960 73.000000000 72.000000000 72.000000000 71.000000000
1750225486.400000095 31.277230821833342 120.906875805 1.755100000 4.000000000 0.000163840 1.000000000 0.000000000 0.000000000 0.000129960 73.000000000 72.000000000 72.000000000 71.000000000
1750225486.599999905 31.277230713833333 120.906875082 1.728600000 4.000000000 0.000176890 1.000000000 0.000000000 0.000000000 0.000129960 73.000000000 72.000000000 72.000000000 71.000000000
1750225486.799999952 31.27723008033334 120.906874496 1.736200000 4.000000000 0.000176890 1.000000000 0.000000000 0.000000000 0.000129960 73.000000000 72.000000000 72.000000000 71.000000000
1750225487.000000000 31.277229302333325 120.906874163 1.755200000 4.000000000 0.000179560 1.000000000 0.000000000 0.000000000 0.000132250 73.000000000 72.000000000 72.000000000 71.000000000
1750225487.200000048 31.277228615833337 120.906874064 1.758100000 4.000000000 0.000179560 1.000000000 0.000000000 0.000000000 0.000132250 68.000000000 69.500000000 72.000000000 71.000000000
1750225487.400000095 31.27722792583333 120.906874201 1.757500000 4.000000000 0.000204490 1.000000000 0.000000000 0.000000000 0.000166410 68.000000000 69.500000000 72.000000000 71.000000000
1750225487.599999905 31.27722740366667 120.906874308 1.754300000 4.000000000 0.000204490 1.000000000 0.000000000 0.000000000 0.000166410 68.000000000 69.500000000 72.000000000 71.000000000
1750225487.799999952 31.277226670000005 120.906874439 1.745700000 4.000000000 0.000204490 1.000000000 0.000000000 0.000000000 0.000166410 68.000000000 69.500000000 72.000000000 71.000000000
1750225488.000000000 31.277226053999996 120.906874688 1.742500000 4.000000000 0.000204490 1.000000000 0.000000000 0.000000000 0.000169000 68.000000000 69.500000000 72.000000000 71.000000000
1750225488.200000048 31.277225435333335 120.906874783 1.758200000 4.000000000 0.000201640 1.000000000 0.000000000 0.000000000 0.000163840 73.000000000 72.000000000 72.000000000 71.000000000
1750225488.400000095 31.277224783666668 120.906875053 1.744900000 4.000000000 0.000201640 1.000000000 0.000000000 0.000000000 0.000166410 73.000000000 72.000000000 72.000000000 71.000000000
1750225488.599999905 31.27722388800001 120.906875288 1.771400000 4.000000000 0.000176890 1.000000000 0.000000000 0.000000000 0.000110250 73.000000000 72.000000000 72.000000000 71.000000000
1750225488.799999952 31.277223130833335 120.906875281 1.785900000 4.000000000 0.000176890 1.000000000 0.000000000 0.000000000 0.000110250 73.000000000 72.000000000 72.000000000 71.000000000
1750225489.000000000 31.277222444333333 120.906875490 1.773200000 4.000000000 0.000176890 1.000000000 0.000000000 0.000000000 0.000110250 73.000000000 72.000000000 72.000000000 71.000000000
1750225489.200000048 31.277221896 120.906876101 1.773100000 4.000000000 0.000176890 1.000000000 0.000000000 0.000000000 0.000112360 68.000000000 71.500000000 74.000000000 75.000000000
1750225489.400000095 31.277221603499996 120.906876210 1.771800000 4.000000000 0.000210250 1.000000000 0.000000000 0.000000000 0.000118810 68.000000000 71.500000000 74.000000000 75.000000000
1750225489.599999905 31.27722142783334 120.906876387 1.783900000 4.000000000 0.000213160 1.000000000 0.000000000 0.000000000 0.000118810 68.000000000 71.500000000 74.000000000 75.000000000
1750225489.799999952 31.277221098833337 120.906876318 1.787600000 4.000000000 0.000213160 1.000000000 0.000000000 0.000000000 0.000118810 68.000000000 71.500000000 74.000000000 75.000000000
1750225490.000000000 31.27722044316667 120.906876065 1.785900000 4.000000000 0.000210250 1.000000000 0.000000000 0.000000000 0.000118810 68.000000000 71.500000000 74.000000000 75.000000000
1750225490.200000048 31.27721985316667 120.906875655 1.786100000 4.000000000 0.000210250 1.000000000 0.000000000 0.000000000 0.000116640 80.000000000 77.500000000 74.000000000 75.000000000
1750225490.400000095 31.277219467166674 120.906874964 1.795700000 4.000000000 0.000210250 1.000000000 0.000000000 0.000000000 0.000118810 80.000000000 77.500000000 74.000000000 75.000000000
1750225490.599999905 31.277219156833326 120.906874155 1.778900000 4.000000000 0.000210250 1.000000000 0.000000000 0.000000000 0.000118810 80.000000000 77.500000000 74.000000000 75.000000000
1750225490.799999952 31.2772190675 120.906873277 1.785200000 4.000000000 0.000213160 1.000000000 0.000000000 0.000000000 0.000118810 80.000000000 77.500000000 74.000000000 75.000000000
1750225491.000000000 31.277218824000002 120.906872424 1.790200000 4.000000000 0.000213160 1.000000000 0.000000000 0.000000000 0.000121000 80.000000000 77.500000000 74.000000000 75.000000000
1750225491.200000048 31.277218648499996 120.906871531 1.811600000 4.000000000 0.000213160 1.000000000 0.000000000 0.000000000 0.000118810 64.000000000 70.500000000 75.000000000 77.000000000
1750225491.400000095 31.277218341333338 120.906870570 1.807600000 4.000000000 0.000213160 1.000000000 0.000000000 0.000000000 0.000121000 64.000000000 70.500000000 75.000000000 77.000000000
1750225491.599999905 31.27721816483333 120.906869465 1.796200000 4.000000000 0.000213160 1.000000000 0.000000000 0.000000000 0.000121000 64.000000000 70.500000000 75.000000000 77.000000000
1750225491.799999952 31.277218023333333 120.906868696 1.808000000 4.000000000 0.000213160 1.000000000 0.000000000 0.000000000 0.000121000 64.000000000 70.500000000 75.000000000 77.000000000
1750225492.000000000 31.27721788533333 120.906867838 1.767700000 4.000000000 0.000213160 1.000000000 0.000000000 0.000000000 0.000121000 64.000000000 70.500000000 75.000000000 77.000000000
1750225492.200000048 31.277217821333338 120.906866975 1.780900000 5.000000000 0.000213160 1.000000000 0.000000000 0.000000000 0.000118810 67.000000000 70.000000000 74.000000000 73.000000000
1750225492.400000095 31.277217786500003 120.906866159 1.795400000 5.000000000 0.000213160 1.000000000 0.000000000 0.000000000 0.000118810 67.000000000 70.000000000 74.000000000 73.000000000
1750225492.599999905 31.2772179345 120.906865316 1.768100000 5.000000000 0.000216090 1.000000000 0.000000000 0.000000000 0.000121000 67.000000000 70.000000000 74.000000000 73.000000000
1750225492.799999952 31.277218152833328 120.906864367 1.780400000 5.000000000 0.000216090 1.000000000 0.000000000 0.000000000 0.000121000 67.000000000 70.000000000 74.000000000 73.000000000
1750225493.000000000 31.277218411666666 120.906863613 1.756400000 5.000000000 0.000216090 1.000000000 0.000000000 0.000000000 0.000121000 67.000000000 70.000000000 74.000000000 73.000000000
1750225493.200000048 31.27721856433334 120.906862722 1.772900000 5.000000000 0.000216090 1.000000000 0.000000000 0.000000000 0.000121000 60.000000000 51.600000000 72.000000000 69.000000000
1750225493.400000095 31.277218772833336 120.906861840 1.753100000 5.000000000 0.000216090 1.000000000 0.000000000 0.000000000 0.000121000 60.000000000 51.600000000 72.000000000 69.000000000
1750225493.599999905 31.27721888133334 120.906861026 1.766000000 5.000000000 0.000216090 1.000000000 0.000000000 0.000000000 0.000123210 60.000000000 51.600000000 72.000000000 69.000000000
1750225493.799999952 31.277218951166674 120.906860241 1.751300000 5.000000000 0.000216090 1.000000000 0.000000000 0.000000000 0.000123210 60.000000000 51.600000000 72.000000000 69.000000000
1750225494.000000000 31.277219231833328 120.906859316 1.782500000 5.000000000 0.000219040 1.000000000 0.000000000 0.000000000 0.000123210 60.000000000 51.600000000 72.000000000 69.000000000
1750225494.200000048 31.27721971683333 120.906858838 1.799400000 5.000000000 0.000213160 1.000000000 0.000000000 0.000000000 0.000121000 60.000000000 50.000000000 70.000000000 65.000000000
1750225494.400000095 31.27722007183334 120.906858404 1.773100000 5.000000000 0.000213160 1.000000000 0.000000000 0.000000000 0.000121000 60.000000000 50.000000000 70.000000000 65.000000000
1750225494.599999905 31.27722032183334 120.906857868 1.765500000 4.000000000 0.000231040 0.000000000 0.000000000 0.000000000 0.000156250 60.000000000 50.000000000 70.000000000 65.000000000
1750225494.799999952 31.277220126833342 120.906857149 1.778900000 4.000000000 0.000231040 0.000000000 0.000000000 0.000000000 0.000156250 60.000000000 50.000000000 70.000000000 65.000000000
1750225495.000000000 31.27721968266667 120.906856571 1.746300000 4.000000000 0.000234090 0.000000000 0.000000000 0.000000000 0.000158760 60.000000000 50.000000000 70.000000000 65.000000000
1750225495.200000048 31.27721884416667 120.906856152 1.761000000 4.000000000 0.000228010 0.000000000 0.000000000 0.000000000 0.000151290 60.000000000 62.500000000 70.000000000 65.000000000
1750225495.400000095 31.2772183015 120.906856027 1.767300000 4.000000000 0.000228010 0.000000000 0.000000000 0.000000000 0.000151290 60.000000000 62.500000000 70.000000000 65.000000000
1750225495.599999905 31.277217970833334 120.906856129 1.770300000 4.000000000 0.000228010 0.000000000 0.000000000 0.000000000 0.000153760 60.000000000 62.500000000 70.000000000 65.000000000
1750225495.799999952 31.277217684666667 120.906856200 1.771500000 4.000000000 0.000228010 0.000000000 0.000000000 0.000000000 0.000153760 60.000000000 62.500000000 70.000000000 65.000000000
1750225496.000000000 31.2772173675 120.906856186 1.779600000 4.000000000 0.000228010 0.000000000 0.000000000 0.000000000 0.000153760 60.000000000 62.500000000 70.000000000 65.000000000
1750225496.200000048 31.277217063166674 120.906855821 1.799700000 4.000000000 0.000228010 0.000000000 0.000000000 0.000000000 0.000151290 73.000000000 73.000000000 74.000000000 73.000000000
1750225496.400000095 31.2772169215 120.906855072 1.793000000 4.000000000 0.000225000 0.000000000 0.000000000 0.000000000 0.000151290 73.000000000 73.000000000 74.000000000 73.000000000
1750225496.599999905 31.27721729033334 120.906853881 1.735500000 4.000000000 0.000190440 0.000000000 0.000000000 0.000000000 0.000136890 73.000000000 73.000000000 74.000000000 73.000000000
1750225496.799999952 31.277217834499993 120.906852994 1.746000000 4.000000000 0.000193210 0.000000000 0.000000000 0.000000000 0.000139240 73.000000000 73.000000000 74.000000000 73.000000000
1750225497.000000000 31.277218116666674 120.906852112 1.755900000 4.000000000 0.000193210 0.000000000 0.000000000 0.000000000 0.000139240 73.000000000 73.000000000 74.000000000 73.000000000
1750225497.200000048 31.27721833216667 120.906851118 1.758600000 4.000000000 0.000190440 0.000000000 0.000000000 0.000000000 0.000134560 65.000000000 67.000000000 72.000000000 69.000000000
1750225497.400000095 31.277218336333334 120.906850139 1.755100000 4.000000000 0.000190440 0.000000000 0.000000000 0.000000000 0.000134560 65.000000000 67.000000000 72.000000000 69.000000000
1750225497.599999905 31.277218216833333 120.906849304 1.777700000 4.000000000 0.000171610 0.000000000 0.000000000 0.000000000 0.000108160 65.000000000 67.000000000 72.000000000 69.000000000
1750225497.799999952 31.277217859333334 120.906848461 1.760400000 4.000000000 0.000174240 0.000000000 0.000000000 0.000000000 0.000110250 65.000000000 67.000000000 72.000000000 69.000000000
1750225498.000000000 31.277217378166668 120.906847631 1.785000000 4.000000000 0.000176890 0.000000000 0.000000000 0.000000000 0.000110250 65.000000000 67.000000000 72.000000000 69.000000000
1750225498.200000048 31.277217124333333 120.906846883 1.798900000 4.000000000 0.000174240 0.000000000 0.000000000 0.000000000 0.000108160 69.000000000 70.000000000 73.000000000 71.000000000
1750225498.400000095 31.277217180999997 120.906845905 1.773800000 4.000000000 0.000174240 0.000000000 0.000000000 0.000000000 0.000110250 69.000000000 70.000000000 73.000000000 71.000000000
1750225498.599999905 31.27721715749999 120.906844944 1.734500000 4.000000000 0.000196000 0.000000000 0.000000000 0.000000000 0.000127690 69.000000000 70.000000000 73.000000000 71.000000000
1750225498.799999952 31.277217150833337 120.906844210 1.703800000 4.000000000 0.000201640 0.000000000 0.000000000 0.000000000 0.000134560 69.000000000 70.000000000 73.000000000 71.000000000
1750225499.000000000 31.277217208333326 120.906843090 1.767100000 4.000000000 0.000201640 0.000000000 0.000000000 0.000000000 0.000132250 69.000000000 70.000000000 73.000000000 71.000000000
1750225499.200000048 31.277217389 120.906842329 1.718300000 4.000000000 0.000193210 0.000000000 0.000000000 0.000000000 0.000132250 73.000000000 66.500000000 67.000000000 60.000000000
1750225499.400000095 31.277217399999998 120.906841409 1.738500000 4.000000000 0.000196000 0.000000000 0.000000000 0.000000000 0.000132250 73.000000000 66.500000000 67.000000000 60.000000000
1750225499.599999905 31.277217410666665 120.906840753 1.735000000 4.000000000 0.000219040 0.000000000 0.000000000 0.000000000 0.000231040 73.000000000 66.500000000 67.000000000 60.000000000
1750225499.799999952 31.27721743699999 120.906839883 1.753200000 4.000000000 0.000219040 0.000000000 0.000000000 0.000000000 0.000231040 73.000000000 66.500000000 67.000000000 60.000000000
1750225500.000000000 31.277217551333337 120.906839145 1.736800000 4.000000000 0.000219040 0.000000000 0.000000000 0.000000000 0.000231040 73.000000000 66.500000000 67.000000000 60.000000000
1750225500.200000048 31.277217656333335 120.906838193 1.725300000 4.000000000 0.000219040 1.000000000 0.000000000 0.000000000 0.000225000 80.000000000 78.000000000 75.000000000 76.000000000
1750225500.400000095 31.277217429333334 120.906837327 1.734500000 4.000000000 0.000219040 1.000000000 0.000000000 0.000000000 0.000228010 80.000000000 78.000000000 75.000000000 76.000000000
1750225500.599999905 31.277217137000008 120.906836716 1.744900000 4.000000000 0.000156250 1.000000000 0.000000000 0.000000000 0.000139240 80.000000000 78.000000000 75.000000000 76.000000000
1750225500.799999952 31.277217008000008 120.906835903 1.765200000 4.000000000 0.000156250 1.000000000 0.000000000 0.000000000 0.000139240 80.000000000 78.000000000 75.000000000 76.000000000
1750225501.000000000 31.277216883666668 120.906834967 1.759800000 4.000000000 0.000158760 1.000000000 0.000000000 0.000000000 0.000141610 80.000000000 78.000000000 75.000000000 76.000000000
1750225501.200000048 31.277216756833326 120.906834191 1.744400000 4.000000000 0.000156250 1.000000000 0.000000000 0.000000000 0.000139240 71.000000000 73.500000000 75.000000000 76.000000000
1750225501.400000095 31.277216429333336 120.906833326 1.770800000 4.000000000 0.000156250 1.000000000 0.000000000 0.000000000 0.000139240 71.000000000 73.500000000 75.000000000 76.000000000
1750225501.599999905 31.277216191833332 120.906832424 1.784900000 4.000000000 0.000146410 1.000000000 0.000000000 0.000000000 0.000129960 71.000000000 73.500000000 75.000000000 76.000000000
1750225501.799999952 31.277216011166672 120.906831525 1.791500000 4.000000000 0.000146410 1.000000000 0.000000000 0.000000000 0.000132250 71.000000000 73.500000000 75.000000000 76.000000000
1750225502.000000000 31.27721579483334 120.906830906 1.761100000 4.000000000 0.000148840 1.000000000 0.000000000 0.000000000 0.000134560 71.000000000 73.500000000 75.000000000 76.000000000
1750225502.200000048 31.277215653500008 120.906830187 1.759700000 4.000000000 0.000146410 1.000000000 0.000000000 0.000000000 0.000134560 69.000000000 68.000000000 71.000000000 67.000000000
1750225502.400000095 31.2772154555 120.906829346 1.754500000 4.000000000 0.000146410 1.000000000 0.000000000 0.000000000 0.000134560 69.000000000 68.000000000 71.000000000 67.000000000
1750225502.599999905 31.277215241500002 120.906828641 1.785500000 4.000000000 0.000171610 1.000000000 0.000000000 0.000000000 0.000134560 69.000000000 68.000000000 71.000000000 67.000000000
1750225502.799999952 31.277215044499997 120.906827917 1.752400000 4.000000000 0.000171610 1.000000000 0.000000000 0.000000000 0.000134560 69.000000000 68.000000000 71.000000000 67.000000000
1750225503.000000000 31.277214824833322 120.906827263 1.750400000 4.000000000 0.000171610 1.000000000 0.000000000 0.000000000 0.000134560 69.000000000 68.000000000 71.000000000 67.000000000
1750225503.200000048 31.277214569500003 120.906826483 1.729300000 4.000000000 0.000169000 1.000000000 0.000000000 0.000000000 0.000132250 65.000000000 68.000000000 73.000000000 71.000000000
1750225503.400000095 31.277214204499998 120.906825563 1.733200000 4.000000000 0.000169000 1.000000000 0.000000000 0.000000000 0.000132250 65.000000000 68.000000000 73.000000000 71.000000000
1750225503.599999905 31.277213697500002 120.906824582 1.783900000 4.000000000 0.000158760 1.000000000 0.000000000 0.000000000 0.000141610 65.000000000 68.000000000 73.000000000 71.000000000
1750225503.799999952 31.277213556166657 120.906823707 1.772400000 4.000000000 0.000161290 1.000000000 0.000000000 0.000000000 0.000144000 65.000000000 68.000000000 73.000000000 71.000000000
1750225504.000000000 31.2772133255 120.906822952 1.774400000 4.000000000 0.000161290 1.000000000 0.000000000 0.000000000 0.000148840 65.000000000 68.000000000 73.000000000 71.000000000
1750225504.200000048 31.27721313316667 120.906822101 1.779800000 4.000000000 0.000161290 0.000000000 0.000000000 0.000000000 0.000141610 65.000000000 61.500000000 66.000000000 58.000000000
1750225504.400000095 31.27721282666667 120.906821352 1.764000000 4.000000000 0.000163840 0.000000000 0.000000000 0.000000000 0.000144000 65.000000000 61.500000000 66.000000000 58.000000000
1750225504.599999905 31.277212972 120.906820666 1.774000000 4.000000000 0.000171610 0.000000000 0.000000000 0.000000000 0.000148840 65.000000000 61.500000000 66.000000000 58.000000000
1750225504.799999952 31.277212989999995 120.906819908 1.761300000 4.000000000 0.000166410 0.000000000 0.000000000 0.000000000 0.000146410 65.000000000 61.500000000 66.000000000 58.000000000
1750225505.000000000 31.27721299033334 120.906819008 1.775600000 4.000000000 0.000163840 0.000000000 0.000000000 0.000000000 0.000141610 65.000000000 61.500000000 66.000000000 58.000000000
1750225505.200000048 31.277212938666665 120.906818139 1.787700000 4.000000000 0.000166410 0.000000000 0.000000000 0.000000000 0.000144000 60.000000000 63.500000000 71.000000000 67.000000000
1750225505.400000095 31.277212777666662 120.906817195 1.787700000 4.000000000 0.000234090 0.000000000 0.000000000 0.000000000 0.000256000 60.000000000 63.500000000 71.000000000 67.000000000
1750225505.599999905 31.277212840999994 120.906816172 1.801100000 4.000000000 0.000234090 0.000000000 0.000000000 0.000000000 0.000256000 60.000000000 63.500000000 71.000000000 67.000000000
1750225505.799999952 31.277212995666673 120.906815162 1.815300000 4.000000000 0.000234090 0.000000000 0.000000000 0.000000000 0.000256000 60.000000000 63.500000000 71.000000000 67.000000000
1750225506.000000000 31.277213009999997 120.906814368 1.795200000 4.000000000 0.000234090 0.000000000 0.000000000 0.000000000 0.000256000 60.000000000 63.500000000 71.000000000 67.000000000
1750225506.200000048 31.277212920166676 120.906813515 1.772100000 4.000000000 0.000234090 0.000000000 0.000000000 0.000000000 0.000252810 65.000000000 64.000000000 69.000000000 63.000000000
1750225506.400000095 31.27721298649999 120.906812730 1.749100000 4.000000000 0.000302760 0.000000000 0.000000000 0.000000000 0.000262440 65.000000000 64.000000000 69.000000000 63.000000000
1750225506.599999905 31.277213013500003 120.906811928 1.735900000 4.000000000 0.000306250 0.000000000 0.000000000 0.000000000 0.000265690 65.000000000 64.000000000 69.000000000 63.000000000
1750225506.799999952 31.27721292933333 120.906810992 1.757200000 4.000000000 0.000309760 0.000000000 0.000000000 0.000000000 0.000265690 65.000000000 64.000000000 69.000000000 63.000000000
1750225507.000000000 31.277212798666667 120.906810234 1.800200000 4.000000000 0.000320410 0.000000000 0.000000000 0.000000000 0.000272250 65.000000000 64.000000000 69.000000000 63.000000000
1750225507.200000048 31.277212663499995 120.906809427 1.770700000 4.000000000 0.000306250 0.000000000 0.000000000 0.000000000 0.000259210 54.000000000 53.000000000 63.000000000 52.000000000
1750225507.400000095 31.277212490166676 120.906808089 1.728400000 4.000000000 0.000306250 0.000000000 0.000000000 0.000000000 0.000234090 54.000000000 53.000000000 63.000000000 52.000000000
1750225507.599999905 31.277212353166675 120.906807449 1.727700000 4.000000000 0.000302760 0.000000000 0.000000000 0.000000000 0.000234090 54.000000000 53.000000000 63.000000000 52.000000000
1750225507.799999952 31.277212116666675 120.906806623 1.748600000 4.000000000 0.000327610 0.000000000 0.000000000 0.000000000 0.000249640 54.000000000 53.000000000 63.000000000 52.000000000
1750225508.000000000 31.277211957666665 120.906805623 1.772300000 4.000000000 0.000309760 0.000000000 0.000000000 0.000000000 0.000243360 54.000000000 53.000000000 63.000000000 52.000000000
1750225508.200000048 31.277211749833327 120.906804986 1.743700000 4.000000000 0.000306250 0.000000000 0.000000000 0.000000000 0.000237160 50.000000000 52.000000000 64.000000000 54.000000000
1750225508.400000095 31.27721157516666 120.906804170 1.703000000 4.000000000 0.000231040 0.000000000 0.000000000 0.000000000 0.000207360 50.000000000 52.000000000 64.000000000 54.000000000
1750225508.599999905 31.277211504333337 120.906803488 1.677400000 4.000000000 0.000231040 0.000000000 0.000000000 0.000000000 0.000207360 50.000000000 52.000000000 64.000000000 54.000000000
1750225508.799999952 31.277211358166667 120.906802680 1.679400000 4.000000000 0.000234090 0.000000000 0.000000000 0.000000000 0.000210250 50.000000000 52.000000000 64.000000000 54.000000000
1750225509.000000000 31.277211271833337 120.906801924 1.673300000 4.000000000 0.000234090 0.000000000 0.000000000 0.000000000 0.000210250 50.000000000 52.000000000 64.000000000 54.000000000
1750225509.200000048 31.277211065166668 120.906801153 1.693600000 4.000000000 0.000225000 0.000000000 0.000000000 0.000000000 0.000204490 63.000000000 63.000000000 69.000000000 63.000000000
1750225509.400000095 31.277210885833327 120.906800425 1.671600000 4.000000000 0.000184960 0.000000000 0.000000000 0.000000000 0.000158760 63.000000000 63.000000000 69.000000000 63.000000000
1750225509.599999905 31.277210811833328 120.906799607 1.664600000 4.000000000 0.000184960 0.000000000 0.000000000 0.000000000 0.000158760 63.000000000 63.000000000 69.000000000 63.000000000
1750225509.799999952 31.277210736 120.906798740 1.669600000 4.000000000 0.000184960 0.000000000 0.000000000 0.000000000 0.000158760 63.000000000 63.000000000 69.000000000 63.000000000
1750225510.000000000 31.277210488833333 120.906797966 1.678900000 4.000000000 0.000184960 0.000000000 0.000000000 0.000000000 0.000158760 63.000000000 63.000000000 69.000000000 63.000000000
1750225510.200000048 31.277210244999992 120.906797319 1.690600000 4.000000000 0.000184960 0.000000000 0.000000000 0.000000000 0.000158760 67.000000000 71.500000000 75.000000000 76.000000000
1750225510.400000095 31.277209946833338 120.906796650 1.678500000 4.000000000 0.000176890 0.000000000 0.000000000 0.000000000 0.000114490 67.000000000 71.500000000 75.000000000 76.000000000
1750225510.599999905 31.277209643333336 120.906795780 1.676000000 4.000000000 0.000176890 0.000000000 0.000000000 0.000000000 0.000114490 67.000000000 71.500000000 75.000000000 76.000000000
1750225510.799999952 31.277209303000006 120.906795008 1.677300000 4.000000000 0.000176890 0.000000000 0.000000000 0.000000000 0.000114490 67.000000000 71.500000000 75.000000000 76.000000000
1750225511.000000000 31.277208871666673 120.906794292 1.681200000 4.000000000 0.000179560 0.000000000 0.000000000 0.000000000 0.000116640 67.000000000 71.500000000 75.000000000 76.000000000
1750225511.200000048 31.27720832433333 120.906793771 1.671000000 4.000000000 0.000176890 0.000000000 0.000000000 0.000000000 0.000116640 67.000000000 67.000000000 71.000000000 67.000000000
1750225511.400000095 31.277207931666666 120.906792952 1.645000000 4.000000000 0.000171610 0.000000000 0.000000000 0.000000000 0.000112360 67.000000000 67.000000000 71.000000000 67.000000000
1750225511.599999905 31.27720759616666 120.906792206 1.638300000 4.000000000 0.000171610 0.000000000 0.000000000 0.000000000 0.000112360 67.000000000 67.000000000 71.000000000 67.000000000
1750225511.799999952 31.277207315166663 120.906791333 1.636200000 4.000000000 0.000174240 0.000000000 0.000000000 0.000000000 0.000114490 67.000000000 67.000000000 71.000000000 67.000000000
1750225512.000000000 31.277207051000005 120.906790615 1.646000000 4.000000000 0.000171610 0.000000000 0.000000000 0.000000000 0.000112360 67.000000000 67.000000000 71.000000000 67.000000000
1750225512.200000048 31.277206950999997 120.906789755 1.636700000 4.000000000 0.000169000 0.000000000 0.000000000 0.000000000 0.000112360 69.000000000 71.000000000 74.000000000 73.000000000
1750225512.400000095 31.277207049499992 120.906789140 1.660200000 4.000000000 0.000166410 0.000000000 0.000000000 0.000000000 0.000108160 69.000000000 71.000000000 74.000000000 73.000000000
1750225512.599999905 31.277207190166678 120.906788319 1.664100000 4.000000000 0.000166410 0.000000000 0.000000000 0.000000000 0.000108160 69.000000000 71.000000000 74.000000000 73.000000000
1750225512.799999952 31.277207304 120.906787483 1.669600000 4.000000000 0.000166410 0.000000000 0.000000000 0.000000000 0.000108160 69.000000000 71.000000000 74.000000000 73.000000000
1750225513.000000000 31.277207572833333 120.906786586 1.656800000 4.000000000 0.000166410 0.000000000 0.000000000 0.000000000 0.000110250 69.000000000 71.000000000 74.000000000 73.000000000
1750225513.200000048 31.2772077595 120.906785759 1.660300000 4.000000000 0.000158760 0.000000000 0.000000000 0.000000000 0.000106090 73.000000000 72.000000000 73.000000000 71.000000000
1750225513.400000095 31.27720792066667 120.906784854 1.715500000 4.000000000 0.000151290 0.000000000 0.000000000 0.000000000 0.000106090 73.000000000 72.000000000 73.000000000 71.000000000
1750225513.599999905 31.27720819866667 120.906783945 1.708800000 4.000000000 0.000156250 0.000000000 0.000000000 0.000000000 0.000110250 73.000000000 72.000000000 73.000000000 71.000000000
1750225513.799999952 31.277208093333343 120.906783143 1.704200000 4.000000000 0.000156250 0.000000000 0.000000000 0.000000000 0.000110250 73.000000000 72.000000000 73.000000000 71.000000000
1750225514.000000000 31.27720803283333 120.906782416 1.711200000 4.000000000 0.000151290 0.000000000 0.000000000 0.000000000 0.000108160 73.000000000 72.000000000 73.000000000 71.000000000
1750225514.200000048 31.277207985666678 120.906781561 1.715000000 4.000000000 0.000151290 1.000000000 0.000000000 0.000000000 0.000108160 78.000000000 82.000000000 80.000000000 86.000000000
1750225514.400000095 31.27720789716666 120.906780856 1.709400000 4.000000000 0.000151290 1.000000000 0.000000000 0.000000000 0.000108160 78.000000000 82.000000000 80.000000000 86.000000000
1750225514.599999905 31.277207714499994 120.906779951 1.750200000 4.000000000 0.000151290 1.000000000 0.000000000 0.000000000 0.000114490 78.000000000 82.000000000 80.000000000 86.000000000
1750225514.799999952 31.27720773033333 120.906779068 1.729900000 4.000000000 0.000151290 1.000000000 0.000000000 0.000000000 0.000114490 78.000000000 82.000000000 80.000000000 86.000000000
1750225515.000000000 31.277207621833327 120.906778303 1.712800000 4.000000000 0.000151290 1.000000000 0.000000000 0.000000000 0.000114490 78.000000000 82.000000000 80.000000000 86.000000000
1750225515.200000048 31.277207652666675 120.906777460 1.723000000 4.000000000 0.000151290 1.000000000 0.000000000 0.000000000 0.000114490 80.000000000 79.000000000 76.000000000 78.000000000
1750225515.400000095 31.277207620166678 120.906776616 1.720400000 4.000000000 0.000151290 1.000000000 0.000000000 0.000000000 0.000114490 80.000000000 79.000000000 76.000000000 78.000000000
1750225515.599999905 31.277207569666672 120.906775638 1.764800000 4.000000000 0.000161290 1.000000000 0.000000000 0.000000000 0.000114490 80.000000000 79.000000000 76.000000000 78.000000000
1750225515.799999952 31.277207448333343 120.906774883 1.745600000 4.000000000 0.000161290 1.000000000 0.000000000 0.000000000 0.000114490 80.000000000 79.000000000 76.000000000 78.000000000
1750225516.000000000 31.277207258000004 120.906774220 1.730600000 4.000000000 0.000163840 1.000000000 0.000000000 0.000000000 0.000114490 80.000000000 79.000000000 76.000000000 78.000000000
1750225516.200000048 31.277207020333336 120.906773503 1.747800000 4.000000000 0.000161290 1.000000000 0.000000000 0.000000000 0.000114490 82.000000000 77.500000000 74.000000000 73.000000000
1750225516.400000095 31.277206885 120.906772613 1.721400000 4.000000000 0.000161290 1.000000000 0.000000000 0.000000000 0.000114490 82.000000000 77.500000000 74.000000000 73.000000000
1750225516.599999905 31.27720679316667 120.906771762 1.757000000 4.000000000 0.000144000 1.000000000 0.000000000 0.000000000 0.000110250 82.000000000 77.500000000 74.000000000 73.000000000
1750225516.799999952 31.27720664266667 120.906771014 1.775600000 4.000000000 0.000144000 1.000000000 0.000000000 0.000000000 0.000112360 82.000000000 77.500000000 74.000000000 73.000000000
1750225517.000000000 31.277206456833326 120.906770179 1.773200000 4.000000000 0.000144000 1.000000000 0.000000000 0.000000000 0.000110250 82.000000000 77.500000000 74.000000000 73.000000000
1750225517.200000048 31.2772060865 120.906769524 1.768500000 4.000000000 0.000144000 1.000000000 0.000000000 0.000000000 0.000110250 78.000000000 80.000000000 78.000000000 82.000000000
1750225517.400000095 31.277205840000008 120.906768663 1.756300000 4.000000000 0.000144000 1.000000000 0.000000000 0.000000000 0.000112360 78.000000000 80.000000000 78.000000000 82.000000000
1750225517.599999905 31.2772058285 120.906767751 1.750600000 4.000000000 0.000139240 1.000000000 0.000000000 0.000000000 0.000112360 78.000000000 80.000000000 78.000000000 82.000000000
1750225517.799999952 31.277205686833327 120.906766793 1.786900000 4.000000000 0.000139240 1.000000000 0.000000000 0.000000000 0.000112360 78.000000000 80.000000000 78.000000000 82.000000000
1750225518.000000000 31.27720559316667 120.906765990 1.836600000 4.000000000 0.000144000 1.000000000 0.000000000 0.000000000 0.000114490 78.000000000 80.000000000 78.000000000 82.000000000
1750225518.200000048 31.277205642666672 120.906765308 1.815200000 4.000000000 0.000141610 1.000000000 0.000000000 0.000000000 0.000112360 78.000000000 74.500000000 73.000000000 71.000000000
1750225518.400000095 31.277205637833333 120.906764367 1.810000000 4.000000000 0.000146410 1.000000000 0.000000000 0.000000000 0.000114490 78.000000000 74.500000000 73.000000000 71.000000000
1750225518.599999905 31.2772056285 120.906763511 1.773800000 4.000000000 0.000144000 1.000000000 0.000000000 0.000000000 0.000118810 78.000000000 74.500000000 73.000000000 71.000000000
1750225518.799999952 31.277205565000003 120.906762928 1.771700000 4.000000000 0.000144000 1.000000000 0.000000000 0.000000000 0.000121000 78.000000000 74.500000000 73.000000000 71.000000000
1750225519.000000000 31.277205306499994 120.906762129 1.767700000 4.000000000 0.000141610 1.000000000 0.000000000 0.000000000 0.000121000 78.000000000 74.500000000 73.000000000 71.000000000
1750225519.200000048 31.277205283499995 120.906761257 1.778400000 4.000000000 0.000141610 1.000000000 0.000000000 0.000000000 0.000118810 69.000000000 70.000000000 73.000000000 71.000000000
1750225519.400000095 31.277205268333333 120.906760404 1.761100000 4.000000000 0.000141610 1.000000000 0.000000000 0.000000000 0.000121000 69.000000000 70.000000000 73.000000000 71.000000000
1750225519.599999905 31.277205085333335 120.906759585 1.743500000 4.000000000 0.000151290 1.000000000 0.000000000 0.000000000 0.000125440 69.000000000 70.000000000 73.000000000 71.000000000
1750225519.799999952 31.277204914166674 120.906758566 1.757300000 4.000000000 0.000151290 1.000000000 0.000000000 0.000000000 0.000125440 69.000000000 70.000000000 73.000000000 71.000000000
1750225520.000000000 31.27720480316667 120.906757834 1.764400000 4.000000000 0.000151290 1.000000000 0.000000000 0.000000000 0.000125440 69.000000000 70.000000000 73.000000000 71.000000000
1750225520.200000048 31.27720473283334 120.906757054 1.761300000 4.000000000 0.000151290 1.000000000 0.000000000 0.000000000 0.000123210 78.000000000 75.500000000 74.000000000 73.000000000
1750225520.400000095 31.277204590666656 120.906756192 1.769900000 4.000000000 0.000151290 1.000000000 0.000000000 0.000000000 0.000125440 78.000000000 75.500000000 74.000000000 73.000000000
1750225520.599999905 31.277204368499994 120.906755518 1.762300000 4.000000000 0.000136890 1.000000000 0.000000000 0.000000000 0.000114490 78.000000000 75.500000000 74.000000000 73.000000000
1750225520.799999952 31.2772042565 120.906754679 1.758000000 4.000000000 0.000136890 1.000000000 0.000000000 0.000000000 0.000114490 78.000000000 75.500000000 74.000000000 73.000000000
1750225521.000000000 31.277204108999996 120.906753905 1.779700000 4.000000000 0.000136890 1.000000000 0.000000000 0.000000000 0.000116640 78.000000000 75.500000000 74.000000000 73.000000000
1750225521.200000048 31.27720389316667 120.906753178 1.767500000 4.000000000 0.000136890 1.000000000 0.000000000 0.000000000 0.000114490 76.000000000 72.500000000 72.000000000 69.000000000
1750225521.400000095 31.277203804833334 120.906752287 1.697800000 4.000000000 0.000146410 1.000000000 0.000000000 0.000000000 0.000129960 76.000000000 72.500000000 72.000000000 69.000000000
1750225521.599999905 31.277203680166664 120.906751458 1.699100000 4.000000000 0.000146410 1.000000000 0.000000000 0.000000000 0.000129960 76.000000000 72.500000000 72.000000000 69.000000000
1750225521.799999952 31.27720352916667 120.906750645 1.702800000 4.000000000 0.000146410 1.000000000 0.000000000 0.000000000 0.000129960 76.000000000 72.500000000 72.000000000 69.000000000
1750225522.000000000 31.277203432333337 120.906749930 1.703200000 4.000000000 0.000146410 1.000000000 0.000000000 0.000000000 0.000132250 76.000000000 72.500000000 72.000000000 69.000000000
1750225522.200000048 31.277203205333336 120.906749025 1.690100000 4.000000000 0.000144000 1.000000000 0.000000000 0.000000000 0.000129960 78.000000000 72.500000000 71.000000000 67.000000000
1750225522.400000095 31.277203018833333 120.906748146 1.708500000 4.000000000 0.000146410 1.000000000 0.000000000 0.000000000 0.000129960 78.000000000 72.500000000 71.000000000 67.000000000
1750225522.599999905 31.277202763333335 120.906747290 1.726300000 4.000000000 0.000171610 1.000000000 0.000000000 0.000000000 0.000127690 78.000000000 72.500000000 71.000000000 67.000000000
1750225522.799999952 31.277202564333336 120.906746510 1.712700000 4.000000000 0.000171610 1.000000000 0.000000000 0.000000000 0.000127690 78.000000000 72.500000000 71.000000000 67.000000000
1750225523.000000000 31.277202397333326 120.906745624 1.726200000 4.000000000 0.000174240 1.000000000 0.000000000 0.000000000 0.000127690 78.000000000 72.500000000 71.000000000 67.000000000
1750225523.200000048 31.277202202166677 120.906744887 1.718200000 4.000000000 0.000171610 1.000000000 0.000000000 0.000000000 0.000127690 68.000000000 69.000000000 73.000000000 70.000000000
1750225523.400000095 31.277202034500007 120.906744355 1.710800000 4.000000000 0.000225000 1.000000000 0.000000000 0.000000000 0.000144000 68.000000000 69.000000000 73.000000000 70.000000000
1750225523.599999905 31.2772018405 120.906743597 1.697900000 4.000000000 0.000228010 1.000000000 0.000000000 0.000000000 0.000144000 68.000000000 69.000000000 73.000000000 70.000000000
1750225523.799999952 31.277201610333336 120.906742765 1.706200000 4.000000000 0.000228010 1.000000000 0.000000000 0.000000000 0.000144000 68.000000000 69.000000000 73.000000000 70.000000000
1750225524.000000000 31.277201292666675 120.906741824 1.695500000 4.000000000 0.000234090 1.000000000 0.000000000 0.000000000 0.000146410 68.000000000 69.000000000 73.000000000 70.000000000
1750225524.200000048 31.277201006499993 120.906740970 1.694600000 4.000000000 0.000225000 0.000000000 0.000000000 0.000000000 0.000141610 72.000000000 65.500000000 68.000000000 59.000000000
1750225524.400000095 31.27720088066667 120.906740019 1.697800000 4.000000000 0.000225000 0.000000000 0.000000000 0.000000000 0.000144000 72.000000000 65.500000000 68.000000000 59.000000000
1750225524.599999905 31.27720092733334 120.906739255 1.753900000 4.000000000 0.000174240 0.000000000 0.000000000 0.000000000 0.000123210 72.000000000 65.500000000 68.000000000 59.000000000
1750225524.799999952 31.277200854166665 120.906738517 1.755600000 4.000000000 0.000176890 0.000000000 0.000000000 0.000000000 0.000129960 72.000000000 65.500000000 68.000000000 59.000000000
1750225525.000000000 31.277200879666665 120.906737406 1.773800000 4.000000000 0.000184960 0.000000000 0.000000000 0.000000000 0.000125440 72.000000000 65.500000000 68.000000000 59.000000000
1750225525.200000048 31.277200847666677 120.906736714 1.742700000 4.000000000 0.000182250 0.000000000 0.000000000 0.000000000 0.000125440 55.000000000 56.000000000 67.000000000 57.000000000
1750225525.400000095 31.277200844999996 120.906735921 1.698000000 4.000000000 0.000216090 0.000000000 0.000000000 0.000000000 0.000153760 55.000000000 56.000000000 67.000000000 57.000000000
1750225525.599999905 31.277200938666667 120.906734989 1.693900000 4.000000000 0.000222010 0.000000000 0.000000000 0.000000000 0.000151290 55.000000000 56.000000000 67.000000000 57.000000000
1750225525.799999952 31.277200834666672 120.906734141 1.686300000 4.000000000 0.000216090 0.000000000 0.000000000 0.000000000 0.000151290 55.000000000 56.000000000 67.000000000 57.000000000
1750225526.000000000 31.277200797666666 120.906733307 1.667700000 4.000000000 0.000219040 0.000000000 0.000000000 0.000000000 0.000153760 55.000000000 56.000000000 67.000000000 57.000000000
1750225526.200000048 31.27720068783333 120.906732498 1.681700000 4.000000000 0.000213160 0.000000000 0.000000000 0.000000000 0.000148840 55.000000000 55.000000000 66.000000000 55.000000000
1750225526.400000095 31.27720040983334 120.906731970 1.672300000 4.000000000 0.000222010 0.000000000 0.000000000 0.000000000 0.000153760 55.000000000 55.000000000 66.000000000 55.000000000
1750225526.599999905 31.27720011950001 120.906731262 1.654200000 4.000000000 0.000225000 0.000000000 0.000000000 0.000000000 0.000153760 55.000000000 55.000000000 66.000000000 55.000000000
1750225526.799999952 31.27720004533333 120.906730329 1.653900000 4.000000000 0.000222010 0.000000000 0.000000000 0.000000000 0.000153760 55.000000000 55.000000000 66.000000000 55.000000000
1750225527.000000000 31.277200088499995 120.906729515 1.657300000 4.000000000 0.000222010 0.000000000 0.000000000 0.000000000 0.000153760 55.000000000 55.000000000 66.000000000 55.000000000
1750225527.200000048 31.277200285333336 120.906728520 1.650000000 4.000000000 0.000216090 0.000000000 0.000000000 0.000000000 0.000151290 53.000000000 56.000000000 68.000000000 59.000000000
1750225527.400000095 31.27720034149999 120.906727510 1.697300000 4.000000000 0.000272250 0.000000000 0.000000000 0.000000000 0.000169000 53.000000000 56.000000000 68.000000000 59.000000000
1750225527.599999905 31.277200359999995 120.906726714 1.710600000 4.000000000 0.000275560 0.000000000 0.000000000 0.000000000 0.000169000 53.000000000 56.000000000 68.000000000 59.000000000
1750225527.799999952 31.277200285666666 120.906725849 1.710500000 4.000000000 0.000275560 0.000000000 0.000000000 0.000000000 0.000166410 53.000000000 56.000000000 68.000000000 59.000000000
1750225528.000000000 31.277200162166665 120.906725182 1.711100000 4.000000000 0.000275560 0.000000000 0.000000000 0.000000000 0.000166410 53.000000000 56.000000000 68.000000000 59.000000000
1750225528.200000048 31.277199943833324 120.906724389 1.724000000 4.000000000 0.000275560 0.000000000 0.000000000 0.000000000 0.000166410 57.000000000 62.500000000 72.000000000 68.000000000
1750225528.400000095 31.277199872833336 120.906723529 1.710700000 4.000000000 0.000182250 0.000000000 0.000000000 0.000000000 0.000125440 57.000000000 62.500000000 72.000000000 68.000000000
1750225528.599999905 31.277199727500005 120.906722860 1.695000000 4.000000000 0.000182250 0.000000000 0.000000000 0.000000000 0.000125440 57.000000000 62.500000000 72.000000000 68.000000000
1750225528.799999952 31.277199527666667 120.906722055 1.691300000 4.000000000 0.000182250 0.000000000 0.000000000 0.000000000 0.000125440 57.000000000 62.500000000 72.000000000 68.000000000
1750225529.000000000 31.277199284000005 120.906721201 1.703100000 4.000000000 0.000182250 0.000000000 0.000000000 0.000000000 0.000125440 57.000000000 62.500000000 72.000000000 68.000000000
1750225529.200000048 31.27719911566666 120.906720363 1.694600000 4.000000000 0.000176890 0.000000000 0.000000000 0.000000000 0.000123210 63.000000000 64.000000000 71.000000000 65.000000000
1750225529.400000095 31.277198773833334 120.906719887 1.683700000 4.000000000 0.000275560 0.000000000 0.000000000 0.000000000 0.000163840 63.000000000 64.000000000 71.000000000 65.000000000
1750225529.599999905 31.27719847916667 120.906719048 1.649800000 4.000000000 0.000275560 0.000000000 0.000000000 0.000000000 0.000163840 63.000000000 64.000000000 71.000000000 65.000000000
1750225529.799999952 31.277198263499997 120.906718281 1.640300000 4.000000000 0.000275560 0.000000000 0.000000000 0.000000000 0.000163840 63.000000000 64.000000000 71.000000000 65.000000000
1750225530.000000000 31.277198057000007 120.906717614 1.651800000 4.000000000 0.000278890 0.000000000 0.000000000 0.000000000 0.000163840 63.000000000 64.000000000 71.000000000 65.000000000
1750225530.200000048 31.27719791733334 120.906716851 1.664800000 4.000000000 0.000272250 0.000000000 0.000000000 0.000000000 0.000163840 65.000000000 66.500000000 72.000000000 68.000000000
1750225530.400000095 31.27719779916667 120.906716045 1.679800000 4.000000000 0.000272250 0.000000000 0.000000000 0.000000000 0.000163840 65.000000000 66.500000000 72.000000000 68.000000000
1750225530.599999905 31.27719782316666 120.906714936 1.657300000 4.000000000 0.000252810 0.000000000 0.000000000 0.000000000 0.000132250 65.000000000 66.500000000 72.000000000 68.000000000
1750225530.799999952 31.27719763416667 120.906714059 1.659500000 4.000000000 0.000256000 0.000000000 0.000000000 0.000000000 0.000134560 65.000000000 66.500000000 72.000000000 68.000000000
1750225531.000000000 31.277197403833327 120.906713259 1.670300000 4.000000000 0.000259210 0.000000000 0.000000000 0.000000000 0.000134560 65.000000000 66.500000000 72.000000000 68.000000000
1750225531.200000048 31.277197221500003 120.906712541 1.659100000 4.000000000 0.000256000 0.000000000 0.000000000 0.000000000 0.000134560 63.000000000 66.500000000 73.000000000 70.000000000
1750225531.400000095 31.277197032999993 120.906711884 1.608800000 4.000000000 0.000243360 0.000000000 0.000000000 0.000000000 0.000129960 63.000000000 66.500000000 73.000000000 70.000000000
1750225531.599999905 31.277196849333336 120.906711093 1.605900000 4.000000000 0.000243360 0.000000000 0.000000000 0.000000000 0.000129960 63.000000000 66.500000000 73.000000000 70.000000000
1750225531.799999952 31.27719670733333 120.906710280 1.605800000 4.000000000 0.000246490 0.000000000 0.000000000 0.000000000 0.000132250 63.000000000 66.500000000 73.000000000 70.000000000
1750225532.000000000 31.277196649999993 120.906709467 1.639000000 4.000000000 0.000249640 0.000000000 0.000000000 0.000000000 0.000129960 63.000000000 66.500000000 73.000000000 70.000000000
1750225532.200000048 31.27719651066667 120.906708597 1.648100000 4.000000000 0.000243360 0.000000000 0.000000000 0.000000000 0.000129960 70.000000000 66.500000000 70.000000000 63.000000000
1750225532.400000095 31.277196340999993 120.906707778 1.660100000 4.000000000 0.000246490 0.000000000 0.000000000 0.000000000 0.000132250 70.000000000 66.500000000 70.000000000 63.000000000
1750225532.599999905 31.277196159166664 120.906706864 1.686400000 4.000000000 0.000265690 0.000000000 0.000000000 0.000000000 0.000163840 70.000000000 66.500000000 70.000000000 63.000000000
1750225532.799999952 31.277195854166663 120.906706260 1.658200000 4.000000000 0.000262440 0.000000000 0.000000000 0.000000000 0.000161290 70.000000000 66.500000000 70.000000000 63.000000000
1750225533.000000000 31.277195609000003 120.906705512 1.670700000 4.000000000 0.000265690 0.000000000 0.000000000 0.000000000 0.000161290 70.000000000 66.500000000 70.000000000 63.000000000
1750225533.200000048 31.277195456 120.906704762 1.667600000 4.000000000 0.000259210 0.000000000 0.000000000 0.000000000 0.000158760 68.000000000 66.500000000 71.000000000 65.000000000
1750225533.400000095 31.277195308499998 120.906703964 1.675800000 4.000000000 0.000262440 0.000000000 0.000000000 0.000000000 0.000161290 68.000000000 66.500000000 71.000000000 65.000000000
1750225533.599999905 31.277195262999996 120.906703061 1.711200000 4.000000000 0.000256000 0.000000000 0.000000000 0.000000000 0.000161290 68.000000000 66.500000000 71.000000000 65.000000000
1750225533.799999952 31.277195116499996 120.906702228 1.685700000 4.000000000 0.000259210 0.000000000 0.000000000 0.000000000 0.000161290 68.000000000 66.500000000 71.000000000 65.000000000
1750225534.000000000 31.277194801333337 120.906701492 1.661100000 4.000000000 0.000259210 0.000000000 0.000000000 0.000000000 0.000166410 68.000000000 66.500000000 71.000000000 65.000000000
1750225534.200000048 31.277194568833337 120.906700712 1.671900000 4.000000000 0.000256000 0.000000000 0.000000000 0.000000000 0.000161290 65.000000000 63.000000000 69.000000000 61.000000000
1750225534.400000095 31.27719414016667 120.906699898 1.657200000 4.000000000 0.000256000 0.000000000 0.000000000 0.000000000 0.000163840 65.000000000 63.000000000 69.000000000 61.000000000
1750225534.599999905 31.27719379283333 120.906699131 1.672100000 4.000000000 0.000292410 0.000000000 0.000000000 0.000000000 0.000166410 65.000000000 63.000000000 69.000000000 61.000000000
1750225534.799999952 31.277193613833333 120.906698362 1.660200000 4.000000000 0.000292410 0.000000000 0.000000000 0.000000000 0.000166410 65.000000000 63.000000000 69.000000000 61.000000000
1750225535.000000000 31.277193340333326 120.906697495 1.640100000 4.000000000 0.000292410 0.000000000 0.000000000 0.000000000 0.000169000 65.000000000 63.000000000 69.000000000 61.000000000
1750225535.200000048 31.27719331033333 120.906696498 1.656700000 4.000000000 0.000289000 0.000000000 0.000000000 0.000000000 0.000166410 63.000000000 64.000000000 71.000000000 65.000000000
1750225535.400000095 31.277193463833328 120.906695507 1.686200000 4.000000000 0.000295840 0.000000000 0.000000000 0.000000000 0.000169000 63.000000000 64.000000000 71.000000000 65.000000000
1750225535.599999905 31.277193897333333 120.906694630 1.665100000 4.000000000 0.000338560 0.000000000 0.000000000 0.000000000 0.000190440 63.000000000 64.000000000 71.000000000 65.000000000
1750225535.799999952 31.27719428183333 120.906693681 1.684900000 4.000000000 0.000342250 0.000000000 0.000000000 0.000000000 0.000190440 63.000000000 64.000000000 71.000000000 65.000000000
1750225536.000000000 31.277194394666665 120.906692851 1.697800000 4.000000000 0.000342250 0.000000000 0.000000000 0.000000000 0.000190440 63.000000000 64.000000000 71.000000000 65.000000000
1750225536.200000048 31.277194482166664 120.906691957 1.657000000 4.000000000 0.000331240 0.000000000 0.000000000 0.000000000 0.000184960 65.000000000 62.000000000 68.000000000 59.000000000
1750225536.400000095 31.277194447166664 120.906691211 1.659100000 4.000000000 0.000334890 0.000000000 0.000000000 0.000000000 0.000187690 65.000000000 62.000000000 68.000000000 59.000000000
1750225536.599999905 31.27719423883333 120.906690049 1.690100000 4.000000000 0.000237160 0.000000000 0.000000000 0.000000000 0.000163840 65.000000000 62.000000000 68.000000000 59.000000000
1750225536.799999952 31.277194093000006 120.906689240 1.658100000 4.000000000 0.000240250 0.000000000 0.000000000 0.000000000 0.000163840 65.000000000 62.000000000 68.000000000 59.000000000
1750225537.000000000 31.277194125166673 120.906688428 1.669700000 4.000000000 0.000237160 0.000000000 0.000000000 0.000000000 0.000161290 65.000000000 62.000000000 68.000000000 59.000000000
1750225537.200000048 31.277193926833334 120.906687560 1.666000000 4.000000000 0.000237160 0.000000000 0.000000000 0.000000000 0.000158760 65.000000000 64.000000000 70.000000000 63.000000000
1750225537.400000095 31.277193855000007 120.906686704 1.628600000 4.000000000 0.000207360 0.000000000 0.000000000 0.000000000 0.000139240 65.000000000 64.000000000 70.000000000 63.000000000
1750225537.599999905 31.277193645833336 120.906685988 1.630500000 4.000000000 0.000207360 0.000000000 0.000000000 0.000000000 0.000141610 65.000000000 64.000000000 70.000000000 63.000000000
1750225537.799999952 31.277193473833336 120.906685025 1.664700000 4.000000000 0.000207360 0.000000000 0.000000000 0.000000000 0.000141610 65.000000000 64.000000000 70.000000000 63.000000000
1750225538.000000000 31.277193344833336 120.906684208 1.677200000 4.000000000 0.000207360 0.000000000 0.000000000 0.000000000 0.000141610 65.000000000 64.000000000 70.000000000 63.000000000
1750225538.200000048 31.27719313899999 120.906683457 1.670200000 4.000000000 0.000207360 0.000000000 0.000000000 0.000000000 0.000141610 72.000000000 68.500000000 71.000000000 65.000000000
1750225538.400000095 31.277192942166664 120.906682614 1.688200000 4.000000000 0.000207360 0.000000000 0.000000000 0.000000000 0.000141610 72.000000000 68.500000000 71.000000000 65.000000000
1750225538.599999905 31.277192649166665 120.906681652 1.657600000 4.000000000 0.000179560 0.000000000 0.000000000 0.000000000 0.000118810 72.000000000 68.500000000 71.000000000 65.000000000
1750225538.799999952 31.277192396333334 120.906680813 1.666200000 4.000000000 0.000182250 0.000000000 0.000000000 0.000000000 0.000121000 72.000000000 68.500000000 71.000000000 65.000000000
1750225539.000000000 31.277192209999995 120.906679862 1.661200000 4.000000000 0.000182250 0.000000000 0.000000000 0.000000000 0.000121000 72.000000000 68.500000000 71.000000000 65.000000000
1750225539.200000048 31.27719222600001 120.906678960 1.640800000 4.000000000 0.000182250 0.000000000 0.000000000 0.000000000 0.000118810 59.000000000 60.000000000 69.000000000 61.000000000
1750225539.400000095 31.27719217533334 120.906678342 1.638400000 4.000000000 0.000213160 0.000000000 0.000000000 0.000000000 0.000161290 59.000000000 60.000000000 69.000000000 61.000000000
1750225539.599999905 31.277192173999993 120.906677347 1.674300000 4.000000000 0.000216090 0.000000000 0.000000000 0.000000000 0.000163840 59.000000000 60.000000000 69.000000000 61.000000000
1750225539.799999952 31.277192202500004 120.906676522 1.647800000 4.000000000 0.000216090 0.000000000 0.000000000 0.000000000 0.000163840 59.000000000 60.000000000 69.000000000 61.000000000
1750225540.000000000 31.277192291999995 120.906675667 1.653900000 4.000000000 0.000216090 0.000000000 0.000000000 0.000000000 0.000163840 59.000000000 60.000000000 69.000000000 61.000000000
1750225540.200000048 31.277192281166663 120.906674917 1.663000000 4.000000000 0.000213160 0.000000000 0.000000000 0.000000000 0.000163840 55.000000000 60.000000000 71.000000000 65.000000000
1750225540.400000095 31.277192247166667 120.906674163 1.716200000 4.000000000 0.000246490 0.000000000 0.000000000 0.000000000 0.000204490 55.000000000 60.000000000 71.000000000 65.000000000
1750225540.599999905 31.277192141833325 120.906673471 1.712100000 4.000000000 0.000246490 0.000000000 0.000000000 0.000000000 0.000204490 55.000000000 60.000000000 71.000000000 65.000000000
1750225540.799999952 31.277192088666666 120.906672568 1.674600000 4.000000000 0.000252810 0.000000000 0.000000000 0.000000000 0.000210250 55.000000000 60.000000000 71.000000000 65.000000000
1750225541.000000000 31.27719196866667 120.906671813 1.668600000 4.000000000 0.000249640 0.000000000 0.000000000 0.000000000 0.000210250 55.000000000 60.000000000 71.000000000 65.000000000
1750225541.200000048 31.277191912666666 120.906670990 1.691300000 4.000000000 0.000246490 0.000000000 0.000000000 0.000000000 0.000204490 57.000000000 59.000000000 69.000000000 61.000000000
1750225541.400000095 31.27719175 120.906670083 1.634000000 4.000000000 0.000309760 0.000000000 0.000000000 0.000000000 0.000210250 57.000000000 59.000000000 69.000000000 61.000000000
1750225541.599999905 31.277191665000004 120.906669265 1.634000000 4.000000000 0.000309760 0.000000000 0.000000000 0.000000000 0.000210250 57.000000000 59.000000000 69.000000000 61.000000000
1750225541.799999952 31.277191562500008 120.906668549 1.619800000 4.000000000 0.000309760 0.000000000 0.000000000 0.000000000 0.000210250 57.000000000 59.000000000 69.000000000 61.000000000
1750225542.000000000 31.277191379166666 120.906667623 1.664900000 4.000000000 0.000309760 0.000000000 0.000000000 0.000000000 0.000210250 57.000000000 59.000000000 69.000000000 61.000000000
1750225542.200000048 31.277191299833333 120.906666742 1.656200000 4.000000000 0.000313290 0.000000000 0.000000000 0.000000000 0.000213160 53.000000000 61.500000000 73.000000000 70.000000000
1750225542.400000095 31.277191195166665 120.906666041 1.615100000 4.000000000 0.000278890 0.000000000 0.000000000 0.000000000 0.000207360 53.000000000 61.500000000 73.000000000 70.000000000
1750225542.599999905 31.277191043166667 120.906665237 1.629900000 4.000000000 0.000278890 0.000000000 0.000000000 0.000000000 0.000207360 53.000000000 61.500000000 73.000000000 70.000000000
1750225542.799999952 31.27719095366666 120.906664404 1.617500000 4.000000000 0.000278890 0.000000000 0.000000000 0.000000000 0.000210250 53.000000000 61.500000000 73.000000000 70.000000000
1750225543.000000000 31.277190668499998 120.906663505 1.582200000 4.000000000 0.000282240 0.000000000 0.000000000 0.000000000 0.000213160 53.000000000 61.500000000 73.000000000 70.000000000
1750225543.200000048 31.277190289000004 120.906662664 1.597200000 4.000000000 0.000272250 0.000000000 0.000000000 0.000000000 0.000207360 59.000000000 59.000000000 68.000000000 59.000000000
1750225543.400000095 31.277190267500004 120.906661705 1.631700000 4.000000000 0.000148840 0.000000000 0.000000000 0.000000000 0.000110250 59.000000000 59.000000000 68.000000000 59.000000000
1750225543.599999905 31.277190191166667 120.906660801 1.639400000 4.000000000 0.000151290 0.000000000 0.000000000 0.000000000 0.000110250 59.000000000 59.000000000 68.000000000 59.000000000
1750225543.799999952 31.277190141666665 120.906659918 1.607900000 4.000000000 0.000151290 0.000000000 0.000000000 0.000000000 0.000110250 59.000000000 59.000000000 68.000000000 59.000000000
1750225544.000000000 31.277190255333338 120.906659090 1.594500000 4.000000000 0.000151290 0.000000000 0.000000000 0.000000000 0.000110250 59.000000000 59.000000000 68.000000000 59.000000000
1750225544.200000048 31.277190500666663 120.906658222 1.610900000 4.000000000 0.000151290 0.000000000 0.000000000 0.000000000 0.000108160 64.000000000 66.000000000 73.000000000 68.000000000
1750225544.400000095 31.277190560166673 120.906657300 1.662000000 4.000000000 0.000141610 0.000000000 0.000000000 0.000000000 0.000121000 64.000000000 66.000000000 73.000000000 68.000000000
1750225544.599999905 31.277190693500003 120.906656550 1.628700000 4.000000000 0.000141610 0.000000000 0.000000000 0.000000000 0.000121000 64.000000000 66.000000000 73.000000000 68.000000000
1750225544.799999952 31.27719081166667 120.906655676 1.639200000 4.000000000 0.000141610 0.000000000 0.000000000 0.000000000 0.000121000 64.000000000 66.000000000 73.000000000 68.000000000
1750225545.000000000 31.277191034499992 120.906654745 1.641000000 4.000000000 0.000141610 0.000000000 0.000000000 0.000000000 0.000121000 64.000000000 66.000000000 73.000000000 68.000000000
1750225545.200000048 31.277191165999994 120.906654066 1.617000000 4.000000000 0.000139240 0.000000000 0.000000000 0.000000000 0.000118810 68.000000000 70.000000000 75.000000000 72.000000000
1750225545.400000095 31.277191192666663 120.906653080 1.621900000 4.000000000 0.000163840 0.000000000 0.000000000 0.000000000 0.000129960 68.000000000 70.000000000 75.000000000 72.000000000
1750225545.599999905 31.277191003166664 120.906652193 1.612400000 4.000000000 0.000163840 0.000000000 0.000000000 0.000000000 0.000129960 68.000000000 70.000000000 75.000000000 72.000000000
1750225545.799999952 31.2771908765 120.906651340 1.615500000 4.000000000 0.000163840 0.000000000 0.000000000 0.000000000 0.000132250 68.000000000 70.000000000 75.000000000 72.000000000
1750225546.000000000 31.27719072316667 120.906650507 1.627400000 4.000000000 0.000169000 0.000000000 0.000000000 0.000000000 0.000134560 68.000000000 70.000000000 75.000000000 72.000000000
1750225546.200000048 31.277190629833328 120.906649776 1.609300000 4.000000000 0.000163840 0.000000000 0.000000000 0.000000000 0.000129960 72.000000000 71.000000000 74.000000000 70.000000000
1750225546.400000095 31.277190378 120.906648851 1.592000000 4.000000000 0.000166410 0.000000000 0.000000000 0.000000000 0.000132250 72.000000000 71.000000000 74.000000000 70.000000000
1750225546.599999905 31.277190172000005 120.906648102 1.543700000 4.000000000 0.000151290 0.000000000 0.000000000 0.000000000 0.000125440 72.000000000 71.000000000 74.000000000 70.000000000
1750225546.799999952 31.277190013833334 120.906647205 1.526800000 4.000000000 0.000153760 0.000000000 0.000000000 0.000000000 0.000127690 72.000000000 71.000000000 74.000000000 70.000000000
1750225547.000000000 31.27718981466667 120.906646348 1.530400000 4.000000000 0.000153760 0.000000000 0.000000000 0.000000000 0.000127690 72.000000000 71.000000000 74.000000000 70.000000000
1750225547.200000048 31.277189832000005 120.906645702 1.512500000 4.000000000 0.000151290 0.000000000 0.000000000 0.000000000 0.000127690 64.000000000 66.000000000 73.000000000 68.000000000
1750225547.400000095 31.277190014833337 120.906645087 1.519600000 4.000000000 0.000182250 0.000000000 0.000000000 0.000000000 0.000129960 64.000000000 66.000000000 73.000000000 68.000000000
1750225547.599999905 31.27719027149999 120.906644818 1.522800000 4.000000000 0.000182250 0.000000000 0.000000000 0.000000000 0.000129960 64.000000000 66.000000000 73.000000000 68.000000000
1750225547.799999952 31.27719028483334 120.906644645 1.545500000 4.000000000 0.000187690 0.000000000 0.000000000 0.000000000 0.000134560 64.000000000 66.000000000 73.000000000 68.000000000
1750225548.000000000 31.277190789499997 120.906644637 1.546600000 4.000000000 0.000187690 0.000000000 0.000000000 0.000000000 0.000134560 64.000000000 66.000000000 73.000000000 68.000000000
1750225548.200000048 31.277190913499993 120.906644330 1.552300000 4.000000000 0.000179560 0.000000000 0.000000000 0.000000000 0.000127690 75.000000000 67.500000000 69.000000000 60.000000000
1750225548.400000095 31.27719098099999 120.906643949 1.530700000 4.000000000 0.000179560 0.000000000 0.000000000 0.000000000 0.000127690 75.000000000 67.500000000 69.000000000 60.000000000
1750225548.599999905 31.277190931666667 120.906643657 1.540200000 4.000000000 0.000204490 0.000000000 0.000000000 0.000000000 0.000153760 75.000000000 67.500000000 69.000000000 60.000000000
1750225548.799999952 31.277191102000003 120.906643319 1.534500000 4.000000000 0.000204490 0.000000000 0.000000000 0.000000000 0.000153760 75.000000000 67.500000000 69.000000000 60.000000000
1750225549.000000000 31.277191195166665 120.906643051 1.531300000 4.000000000 0.000204490 0.000000000 0.000000000 0.000000000 0.000153760 75.000000000 67.500000000 69.000000000 60.000000000
1750225549.200000048 31.27719124566667 120.906642733 1.541400000 4.000000000 0.000201640 0.000000000 0.000000000 0.000000000 0.000153760 77.000000000 76.000000000 76.000000000 75.000000000
1750225549.400000095 31.277191275333337 120.906642360 1.531200000 4.000000000 0.000182250 0.000000000 0.000000000 0.000000000 0.000139240 77.000000000 76.000000000 76.000000000 75.000000000
1750225549.599999905 31.277191395666662 120.906642034 1.520700000 4.000000000 0.000184960 0.000000000 0.000000000 0.000000000 0.000139240 77.000000000 76.000000000 76.000000000 75.000000000
1750225549.799999952 31.277191343 120.906642092 1.530700000 4.000000000 0.000184960 0.000000000 0.000000000 0.000000000 0.000139240 77.000000000 76.000000000 76.000000000 75.000000000
1750225550.000000000 31.277191313000003 120.906642042 1.518800000 4.000000000 0.000184960 0.000000000 0.000000000 0.000000000 0.000139240 77.000000000 76.000000000 76.000000000 75.000000000
1750225550.200000048 31.27719093333333 120.906641994 1.517300000 4.000000000 0.000182250 1.000000000 0.000000000 0.000000000 0.000139240 79.000000000 80.000000000 79.000000000 81.000000000
1750225550.400000095 31.277190242833328 120.906641962 1.524200000 4.000000000 0.000182250 1.000000000 0.000000000 0.000000000 0.000139240 79.000000000 80.000000000 79.000000000 81.000000000
1750225550.599999905 31.277189451833337 120.906641954 1.558500000 4.000000000 0.000179560 1.000000000 0.000000000 0.000000000 0.000139240 79.000000000 80.000000000 79.000000000 81.000000000
1750225550.799999952 31.27718876866666 120.906642034 1.581100000 4.000000000 0.000179560 1.000000000 0.000000000 0.000000000 0.000141610 79.000000000 80.000000000 79.000000000 81.000000000
1750225551.000000000 31.277188062666667 120.906641976 1.538400000 4.000000000 0.000184960 1.000000000 0.000000000 0.000000000 0.000144000 79.000000000 80.000000000 79.000000000 81.000000000
1750225551.200000048 31.277187284166672 120.906642225 1.538300000 4.000000000 0.000182250 1.000000000 0.000000000 0.000000000 0.000144000 61.000000000 64.500000000 72.000000000 68.000000000
1750225551.400000095 31.277186688499995 120.906642760 1.531100000 4.000000000 0.000193210 1.000000000 0.000000000 0.000000000 0.000141610 61.000000000 64.500000000 72.000000000 68.000000000
1750225551.599999905 31.277186021333335 120.906643049 1.538700000 4.000000000 0.000193210 1.000000000 0.000000000 0.000000000 0.000141610 61.000000000 64.500000000 72.000000000 68.000000000
1750225551.799999952 31.277185279833333 120.906643324 1.546200000 4.000000000 0.000193210 1.000000000 0.000000000 0.000000000 0.000141610 61.000000000 64.500000000 72.000000000 68.000000000
1750225552.000000000 31.277184518833337 120.906643340 1.527900000 4.000000000 0.000196000 1.000000000 0.000000000 0.000000000 0.000144000 61.000000000 64.500000000 72.000000000 68.000000000
1750225552.200000048 31.27718370433334 120.906643351 1.550200000 4.000000000 0.000187690 1.000000000 0.000000000 0.000000000 0.000139240 63.000000000 63.000000000 70.000000000 63.000000000
1750225552.400000095 31.277182861499995 120.906643406 1.556500000 4.000000000 0.000216090 1.000000000 0.000000000 0.000000000 0.000144000 63.000000000 63.000000000 70.000000000 63.000000000
1750225552.599999905 31.27718210916666 120.906643433 1.567400000 4.000000000 0.000216090 1.000000000 0.000000000 0.000000000 0.000144000 63.000000000 63.000000000 70.000000000 63.000000000
1750225552.799999952 31.27718129466666 120.906643410 1.565300000 4.000000000 0.000225000 1.000000000 0.000000000 0.000000000 0.000151290 63.000000000 63.000000000 70.000000000 63.000000000
1750225553.000000000 31.277180620833335 120.906643476 1.571700000 4.000000000 0.000225000 1.000000000 0.000000000 0.000000000 0.000148840 63.000000000 63.000000000 70.000000000 63.000000000
1750225553.200000048 31.2771799745 120.906643424 1.557600000 4.000000000 0.000219040 1.000000000 0.000000000 0.000000000 0.000146410 65.000000000 65.000000000 71.000000000 65.000000000
1750225553.400000095 31.277179506500005 120.906643556 1.539600000 4.000000000 0.000201640 1.000000000 0.000000000 0.000000000 0.000153760 65.000000000 65.000000000 71.000000000 65.000000000
1750225553.599999905 31.277178819833324 120.906643519 1.534700000 4.000000000 0.000201640 1.000000000 0.000000000 0.000000000 0.000156250 65.000000000 65.000000000 71.000000000 65.000000000
1750225553.799999952 31.27717809116666 120.906643470 1.571500000 4.000000000 0.000219040 1.000000000 0.000000000 0.000000000 0.000166410 65.000000000 65.000000000 71.000000000 65.000000000
1750225554.000000000 31.277177315333333 120.906643329 1.623800000 4.000000000 0.000219040 1.000000000 0.000000000 0.000000000 0.000166410 65.000000000 65.000000000 71.000000000 65.000000000
1750225554.200000048 31.27717661599999 120.906643164 1.626500000 4.000000000 0.000204490 0.000000000 0.000000000 0.000000000 0.000158760 53.000000000 50.500000000 62.000000000 48.000000000
1750225554.400000095 31.2771758425 120.906643065 1.596500000 4.000000000 0.000240250 0.000000000 0.000000000 0.000000000 0.000207360 53.000000000 50.500000000 62.000000000 48.000000000
1750225554.599999905 31.277175205000006 120.906643131 1.584500000 4.000000000 0.000246490 0.000000000 0.000000000 0.000000000 0.000210250 53.000000000 50.500000000 62.000000000 48.000000000
1750225554.799999952 31.27717448366667 120.906643143 1.593500000 4.000000000 0.000243360 0.000000000 0.000000000 0.000000000 0.000210250 53.000000000 50.500000000 62.000000000 48.000000000
1750225555.000000000 31.277173793499998 120.906643082 1.607500000 4.000000000 0.000243360 0.000000000 0.000000000 0.000000000 0.000210250 53.000000000 50.500000000 62.000000000 48.000000000
1750225555.200000048 31.277173191499998 120.906643077 1.593500000 4.000000000 0.000237160 0.000000000 0.000000000 0.000000000 0.000207360 57.000000000 59.000000000 69.000000000 61.000000000
1750225555.400000095 31.277172369 120.906643176 1.661700000 4.000000000 0.000249640 0.000000000 0.000000000 0.000000000 0.000231040 57.000000000 59.000000000 69.000000000 61.000000000
1750225555.599999905 31.27717173883333 120.906643281 1.647200000 4.000000000 0.000249640 0.000000000 0.000000000 0.000000000 0.000231040 57.000000000 59.000000000 69.000000000 61.000000000
1750225555.799999952 31.27717096916666 120.906643316 1.656700000 4.000000000 0.000252810 0.000000000 0.000000000 0.000000000 0.000231040 57.000000000 59.000000000 69.000000000 61.000000000
1750225556.000000000 31.277170174333335 120.906643381 1.666700000 4.000000000 0.000249640 0.000000000 0.000000000 0.000000000 0.000231040 57.000000000 59.000000000 69.000000000 61.000000000
1750225556.200000048 31.27716964583334 120.906643423 1.656600000 4.000000000 0.000249640 0.000000000 0.000000000 0.000000000 0.000231040 53.000000000 60.500000000 72.000000000 68.000000000
1750225556.400000095 31.277168927999995 120.906643479 1.646700000 4.000000000 0.000252810 0.000000000 0.000000000 0.000000000 0.000222010 53.000000000 60.500000000 72.000000000 68.000000000
1750225556.599999905 31.27716823033333 120.906643356 1.659000000 4.000000000 0.000252810 0.000000000 0.000000000 0.000000000 0.000222010 53.000000000 60.500000000 72.000000000 68.000000000
1750225556.799999952 31.277167607500004 120.906643518 1.650300000 4.000000000 0.000259210 0.000000000 0.000000000 0.000000000 0.000225000 53.000000000 60.500000000 72.000000000 68.000000000
1750225557.000000000 31.2771668595 120.906643427 1.655300000 4.000000000 0.000265690 0.000000000 0.000000000 0.000000000 0.000231040 53.000000000 60.500000000 72.000000000 68.000000000
1750225557.200000048 31.27716619333333 120.906643403 1.616200000 4.000000000 0.000256000 0.000000000 0.000000000 0.000000000 0.000222010 57.000000000 57.000000000 67.000000000 57.000000000
1750225557.400000095 31.277165481499992 120.906643450 1.716700000 4.000000000 0.000299290 0.000000000 0.000000000 0.000000000 0.000243360 57.000000000 57.000000000 67.000000000 57.000000000
1750225557.599999905 31.277164758833337 120.906643366 1.729300000 4.000000000 0.000302760 0.000000000 0.000000000 0.000000000 0.000246490 57.000000000 57.000000000 67.000000000 57.000000000
1750225557.799999952 31.277164117666672 120.906643401 1.737300000 4.000000000 0.000299290 0.000000000 0.000000000 0.000000000 0.000246490 57.000000000 57.000000000 67.000000000 57.000000000
1750225558.000000000 31.277163358833334 120.906643599 1.709900000 4.000000000 0.000306250 0.000000000 0.000000000 0.000000000 0.000252810 57.000000000 57.000000000 67.000000000 57.000000000
1750225558.200000048 31.277162626666666 120.906643527 1.717300000 4.000000000 0.000292410 0.000000000 0.000000000 0.000000000 0.000240250 65.000000000 62.000000000 68.000000000 59.000000000
1750225558.400000095 31.277162070166668 120.906643544 1.688700000 4.000000000 0.000184960 0.000000000 0.000000000 0.000000000 0.000148840 65.000000000 62.000000000 68.000000000 59.000000000
1750225558.599999905 31.277161374333332 120.906643618 1.690300000 4.000000000 0.000182250 0.000000000 0.000000000 0.000000000 0.000146410 65.000000000 62.000000000 68.000000000 59.000000000
1750225558.799999952 31.27716076516667 120.906643550 1.676500000 4.000000000 0.000182250 0.000000000 0.000000000 0.000000000 0.000148840 65.000000000 62.000000000 68.000000000 59.000000000
1750225559.000000000 31.277160045666662 120.906643527 1.690500000 4.000000000 0.000187690 0.000000000 0.000000000 0.000000000 0.000153760 65.000000000 62.000000000 68.000000000 59.000000000
1750225559.200000048 31.277159361000002 120.906643507 1.692500000 4.000000000 0.000179560 0.000000000 0.000000000 0.000000000 0.000144000 63.000000000 61.000000000 68.000000000 59.000000000
1750225559.400000095 31.277158658000005 120.906643381 1.706100000 4.000000000 0.000179560 0.000000000 0.000000000 0.000000000 0.000141610 63.000000000 61.000000000 68.000000000 59.000000000
1750225559.599999905 31.277157923666664 120.906643448 1.683800000 4.000000000 0.000190440 0.000000000 0.000000000 0.000000000 0.000153760 63.000000000 61.000000000 68.000000000 59.000000000
1750225559.799999952 31.277157114999994 120.906643584 1.722000000 4.000000000 0.000182250 0.000000000 0.000000000 0.000000000 0.000146410 63.000000000 61.000000000 68.000000000 59.000000000
1750225560.000000000 31.277156385500007 120.906643742 1.697000000 4.000000000 0.000187690 0.000000000 0.000000000 0.000000000 0.000148840 63.000000000 61.000000000 68.000000000 59.000000000
1750225560.200000048 31.277155736500006 120.906643737 1.700800000 4.000000000 0.000176890 0.000000000 0.000000000 0.000000000 0.000144000 68.000000000 63.500000000 68.000000000 59.000000000
1750225560.400000095 31.27715499516667 120.906643662 1.749800000 4.000000000 0.000176890 0.000000000 0.000000000 0.000000000 0.000161290 68.000000000 63.500000000 68.000000000 59.000000000
1750225560.599999905 31.2771542725 120.906643938 1.742200000 4.000000000 0.000184960 0.000000000 0.000000000 0.000000000 0.000163840 68.000000000 63.500000000 68.000000000 59.000000000
1750225560.799999952 31.277153663999997 120.906644241 1.759900000 4.000000000 0.000179560 0.000000000 0.000000000 0.000000000 0.000166410 68.000000000 63.500000000 68.000000000 59.000000000
1750225561.000000000 31.2771528105 120.906644490 1.757700000 4.000000000 0.000182250 0.000000000 0.000000000 0.000000000 0.000166410 68.000000000 63.500000000 68.000000000 59.000000000
1750225561.200000048 31.277152059499997 120.906644524 1.755000000 4.000000000 0.000179560 0.000000000 0.000000000 0.000000000 0.000158760 72.000000000 67.500000000 70.000000000 63.000000000
1750225561.400000095 31.27715133449999 120.906644540 1.690400000 4.000000000 0.000156250 0.000000000 0.000000000 0.000000000 0.000139240 72.000000000 67.500000000 70.000000000 63.000000000
1750225561.599999905 31.27715068233333 120.906644532 1.669800000 4.000000000 0.000163840 0.000000000 0.000000000 0.000000000 0.000144000 72.000000000 67.500000000 70.000000000 63.000000000
1750225561.799999952 31.277149775666658 120.906644546 1.697100000 4.000000000 0.000169000 0.000000000 0.000000000 0.000000000 0.000146410 72.000000000 67.500000000 70.000000000 63.000000000
1750225562.000000000 31.27714899183333 120.906644266 1.650700000 4.000000000 0.000163840 0.000000000 0.000000000 0.000000000 0.000144000 72.000000000 67.500000000 70.000000000 63.000000000
1750225562.200000048 31.27714833816667 120.906644032 1.656500000 4.000000000 0.000156250 0.000000000 0.000000000 0.000000000 0.000136890 80.000000000 67.500000000 66.000000000 55.000000000
1750225562.400000095 31.277147851833334 120.906644050 1.675500000 4.000000000 0.000163840 0.000000000 0.000000000 0.000000000 0.000144000 80.000000000 67.500000000 66.000000000 55.000000000
1750225562.599999905 31.277147556166668 120.906644129 1.727200000 4.000000000 0.000123210 0.000000000 0.000000000 0.000000000 0.000096040 80.000000000 67.500000000 66.000000000 55.000000000
1750225562.799999952 31.277146790000003 120.906643831 1.717000000 4.000000000 0.000125440 0.000000000 0.000000000 0.000000000 0.000096040 80.000000000 67.500000000 66.000000000 55.000000000
1750225563.000000000 31.277146283333337 120.906643281 1.737000000 4.000000000 0.000125440 0.000000000 0.000000000 0.000000000 0.000098010 80.000000000 67.500000000 66.000000000 55.000000000
1750225563.200000048 31.27714623899999 120.906642375 1.735600000 4.000000000 0.000123210 1.000000000 0.000000000 0.000000000 0.000096040 80.000000000 72.500000000 71.000000000 65.000000000
1750225563.400000095 31.277146154000008 120.906641368 1.719800000 4.000000000 0.000123210 1.000000000 0.000000000 0.000000000 0.000096040 80.000000000 72.500000000 71.000000000 65.000000000
1750225563.599999905 31.277145908166673 120.906640500 1.719300000 4.000000000 0.000146410 1.000000000 0.000000000 0.000000000 0.000108160 80.000000000 72.500000000 71.000000000 65.000000000
1750225563.799999952 31.277145853500002 120.906639735 1.696600000 4.000000000 0.000148840 1.000000000 0.000000000 0.000000000 0.000110250 80.000000000 72.500000000 71.000000000 65.000000000
1750225564.000000000 31.277145770999994 120.906638656 1.713800000 4.000000000 0.000156250 1.000000000 0.000000000 0.000000000 0.000116640 80.000000000 72.500000000 71.000000000 65.000000000
1750225564.200000048 31.27714575583333 120.906637827 1.731300000 4.000000000 0.000141610 0.000000000 0.000000000 0.000000000 0.000104040 75.000000000 60.000000000 61.000000000 45.000000000
1750225564.400000095 31.27714561083333 120.906637023 1.709400000 4.000000000 0.000141610 0.000000000 0.000000000 0.000000000 0.000106090 75.000000000 60.000000000 61.000000000 45.000000000
1750225564.599999905 31.2771454935 120.906636324 1.705900000 4.000000000 0.000163840 0.000000000 0.000000000 0.000000000 0.000127690 75.000000000 60.000000000 61.000000000 45.000000000
1750225564.799999952 31.277145251333337 120.906635708 1.716700000 4.000000000 0.000163840 0.000000000 0.000000000 0.000000000 0.000127690 75.000000000 60.000000000 61.000000000 45.000000000
1750225565.000000000 31.27714500816667 120.906634870 1.706600000 4.000000000 0.000163840 0.000000000 0.000000000 0.000000000 0.000127690 75.000000000 60.000000000 61.000000000 45.000000000
1750225565.200000048 31.277144713833337 120.906633970 1.707600000 4.000000000 0.000158760 0.000000000 0.000000000 0.000000000 0.000123210 76.000000000 73.000000000 73.000000000 70.000000000
1750225565.400000095 31.27714425566667 120.906633318 1.713800000 4.000000000 0.000161290 0.000000000 0.000000000 0.000000000 0.000125440 76.000000000 73.000000000 73.000000000 70.000000000
1750225565.599999905 31.277144039666666 120.906632337 1.655100000 4.000000000 0.000179560 0.000000000 0.000000000 0.000000000 0.000132250 76.000000000 73.000000000 73.000000000 70.000000000
1750225565.799999952 31.277143997500005 120.906631421 1.705800000 4.000000000 0.000176890 0.000000000 0.000000000 0.000000000 0.000127690 76.000000000 73.000000000 73.000000000 70.000000000
1750225566.000000000 31.277143894666665 120.906630633 1.668400000 4.000000000 0.000176890 0.000000000 0.000000000 0.000000000 0.000129960 76.000000000 73.000000000 73.000000000 70.000000000
1750225566.200000048 31.277143765666665 120.906629876 1.688000000 4.000000000 0.000174240 0.000000000 0.000000000 0.000000000 0.000127690 76.000000000 72.000000000 72.000000000 68.000000000
1750225566.400000095 31.277143715500003 120.906628967 1.693100000 4.000000000 0.000176890 0.000000000 0.000000000 0.000000000 0.000129960 76.000000000 72.000000000 72.000000000 68.000000000
1750225566.599999905 31.277143402166672 120.906628083 1.693000000 4.000000000 0.000179560 0.000000000 0.000000000 0.000000000 0.000129960 76.000000000 72.000000000 72.000000000 68.000000000
1750225566.799999952 31.277143474500008 120.906627264 1.681200000 4.000000000 0.000184960 0.000000000 0.000000000 0.000000000 0.000132250 76.000000000 72.000000000 72.000000000 68.000000000
1750225567.000000000 31.27714340099999 120.906626357 1.687400000 4.000000000 0.000182250 0.000000000 0.000000000 0.000000000 0.000132250 76.000000000 72.000000000 72.000000000 68.000000000
1750225567.200000048 31.277143449833332 120.906625575 1.683000000 4.000000000 0.000174240 1.000000000 0.000000000 0.000000000 0.000125440 80.000000000 71.500000000 70.000000000 63.000000000
1750225567.400000095 31.277143539333338 120.906624748 1.687900000 4.000000000 0.000176890 1.000000000 0.000000000 0.000000000 0.000129960 80.000000000 71.500000000 70.000000000 63.000000000
1750225567.599999905 31.27714342216666 120.906624047 1.798200000 4.000000000 0.000163840 1.000000000 0.000000000 0.000000000 0.000161290 80.000000000 71.500000000 70.000000000 63.000000000
1750225567.799999952 31.277143315333333 120.906623202 1.806700000 4.000000000 0.000169000 1.000000000 0.000000000 0.000000000 0.000166410 80.000000000 71.500000000 70.000000000 63.000000000
1750225568.000000000 31.27714332233333 120.906622248 1.749500000 4.000000000 0.000161290 1.000000000 0.000000000 0.000000000 0.000158760 80.000000000 71.500000000 70.000000000 63.000000000
1750225568.200000048 31.27714318016666 120.906621400 1.735800000 4.000000000 0.000158760 1.000000000 0.000000000 0.000000000 0.000153760 68.000000000 68.000000000 73.000000000 68.000000000
1750225568.400000095 31.277142877000003 120.906620621 1.766300000 4.000000000 0.000158760 1.000000000 0.000000000 0.000000000 0.000156250 68.000000000 68.000000000 73.000000000 68.000000000
1750225568.599999905 31.277142735500007 120.906619880 1.831200000 4.000000000 0.000176890 1.000000000 0.000000000 0.000000000 0.000176890 68.000000000 68.000000000 73.000000000 68.000000000
1750225568.799999952 31.277142239833324 120.906619098 1.815900000 4.000000000 0.000174240 1.000000000 0.000000000 0.000000000 0.000174240 68.000000000 68.000000000 73.000000000 68.000000000
1750225569.000000000 31.277141842999995 120.906618234 1.799000000 4.000000000 0.000174240 1.000000000 0.000000000 0.000000000 0.000174240 68.000000000 68.000000000 73.000000000 68.000000000
1750225569.200000048 31.277141639999996 120.906617436 1.792600000 4.000000000 0.000171610 1.000000000 0.000000000 0.000000000 0.000169000 81.000000000 79.000000000 77.000000000 77.000000000
1750225569.400000095 31.277141712000002 120.906616554 1.791600000 4.000000000 0.000179560 1.000000000 0.000000000 0.000000000 0.000179560 81.000000000 79.000000000 77.000000000 77.000000000
1750225569.599999905 31.277141828666657 120.906615576 1.726400000 4.000000000 0.000146410 1.000000000 0.000000000 0.000000000 0.000134560 81.000000000 79.000000000 77.000000000 77.000000000
1750225569.799999952 31.27714212633333 120.906614685 1.707800000 4.000000000 0.000153760 1.000000000 0.000000000 0.000000000 0.000141610 81.000000000 79.000000000 77.000000000 77.000000000
1750225570.000000000 31.277142111499998 120.906613736 1.730900000 4.000000000 0.000156250 1.000000000 0.000000000 0.000000000 0.000146410 81.000000000 79.000000000 77.000000000 77.000000000
1750225570.200000048 31.27714217883333 120.906612946 1.711200000 4.000000000 0.000148840 0.000000000 0.000000000 0.000000000 0.000132250 60.000000000 57.000000000 66.000000000 54.000000000
1750225570.400000095 31.277142123000004 120.906612171 1.725100000 4.000000000 0.000151290 0.000000000 0.000000000 0.000000000 0.000132250 60.000000000 57.000000000 66.000000000 54.000000000
1750225570.599999905 31.27714208333333 120.906611265 1.748800000 4.000000000 0.000161290 0.000000000 0.000000000 0.000000000 0.000144000 60.000000000 57.000000000 66.000000000 54.000000000
1750225570.799999952 31.277141952333338 120.906610438 1.733800000 4.000000000 0.000161290 0.000000000 0.000000000 0.000000000 0.000144000 60.000000000 57.000000000 66.000000000 54.000000000
1750225571.000000000 31.27714185483333 120.906609640 1.741300000 4.000000000 0.000163840 0.000000000 0.000000000 0.000000000 0.000146410 60.000000000 57.000000000 66.000000000 54.000000000
1750225571.200000048 31.277141673166668 120.906608851 1.746300000 4.000000000 0.000156250 0.000000000 0.000000000 0.000000000 0.000141610 68.000000000 67.000000000 72.000000000 66.000000000
1750225571.400000095 31.277141531500007 120.906608460 1.728200000 4.000000000 0.000148840 0.000000000 0.000000000 0.000000000 0.000121000 68.000000000 67.000000000 72.000000000 66.000000000
1750225571.599999905 31.277141114666662 120.906607407 1.732000000 4.000000000 0.000163840 0.000000000 0.000000000 0.000000000 0.000129960 68.000000000 67.000000000 72.000000000 66.000000000
1750225571.799999952 31.27714103566666 120.906606904 1.742200000 4.000000000 0.000156250 0.000000000 0.000000000 0.000000000 0.000123210 68.000000000 67.000000000 72.000000000 66.000000000
1750225572.000000000 31.2771411345 120.906606611 1.731600000 4.000000000 0.000156250 0.000000000 0.000000000 0.000000000 0.000127690 68.000000000 67.000000000 72.000000000 66.000000000
1750225572.200000048 31.277141256666667 120.906606398 1.738300000 4.000000000 0.000148840 0.000000000 0.000000000 0.000000000 0.000121000 66.000000000 64.000000000 70.000000000 62.000000000
1750225572.400000095 31.277141089333327 120.906606078 1.747900000 4.000000000 0.000210250 0.000000000 0.000000000 0.000000000 0.000148840 66.000000000 64.000000000 70.000000000 62.000000000
1750225572.599999905 31.277140733833335 120.906605543 1.746100000 4.000000000 0.000210250 0.000000000 0.000000000 0.000000000 0.000148840 66.000000000 64.000000000 70.000000000 62.000000000
1750225572.799999952 31.277140019 120.906605249 1.758200000 4.000000000 0.000216090 0.000000000 0.000000000 0.000000000 0.000153760 66.000000000 64.000000000 70.000000000 62.000000000
1750225573.000000000 31.277139457333334 120.906604989 1.753700000 4.000000000 0.000219040 0.000000000 0.000000000 0.000000000 0.000158760 66.000000000 64.000000000 70.000000000 62.000000000
1750225573.200000048 31.2771386795 120.906604605 1.748800000 4.000000000 0.000213160 0.000000000 0.000000000 0.000000000 0.000148840 68.000000000 67.000000000 72.000000000 66.000000000
1750225573.400000095 31.277138017666672 120.906604535 1.671800000 4.000000000 0.000256000 0.000000000 0.000000000 0.000000000 0.000179560 68.000000000 67.000000000 72.000000000 66.000000000
1750225573.599999905 31.277137225000004 120.906604438 1.678200000 4.000000000 0.000262440 0.000000000 0.000000000 0.000000000 0.000179560 68.000000000 67.000000000 72.000000000 66.000000000
1750225573.799999952 31.27713642933334 120.906604136 1.668400000 4.000000000 0.000249640 0.000000000 0.000000000 0.000000000 0.000169000 68.000000000 67.000000000 72.000000000 66.000000000
1750225574.000000000 31.277135777833337 120.906604023 1.659800000 4.000000000 0.000256000 0.000000000 0.000000000 0.000000000 0.000176890 68.000000000 67.000000000 72.000000000 66.000000000
1750225574.200000048 31.27713508233333 120.906603987 1.670400000 4.000000000 0.000246490 0.000000000 0.000000000 0.000000000 0.000169000 54.000000000 53.000000000 65.000000000 52.000000000
1750225574.400000095 31.27713428166666 120.906604009 1.664800000 4.000000000 0.000278890 0.000000000 0.000000000 0.000000000 0.000231040 54.000000000 53.000000000 65.000000000 52.000000000
1750225574.599999905 31.27713368266666 120.906604371 1.642900000 4.000000000 0.000295840 0.000000000 0.000000000 0.000000000 0.000249640 54.000000000 53.000000000 65.000000000 52.000000000
1750225574.799999952 31.277133207666665 120.906604458 1.595100000 4.000000000 0.000289000 0.000000000 0.000000000 0.000000000 0.000256000 54.000000000 53.000000000 65.000000000 52.000000000
1750225575.000000000 31.277132297500003 120.906604659 1.605000000 4.000000000 0.000292410 0.000000000 0.000000000 0.000000000 0.000259210 54.000000000 53.000000000 65.000000000 52.000000000
1750225575.200000048 31.277131464666667 120.906604960 1.623300000 4.000000000 0.000275560 0.000000000 0.000000000 0.000000000 0.000231040 46.000000000 44.000000000 59.000000000 42.000000000
1750225575.400000095 31.277130569166673 120.906605386 1.716900000 4.000000000 0.000265690 0.000000000 0.000000000 0.000000000 0.000252810 46.000000000 44.000000000 59.000000000 42.000000000
1750225575.599999905 31.27712996066667 120.906605549 1.725300000 4.000000000 0.000292410 0.000000000 0.000000000 0.000000000 0.000268960 46.000000000 44.000000000 59.000000000 42.000000000
1750225575.799999952 31.27712923583333 120.906605525 1.721400000 4.000000000 0.000285610 0.000000000 0.000000000 0.000000000 0.000265690 46.000000000 44.000000000 59.000000000 42.000000000
1750225576.000000000 31.277128517999998 120.906605642 1.709700000 4.000000000 0.000278890 0.000000000 0.000000000 0.000000000 0.000259210 46.000000000 44.000000000 59.000000000 42.000000000
1750225576.200000048 31.277127882166667 120.906605820 1.724300000 4.000000000 0.000265690 0.000000000 0.000000000 0.000000000 0.000246490 46.000000000 51.500000000 67.000000000 57.000000000
1750225576.400000095 31.277127076166664 120.906605957 1.730800000 4.000000000 0.000243360 0.000000000 0.000000000 0.000000000 0.000262440 46.000000000 51.500000000 67.000000000 57.000000000
1750225576.599999905 31.27712630166667 120.906605924 1.731000000 4.000000000 0.000243360 0.000000000 0.000000000 0.000000000 0.000265690 46.000000000 51.500000000 67.000000000 57.000000000
1750225576.799999952 31.2771255065 120.906606061 1.729200000 4.000000000 0.000249640 0.000000000 0.000000000 0.000000000 0.000268960 46.000000000 51.500000000 67.000000000 57.000000000
1750225577.000000000 31.27712476283334 120.906606339 1.734500000 4.000000000 0.000246490 0.000000000 0.000000000 0.000000000 0.000268960 46.000000000 51.500000000 67.000000000 57.000000000
1750225577.200000048 31.277124051499996 120.906606746 1.736800000 4.000000000 0.000243360 0.000000000 0.000000000 0.000000000 0.000265690 59.000000000 63.500000000 72.000000000 68.000000000
1750225577.400000095 31.277123349500002 120.906607004 1.745200000 4.000000000 0.000169000 0.000000000 0.000000000 0.000000000 0.000198810 59.000000000 63.500000000 72.000000000 68.000000000
1750225577.599999905 31.277122642833334 120.906607332 1.724500000 4.000000000 0.000169000 0.000000000 0.000000000 0.000000000 0.000198810 59.000000000 63.500000000 72.000000000 68.000000000
1750225577.799999952 31.277121890666663 120.906607316 1.715000000 4.000000000 0.000169000 0.000000000 0.000000000 0.000000000 0.000198810 59.000000000 63.500000000 72.000000000 68.000000000
1750225578.000000000 31.27712121333333 120.906607305 1.715700000 4.000000000 0.000169000 0.000000000 0.000000000 0.000000000 0.000198810 59.000000000 63.500000000 72.000000000 68.000000000
1750225578.200000048 31.277120497499993 120.906607104 1.711000000 4.000000000 0.000166410 0.000000000 0.000000000 0.000000000 0.000196000 63.000000000 66.500000000 73.000000000 70.000000000
1750225578.400000095 31.27712001266667 120.906606991 1.679900000 4.000000000 0.000144000 0.000000000 0.000000000 0.000000000 0.000144000 63.000000000 66.500000000 73.000000000 70.000000000
1750225578.599999905 31.277119379666672 120.906606936 1.680000000 4.000000000 0.000146410 0.000000000 0.000000000 0.000000000 0.000148840 63.000000000 66.500000000 73.000000000 70.000000000
1750225578.799999952 31.27711865116666 120.906606729 1.686600000 4.000000000 0.000144000 0.000000000 0.000000000 0.000000000 0.000146410 63.000000000 66.500000000 73.000000000 70.000000000
1750225579.000000000 31.27711794449999 120.906606682 1.675600000 4.000000000 0.000146410 0.000000000 0.000000000 0.000000000 0.000148840 63.000000000 66.500000000 73.000000000 70.000000000
1750225579.200000048 31.277117202 120.906606518 1.682500000 4.000000000 0.000144000 0.000000000 0.000000000 0.000000000 0.000144000 72.000000000 71.000000000 73.000000000 70.000000000
1750225579.400000095 31.277116665333324 120.906606345 1.642600000 4.000000000 0.000176890 0.000000000 0.000000000 0.000000000 0.000213160 72.000000000 71.000000000 73.000000000 70.000000000
1750225579.599999905 31.277115969500002 120.906606198 1.635000000 4.000000000 0.000184960 0.000000000 0.000000000 0.000000000 0.000222010 72.000000000 71.000000000 73.000000000 70.000000000
1750225579.799999952 31.27711524616666 120.906606155 1.620400000 4.000000000 0.000184960 0.000000000 0.000000000 0.000000000 0.000222010 72.000000000 71.000000000 73.000000000 70.000000000
1750225580.000000000 31.277114694000005 120.906606056 1.614500000 4.000000000 0.000176890 0.000000000 0.000000000 0.000000000 0.000216090 72.000000000 71.000000000 73.000000000 70.000000000
1750225580.200000048 31.27711399750001 120.906605956 1.612200000 4.000000000 0.000179560 0.000000000 0.000000000 0.000000000 0.000216090 72.000000000 74.000000000 76.000000000 76.000000000
1750225580.400000095 31.2771133225 120.906605848 1.630600000 4.000000000 0.000182250 0.000000000 0.000000000 0.000000000 0.000219040 72.000000000 74.000000000 76.000000000 76.000000000
1750225580.599999905 31.277112545500003 120.906605650 1.697700000 4.000000000 0.000166410 0.000000000 0.000000000 0.000000000 0.000216090 72.000000000 74.000000000 76.000000000 76.000000000
1750225580.799999952 31.2771118175 120.906605555 1.681000000 4.000000000 0.000161290 0.000000000 0.000000000 0.000000000 0.000207360 72.000000000 74.000000000 76.000000000 76.000000000
1750225581.000000000 31.277111130999998 120.906605420 1.682400000 4.000000000 0.000169000 0.000000000 0.000000000 0.000000000 0.000210250 72.000000000 74.000000000 76.000000000 76.000000000
1750225581.200000048 31.27711039733333 120.906605305 1.688800000 4.000000000 0.000161290 0.000000000 0.000000000 0.000000000 0.000207360 55.000000000 55.000000000 66.000000000 55.000000000
1750225581.400000095 31.277109776166668 120.906605530 1.668300000 4.000000000 0.000207360 0.000000000 0.000000000 0.000000000 0.000265690 55.000000000 55.000000000 66.000000000 55.000000000
1750225581.599999905 31.277109085000006 120.906605553 1.701400000 4.000000000 0.000210250 0.000000000 0.000000000 0.000000000 0.000265690 55.000000000 55.000000000 66.000000000 55.000000000
1750225581.799999952 31.277108349166667 120.906605564 1.702000000 4.000000000 0.000207360 0.000000000 0.000000000 0.000000000 0.000268960 55.000000000 55.000000000 66.000000000 55.000000000
1750225582.000000000 31.277107562500007 120.906605371 1.715700000 4.000000000 0.000207360 0.000000000 0.000000000 0.000000000 0.000265690 55.000000000 55.000000000 66.000000000 55.000000000
1750225582.200000048 31.277106822500002 120.906605176 1.698300000 4.000000000 0.000207360 0.000000000 0.000000000 0.000000000 0.000259210 55.000000000 59.000000000 70.000000000 63.000000000
1750225582.400000095 31.277106166500005 120.906605222 1.676200000 4.000000000 0.000249640 0.000000000 0.000000000 0.000000000 0.000275560 55.000000000 59.000000000 70.000000000 63.000000000
1750225582.599999905 31.277105379000005 120.906605318 1.681200000 4.000000000 0.000249640 0.000000000 0.000000000 0.000000000 0.000275560 55.000000000 59.000000000 70.000000000 63.000000000
1750225582.799999952 31.277104646166663 120.906605319 1.697400000 4.000000000 0.000249640 0.000000000 0.000000000 0.000000000 0.000275560 55.000000000 59.000000000 70.000000000 63.000000000
1750225583.000000000 31.277103945666667 120.906605448 1.699200000 4.000000000 0.000249640 0.000000000 0.000000000 0.000000000 0.000275560 55.000000000 59.000000000 70.000000000 63.000000000
1750225583.200000048 31.277103267 120.906605527 1.697000000 4.000000000 0.000246490 0.000000000 0.000000000 0.000000000 0.000272250 57.000000000 63.500000000 73.000000000 70.000000000
1750225583.400000095 31.277102561166657 120.906605424 1.726000000 4.000000000 0.000228010 0.000000000 0.000000000 0.000000000 0.000256000 57.000000000 63.500000000 73.000000000 70.000000000
1750225583.599999905 31.277101825000003 120.906605608 1.726700000 4.000000000 0.000228010 0.000000000 0.000000000 0.000000000 0.000256000 57.000000000 63.500000000 73.000000000 70.000000000
1750225583.799999952 31.277100920500004 120.906605517 1.724100000 4.000000000 0.000243360 0.000000000 0.000000000 0.000000000 0.000265690 57.000000000 63.500000000 73.000000000 70.000000000
1750225584.000000000 31.277100313000005 120.906605660 1.698200000 4.000000000 0.000231040 0.000000000 0.000000000 0.000000000 0.000259210 57.000000000 63.500000000 73.000000000 70.000000000
1750225584.200000048 31.277099557499994 120.906605831 1.710800000 4.000000000 0.000231040 0.000000000 0.000000000 0.000000000 0.000259210 63.000000000 65.500000000 72.000000000 68.000000000
1750225584.400000095 31.27709876183333 120.906606002 1.727900000 4.000000000 0.000225000 0.000000000 0.000000000 0.000000000 0.000234090 63.000000000 65.500000000 72.000000000 68.000000000
1750225584.599999905 31.277097996166674 120.906605932 1.718000000 4.000000000 0.000225000 0.000000000 0.000000000 0.000000000 0.000234090 63.000000000 65.500000000 72.000000000 68.000000000
1750225584.799999952 31.277097275833327 120.906606093 1.722700000 4.000000000 0.000225000 0.000000000 0.000000000 0.000000000 0.000234090 63.000000000 65.500000000 72.000000000 68.000000000
1750225585.000000000 31.277096606166666 120.906606199 1.707500000 4.000000000 0.000228010 0.000000000 0.000000000 0.000000000 0.000237160 63.000000000 65.500000000 72.000000000 68.000000000
1750225585.200000048 31.277095957833325 120.906606253 1.722500000 4.000000000 0.000222010 0.000000000 0.000000000 0.000000000 0.000228010 65.000000000 64.000000000 70.000000000 63.000000000
1750225585.400000095 31.277095043499997 120.906606356 1.745200000 4.000000000 0.000228010 0.000000000 0.000000000 0.000000000 0.000234090 65.000000000 64.000000000 70.000000000 63.000000000
1750225585.599999905 31.277094441166668 120.906606324 1.741500000 4.000000000 0.000163840 0.000000000 0.000000000 0.000000000 0.000166410 65.000000000 64.000000000 70.000000000 63.000000000
1750225585.799999952 31.277093734000005 120.906606444 1.735100000 4.000000000 0.000163840 0.000000000 0.000000000 0.000000000 0.000169000 65.000000000 64.000000000 70.000000000 63.000000000
1750225586.000000000 31.27709305900001 120.906606529 1.742700000 4.000000000 0.000166410 0.000000000 0.000000000 0.000000000 0.000171610 65.000000000 64.000000000 70.000000000 63.000000000
1750225586.200000048 31.27709242583333 120.906606596 1.733700000 4.000000000 0.000166410 0.000000000 0.000000000 0.000000000 0.000169000 68.000000000 64.500000000 69.000000000 61.000000000
1750225586.400000095 31.277091706333337 120.906606792 1.672000000 4.000000000 0.000190440 0.000000000 0.000000000 0.000000000 0.000171610 68.000000000 64.500000000 69.000000000 61.000000000
1750225586.599999905 31.277091149166665 120.906606891 1.666500000 4.000000000 0.000187690 0.000000000 0.000000000 0.000000000 0.000169000 68.000000000 64.500000000 69.000000000 61.000000000
1750225586.799999952 31.277090346833333 120.906606922 1.680600000 4.000000000 0.000187690 0.000000000 0.000000000 0.000000000 0.000171610 68.000000000 64.500000000 69.000000000 61.000000000
1750225587.000000000 31.277089589833338 120.906606881 1.685700000 4.000000000 0.000187690 0.000000000 0.000000000 0.000000000 0.000171610 68.000000000 64.500000000 69.000000000 61.000000000
1750225587.200000048 31.277088936 120.906606929 1.692800000 4.000000000 0.000184960 0.000000000 0.000000000 0.000000000 0.000166410 74.000000000 69.500000000 71.000000000 65.000000000
1750225587.400000095 31.277088192833332 120.906607045 1.689500000 4.000000000 0.000184960 0.000000000 0.000000000 0.000000000 0.000166410 74.000000000 69.500000000 71.000000000 65.000000000
1750225587.599999905 31.277087240166665 120.906607250 1.672100000 4.000000000 0.000228010 0.000000000 0.000000000 0.000000000 0.000187690 74.000000000 69.500000000 71.000000000 65.000000000
1750225587.799999952 31.277086615833326 120.906607269 1.700700000 4.000000000 0.000225000 0.000000000 0.000000000 0.000000000 0.000182250 74.000000000 69.500000000 71.000000000 65.000000000
1750225588.000000000 31.277085903499994 120.906607444 1.710600000 4.000000000 0.000225000 0.000000000 0.000000000 0.000000000 0.000184960 74.000000000 69.500000000 71.000000000 65.000000000
1750225588.200000048 31.277085255499998 120.906607547 1.711900000 4.000000000 0.000222010 0.000000000 0.000000000 0.000000000 0.000179560 65.000000000 65.000000000 71.000000000 65.000000000
1750225588.400000095 31.277084412833332 120.906607801 1.712800000 4.000000000 0.000222010 0.000000000 0.000000000 0.000000000 0.000179560 65.000000000 65.000000000 71.000000000 65.000000000
1750225588.599999905 31.27708384249999 120.906607703 1.719800000 4.000000000 0.000275560 0.000000000 0.000000000 0.000000000 0.000219040 65.000000000 65.000000000 71.000000000 65.000000000
1750225588.799999952 31.277082982333326 120.906607779 1.724200000 4.000000000 0.000278890 0.000000000 0.000000000 0.000000000 0.000222010 65.000000000 65.000000000 71.000000000 65.000000000
1750225589.000000000 31.27708233683333 120.906607488 1.716900000 4.000000000 0.000275560 0.000000000 0.000000000 0.000000000 0.000219040 65.000000000 65.000000000 71.000000000 65.000000000
1750225589.200000048 31.277081608666663 120.906607278 1.720100000 4.000000000 0.000275560 0.000000000 0.000000000 0.000000000 0.000216090 65.000000000 70.500000000 76.000000000 76.000000000
1750225589.400000095 31.277080823000006 120.906607137 1.720300000 4.000000000 0.000275560 0.000000000 0.000000000 0.000000000 0.000216090 65.000000000 70.500000000 76.000000000 76.000000000
1750225589.599999905 31.277080028499995 120.906607221 1.717800000 4.000000000 0.000243360 0.000000000 0.000000000 0.000000000 0.000193210 65.000000000 70.500000000 76.000000000 76.000000000
1750225589.799999952 31.27707921166666 120.906607112 1.719500000 4.000000000 0.000240250 0.000000000 0.000000000 0.000000000 0.000187690 65.000000000 70.500000000 76.000000000 76.000000000
1750225590.000000000 31.277078551666662 120.906607183 1.719600000 4.000000000 0.000240250 0.000000000 0.000000000 0.000000000 0.000190440 65.000000000 70.500000000 76.000000000 76.000000000
1750225590.200000048 31.277078183166665 120.906607401 1.719000000 4.000000000 0.000240250 0.000000000 0.000000000 0.000000000 0.000187690 75.000000000 75.000000000 76.000000000 75.000000000
1750225590.400000095 31.27707802733333 120.906607543 1.723100000 4.000000000 0.000240250 0.000000000 0.000000000 0.000000000 0.000187690 75.000000000 75.000000000 76.000000000 75.000000000
1750225590.599999905 31.27707794216667 120.906607470 1.746800000 4.000000000 0.000166410 0.000000000 0.000000000 0.000000000 0.000141610 75.000000000 75.000000000 76.000000000 75.000000000
1750225590.799999952 31.2770776805 120.906607592 1.748400000 4.000000000 0.000166410 0.000000000 0.000000000 0.000000000 0.000141610 75.000000000 75.000000000 76.000000000 75.000000000
1750225591.000000000 31.277077425166667 120.906607516 1.751700000 4.000000000 0.000169000 0.000000000 0.000000000 0.000000000 0.000144000 75.000000000 75.000000000 76.000000000 75.000000000
1750225591.200000048 31.277077022666674 120.906607114 1.731800000 4.000000000 0.000169000 1.000000000 0.000000000 0.000000000 0.000144000 70.000000000 75.500000000 79.000000000 81.000000000
1750225591.400000095 31.277076689833336 120.906606364 1.748000000 4.000000000 0.000169000 1.000000000 0.000000000 0.000000000 0.000144000 70.000000000 75.500000000 79.000000000 81.000000000
1750225591.599999905 31.27707669183333 120.906605638 1.748600000 4.000000000 0.000184960 1.000000000 0.000000000 0.000000000 0.000174240 70.000000000 75.500000000 79.000000000 81.000000000
1750225591.799999952 31.27707672566666 120.906604618 1.751400000 4.000000000 0.000184960 1.000000000 0.000000000 0.000000000 0.000176890 70.000000000 75.500000000 79.000000000 81.000000000
1750225592.000000000 31.277076645500003 120.906603828 1.747100000 4.000000000 0.000187690 1.000000000 0.000000000 0.000000000 0.000176890 70.000000000 75.500000000 79.000000000 81.000000000
1750225592.200000048 31.27707661283334 120.906602981 1.751100000 4.000000000 0.000187690 1.000000000 0.000000000 0.000000000 0.000179560 64.000000000 69.500000000 76.000000000 75.000000000
1750225592.400000095 31.277076592499995 120.906602409 1.720100000 4.000000000 0.000216090 1.000000000 0.000000000 0.000000000 0.000201640 64.000000000 69.500000000 76.000000000 75.000000000
1750225592.599999905 31.27707653183333 120.906601600 1.704000000 4.000000000 0.000216090 1.000000000 0.000000000 0.000000000 0.000204490 64.000000000 69.500000000 76.000000000 75.000000000
1750225592.799999952 31.277076396500007 120.906600770 1.714600000 4.000000000 0.000216090 1.000000000 0.000000000 0.000000000 0.000207360 64.000000000 69.500000000 76.000000000 75.000000000
1750225593.000000000 31.277076483499997 120.906599779 1.726900000 4.000000000 0.000216090 1.000000000 0.000000000 0.000000000 0.000207360 64.000000000 69.500000000 76.000000000 75.000000000
1750225593.200000048 31.277076508666667 120.906599016 1.724600000 4.000000000 0.000213160 1.000000000 0.000000000 0.000000000 0.000201640 64.000000000 64.000000000 71.000000000 64.000000000
1750225593.400000095 31.27707642433333 120.906598348 1.715200000 4.000000000 0.000240250 1.000000000 0.000000000 0.000000000 0.000295840 64.000000000 64.000000000 71.000000000 64.000000000
1750225593.599999905 31.277076396666672 120.906597374 1.725700000 4.000000000 0.000240250 1.000000000 0.000000000 0.000000000 0.000295840 64.000000000 64.000000000 71.000000000 64.000000000
1750225593.799999952 31.277076262500003 120.906596498 1.736300000 4.000000000 0.000243360 1.000000000 0.000000000 0.000000000 0.000299290 64.000000000 64.000000000 71.000000000 64.000000000
1750225594.000000000 31.27707615766667 120.906595751 1.723700000 4.000000000 0.000240250 1.000000000 0.000000000 0.000000000 0.000295840 64.000000000 64.000000000 71.000000000 64.000000000
1750225594.200000048 31.277076029 120.906594950 1.713200000 4.000000000 0.000237160 1.000000000 0.000000000 0.000000000 0.000292410 72.000000000 71.000000000 74.000000000 70.000000000
1750225594.400000095 31.277075919666657 120.906594174 1.699900000 4.000000000 0.000237160 1.000000000 0.000000000 0.000000000 0.000292410 72.000000000 71.000000000 74.000000000 70.000000000
1750225594.599999905 31.277075998166666 120.906593321 1.693400000 4.000000000 0.000141610 1.000000000 0.000000000 0.000000000 0.000153760 72.000000000 71.000000000 74.000000000 70.000000000
1750225594.799999952 31.27707646416667 120.906592810 1.708100000 4.000000000 0.000141610 1.000000000 0.000000000 0.000000000 0.000151290 72.000000000 71.000000000 74.000000000 70.000000000
1750225595.000000000 31.277076864833333 120.906592634 1.707600000 4.000000000 0.000139240 1.000000000 0.000000000 0.000000000 0.000151290 72.000000000 71.000000000 74.000000000 70.000000000
1750225595.200000048 31.277076960000002 120.906592577 1.707600000 4.000000000 0.000139240 1.000000000 0.000000000 0.000000000 0.000151290 72.000000000 72.000000000 75.000000000 72.000000000
1750225595.400000095 31.277076938666667 120.906592588 1.705900000 4.000000000 0.000139240 1.000000000 0.000000000 0.000000000 0.000151290 72.000000000 72.000000000 75.000000000 72.000000000
1750225595.599999905 31.27707692683333 120.906592432 1.701500000 4.000000000 0.000127690 1.000000000 0.000000000 0.000000000 0.000116640 72.000000000 72.000000000 75.000000000 72.000000000
1750225595.799999952 31.2770767545 120.906591929 1.709800000 4.000000000 0.000127690 1.000000000 0.000000000 0.000000000 0.000116640 72.000000000 72.000000000 75.000000000 72.000000000
1750225596.000000000 31.27707649766667 120.906591093 1.699800000 4.000000000 0.000127690 1.000000000 0.000000000 0.000000000 0.000118810 72.000000000 72.000000000 75.000000000 72.000000000
1750225596.200000048 31.27707621333333 120.906590212 1.701300000 4.000000000 0.000125440 1.000000000 0.000000000 0.000000000 0.000116640 77.000000000 76.000000000 76.000000000 75.000000000
1750225596.400000095 31.277075973500004 120.906589342 1.702700000 4.000000000 0.000127690 1.000000000 0.000000000 0.000000000 0.000116640 77.000000000 76.000000000 76.000000000 75.000000000
1750225596.599999905 31.277075788666664 120.906588646 1.686800000 4.000000000 0.000114490 1.000000000 0.000000000 0.000000000 0.000102010 77.000000000 76.000000000 76.000000000 75.000000000
1750225596.799999952 31.277075605500002 120.906587805 1.672900000 4.000000000 0.000114490 1.000000000 0.000000000 0.000000000 0.000102010 77.000000000 76.000000000 76.000000000 75.000000000
1750225597.000000000 31.277075409000005 120.906587005 1.665900000 4.000000000 0.000114490 1.000000000 0.000000000 0.000000000 0.000102010 77.000000000 76.000000000 76.000000000 75.000000000
1750225597.200000048 31.277075154499997 120.906586229 1.675300000 4.000000000 0.000112360 1.000000000 0.000000000 0.000000000 0.000100000 79.000000000 78.000000000 77.000000000 77.000000000
1750225597.400000095 31.277074904666662 120.906585364 1.672300000 4.000000000 0.000112360 1.000000000 0.000000000 0.000000000 0.000100000 79.000000000 78.000000000 77.000000000 77.000000000
1750225597.599999905 31.277074671833333 120.906584548 1.692600000 4.000000000 0.000102010 1.000000000 0.000000000 0.000000000 0.000086490 79.000000000 78.000000000 77.000000000 77.000000000
1750225597.799999952 31.277074621333327 120.906583813 1.692400000 4.000000000 0.000102010 1.000000000 0.000000000 0.000000000 0.000086490 79.000000000 78.000000000 77.000000000 77.000000000
1750225598.000000000 31.27707453116666 120.906582871 1.694100000 4.000000000 0.000102010 1.000000000 0.000000000 0.000000000 0.000086490 79.000000000 78.000000000 77.000000000 77.000000000
1750225598.200000048 31.277074401500002 120.906581974 1.698400000 4.000000000 0.000102010 1.000000000 0.000000000 0.000000000 0.000086490 79.000000000 81.000000000 80.000000000 83.000000000
1750225598.400000095 31.277074392999992 120.906581234 1.697900000 4.000000000 0.000102010 1.000000000 0.000000000 0.000000000 0.000086490 79.000000000 81.000000000 80.000000000 83.000000000
1750225598.599999905 31.277074280166673 120.906580528 1.689700000 4.000000000 0.000098010 1.000000000 0.000000000 0.000000000 0.000082810 79.000000000 81.000000000 80.000000000 83.000000000
1750225598.799999952 31.277074260999996 120.906579679 1.666400000 4.000000000 0.000098010 1.000000000 0.000000000 0.000000000 0.000082810 79.000000000 81.000000000 80.000000000 83.000000000
1750225599.000000000 31.277074280999997 120.906578733 1.651700000 4.000000000 0.000098010 1.000000000 0.000000000 0.000000000 0.000082810 79.000000000 81.000000000 80.000000000 83.000000000
1750225599.200000048 31.277074215500008 120.906577976 1.659200000 4.000000000 0.000098010 1.000000000 0.000000000 0.000000000 0.000081000 79.000000000 79.000000000 78.000000000 79.000000000
1750225599.400000095 31.277074055666674 120.906577041 1.657200000 4.000000000 0.000098010 1.000000000 0.000000000 0.000000000 0.000082810 79.000000000 79.000000000 78.000000000 79.000000000
1750225599.599999905 31.277073765166662 120.906576319 1.671100000 4.000000000 0.000104040 1.000000000 0.000000000 0.000000000 0.000090250 79.000000000 79.000000000 78.000000000 79.000000000
1750225599.799999952 31.277073384000005 120.906575500 1.686500000 4.000000000 0.000104040 1.000000000 0.000000000 0.000000000 0.000090250 79.000000000 79.000000000 78.000000000 79.000000000
1750225600.000000000 31.277073166666668 120.906574620 1.677600000 4.000000000 0.000106090 1.000000000 0.000000000 0.000000000 0.000090250 79.000000000 79.000000000 78.000000000 79.000000000
1750225600.200000048 31.27707310783333 120.906573509 1.669900000 4.000000000 0.000106090 1.000000000 0.000000000 0.000000000 0.000092160 75.000000000 76.000000000 77.000000000 77.000000000
1750225600.400000095 31.27707286883333 120.906572763 1.674000000 4.000000000 0.000106090 1.000000000 0.000000000 0.000000000 0.000092160 75.000000000 76.000000000 77.000000000 77.000000000
1750225600.599999905 31.27707288816667 120.906571683 1.654600000 4.000000000 0.000114490 1.000000000 0.000000000 0.000000000 0.000110250 75.000000000 76.000000000 77.000000000 77.000000000
1750225600.799999952 31.27707254166667 120.906570850 1.671600000 4.000000000 0.000114490 1.000000000 0.000000000 0.000000000 0.000110250 75.000000000 76.000000000 77.000000000 77.000000000
1750225601.000000000 31.277072440833336 120.906570040 1.665700000 4.000000000 0.000114490 1.000000000 0.000000000 0.000000000 0.000110250 75.000000000 76.000000000 77.000000000 77.000000000
1750225601.200000048 31.27707261333333 120.906569493 1.646600000 4.000000000 0.000112360 1.000000000 0.000000000 0.000000000 0.000108160 77.000000000 73.500000000 74.000000000 70.000000000
1750225601.400000095 31.277072699166666 120.906569012 1.645900000 4.000000000 0.000112360 1.000000000 0.000000000 0.000000000 0.000108160 77.000000000 73.500000000 74.000000000 70.000000000
1750225601.599999905 31.277072762333333 120.906568884 1.598200000 4.000000000 0.000127690 1.000000000 0.000000000 0.000000000 0.000118810 77.000000000 73.500000000 74.000000000 70.000000000
1750225601.799999952 31.27707279116666 120.906568739 1.611300000 4.000000000 0.000129960 1.000000000 0.000000000 0.000000000 0.000121000 77.000000000 73.500000000 74.000000000 70.000000000
1750225602.000000000 31.277072670833334 120.906568222 1.613600000 4.000000000 0.000129960 1.000000000 0.000000000 0.000000000 0.000121000 77.000000000 73.500000000 74.000000000 70.000000000
1750225602.200000048 31.277072391000004 120.906567956 1.608100000 4.000000000 0.000129960 1.000000000 0.000000000 0.000000000 0.000121000 83.000000000 80.000000000 77.000000000 77.000000000
1750225602.400000095 31.277072311166663 120.906567894 1.616300000 4.000000000 0.000129960 1.000000000 0.000000000 0.000000000 0.000121000 83.000000000 80.000000000 77.000000000 77.000000000
1750225602.599999905 31.27707231633333 120.906567841 1.611000000 4.000000000 0.000134560 1.000000000 0.000000000 0.000000000 0.000112360 83.000000000 80.000000000 77.000000000 77.000000000
1750225602.799999952 31.277072058833326 120.906567781 1.619500000 4.000000000 0.000134560 1.000000000 0.000000000 0.000000000 0.000112360 83.000000000 80.000000000 77.000000000 77.000000000
1750225603.000000000 31.277071384166675 120.906567661 1.625200000 4.000000000 0.000134560 1.000000000 0.000000000 0.000000000 0.000112360 83.000000000 80.000000000 77.000000000 77.000000000
1750225603.200000048 31.277070629333338 120.906567775 1.613300000 4.000000000 0.000134560 1.000000000 0.000000000 0.000000000 0.000112360 83.000000000 83.000000000 80.000000000 83.000000000
1750225603.400000095 31.277069776666664 120.906567802 1.619300000 4.000000000 0.000136890 1.000000000 0.000000000 0.000000000 0.000114490 83.000000000 83.000000000 80.000000000 83.000000000
1750225603.599999905 31.277069349499996 120.906567903 1.609100000 4.000000000 0.000139240 1.000000000 0.000000000 0.000000000 0.000114490 83.000000000 83.000000000 80.000000000 83.000000000
1750225603.799999952 31.277068887499993 120.906568196 1.588100000 4.000000000 0.000139240 1.000000000 0.000000000 0.000000000 0.000116640 83.000000000 83.000000000 80.000000000 83.000000000
1750225604.000000000 31.277068269500006 120.906568773 1.570600000 4.000000000 0.000139240 1.000000000 0.000000000 0.000000000 0.000116640 83.000000000 83.000000000 80.000000000 83.000000000
1750225604.200000048 31.27706761733333 120.906569259 1.574500000 4.000000000 0.000139240 1.000000000 0.000000000 0.000000000 0.000114490 70.000000000 69.000000000 73.000000000 68.000000000
1750225604.400000095 31.277066913499993 120.906569412 1.569200000 4.000000000 0.000139240 1.000000000 0.000000000 0.000000000 0.000114490 70.000000000 69.000000000 73.000000000 68.000000000
1750225604.599999905 31.277065922833344 120.906569389 1.597300000 4.000000000 0.000201640 1.000000000 0.000000000 0.000000000 0.000153760 70.000000000 69.000000000 73.000000000 68.000000000
1750225604.799999952 31.27706529866667 120.906569520 1.587600000 4.000000000 0.000201640 1.000000000 0.000000000 0.000000000 0.000153760 70.000000000 69.000000000 73.000000000 68.000000000
1750225605.000000000 31.277064631833326 120.906569593 1.606900000 4.000000000 0.000201640 1.000000000 0.000000000 0.000000000 0.000153760 70.000000000 69.000000000 73.000000000 68.000000000
1750225605.200000048 31.27706397183333 120.906569872 1.595600000 4.000000000 0.000198810 1.000000000 0.000000000 0.000000000 0.000153760 68.000000000 68.000000000 73.000000000 68.000000000
1750225605.400000095 31.277063227666673 120.906570415 1.628200000 4.000000000 0.000201640 1.000000000 0.000000000 0.000000000 0.000148840 68.000000000 68.000000000 73.000000000 68.000000000
1750225605.599999905 31.277062520166666 120.906570493 1.616700000 4.000000000 0.000201640 1.000000000 0.000000000 0.000000000 0.000148840 68.000000000 68.000000000 73.000000000 68.000000000
1750225605.799999952 31.277061871 120.906570509 1.604500000 4.000000000 0.000201640 1.000000000 0.000000000 0.000000000 0.000148840 68.000000000 68.000000000 73.000000000 68.000000000
1750225606.000000000 31.277061142999997 120.906570433 1.601700000 4.000000000 0.000201640 1.000000000 0.000000000 0.000000000 0.000148840 68.000000000 68.000000000 73.000000000 68.000000000
1750225606.200000048 31.277060376166673 120.906570612 1.603800000 4.000000000 0.000204490 1.000000000 0.000000000 0.000000000 0.000148840 70.000000000 73.500000000 77.000000000 77.000000000
1750225606.400000095 31.27705965583334 120.906570568 1.603700000 4.000000000 0.000207360 1.000000000 0.000000000 0.000000000 0.000151290 70.000000000 73.500000000 77.000000000 77.000000000
1750225606.599999905 31.277058908499995 120.906570486 1.614600000 4.000000000 0.000182250 1.000000000 0.000000000 0.000000000 0.000123210 70.000000000 73.500000000 77.000000000 77.000000000
1750225606.799999952 31.277058218666667 120.906570378 1.619100000 4.000000000 0.000182250 1.000000000 0.000000000 0.000000000 0.000123210 70.000000000 73.500000000 77.000000000 77.000000000
1750225607.000000000 31.277057495500003 120.906570200 1.618500000 4.000000000 0.000179560 1.000000000 0.000000000 0.000000000 0.000121000 70.000000000 73.500000000 77.000000000 77.000000000
1750225607.200000048 31.277056721166673 120.906570037 1.622400000 4.000000000 0.000179560 1.000000000 0.000000000 0.000000000 0.000121000 66.000000000 67.000000000 73.000000000 68.000000000
1750225607.400000095 31.277055997999994 120.906570024 1.606400000 4.000000000 0.000179560 1.000000000 0.000000000 0.000000000 0.000121000 66.000000000 67.000000000 73.000000000 68.000000000
1750225607.599999905 31.277055272333342 120.906570025 1.618100000 4.000000000 0.000166410 1.000000000 0.000000000 0.000000000 0.000116640 66.000000000 67.000000000 73.000000000 68.000000000
1750225607.799999952 31.277054573166666 120.906570022 1.602500000 4.000000000 0.000169000 1.000000000 0.000000000 0.000000000 0.000118810 66.000000000 67.000000000 73.000000000 68.000000000
1750225608.000000000 31.27705383366667 120.906569992 1.595400000 4.000000000 0.000169000 1.000000000 0.000000000 0.000000000 0.000118810 66.000000000 67.000000000 73.000000000 68.000000000
1750225608.200000048 31.277053113500003 120.906569908 1.597600000 4.000000000 0.000169000 1.000000000 0.000000000 0.000000000 0.000118810 70.000000000 69.000000000 73.000000000 68.000000000
1750225608.400000095 31.277052464833332 120.906569933 1.585100000 4.000000000 0.000171610 1.000000000 0.000000000 0.000000000 0.000121000 70.000000000 69.000000000 73.000000000 68.000000000
1750225608.599999905 31.277051807333336 120.906569789 1.590300000 4.000000000 0.000166410 1.000000000 0.000000000 0.000000000 0.000123210 70.000000000 69.000000000 73.000000000 68.000000000
1750225608.799999952 31.277051136500006 120.906569741 1.595600000 4.000000000 0.000169000 1.000000000 0.000000000 0.000000000 0.000123210 70.000000000 69.000000000 73.000000000 68.000000000
1750225609.000000000 31.27705044866667 120.906569511 1.572800000 4.000000000 0.000169000 1.000000000 0.000000000 0.000000000 0.000123210 70.000000000 69.000000000 73.000000000 68.000000000
1750225609.200000048 31.27704981016666 120.906569539 1.562900000 4.000000000 0.000169000 1.000000000 0.000000000 0.000000000 0.000125440 61.000000000 63.000000000 72.000000000 65.000000000
1750225609.400000095 31.277049093166667 120.906569600 1.576100000 4.000000000 0.000196000 1.000000000 0.000000000 0.000000000 0.000134560 61.000000000 63.000000000 72.000000000 65.000000000
1750225609.599999905 31.27704828916667 120.906569653 1.589700000 4.000000000 0.000196000 1.000000000 0.000000000 0.000000000 0.000134560 61.000000000 63.000000000 72.000000000 65.000000000
1750225609.799999952 31.2770475385 120.906569719 1.583500000 4.000000000 0.000196000 1.000000000 0.000000000 0.000000000 0.000134560 61.000000000 63.000000000 72.000000000 65.000000000
1750225610.000000000 31.277046899333328 120.906569742 1.598200000 4.000000000 0.000196000 1.000000000 0.000000000 0.000000000 0.000134560 61.000000000 63.000000000 72.000000000 65.000000000
1750225610.200000048 31.27704623133333 120.906569958 1.589700000 4.000000000 0.000196000 0.000000000 0.000000000 0.000000000 0.000134560 59.000000000 64.000000000 74.000000000 69.000000000
1750225610.400000095 31.27704553866667 120.906570176 1.590100000 4.000000000 0.000198810 0.000000000 0.000000000 0.000000000 0.000146410 59.000000000 64.000000000 74.000000000 69.000000000
1750225610.599999905 31.27704489433333 120.906570350 1.601100000 4.000000000 0.000198810 0.000000000 0.000000000 0.000000000 0.000144000 59.000000000 64.000000000 74.000000000 69.000000000
1750225610.799999952 31.277044353500003 120.906570430 1.589300000 4.000000000 0.000198810 0.000000000 0.000000000 0.000000000 0.000144000 59.000000000 64.000000000 74.000000000 69.000000000
1750225611.000000000 31.277043586166656 120.906570280 1.580600000 4.000000000 0.000198810 0.000000000 0.000000000 0.000000000 0.000144000 59.000000000 64.000000000 74.000000000 69.000000000
1750225611.200000048 31.27704293316667 120.906570031 1.566600000 4.000000000 0.000196000 0.000000000 0.000000000 0.000000000 0.000144000 57.000000000 62.000000000 73.000000000 67.000000000
1750225611.400000095 31.27704214883333 120.906569832 1.583700000 4.000000000 0.000204490 0.000000000 0.000000000 0.000000000 0.000148840 57.000000000 62.000000000 73.000000000 67.000000000
1750225611.599999905 31.277041381000004 120.906569863 1.589500000 4.000000000 0.000204490 0.000000000 0.000000000 0.000000000 0.000148840 57.000000000 62.000000000 73.000000000 67.000000000
1750225611.799999952 31.27704074016667 120.906569988 1.594600000 4.000000000 0.000204490 0.000000000 0.000000000 0.000000000 0.000148840 57.000000000 62.000000000 73.000000000 67.000000000
1750225612.000000000 31.277040059166666 120.906570255 1.610100000 4.000000000 0.000210250 0.000000000 0.000000000 0.000000000 0.000148840 57.000000000 62.000000000 73.000000000 67.000000000
1750225612.200000048 31.277039362833335 120.906570466 1.598000000 4.000000000 0.000204490 0.000000000 0.000000000 0.000000000 0.000148840 57.000000000 61.000000000 72.000000000 65.000000000
1750225612.400000095 31.27703884383334 120.906570613 1.572400000 4.000000000 0.000213160 0.000000000 0.000000000 0.000000000 0.000146410 57.000000000 61.000000000 72.000000000 65.000000000
1750225612.599999905 31.277038062333332 120.906570472 1.592400000 4.000000000 0.000213160 0.000000000 0.000000000 0.000000000 0.000146410 57.000000000 61.000000000 72.000000000 65.000000000
1750225612.799999952 31.277037304666663 120.906570552 1.590600000 4.000000000 0.000213160 0.000000000 0.000000000 0.000000000 0.000146410 57.000000000 61.000000000 72.000000000 65.000000000
1750225613.000000000 31.27703657316667 120.906570652 1.594300000 4.000000000 0.000213160 0.000000000 0.000000000 0.000000000 0.000146410 57.000000000 61.000000000 72.000000000 65.000000000
1750225613.200000048 31.27703579766667 120.906570622 1.605900000 4.000000000 0.000207360 0.000000000 0.000000000 0.000000000 0.000141610 63.000000000 67.000000000 75.000000000 71.000000000
1750225613.400000095 31.2770350375 120.906570693 1.584700000 4.000000000 0.000174240 0.000000000 0.000000000 0.000000000 0.000116640 63.000000000 67.000000000 75.000000000 71.000000000
1750225613.599999905 31.277034350833333 120.906570708 1.589300000 4.000000000 0.000174240 0.000000000 0.000000000 0.000000000 0.000116640 63.000000000 67.000000000 75.000000000 71.000000000
1750225613.799999952 31.277033651833335 120.906570669 1.572900000 4.000000000 0.000174240 0.000000000 0.000000000 0.000000000 0.000116640 63.000000000 67.000000000 75.000000000 71.000000000
1750225614.000000000 31.277032885166662 120.906570750 1.596600000 4.000000000 0.000174240 0.000000000 0.000000000 0.000000000 0.000116640 63.000000000 67.000000000 75.000000000 71.000000000
1750225614.200000048 31.27703226366667 120.906570856 1.593300000 4.000000000 0.000176890 0.000000000 0.000000000 0.000000000 0.000116640 65.000000000 69.000000000 76.000000000 73.000000000
1750225614.400000095 31.277031584166664 120.906570873 1.567300000 4.000000000 0.000163840 0.000000000 0.000000000 0.000000000 0.000114490 65.000000000 69.000000000 76.000000000 73.000000000
1750225614.599999905 31.277030807333333 120.906570955 1.561600000 4.000000000 0.000166410 0.000000000 0.000000000 0.000000000 0.000114490 65.000000000 69.000000000 76.000000000 73.000000000
1750225614.799999952 31.277030231166663 120.906570981 1.549000000 4.000000000 0.000166410 0.000000000 0.000000000 0.000000000 0.000114490 65.000000000 69.000000000 76.000000000 73.000000000
1750225615.000000000 31.277029534000008 120.906571068 1.558100000 4.000000000 0.000166410 0.000000000 0.000000000 0.000000000 0.000114490 65.000000000 69.000000000 76.000000000 73.000000000
1750225615.200000048 31.277028913833334 120.906571172 1.563900000 4.000000000 0.000166410 0.000000000 0.000000000 0.000000000 0.000116640 62.000000000 64.000000000 73.000000000 66.000000000
1750225615.400000095 31.277028118666664 120.906571194 1.558600000 4.000000000 0.000161290 0.000000000 0.000000000 0.000000000 0.000114490 62.000000000 64.000000000 73.000000000 66.000000000
1750225615.599999905 31.27702739483334 120.906571256 1.566100000 4.000000000 0.000161290 0.000000000 0.000000000 0.000000000 0.000114490 62.000000000 64.000000000 73.000000000 66.000000000
1750225615.799999952 31.277026643 120.906571357 1.548400000 4.000000000 0.000161290 0.000000000 0.000000000 0.000000000 0.000114490 62.000000000 64.000000000 73.000000000 66.000000000
1750225616.000000000 31.277025860166674 120.906571400 1.560900000 4.000000000 0.000161290 0.000000000 0.000000000 0.000000000 0.000114490 62.000000000 64.000000000 73.000000000 66.000000000
1750225616.200000048 31.277025139166668 120.906571536 1.558100000 4.000000000 0.000161290 0.000000000 0.000000000 0.000000000 0.000114490 66.000000000 69.000000000 76.000000000 72.000000000
1750225616.400000095 31.277024358999995 120.906571811 1.558000000 4.000000000 0.000153760 0.000000000 0.000000000 0.000000000 0.000110250 66.000000000 69.000000000 76.000000000 72.000000000
1750225616.599999905 31.277023682000006 120.906572085 1.549100000 4.000000000 0.000156250 0.000000000 0.000000000 0.000000000 0.000110250 66.000000000 69.000000000 76.000000000 72.000000000
1750225616.799999952 31.27702293600001 120.906572219 1.564900000 4.000000000 0.000156250 0.000000000 0.000000000 0.000000000 0.000110250 66.000000000 69.000000000 76.000000000 72.000000000
1750225617.000000000 31.277022239666664 120.906572334 1.551000000 4.000000000 0.000156250 0.000000000 0.000000000 0.000000000 0.000110250 66.000000000 69.000000000 76.000000000 72.000000000
1750225617.200000048 31.277021608333328 120.906572147 1.550200000 4.000000000 0.000153760 1.000000000 0.000000000 0.000000000 0.000108160 80.000000000 76.000000000 76.000000000 72.000000000
1750225617.400000095 31.277020915833333 120.906572187 1.543200000 4.000000000 0.000134560 1.000000000 0.000000000 0.000000000 0.000094090 80.000000000 76.000000000 76.000000000 72.000000000
1750225617.599999905 31.277020374166668 120.906572152 1.527700000 4.000000000 0.000136890 1.000000000 0.000000000 0.000000000 0.000094090 80.000000000 76.000000000 76.000000000 72.000000000
1750225617.799999952 31.277019612000004 120.906572144 1.549100000 4.000000000 0.000139240 1.000000000 0.000000000 0.000000000 0.000098010 80.000000000 76.000000000 76.000000000 72.000000000
1750225618.000000000 31.27701878883333 120.906572009 1.563900000 4.000000000 0.000141610 1.000000000 0.000000000 0.000000000 0.000098010 80.000000000 76.000000000 76.000000000 72.000000000
1750225618.200000048 31.277018122166666 120.906571962 1.564300000 4.000000000 0.000141610 1.000000000 0.000000000 0.000000000 0.000098010 67.000000000 70.000000000 76.000000000 73.000000000
1750225618.400000095 31.277017446499997 120.906572113 1.525900000 4.000000000 0.000169000 1.000000000 0.000000000 0.000000000 0.000116640 67.000000000 70.000000000 76.000000000 73.000000000
1750225618.599999905 31.277016714833337 120.906572058 1.533500000 4.000000000 0.000171610 1.000000000 0.000000000 0.000000000 0.000116640 67.000000000 70.000000000 76.000000000 73.000000000
1750225618.799999952 31.27701598983333 120.906572035 1.532900000 4.000000000 0.000171610 1.000000000 0.000000000 0.000000000 0.000118810 67.000000000 70.000000000 76.000000000 73.000000000
1750225619.000000000 31.27701531016666 120.906572037 1.527200000 4.000000000 0.000171610 1.000000000 0.000000000 0.000000000 0.000116640 67.000000000 70.000000000 76.000000000 73.000000000
1750225619.200000048 31.277014633166658 120.906572226 1.534200000 4.000000000 0.000169000 1.000000000 0.000000000 0.000000000 0.000116640 62.000000000 68.500000000 76.000000000 75.000000000
1750225619.400000095 31.277013958666657 120.906572190 1.549500000 4.000000000 0.000184960 1.000000000 0.000000000 0.000000000 0.000125440 62.000000000 68.500000000 76.000000000 75.000000000
1750225619.599999905 31.277013269666668 120.906572219 1.543100000 4.000000000 0.000184960 1.000000000 0.000000000 0.000000000 0.000125440 62.000000000 68.500000000 76.000000000 75.000000000
1750225619.799999952 31.277012538999998 120.906572111 1.534000000 4.000000000 0.000184960 1.000000000 0.000000000 0.000000000 0.000125440 62.000000000 68.500000000 76.000000000 75.000000000
1750225620.000000000 31.277011893833333 120.906571957 1.523100000 4.000000000 0.000184960 1.000000000 0.000000000 0.000000000 0.000125440 62.000000000 68.500000000 76.000000000 75.000000000
1750225620.200000048 31.277011218333342 120.906571738 1.524500000 4.000000000 0.000184960 1.000000000 0.000000000 0.000000000 0.000125440 66.000000000 69.000000000 75.000000000 72.000000000
1750225620.400000095 31.2770105945 120.906571472 1.522300000 4.000000000 0.000179560 1.000000000 0.000000000 0.000000000 0.000121000 66.000000000 69.000000000 75.000000000 72.000000000
1750225620.599999905 31.277009931166674 120.906571423 1.510300000 4.000000000 0.000179560 1.000000000 0.000000000 0.000000000 0.000121000 66.000000000 69.000000000 75.000000000 72.000000000
1750225620.799999952 31.277009215333337 120.906571342 1.514300000 4.000000000 0.000179560 1.000000000 0.000000000 0.000000000 0.000121000 66.000000000 69.000000000 75.000000000 72.000000000
1750225621.000000000 31.277008566333336 120.906571239 1.497300000 4.000000000 0.000179560 1.000000000 0.000000000 0.000000000 0.000121000 66.000000000 69.000000000 75.000000000 72.000000000
1750225621.200000048 31.277007789500004 120.906571176 1.502900000 4.000000000 0.000176890 1.000000000 0.000000000 0.000000000 0.000121000 66.000000000 68.000000000 74.000000000 70.000000000
1750225621.400000095 31.277007009833326 120.906571193 1.523200000 4.000000000 0.000171610 1.000000000 0.000000000 0.000000000 0.000114490 66.000000000 68.000000000 74.000000000 70.000000000
1750225621.599999905 31.277006260000007 120.906571267 1.530700000 4.000000000 0.000171610 1.000000000 0.000000000 0.000000000 0.000114490 66.000000000 68.000000000 74.000000000 70.000000000
1750225621.799999952 31.277005598333332 120.906571295 1.530600000 4.000000000 0.000171610 1.000000000 0.000000000 0.000000000 0.000116640 66.000000000 68.000000000 74.000000000 70.000000000
1750225622.000000000 31.27700483816666 120.906571375 1.556900000 4.000000000 0.000171610 1.000000000 0.000000000 0.000000000 0.000116640 66.000000000 68.000000000 74.000000000 70.000000000
1750225622.200000048 31.277004065 120.906571447 1.550900000 4.000000000 0.000166410 1.000000000 0.000000000 0.000000000 0.000114490 66.000000000 68.000000000 74.000000000 70.000000000
1750225622.400000095 31.277003393666675 120.906571498 1.545700000 4.000000000 0.000169000 1.000000000 0.000000000 0.000000000 0.000114490 66.000000000 68.000000000 74.000000000 70.000000000
1750225622.599999905 31.2770027615 120.906571590 1.538200000 4.000000000 0.000139240 1.000000000 0.000000000 0.000000000 0.000098010 66.000000000 68.000000000 74.000000000 70.000000000
1750225622.799999952 31.277002073666665 120.906571787 1.561100000 4.000000000 0.000139240 1.000000000 0.000000000 0.000000000 0.000098010 66.000000000 68.000000000 74.000000000 70.000000000
1750225623.000000000 31.27700118716666 120.906572086 1.564700000 4.000000000 0.000141610 1.000000000 0.000000000 0.000000000 0.000098010 66.000000000 68.000000000 74.000000000 70.000000000
1750225623.200000048 31.277000463999997 120.906572322 1.566900000 4.000000000 0.000139240 1.000000000 0.000000000 0.000000000 0.000098010 66.000000000 69.000000000 75.000000000 72.000000000
1750225623.400000095 31.276999705999998 120.906572358 1.548100000 4.000000000 0.000156250 1.000000000 0.000000000 0.000000000 0.000108160 66.000000000 69.000000000 75.000000000 72.000000000
1750225623.599999905 31.27699894766667 120.906572242 1.547100000 4.000000000 0.000156250 1.000000000 0.000000000 0.000000000 0.000108160 66.000000000 69.000000000 75.000000000 72.000000000
1750225623.799999952 31.276998267500005 120.906572168 1.539900000 4.000000000 0.000156250 1.000000000 0.000000000 0.000000000 0.000108160 66.000000000 69.000000000 75.000000000 72.000000000
1750225624.000000000 31.276997642833336 120.906572111 1.523300000 4.000000000 0.000158760 1.000000000 0.000000000 0.000000000 0.000108160 66.000000000 69.000000000 75.000000000 72.000000000
1750225624.200000048 31.276997053000002 120.906571982 1.510100000 4.000000000 0.000158760 1.000000000 0.000000000 0.000000000 0.000108160 68.000000000 70.000000000 75.000000000 72.000000000
1750225624.400000095 31.276996412000003 120.906572083 1.524500000 4.000000000 0.000196000 1.000000000 0.000000000 0.000000000 0.000125440 68.000000000 70.000000000 75.000000000 72.000000000
1750225624.599999905 31.276995658999994 120.906572030 1.515200000 4.000000000 0.000198810 1.000000000 0.000000000 0.000000000 0.000123210 68.000000000 70.000000000 75.000000000 72.000000000
1750225624.799999952 31.27699499549999 120.906571751 1.511700000 4.000000000 0.000196000 1.000000000 0.000000000 0.000000000 0.000123210 68.000000000 70.000000000 75.000000000 72.000000000
1750225625.000000000 31.276994328833325 120.906571565 1.513800000 4.000000000 0.000193210 1.000000000 0.000000000 0.000000000 0.000123210 68.000000000 70.000000000 75.000000000 72.000000000
1750225625.200000048 31.276993517333338 120.906571362 1.503000000 4.000000000 0.000193210 1.000000000 0.000000000 0.000000000 0.000123210 66.000000000 69.000000000 75.000000000 72.000000000
1750225625.400000095 31.276992871666664 120.906571407 1.466900000 4.000000000 0.000161290 1.000000000 0.000000000 0.000000000 0.000112360 66.000000000 69.000000000 75.000000000 72.000000000
1750225625.599999905 31.276992076 120.906571317 1.465700000 4.000000000 0.000166410 1.000000000 0.000000000 0.000000000 0.000114490 66.000000000 69.000000000 75.000000000 72.000000000
1750225625.799999952 31.276991293500004 120.906571368 1.465800000 4.000000000 0.000163840 1.000000000 0.000000000 0.000000000 0.000112360 66.000000000 69.000000000 75.000000000 72.000000000
1750225626.000000000 31.276990651000006 120.906571338 1.461600000 4.000000000 0.000163840 1.000000000 0.000000000 0.000000000 0.000112360 66.000000000 69.000000000 75.000000000 72.000000000
1750225626.200000048 31.276989943666663 120.906571292 1.474500000 4.000000000 0.000158760 1.000000000 0.000000000 0.000000000 0.000112360 68.000000000 70.000000000 75.000000000 72.000000000
1750225626.400000095 31.276989350000008 120.906571396 1.445400000 4.000000000 0.000161290 1.000000000 0.000000000 0.000000000 0.000112360 68.000000000 70.000000000 75.000000000 72.000000000
1750225626.599999905 31.276988676166667 120.906571555 1.443200000 4.000000000 0.000161290 1.000000000 0.000000000 0.000000000 0.000112360 68.000000000 70.000000000 75.000000000 72.000000000
1750225626.799999952 31.276987889333327 120.906571463 1.455900000 4.000000000 0.000161290 1.000000000 0.000000000 0.000000000 0.000112360 68.000000000 70.000000000 75.000000000 72.000000000
1750225627.000000000 31.276987274333337 120.906571455 1.462500000 4.000000000 0.000158760 1.000000000 0.000000000 0.000000000 0.000112360 68.000000000 70.000000000 75.000000000 72.000000000
1750225627.200000048 31.276986627499994 120.906571679 1.457900000 4.000000000 0.000156250 1.000000000 0.000000000 0.000000000 0.000110250 75.000000000 75.000000000 76.000000000 75.000000000
1750225627.400000095 31.276985984166657 120.906571736 1.462500000 4.000000000 0.000156250 1.000000000 0.000000000 0.000000000 0.000110250 75.000000000 75.000000000 76.000000000 75.000000000
1750225627.599999905 31.276985354666664 120.906571821 1.479100000 4.000000000 0.000146410 1.000000000 0.000000000 0.000000000 0.000102010 75.000000000 75.000000000 76.000000000 75.000000000
1750225627.799999952 31.27698470850001 120.906571954 1.454600000 4.000000000 0.000146410 1.000000000 0.000000000 0.000000000 0.000102010 75.000000000 75.000000000 76.000000000 75.000000000
1750225628.000000000 31.276984106 120.906572115 1.439400000 4.000000000 0.000148840 1.000000000 0.000000000 0.000000000 0.000102010 75.000000000 75.000000000 76.000000000 75.000000000
1750225628.200000048 31.276983335166662 120.906572239 1.464800000 4.000000000 0.000146410 1.000000000 0.000000000 0.000000000 0.000102010 77.000000000 78.000000000 78.000000000 79.000000000
1750225628.400000095 31.276982697999998 120.906572422 1.456300000 4.000000000 0.000148840 1.000000000 0.000000000 0.000000000 0.000102010 77.000000000 78.000000000 78.000000000 79.000000000
1750225628.599999905 31.276981829166672 120.906572587 1.519800000 4.000000000 0.000121000 1.000000000 0.000000000 0.000000000 0.000088360 77.000000000 78.000000000 78.000000000 79.000000000
1750225628.799999952 31.276981253499997 120.906572676 1.525100000 4.000000000 0.000121000 1.000000000 0.000000000 0.000000000 0.000088360 77.000000000 78.000000000 78.000000000 79.000000000
1750225629.000000000 31.276980565166667 120.906572806 1.520300000 4.000000000 0.000121000 1.000000000 0.000000000 0.000000000 0.000088360 77.000000000 78.000000000 78.000000000 79.000000000
1750225629.200000048 31.276979908833326 120.906572720 1.519000000 4.000000000 0.000121000 1.000000000 0.000000000 0.000000000 0.000088360 75.000000000 78.000000000 79.000000000 81.000000000
1750225629.400000095 31.276979196 120.906572762 1.508600000 4.000000000 0.000116640 1.000000000 0.000000000 0.000000000 0.000084640 75.000000000 78.000000000 79.000000000 81.000000000
1750225629.599999905 31.27697851683334 120.906572889 1.526800000 4.000000000 0.000116640 1.000000000 0.000000000 0.000000000 0.000084640 75.000000000 78.000000000 79.000000000 81.000000000
1750225629.799999952 31.276977771666665 120.906572990 1.519200000 4.000000000 0.000116640 1.000000000 0.000000000 0.000000000 0.000084640 75.000000000 78.000000000 79.000000000 81.000000000
1750225630.000000000 31.276977066499995 120.906573006 1.517100000 4.000000000 0.000116640 1.000000000 0.000000000 0.000000000 0.000084640 75.000000000 78.000000000 79.000000000 81.000000000
1750225630.200000048 31.276976281000003 120.906572922 1.532000000 4.000000000 0.000116640 1.000000000 0.000000000 0.000000000 0.000084640 75.000000000 79.000000000 80.000000000 83.000000000
1750225630.400000095 31.276975564166662 120.906572808 1.535200000 4.000000000 0.000116640 1.000000000 0.000000000 0.000000000 0.000084640 75.000000000 79.000000000 80.000000000 83.000000000
1750225630.599999905 31.276974856833334 120.906572813 1.521900000 4.000000000 0.000112360 1.000000000 0.000000000 0.000000000 0.000086490 75.000000000 79.000000000 80.000000000 83.000000000
1750225630.799999952 31.276974184833335 120.906572861 1.519100000 4.000000000 0.000112360 1.000000000 0.000000000 0.000000000 0.000086490 75.000000000 79.000000000 80.000000000 83.000000000
1750225631.000000000 31.27697350433334 120.906573082 1.508800000 4.000000000 0.000112360 1.000000000 0.000000000 0.000000000 0.000086490 75.000000000 79.000000000 80.000000000 83.000000000
1750225631.200000048 31.27697295433333 120.906573297 1.514200000 4.000000000 0.000112360 1.000000000 0.000000000 0.000000000 0.000086490 81.000000000 81.000000000 79.000000000 81.000000000
1750225631.400000095 31.276972227166667 120.906573456 1.536500000 4.000000000 0.000112360 1.000000000 0.000000000 0.000000000 0.000086490 81.000000000 81.000000000 79.000000000 81.000000000
1750225631.599999905 31.276971519166665 120.906573210 1.571500000 4.000000000 0.000116640 1.000000000 0.000000000 0.000000000 0.000098010 81.000000000 81.000000000 79.000000000 81.000000000
1750225631.799999952 31.276970966333337 120.906573184 1.564500000 4.000000000 0.000116640 1.000000000 0.000000000 0.000000000 0.000096040 81.000000000 81.000000000 79.000000000 81.000000000
1750225632.000000000 31.276970378 120.906573381 1.572100000 4.000000000 0.000116640 1.000000000 0.000000000 0.000000000 0.000096040 81.000000000 81.000000000 79.000000000 81.000000000
1750225632.200000048 31.276969730666664 120.906573746 1.575500000 4.000000000 0.000116640 1.000000000 0.000000000 0.000000000 0.000096040 79.000000000 82.000000000 81.000000000 85.000000000
1750225632.400000095 31.276968966499993 120.906573910 1.591800000 4.000000000 0.000116640 1.000000000 0.000000000 0.000000000 0.000096040 79.000000000 82.000000000 81.000000000 85.000000000
1750225632.599999905 31.276968118333343 120.906573573 1.609500000 4.000000000 0.000108160 1.000000000 0.000000000 0.000000000 0.000079210 79.000000000 82.000000000 81.000000000 85.000000000
1750225632.799999952 31.276967399499995 120.906573350 1.596500000 4.000000000 0.000108160 1.000000000 0.000000000 0.000000000 0.000079210 79.000000000 82.000000000 81.000000000 85.000000000
1750225633.000000000 31.276966730166663 120.906573165 1.597100000 4.000000000 0.000110250 1.000000000 0.000000000 0.000000000 0.000079210 79.000000000 82.000000000 81.000000000 85.000000000
1750225633.200000048 31.276965998666668 120.906573102 1.593400000 4.000000000 0.000110250 1.000000000 0.000000000 0.000000000 0.000079210 85.000000000 85.000000000 81.000000000 85.000000000
1750225633.400000095 31.276965332833328 120.906573045 1.584800000 4.000000000 0.000110250 1.000000000 0.000000000 0.000000000 0.000079210 85.000000000 85.000000000 81.000000000 85.000000000
1750225633.599999905 31.276964610500002 120.906573044 1.564200000 4.000000000 0.000125440 1.000000000 0.000000000 0.000000000 0.000075690 85.000000000 85.000000000 81.000000000 85.000000000
1750225633.799999952 31.27696401833333 120.906573085 1.567000000 4.000000000 0.000125440 1.000000000 0.000000000 0.000000000 0.000075690 85.000000000 85.000000000 81.000000000 85.000000000
1750225634.000000000 31.276963272499998 120.906573074 1.578700000 4.000000000 0.000125440 1.000000000 0.000000000 0.000000000 0.000075690 85.000000000 85.000000000 81.000000000 85.000000000
1750225634.200000048 31.27696263850001 120.906572924 1.565800000 4.000000000 0.000125440 1.000000000 0.000000000 0.000000000 0.000075690 87.000000000 87.000000000 82.000000000 87.000000000
1750225634.400000095 31.276961931833327 120.906572995 1.575500000 4.000000000 0.000125440 1.000000000 0.000000000 0.000000000 0.000075690 87.000000000 87.000000000 82.000000000 87.000000000
1750225634.599999905 31.276961336499994 120.906573036 1.541000000 4.000000000 0.000108160 1.000000000 0.000000000 0.000000000 0.000073960 87.000000000 87.000000000 82.000000000 87.000000000
1750225634.799999952 31.276960690500005 120.906573045 1.553900000 4.000000000 0.000108160 1.000000000 0.000000000 0.000000000 0.000073960 87.000000000 87.000000000 82.000000000 87.000000000
1750225635.000000000 31.276960017166672 120.906573080 1.556300000 4.000000000 0.000108160 1.000000000 0.000000000 0.000000000 0.000073960 87.000000000 87.000000000 82.000000000 87.000000000
1750225635.200000048 31.276959400833334 120.906573382 1.542600000 4.000000000 0.000108160 1.000000000 0.000000000 0.000000000 0.000073960 85.000000000 85.000000000 81.000000000 85.000000000
1750225635.400000095 31.276958709 120.906573421 1.549700000 4.000000000 0.000108160 1.000000000 0.000000000 0.000000000 0.000073960 85.000000000 85.000000000 81.000000000 85.000000000
1750225635.599999905 31.276957996666667 120.906573464 1.526700000 4.000000000 0.000100000 1.000000000 0.000000000 0.000000000 0.000072250 85.000000000 85.000000000 81.000000000 85.000000000
1750225635.799999952 31.276957269666667 120.906573426 1.560000000 4.000000000 0.000100000 1.000000000 0.000000000 0.000000000 0.000072250 85.000000000 85.000000000 81.000000000 85.000000000
1750225636.000000000 31.276956559666672 120.906573505 1.562900000 4.000000000 0.000100000 1.000000000 0.000000000 0.000000000 0.000072250 85.000000000 85.000000000 81.000000000 85.000000000
1750225636.200000048 31.27695581483333 120.906573562 1.572400000 4.000000000 0.000100000 1.000000000 0.000000000 0.000000000 0.000072250 87.000000000 85.000000000 80.000000000 83.000000000
1750225636.400000095 31.276955146666666 120.906573624 1.556000000 4.000000000 0.000100000 1.000000000 0.000000000 0.000000000 0.000072250 87.000000000 85.000000000 80.000000000 83.000000000
1750225636.599999905 31.276954515166665 120.906573529 1.569000000 4.000000000 0.000100000 1.000000000 0.000000000 0.000000000 0.000072250 87.000000000 85.000000000 80.000000000 83.000000000
1750225636.799999952 31.276953888166673 120.906573667 1.564000000 4.000000000 0.000102010 1.000000000 0.000000000 0.000000000 0.000072250 87.000000000 85.000000000 80.000000000 83.000000000
1750225637.000000000 31.276953130500004 120.906573810 1.575700000 4.000000000 0.000102010 1.000000000 0.000000000 0.000000000 0.000072250 87.000000000 85.000000000 80.000000000 83.000000000
1750225637.200000048 31.276952484666666 120.906573808 1.578000000 4.000000000 0.000102010 1.000000000 0.000000000 0.000000000 0.000072250 83.000000000 83.000000000 80.000000000 83.000000000
1750225637.400000095 31.27695181866666 120.906573856 1.571500000 4.000000000 0.000102010 1.000000000 0.000000000 0.000000000 0.000072250 83.000000000 83.000000000 80.000000000 83.000000000
1750225637.599999905 31.276951166833328 120.906574117 1.568800000 4.000000000 0.000110250 1.000000000 0.000000000 0.000000000 0.000077440 83.000000000 83.000000000 80.000000000 83.000000000
1750225637.799999952 31.276950426666673 120.906574355 1.579300000 4.000000000 0.000112360 1.000000000 0.000000000 0.000000000 0.000077440 83.000000000 83.000000000 80.000000000 83.000000000
1750225638.000000000 31.276949679333327 120.906574597 1.588900000 4.000000000 0.000112360 1.000000000 0.000000000 0.000000000 0.000079210 83.000000000 83.000000000 80.000000000 83.000000000
1750225638.200000048 31.276948939500002 120.906574574 1.594100000 4.000000000 0.000110250 1.000000000 0.000000000 0.000000000 0.000077440 81.000000000 80.000000000 79.000000000 79.000000000
1750225638.400000095 31.276948301333334 120.906574367 1.570100000 4.000000000 0.000110250 1.000000000 0.000000000 0.000000000 0.000077440 81.000000000 80.000000000 79.000000000 79.000000000
1750225638.599999905 31.276947561166665 120.906574271 1.580500000 4.000000000 0.000116640 1.000000000 0.000000000 0.000000000 0.000079210 81.000000000 80.000000000 79.000000000 79.000000000
1750225638.799999952 31.2769469605 120.906574277 1.587300000 4.000000000 0.000116640 1.000000000 0.000000000 0.000000000 0.000079210 81.000000000 80.000000000 79.000000000 79.000000000
1750225639.000000000 31.276946295166667 120.906574300 1.587400000 4.000000000 0.000118810 1.000000000 0.000000000 0.000000000 0.000079210 81.000000000 80.000000000 79.000000000 79.000000000
1750225639.200000048 31.276945541000003 120.906574255 1.590700000 4.000000000 0.000116640 1.000000000 0.000000000 0.000000000 0.000079210 79.000000000 79.000000000 79.000000000 79.000000000
1750225639.400000095 31.27694493866666 120.906574309 1.583100000 4.000000000 0.000116640 1.000000000 0.000000000 0.000000000 0.000079210 79.000000000 79.000000000 79.000000000 79.000000000
1750225639.599999905 31.276944145666675 120.906574352 1.562300000 4.000000000 0.000118810 1.000000000 0.000000000 0.000000000 0.000082810 79.000000000 79.000000000 79.000000000 79.000000000
1750225639.799999952 31.276943496 120.906574346 1.556200000 4.000000000 0.000118810 1.000000000 0.000000000 0.000000000 0.000084640 79.000000000 79.000000000 79.000000000 79.000000000
1750225640.000000000 31.2769427235 120.906574229 1.552200000 4.000000000 0.000121000 1.000000000 0.000000000 0.000000000 0.000084640 79.000000000 79.000000000 79.000000000 79.000000000
1750225640.200000048 31.276942046166667 120.906574207 1.547800000 4.000000000 0.000118810 1.000000000 0.000000000 0.000000000 0.000082810 75.000000000 76.000000000 78.000000000 77.000000000
1750225640.400000095 31.276941338 120.906574190 1.555300000 4.000000000 0.000118810 1.000000000 0.000000000 0.000000000 0.000084640 75.000000000 76.000000000 78.000000000 77.000000000
1750225640.599999905 31.276940581333335 120.906574201 1.572000000 4.000000000 0.000110250 1.000000000 0.000000000 0.000000000 0.000084640 75.000000000 76.000000000 78.000000000 77.000000000
1750225640.799999952 31.27693998233333 120.906574308 1.562000000 4.000000000 0.000110250 1.000000000 0.000000000 0.000000000 0.000086490 75.000000000 76.000000000 78.000000000 77.000000000
1750225641.000000000 31.276939382500004 120.906574451 1.553200000 4.000000000 0.000110250 1.000000000 0.000000000 0.000000000 0.000086490 75.000000000 76.000000000 78.000000000 77.000000000
1750225641.200000048 31.276938772833333 120.906574686 1.553800000 4.000000000 0.000112360 1.000000000 0.000000000 0.000000000 0.000086490 77.000000000 77.000000000 77.000000000 77.000000000
1750225641.400000095 31.27693822366666 120.906574850 1.549500000 4.000000000 0.000114490 1.000000000 0.000000000 0.000000000 0.000086490 77.000000000 77.000000000 77.000000000 77.000000000
1750225641.599999905 31.276937515 120.906575124 1.575300000 4.000000000 0.000112360 1.000000000 0.000000000 0.000000000 0.000090250 77.000000000 77.000000000 77.000000000 77.000000000
1750225641.799999952 31.2769369735 120.906575206 1.593900000 4.000000000 0.000112360 1.000000000 0.000000000 0.000000000 0.000090250 77.000000000 77.000000000 77.000000000 77.000000000
1750225642.000000000 31.27693672833334 120.906575027 1.608700000 4.000000000 0.000112360 1.000000000 0.000000000 0.000000000 0.000090250 77.000000000 77.000000000 77.000000000 77.000000000
1750225642.200000048 31.27693664666667 120.906574973 1.608800000 4.000000000 0.000112360 1.000000000 0.000000000 0.000000000 0.000092160 71.000000000 72.000000000 76.000000000 73.000000000
1750225642.400000095 31.27693638383333 120.906574987 1.606800000 4.000000000 0.000112360 1.000000000 0.000000000 0.000000000 0.000092160 71.000000000 72.000000000 76.000000000 73.000000000
1750225642.599999905 31.27693584166667 120.906575198 1.607700000 4.000000000 0.000136890 1.000000000 0.000000000 0.000000000 0.000104040 71.000000000 72.000000000 76.000000000 73.000000000
1750225642.799999952 31.276935468333335 120.906575674 1.628200000 4.000000000 0.000136890 1.000000000 0.000000000 0.000000000 0.000106090 71.000000000 72.000000000 76.000000000 73.000000000
1750225643.000000000 31.276935264333332 120.906576432 1.629700000 4.000000000 0.000144000 1.000000000 0.000000000 0.000000000 0.000106090 71.000000000 72.000000000 76.000000000 73.000000000
1750225643.200000048 31.27693508466666 120.906577111 1.668700000 4.000000000 0.000139240 0.000000000 0.000000000 0.000000000 0.000104040 60.000000000 62.000000000 71.000000000 64.000000000
1750225643.400000095 31.2769350115 120.906578093 1.660800000 4.000000000 0.000204490 0.000000000 0.000000000 0.000000000 0.000121000 60.000000000 62.000000000 71.000000000 64.000000000
1750225643.599999905 31.27693489966667 120.906579010 1.639500000 4.000000000 0.000201640 0.000000000 0.000000000 0.000000000 0.000123210 60.000000000 62.000000000 71.000000000 64.000000000
1750225643.799999952 31.276934714333336 120.906579743 1.650600000 4.000000000 0.000201640 0.000000000 0.000000000 0.000000000 0.000123210 60.000000000 62.000000000 71.000000000 64.000000000
1750225644.000000000 31.276934453833334 120.906580650 1.668400000 4.000000000 0.000204490 0.000000000 0.000000000 0.000000000 0.000123210 60.000000000 62.000000000 71.000000000 64.000000000
1750225644.200000048 31.27693414966666 120.906581462 1.683200000 4.000000000 0.000193210 0.000000000 0.000000000 0.000000000 0.000121000 72.000000000 68.000000000 71.000000000 64.000000000
1750225644.400000095 31.276933852666673 120.906582119 1.731100000 4.000000000 0.000196000 0.000000000 0.000000000 0.000000000 0.000121000 72.000000000 68.000000000 71.000000000 64.000000000
1750225644.599999905 31.276933724499997 120.906582904 1.705100000 4.000000000 0.000148840 0.000000000 0.000000000 0.000000000 0.000112360 72.000000000 68.000000000 71.000000000 64.000000000
1750225644.799999952 31.276933213666666 120.906583463 1.747600000 4.000000000 0.000151290 0.000000000 0.000000000 0.000000000 0.000114490 72.000000000 68.000000000 71.000000000 64.000000000
1750225645.000000000 31.276932721666668 120.906584139 1.768700000 4.000000000 0.000156250 0.000000000 0.000000000 0.000000000 0.000116640 72.000000000 68.000000000 71.000000000 64.000000000
1750225645.200000048 31.276932439333336 120.906584760 1.760700000 4.000000000 0.000148840 0.000000000 0.000000000 0.000000000 0.000110250 68.000000000 65.000000000 70.000000000 62.000000000
1750225645.400000095 31.276931952166663 120.906585188 1.779800000 4.000000000 0.000148840 0.000000000 0.000000000 0.000000000 0.000112360 68.000000000 65.000000000 70.000000000 62.000000000
1750225645.599999905 31.276931564999998 120.906585843 1.762200000 4.000000000 0.000144000 0.000000000 0.000000000 0.000000000 0.000110250 68.000000000 65.000000000 70.000000000 62.000000000
1750225645.799999952 31.276931250000004 120.906586286 1.753800000 4.000000000 0.000146410 0.000000000 0.000000000 0.000000000 0.000110250 68.000000000 65.000000000 70.000000000 62.000000000
1750225646.000000000 31.27693084916666 120.906587007 1.768200000 4.000000000 0.000146410 0.000000000 0.000000000 0.000000000 0.000110250 68.000000000 65.000000000 70.000000000 62.000000000
1750225646.200000048 31.27693051983333 120.906587705 1.771100000 4.000000000 0.000146410 0.000000000 0.000000000 0.000000000 0.000110250 64.000000000 66.000000000 73.000000000 68.000000000
1750225646.400000095 31.276930035999996 120.906588337 1.755400000 4.000000000 0.000174240 0.000000000 0.000000000 0.000000000 0.000139240 64.000000000 66.000000000 73.000000000 68.000000000
1750225646.599999905 31.27692970216667 120.906589408 1.734400000 4.000000000 0.000174240 0.000000000 0.000000000 0.000000000 0.000141610 64.000000000 66.000000000 73.000000000 68.000000000
1750225646.799999952 31.2769295115 120.906590328 1.739800000 4.000000000 0.000176890 0.000000000 0.000000000 0.000000000 0.000141610 64.000000000 66.000000000 73.000000000 68.000000000
1750225647.000000000 31.27692888283333 120.906591174 1.739000000 4.000000000 0.000179560 0.000000000 0.000000000 0.000000000 0.000144000 64.000000000 66.000000000 73.000000000 68.000000000
1750225647.200000048 31.276928344166663 120.906591886 1.764700000 4.000000000 0.000169000 0.000000000 0.000000000 0.000000000 0.000134560 58.000000000 59.000000000 69.000000000 60.000000000
1750225647.400000095 31.276927629833338 120.906592070 1.780100000 4.000000000 0.000190440 0.000000000 0.000000000 0.000000000 0.000171610 58.000000000 59.000000000 69.000000000 60.000000000
1750225647.599999905 31.27692707033333 120.906592483 1.795200000 4.000000000 0.000190440 0.000000000 0.000000000 0.000000000 0.000171610 58.000000000 59.000000000 69.000000000 60.000000000
1750225647.799999952 31.27692668116667 120.906592856 1.789500000 4.000000000 0.000190440 0.000000000 0.000000000 0.000000000 0.000171610 58.000000000 59.000000000 69.000000000 60.000000000
1750225648.000000000 31.276926182500006 120.906593337 1.797100000 4.000000000 0.000190440 0.000000000 0.000000000 0.000000000 0.000171610 58.000000000 59.000000000 69.000000000 60.000000000
1750225648.200000048 31.276925631499992 120.906593689 1.800800000 4.000000000 0.000190440 0.000000000 0.000000000 0.000000000 0.000171610 64.000000000 68.000000000 75.000000000 72.000000000
1750225648.400000095 31.276925310333326 120.906594166 1.781700000 4.000000000 0.000198810 0.000000000 0.000000000 0.000000000 0.000171610 64.000000000 68.000000000 75.000000000 72.000000000
1750225648.599999905 31.276924654666658 120.906594268 1.790400000 4.000000000 0.000198810 0.000000000 0.000000000 0.000000000 0.000171610 64.000000000 68.000000000 75.000000000 72.000000000
1750225648.799999952 31.276924499333333 120.906594310 1.782700000 4.000000000 0.000198810 0.000000000 0.000000000 0.000000000 0.000171610 64.000000000 68.000000000 75.000000000 72.000000000
1750225649.000000000 31.27692456766667 120.906594304 1.785400000 4.000000000 0.000198810 0.000000000 0.000000000 0.000000000 0.000174240 64.000000000 68.000000000 75.000000000 72.000000000
1750225649.200000048 31.276924575500004 120.906594318 1.786000000 4.000000000 0.000198810 0.000000000 0.000000000 0.000000000 0.000171610 62.000000000 68.500000000 76.000000000 75.000000000
1750225649.400000095 31.27692454566666 120.906594292 1.785300000 4.000000000 0.000166410 0.000000000 0.000000000 0.000000000 0.000148840 62.000000000 68.500000000 76.000000000 75.000000000
1750225649.599999905 31.276924632666663 120.906594138 1.786900000 4.000000000 0.000166410 0.000000000 0.000000000 0.000000000 0.000148840 62.000000000 68.500000000 76.000000000 75.000000000
1750225649.799999952 31.276924695999995 120.906593973 1.791500000 4.000000000 0.000166410 0.000000000 0.000000000 0.000000000 0.000148840 62.000000000 68.500000000 76.000000000 75.000000000
1750225650.000000000 31.276924771499992 120.906593825 1.796300000 4.000000000 0.000166410 0.000000000 0.000000000 0.000000000 0.000148840 62.000000000 68.500000000 76.000000000 75.000000000
1750225650.200000048 31.276924729166666 120.906593681 1.792400000 4.000000000 0.000166410 0.000000000 0.000000000 0.000000000 0.000146410 70.000000000 74.500000000 78.000000000 79.000000000
1750225650.400000095 31.2769243515 120.906593279 1.808300000 4.000000000 0.000166410 0.000000000 0.000000000 0.000000000 0.000148840 70.000000000 74.500000000 78.000000000 79.000000000
1750225650.599999905 31.276923597666666 120.906593321 1.826300000 4.000000000 0.000123210 0.000000000 0.000000000 0.000000000 0.000112360 70.000000000 74.500000000 78.000000000 79.000000000
1750225650.799999952 31.276922795000004 120.906593505 1.849600000 4.000000000 0.000123210 0.000000000 0.000000000 0.000000000 0.000112360 70.000000000 74.500000000 78.000000000 79.000000000
1750225651.000000000 31.276921924333337 120.906593771 1.856500000 4.000000000 0.000123210 0.000000000 0.000000000 0.000000000 0.000112360 70.000000000 74.500000000 78.000000000 79.000000000
1750225651.200000048 31.276921189666666 120.906593953 1.850200000 4.000000000 0.000121000 0.000000000 0.000000000 0.000000000 0.000112360 72.000000000 75.500000000 78.000000000 79.000000000
1750225651.400000095 31.276920389833336 120.906594175 1.836100000 4.000000000 0.000121000 0.000000000 0.000000000 0.000000000 0.000112360 72.000000000 75.500000000 78.000000000 79.000000000
1750225651.599999905 31.27691974966666 120.906594587 1.810300000 4.000000000 0.000096040 0.000000000 0.000000000 0.000000000 0.000088360 72.000000000 75.500000000 78.000000000 79.000000000
1750225651.799999952 31.276918931833336 120.906594893 1.802400000 4.000000000 0.000096040 0.000000000 0.000000000 0.000000000 0.000088360 72.000000000 75.500000000 78.000000000 79.000000000
1750225652.000000000 31.276918088833327 120.906594817 1.802600000 4.000000000 0.000096040 0.000000000 0.000000000 0.000000000 0.000088360 72.000000000 75.500000000 78.000000000 79.000000000
1750225652.200000048 31.276917213333334 120.906594824 1.790600000 4.000000000 0.000096040 1.000000000 0.000000000 0.000000000 0.000088360 85.000000000 84.000000000 80.000000000 83.000000000
1750225652.400000095 31.276916461166664 120.906594615 1.786700000 4.000000000 0.000096040 1.000000000 0.000000000 0.000000000 0.000088360 85.000000000 84.000000000 80.000000000 83.000000000
1750225652.599999905 31.276915716666664 120.906594344 1.782200000 4.000000000 0.000088360 1.000000000 0.000000000 0.000000000 0.000079210 85.000000000 84.000000000 80.000000000 83.000000000
1750225652.799999952 31.276915091000006 120.906594069 1.788800000 4.000000000 0.000088360 1.000000000 0.000000000 0.000000000 0.000081000 85.000000000 84.000000000 80.000000000 83.000000000
1750225653.000000000 31.276914412833335 120.906593675 1.802400000 4.000000000 0.000088360 1.000000000 0.000000000 0.000000000 0.000081000 85.000000000 84.000000000 80.000000000 83.000000000
1750225653.200000048 31.276913727000007 120.906593138 1.808500000 4.000000000 0.000088360 1.000000000 0.000000000 0.000000000 0.000081000 85.000000000 86.000000000 82.000000000 87.000000000
1750225653.400000095 31.276913091833336 120.906592564 1.811000000 4.000000000 0.000088360 1.000000000 0.000000000 0.000000000 0.000081000 85.000000000 86.000000000 82.000000000 87.000000000
1750225653.599999905 31.276912442333327 120.906592018 1.819600000 4.000000000 0.000084640 1.000000000 0.000000000 0.000000000 0.000077440 85.000000000 86.000000000 82.000000000 87.000000000
1750225653.799999952 31.276911806 120.906591417 1.819200000 4.000000000 0.000084640 1.000000000 0.000000000 0.000000000 0.000077440 85.000000000 86.000000000 82.000000000 87.000000000
1750225654.000000000 31.276910995999998 120.906590743 1.814300000 4.000000000 0.000084640 1.000000000 0.000000000 0.000000000 0.000077440 85.000000000 86.000000000 82.000000000 87.000000000
1750225654.200000048 31.27691035800001 120.906590262 1.781300000 4.000000000 0.000084640 1.000000000 0.000000000 0.000000000 0.000077440 81.000000000 82.000000000 80.000000000 83.000000000
1750225654.400000095 31.27690963416667 120.906589381 1.763000000 4.000000000 0.000084640 1.000000000 0.000000000 0.000000000 0.000077440 81.000000000 82.000000000 80.000000000 83.000000000
1750225654.599999905 31.276909143833336 120.906588634 1.739900000 4.000000000 0.000086490 1.000000000 0.000000000 0.000000000 0.000081000 81.000000000 82.000000000 80.000000000 83.000000000
1750225654.799999952 31.276908781666663 120.906587761 1.746400000 4.000000000 0.000086490 1.000000000 0.000000000 0.000000000 0.000081000 81.000000000 82.000000000 80.000000000 83.000000000
1750225655.000000000 31.276908431333325 120.906586887 1.744400000 4.000000000 0.000086490 1.000000000 0.000000000 0.000000000 0.000081000 81.000000000 82.000000000 80.000000000 83.000000000
1750225655.200000048 31.27690813833334 120.906586031 1.726200000 4.000000000 0.000086490 1.000000000 0.000000000 0.000000000 0.000079210 85.000000000 84.000000000 80.000000000 83.000000000
1750225655.400000095 31.27690800816667 120.906585132 1.709000000 4.000000000 0.000086490 1.000000000 0.000000000 0.000000000 0.000079210 85.000000000 84.000000000 80.000000000 83.000000000
1750225655.599999905 31.27690792183334 120.906584229 1.708300000 4.000000000 0.000086490 1.000000000 0.000000000 0.000000000 0.000090250 85.000000000 84.000000000 80.000000000 83.000000000
1750225655.799999952 31.27690794633334 120.906583413 1.703600000 4.000000000 0.000086490 1.000000000 0.000000000 0.000000000 0.000090250 85.000000000 84.000000000 80.000000000 83.000000000
1750225656.000000000 31.276907921666663 120.906582638 1.699800000 4.000000000 0.000086490 1.000000000 0.000000000 0.000000000 0.000090250 85.000000000 84.000000000 80.000000000 83.000000000
1750225656.200000048 31.276907871666666 120.906581879 1.698400000 4.000000000 0.000086490 1.000000000 0.000000000 0.000000000 0.000090250 85.000000000 85.000000000 81.000000000 85.000000000
1750225656.400000095 31.276908016333323 120.906580965 1.699500000 4.000000000 0.000086490 1.000000000 0.000000000 0.000000000 0.000090250 85.000000000 85.000000000 81.000000000 85.000000000
1750225656.599999905 31.276908272166665 120.906579904 1.704600000 4.000000000 0.000077440 1.000000000 0.000000000 0.000000000 0.000077440 85.000000000 85.000000000 81.000000000 85.000000000
1750225656.799999952 31.276908554000002 120.906579341 1.704700000 4.000000000 0.000077440 1.000000000 0.000000000 0.000000000 0.000077440 85.000000000 85.000000000 81.000000000 85.000000000
1750225657.000000000 31.27690881816666 120.906579109 1.697800000 4.000000000 0.000077440 1.000000000 0.000000000 0.000000000 0.000079210 85.000000000 85.000000000 81.000000000 85.000000000
1750225657.200000048 31.276909023 120.906578828 1.715800000 4.000000000 0.000077440 1.000000000 0.000000000 0.000000000 0.000077440 85.000000000 83.000000000 79.000000000 81.000000000
1750225657.400000095 31.276909214499995 120.906578613 1.721300000 4.000000000 0.000077440 1.000000000 0.000000000 0.000000000 0.000077440 85.000000000 83.000000000 79.000000000 81.000000000
1750225657.599999905 31.27690922966667 120.906578286 1.731000000 4.000000000 0.000075690 1.000000000 0.000000000 0.000000000 0.000072250 85.000000000 83.000000000 79.000000000 81.000000000
1750225657.799999952 31.276909218666674 120.906577705 1.734500000 4.000000000 0.000077440 1.000000000 0.000000000 0.000000000 0.000072250 85.000000000 83.000000000 79.000000000 81.000000000
1750225658.000000000 31.276909337666666 120.906576723 1.684400000 4.000000000 0.000077440 1.000000000 0.000000000 0.000000000 0.000073960 85.000000000 83.000000000 79.000000000 81.000000000
1750225658.200000048 31.276909250000003 120.906575825 1.638800000 4.000000000 0.000077440 1.000000000 0.000000000 0.000000000 0.000073960 81.000000000 82.000000000 80.000000000 83.000000000
1750225658.400000095 31.27690918633334 120.906575215 1.644000000 4.000000000 0.000077440 1.000000000 0.000000000 0.000000000 0.000073960 81.000000000 82.000000000 80.000000000 83.000000000
1750225658.599999905 31.27690933933333 120.906574719 1.616400000 4.000000000 0.000102010 1.000000000 0.000000000 0.000000000 0.000092160 81.000000000 82.000000000 80.000000000 83.000000000
1750225658.799999952 31.276909304166665 120.906574315 1.618200000 4.000000000 0.000102010 1.000000000 0.000000000 0.000000000 0.000092160 81.000000000 82.000000000 80.000000000 83.000000000
1750225659.000000000 31.276909048999997 120.906573973 1.613000000 4.000000000 0.000102010 1.000000000 0.000000000 0.000000000 0.000094090 81.000000000 82.000000000 80.000000000 83.000000000
1750225659.200000048 31.27690846433333 120.906573557 1.603200000 4.000000000 0.000102010 1.000000000 0.000000000 0.000000000 0.000092160 79.000000000 79.000000000 78.000000000 79.000000000
1750225659.400000095 31.2769077225 120.906573441 1.590700000 4.000000000 0.000104040 1.000000000 0.000000000 0.000000000 0.000094090 79.000000000 79.000000000 78.000000000 79.000000000
1750225659.599999905 31.27690720616667 120.906573585 1.580700000 4.000000000 0.000094090 1.000000000 0.000000000 0.000000000 0.000082810 79.000000000 79.000000000 78.000000000 79.000000000
1750225659.799999952 31.276906679666666 120.906574014 1.583400000 4.000000000 0.000094090 1.000000000 0.000000000 0.000000000 0.000082810 79.000000000 79.000000000 78.000000000 79.000000000
1750225660.000000000 31.27690605633333 120.906574520 1.590900000 4.000000000 0.000094090 1.000000000 0.000000000 0.000000000 0.000084640 79.000000000 79.000000000 78.000000000 79.000000000
1750225660.200000048 31.276905504833337 120.906574989 1.583400000 4.000000000 0.000094090 1.000000000 0.000000000 0.000000000 0.000084640 76.000000000 79.000000000 79.000000000 82.000000000
1750225660.400000095 31.27690475916667 120.906575511 1.582800000 4.000000000 0.000094090 1.000000000 0.000000000 0.000000000 0.000084640 76.000000000 79.000000000 79.000000000 82.000000000
1750225660.599999905 31.276903826999998 120.906575781 1.571500000 4.000000000 0.000112360 1.000000000 0.000000000 0.000000000 0.000104040 76.000000000 79.000000000 79.000000000 82.000000000
1750225660.799999952 31.276903106999995 120.906575656 1.555200000 4.000000000 0.000112360 1.000000000 0.000000000 0.000000000 0.000104040 76.000000000 79.000000000 79.000000000 82.000000000
1750225661.000000000 31.276902444166666 120.906575589 1.557900000 4.000000000 0.000112360 1.000000000 0.000000000 0.000000000 0.000104040 76.000000000 79.000000000 79.000000000 82.000000000
1750225661.200000048 31.27690172066667 120.906575550 1.541500000 4.000000000 0.000112360 1.000000000 0.000000000 0.000000000 0.000102010 72.000000000 77.000000000 79.000000000 82.000000000
1750225661.400000095 31.276901087499994 120.906575704 1.547400000 4.000000000 0.000118810 1.000000000 0.000000000 0.000000000 0.000110250 72.000000000 77.000000000 79.000000000 82.000000000
1750225661.599999905 31.27690038483334 120.906575766 1.552100000 4.000000000 0.000118810 1.000000000 0.000000000 0.000000000 0.000110250 72.000000000 77.000000000 79.000000000 82.000000000
1750225661.799999952 31.27689972633334 120.906575643 1.543500000 4.000000000 0.000118810 1.000000000 0.000000000 0.000000000 0.000110250 72.000000000 77.000000000 79.000000000 82.000000000
1750225662.000000000 31.276898944833334 120.906575352 1.555400000 4.000000000 0.000118810 1.000000000 0.000000000 0.000000000 0.000110250 72.000000000 77.000000000 79.000000000 82.000000000
1750225662.200000048 31.27689837966666 120.906575199 1.536900000 4.000000000 0.000118810 1.000000000 0.000000000 0.000000000 0.000110250 70.000000000 77.500000000 81.000000000 85.000000000
1750225662.400000095 31.27689761933334 120.906574921 1.538700000 4.000000000 0.000125440 1.000000000 0.000000000 0.000000000 0.000108160 70.000000000 77.500000000 81.000000000 85.000000000
1750225662.599999905 31.276896883999996 120.906574677 1.547400000 4.000000000 0.000125440 1.000000000 0.000000000 0.000000000 0.000108160 70.000000000 77.500000000 81.000000000 85.000000000
1750225662.799999952 31.276896155666662 120.906574493 1.542500000 4.000000000 0.000125440 1.000000000 0.000000000 0.000000000 0.000108160 70.000000000 77.500000000 81.000000000 85.000000000
1750225663.000000000 31.27689546816667 120.906574438 1.539900000 4.000000000 0.000125440 1.000000000 0.000000000 0.000000000 0.000108160 70.000000000 77.500000000 81.000000000 85.000000000
1750225663.200000048 31.276894843666668 120.906574321 1.540200000 4.000000000 0.000125440 1.000000000 0.000000000 0.000000000 0.000108160 76.000000000 80.500000000 81.000000000 85.000000000
1750225663.400000095 31.27689412666666 120.906574236 1.535700000 4.000000000 0.000136890 1.000000000 0.000000000 0.000000000 0.000108160 76.000000000 80.500000000 81.000000000 85.000000000
1750225663.599999905 31.276893466333334 120.906574069 1.540900000 4.000000000 0.000136890 1.000000000 0.000000000 0.000000000 0.000108160 76.000000000 80.500000000 81.000000000 85.000000000
1750225663.799999952 31.276892766333333 120.906573966 1.518800000 4.000000000 0.000136890 1.000000000 0.000000000 0.000000000 0.000108160 76.000000000 80.500000000 81.000000000 85.000000000
1750225664.000000000 31.276892082833342 120.906573919 1.517000000 4.000000000 0.000136890 1.000000000 0.000000000 0.000000000 0.000108160 76.000000000 80.500000000 81.000000000 85.000000000
1750225664.200000048 31.2768914025 120.906573881 1.523400000 4.000000000 0.000136890 1.000000000 0.000000000 0.000000000 0.000108160 74.000000000 78.000000000 79.000000000 82.000000000
1750225664.400000095 31.276890681500007 120.906573711 1.525800000 4.000000000 0.000136890 1.000000000 0.000000000 0.000000000 0.000108160 74.000000000 78.000000000 79.000000000 82.000000000
1750225664.599999905 31.276889980000007 120.906573717 1.541900000 4.000000000 0.000106090 1.000000000 0.000000000 0.000000000 0.000090250 74.000000000 78.000000000 79.000000000 82.000000000
1750225664.799999952 31.276889406833334 120.906573730 1.538500000 4.000000000 0.000106090 1.000000000 0.000000000 0.000000000 0.000090250 74.000000000 78.000000000 79.000000000 82.000000000
1750225665.000000000 31.27688878283334 120.906573672 1.525100000 4.000000000 0.000106090 1.000000000 0.000000000 0.000000000 0.000090250 74.000000000 78.000000000 79.000000000 82.000000000
1750225665.200000048 31.27688816283333 120.906573796 1.523500000 4.000000000 0.000106090 1.000000000 0.000000000 0.000000000 0.000090250 74.000000000 78.000000000 79.000000000 82.000000000
1750225665.400000095 31.276887443666666 120.906573812 1.524200000 4.000000000 0.000106090 1.000000000 0.000000000 0.000000000 0.000090250 74.000000000 78.000000000 79.000000000 82.000000000
1750225665.599999905 31.276886768833336 120.906573772 1.552000000 4.000000000 0.000106090 1.000000000 0.000000000 0.000000000 0.000082810 74.000000000 78.000000000 79.000000000 82.000000000
1750225665.799999952 31.276886001666668 120.906573662 1.550900000 4.000000000 0.000106090 1.000000000 0.000000000 0.000000000 0.000082810 74.000000000 78.000000000 79.000000000 82.000000000
1750225666.000000000 31.276885375666666 120.906573597 1.558100000 4.000000000 0.000106090 1.000000000 0.000000000 0.000000000 0.000082810 74.000000000 78.000000000 79.000000000 82.000000000
1750225666.200000048 31.276884737000003 120.906573677 1.549800000 4.000000000 0.000106090 1.000000000 0.000000000 0.000000000 0.000082810 76.000000000 79.000000000 79.000000000 82.000000000
1750225666.400000095 31.27688406 120.906573756 1.556300000 4.000000000 0.000106090 1.000000000 0.000000000 0.000000000 0.000082810 76.000000000 79.000000000 79.000000000 82.000000000
1750225666.599999905 31.276883379166662 120.906574137 1.554200000 4.000000000 0.000100000 1.000000000 0.000000000 0.000000000 0.000077440 76.000000000 79.000000000 79.000000000 82.000000000
1750225666.799999952 31.276882727166665 120.906574305 1.556000000 4.000000000 0.000100000 1.000000000 0.000000000 0.000000000 0.000077440 76.000000000 79.000000000 79.000000000 82.000000000
1750225667.000000000 31.27688207766667 120.906574323 1.571200000 4.000000000 0.000100000 1.000000000 0.000000000 0.000000000 0.000077440 76.000000000 79.000000000 79.000000000 82.000000000
1750225667.200000048 31.27688136399999 120.906574325 1.562000000 4.000000000 0.000100000 1.000000000 0.000000000 0.000000000 0.000077440 80.000000000 82.500000000 81.000000000 85.000000000
1750225667.400000095 31.276880685833333 120.906574405 1.564000000 4.000000000 0.000100000 1.000000000 0.000000000 0.000000000 0.000077440 80.000000000 82.500000000 81.000000000 85.000000000
1750225667.599999905 31.27687991133334 120.906574487 1.596100000 4.000000000 0.000094090 1.000000000 0.000000000 0.000000000 0.000075690 80.000000000 82.500000000 81.000000000 85.000000000
1750225667.799999952 31.27687923483333 120.906574524 1.588800000 4.000000000 0.000094090 1.000000000 0.000000000 0.000000000 0.000075690 80.000000000 82.500000000 81.000000000 85.000000000
1750225668.000000000 31.27687852983334 120.906574658 1.610000000 4.000000000 0.000094090 1.000000000 0.000000000 0.000000000 0.000075690 80.000000000 82.500000000 81.000000000 85.000000000
1750225668.200000048 31.276877932000005 120.906574785 1.618200000 4.000000000 0.000094090 1.000000000 0.000000000 0.000000000 0.000075690 82.000000000 83.500000000 81.000000000 85.000000000
1750225668.400000095 31.276877361333334 120.906574892 1.620600000 4.000000000 0.000094090 1.000000000 0.000000000 0.000000000 0.000075690 82.000000000 83.500000000 81.000000000 85.000000000
1750225668.599999905 31.27687670733333 120.906575105 1.625100000 4.000000000 0.000090250 1.000000000 0.000000000 0.000000000 0.000070560 82.000000000 83.500000000 81.000000000 85.000000000
1750225668.799999952 31.27687603016666 120.906575301 1.616300000 4.000000000 0.000090250 1.000000000 0.000000000 0.000000000 0.000070560 82.000000000 83.500000000 81.000000000 85.000000000
1750225669.000000000 31.276875454666666 120.906575445 1.631400000 4.000000000 0.000090250 1.000000000 0.000000000 0.000000000 0.000070560 82.000000000 83.500000000 81.000000000 85.000000000
1750225669.200000048 31.276874833999997 120.906575632 1.632000000 4.000000000 0.000090250 1.000000000 0.000000000 0.000000000 0.000070560 85.000000000 85.000000000 81.000000000 85.000000000
1750225669.400000095 31.276874206166667 120.906575889 1.639900000 4.000000000 0.000090250 1.000000000 0.000000000 0.000000000 0.000070560 85.000000000 85.000000000 81.000000000 85.000000000
1750225669.599999905 31.276874257000003 120.906575841 1.617300000 4.000000000 0.000086490 1.000000000 0.000000000 0.000000000 0.000075690 85.000000000 85.000000000 81.000000000 85.000000000
1750225669.799999952 31.276874261499998 120.906575832 1.622800000 4.000000000 0.000088360 1.000000000 0.000000000 0.000000000 0.000075690 85.000000000 85.000000000 81.000000000 85.000000000
1750225670.000000000 31.27687424066667 120.906575903 1.623300000 4.000000000 0.000088360 1.000000000 0.000000000 0.000000000 0.000075690 85.000000000 85.000000000 81.000000000 85.000000000
1750225670.200000048 31.276874356000008 120.906576144 1.623700000 4.000000000 0.000086490 1.000000000 0.000000000 0.000000000 0.000075690 87.000000000 86.000000000 81.000000000 85.000000000
1750225670.400000095 31.27687442866666 120.906576430 1.631500000 4.000000000 0.000086490 1.000000000 0.000000000 0.000000000 0.000075690 87.000000000 86.000000000 81.000000000 85.000000000
1750225670.599999905 31.27687443483333 120.906576655 1.648000000 4.000000000 0.000100000 1.000000000 0.000000000 0.000000000 0.000077440 87.000000000 86.000000000 81.000000000 85.000000000
1750225670.799999952 31.27687428050001 120.906577056 1.653000000 4.000000000 0.000100000 1.000000000 0.000000000 0.000000000 0.000077440 87.000000000 86.000000000 81.000000000 85.000000000
1750225671.000000000 31.276873733166667 120.906577519 1.683300000 4.000000000 0.000100000 1.000000000 0.000000000 0.000000000 0.000077440 87.000000000 86.000000000 81.000000000 85.000000000
1750225671.200000048 31.2768731125 120.906577478 1.688200000 4.000000000 0.000100000 1.000000000 0.000000000 0.000000000 0.000077440 87.000000000 89.000000000 84.000000000 91.000000000
1750225671.400000095 31.276872442500007 120.906577181 1.678500000 4.000000000 0.000100000 1.000000000 0.000000000 0.000000000 0.000077440 87.000000000 89.000000000 84.000000000 91.000000000
1750225671.599999905 31.27687174816667 120.906576902 1.655300000 4.000000000 0.000096040 1.000000000 0.000000000 0.000000000 0.000077440 87.000000000 89.000000000 84.000000000 91.000000000
1750225671.799999952 31.2768711275 120.906576602 1.650500000 4.000000000 0.000096040 1.000000000 0.000000000 0.000000000 0.000077440 87.000000000 89.000000000 84.000000000 91.000000000
1750225672.000000000 31.27687053716666 120.906576323 1.655600000 4.000000000 0.000096040 1.000000000 0.000000000 0.000000000 0.000077440 87.000000000 89.000000000 84.000000000 91.000000000
1750225672.200000048 31.276869998833334 120.906576039 1.656900000 4.000000000 0.000094090 1.000000000 0.000000000 0.000000000 0.000077440 87.000000000 88.000000000 83.000000000 89.000000000
1750225672.400000095 31.276869445666662 120.906575768 1.653600000 4.000000000 0.000096040 1.000000000 0.000000000 0.000000000 0.000077440 87.000000000 88.000000000 83.000000000 89.000000000
1750225672.599999905 31.27686899616667 120.906575493 1.647300000 4.000000000 0.000086490 1.000000000 0.000000000 0.000000000 0.000075690 87.000000000 88.000000000 83.000000000 89.000000000
1750225672.799999952 31.276868391333323 120.906575251 1.650000000 4.000000000 0.000086490 1.000000000 0.000000000 0.000000000 0.000075690 87.000000000 88.000000000 83.000000000 89.000000000
1750225673.000000000 31.27686777950001 120.906574997 1.666500000 4.000000000 0.000086490 1.000000000 0.000000000 0.000000000 0.000075690 87.000000000 88.000000000 83.000000000 89.000000000
1750225673.200000048 31.276867206666665 120.906574837 1.669400000 4.000000000 0.000086490 1.000000000 0.000000000 0.000000000 0.000075690 89.000000000 90.000000000 84.000000000 91.000000000
1750225673.400000095 31.276866569000006 120.906574634 1.685800000 4.000000000 0.000086490 1.000000000 0.000000000 0.000000000 0.000075690 89.000000000 90.000000000 84.000000000 91.000000000
1750225673.599999905 31.2768658695 120.906574710 1.681800000 4.000000000 0.000081000 1.000000000 0.000000000 0.000000000 0.000072250 89.000000000 90.000000000 84.000000000 91.000000000
1750225673.799999952 31.276865241666655 120.906574636 1.705500000 4.000000000 0.000082810 1.000000000 0.000000000 0.000000000 0.000072250 89.000000000 90.000000000 84.000000000 91.000000000
1750225674.000000000 31.276864527 120.906574647 1.718100000 4.000000000 0.000082810 1.000000000 0.000000000 0.000000000 0.000072250 89.000000000 90.000000000 84.000000000 91.000000000
1750225674.200000048 31.276863853166674 120.906574842 1.741300000 4.000000000 0.000082810 1.000000000 0.000000000 0.000000000 0.000072250 87.000000000 89.000000000 84.000000000 91.000000000
1750225674.400000095 31.27686332266667 120.906574946 1.756700000 4.000000000 0.000082810 1.000000000 0.000000000 0.000000000 0.000072250 87.000000000 89.000000000 84.000000000 91.000000000
1750225674.599999905 31.27686268383333 120.906575262 1.767600000 4.000000000 0.000081000 1.000000000 0.000000000 0.000000000 0.000070560 87.000000000 89.000000000 84.000000000 91.000000000
1750225674.799999952 31.27686210216666 120.906575500 1.778900000 4.000000000 0.000081000 1.000000000 0.000000000 0.000000000 0.000070560 87.000000000 89.000000000 84.000000000 91.000000000
1750225675.000000000 31.276861452333335 120.906575732 1.806600000 4.000000000 0.000082810 1.000000000 0.000000000 0.000000000 0.000070560 87.000000000 89.000000000 84.000000000 91.000000000
1750225675.200000048 31.276860792333338 120.906575822 1.824900000 4.000000000 0.000082810 1.000000000 0.000000000 0.000000000 0.000070560 80.000000000 81.000000000 79.000000000 82.000000000
1750225675.400000095 31.276860139000007 120.906575837 1.819100000 4.000000000 0.000084640 1.000000000 0.000000000 0.000000000 0.000072250 80.000000000 81.000000000 79.000000000 82.000000000
1750225675.599999905 31.27685956633333 120.906575772 1.807600000 4.000000000 0.000090250 1.000000000 0.000000000 0.000000000 0.000068890 80.000000000 81.000000000 79.000000000 82.000000000
1750225675.799999952 31.276858838833334 120.906575796 1.827400000 4.000000000 0.000090250 1.000000000 0.000000000 0.000000000 0.000068890 80.000000000 81.000000000 79.000000000 82.000000000
1750225676.000000000 31.27685803700001 120.906575861 1.861900000 4.000000000 0.000090250 1.000000000 0.000000000 0.000000000 0.000068890 80.000000000 81.000000000 79.000000000 82.000000000
1750225676.200000048 31.276857371999995 120.906576115 1.862500000 4.000000000 0.000088360 1.000000000 0.000000000 0.000000000 0.000068890 81.000000000 79.000000000 77.000000000 77.000000000
1750225676.400000095 31.276856558000006 120.906576115 1.871700000 4.000000000 0.000090250 1.000000000 0.000000000 0.000000000 0.000068890 81.000000000 79.000000000 77.000000000 77.000000000
1750225676.599999905 31.2768558745 120.906575905 1.847200000 4.000000000 0.000098010 1.000000000 0.000000000 0.000000000 0.000068890 81.000000000 79.000000000 77.000000000 77.000000000
1750225676.799999952 31.276855223833337 120.906575832 1.842600000 4.000000000 0.000098010 1.000000000 0.000000000 0.000000000 0.000070560 81.000000000 79.000000000 77.000000000 77.000000000
1750225677.000000000 31.276854541666665 120.906575741 1.847100000 4.000000000 0.000100000 1.000000000 0.000000000 0.000000000 0.000070560 81.000000000 79.000000000 77.000000000 77.000000000
1750225677.200000048 31.276853709500003 120.906575653 1.844600000 4.000000000 0.000098010 1.000000000 0.000000000 0.000000000 0.000070560 77.000000000 76.000000000 76.000000000 75.000000000
1750225677.400000095 31.276852979166662 120.906575718 1.841300000 4.000000000 0.000098010 1.000000000 0.000000000 0.000000000 0.000070560 77.000000000 76.000000000 76.000000000 75.000000000
1750225677.599999905 31.27685220316667 120.906575691 1.841500000 4.000000000 0.000104040 1.000000000 0.000000000 0.000000000 0.000075690 77.000000000 76.000000000 76.000000000 75.000000000
1750225677.799999952 31.276851487166667 120.906575505 1.828800000 4.000000000 0.000104040 1.000000000 0.000000000 0.000000000 0.000075690 77.000000000 76.000000000 76.000000000 75.000000000
1750225678.000000000 31.276850730999996 120.906575228 1.830800000 4.000000000 0.000104040 1.000000000 0.000000000 0.000000000 0.000077440 77.000000000 76.000000000 76.000000000 75.000000000
1750225678.200000048 31.276850023999998 120.906574876 1.816300000 4.000000000 0.000104040 1.000000000 0.000000000 0.000000000 0.000075690 81.000000000 81.000000000 79.000000000 81.000000000
1750225678.400000095 31.276849348 120.906574569 1.820600000 4.000000000 0.000104040 1.000000000 0.000000000 0.000000000 0.000077440 81.000000000 81.000000000 79.000000000 81.000000000
1750225678.599999905 31.276848725666667 120.906574311 1.803200000 4.000000000 0.000096040 1.000000000 0.000000000 0.000000000 0.000073960 81.000000000 81.000000000 79.000000000 81.000000000
1750225678.799999952 31.276848012000002 120.906574327 1.816200000 4.000000000 0.000096040 1.000000000 0.000000000 0.000000000 0.000073960 81.000000000 81.000000000 79.000000000 81.000000000
1750225679.000000000 31.276847344833328 120.906574284 1.808000000 4.000000000 0.000094090 1.000000000 0.000000000 0.000000000 0.000072250 81.000000000 81.000000000 79.000000000 81.000000000
1750225679.200000048 31.276846589 120.906574238 1.809800000 4.000000000 0.000094090 1.000000000 0.000000000 0.000000000 0.000072250 79.000000000 80.000000000 79.000000000 81.000000000
1750225679.400000095 31.276845835333333 120.906574186 1.809900000 4.000000000 0.000094090 1.000000000 0.000000000 0.000000000 0.000072250 79.000000000 80.000000000 79.000000000 81.000000000
1750225679.599999905 31.276844999166656 120.906574126 1.811300000 4.000000000 0.000098010 1.000000000 0.000000000 0.000000000 0.000079210 79.000000000 80.000000000 79.000000000 81.000000000
1750225679.799999952 31.27684425216667 120.906574205 1.820100000 4.000000000 0.000098010 1.000000000 0.000000000 0.000000000 0.000081000 79.000000000 80.000000000 79.000000000 81.000000000
1750225680.000000000 31.27684359433333 120.906574311 1.812700000 4.000000000 0.000098010 1.000000000 0.000000000 0.000000000 0.000081000 79.000000000 80.000000000 79.000000000 81.000000000
1750225680.200000048 31.27684286666667 120.906574428 1.813500000 4.000000000 0.000100000 1.000000000 0.000000000 0.000000000 0.000081000 83.000000000 84.000000000 81.000000000 85.000000000
1750225680.400000095 31.276842148333344 120.906574773 1.813300000 4.000000000 0.000100000 1.000000000 0.000000000 0.000000000 0.000081000 83.000000000 84.000000000 81.000000000 85.000000000
1750225680.599999905 31.276841553166662 120.906574876 1.819800000 4.000000000 0.000104040 1.000000000 0.000000000 0.000000000 0.000082810 83.000000000 84.000000000 81.000000000 85.000000000
1750225680.799999952 31.27684089249999 120.906574852 1.807700000 4.000000000 0.000102010 1.000000000 0.000000000 0.000000000 0.000082810 83.000000000 84.000000000 81.000000000 85.000000000
1750225681.000000000 31.276840269333334 120.906574883 1.809300000 4.000000000 0.000104040 1.000000000 0.000000000 0.000000000 0.000084640 83.000000000 84.000000000 81.000000000 85.000000000
1750225681.200000048 31.27683945066667 120.906575038 1.807000000 4.000000000 0.000104040 1.000000000 0.000000000 0.000000000 0.000084640 75.000000000 79.000000000 80.000000000 83.000000000
1750225681.400000095 31.276838759166665 120.906575094 1.808100000 4.000000000 0.000104040 1.000000000 0.000000000 0.000000000 0.000084640 75.000000000 79.000000000 80.000000000 83.000000000
1750225681.599999905 31.276837931000003 120.906575171 1.835400000 4.000000000 0.000116640 1.000000000 0.000000000 0.000000000 0.000094090 75.000000000 79.000000000 80.000000000 83.000000000
1750225681.799999952 31.276837216333334 120.906575343 1.841400000 4.000000000 0.000116640 1.000000000 0.000000000 0.000000000 0.000094090 75.000000000 79.000000000 80.000000000 83.000000000
1750225682.000000000 31.276836519499994 120.906575497 1.827100000 4.000000000 0.000116640 1.000000000 0.000000000 0.000000000 0.000094090 75.000000000 79.000000000 80.000000000 83.000000000
1750225682.200000048 31.276835947833334 120.906575469 1.817300000 4.000000000 0.000116640 1.000000000 0.000000000 0.000000000 0.000094090 79.000000000 80.000000000 79.000000000 81.000000000
1750225682.400000095 31.276835330166662 120.906575487 1.809500000 4.000000000 0.000125440 1.000000000 0.000000000 0.000000000 0.000098010 79.000000000 80.000000000 79.000000000 81.000000000
1750225682.599999905 31.276834690499996 120.906575584 1.808200000 4.000000000 0.000125440 1.000000000 0.000000000 0.000000000 0.000098010 79.000000000 80.000000000 79.000000000 81.000000000
1750225682.799999952 31.27683393866667 120.906575755 1.806100000 4.000000000 0.000125440 1.000000000 0.000000000 0.000000000 0.000098010 79.000000000 80.000000000 79.000000000 81.000000000
1750225683.000000000 31.276833248999992 120.906575938 1.818200000 4.000000000 0.000125440 1.000000000 0.000000000 0.000000000 0.000098010 79.000000000 80.000000000 79.000000000 81.000000000
1750225683.200000048 31.276832504333328 120.906576129 1.810700000 4.000000000 0.000125440 1.000000000 0.000000000 0.000000000 0.000098010 72.000000000 75.500000000 78.000000000 79.000000000
1750225683.400000095 31.276831747333333 120.906576370 1.809200000 4.000000000 0.000127690 1.000000000 0.000000000 0.000000000 0.000100000 72.000000000 75.500000000 78.000000000 79.000000000
1750225683.599999905 31.2768310755 120.906576535 1.798400000 4.000000000 0.000127690 1.000000000 0.000000000 0.000000000 0.000100000 72.000000000 75.500000000 78.000000000 79.000000000
1750225683.799999952 31.276830347166666 120.906576709 1.791600000 4.000000000 0.000127690 1.000000000 0.000000000 0.000000000 0.000100000 72.000000000 75.500000000 78.000000000 79.000000000
1750225684.000000000 31.276829644666662 120.906577063 1.792200000 4.000000000 0.000127690 1.000000000 0.000000000 0.000000000 0.000100000 72.000000000 75.500000000 78.000000000 79.000000000
1750225684.200000048 31.276829028166674 120.906577394 1.784100000 4.000000000 0.000127690 1.000000000 0.000000000 0.000000000 0.000100000 75.000000000 78.000000000 79.000000000 81.000000000
1750225684.400000095 31.276828300333335 120.906577606 1.793200000 4.000000000 0.000123210 1.000000000 0.000000000 0.000000000 0.000096040 75.000000000 78.000000000 79.000000000 81.000000000
1750225684.599999905 31.2768275775 120.906577662 1.787100000 4.000000000 0.000123210 1.000000000 0.000000000 0.000000000 0.000096040 75.000000000 78.000000000 79.000000000 81.000000000
1750225684.799999952 31.276826838333335 120.906577497 1.780600000 4.000000000 0.000123210 1.000000000 0.000000000 0.000000000 0.000094090 75.000000000 78.000000000 79.000000000 81.000000000
1750225685.000000000 31.276826168666673 120.906577472 1.769700000 4.000000000 0.000123210 1.000000000 0.000000000 0.000000000 0.000096040 75.000000000 78.000000000 79.000000000 81.000000000
1750225685.200000048 31.276825547 120.906577299 1.764700000 4.000000000 0.000121000 1.000000000 0.000000000 0.000000000 0.000094090 72.000000000 75.500000000 78.000000000 79.000000000
1750225685.400000095 31.27682491633334 120.906577337 1.760400000 4.000000000 0.000121000 1.000000000 0.000000000 0.000000000 0.000094090 72.000000000 75.500000000 78.000000000 79.000000000
1750225685.599999905 31.276824211666664 120.906577260 1.758900000 4.000000000 0.000121000 1.000000000 0.000000000 0.000000000 0.000094090 72.000000000 75.500000000 78.000000000 79.000000000
1750225685.799999952 31.276823517333327 120.906577249 1.755200000 4.000000000 0.000121000 1.000000000 0.000000000 0.000000000 0.000094090 72.000000000 75.500000000 78.000000000 79.000000000
1750225686.000000000 31.27682281066666 120.906577215 1.755000000 4.000000000 0.000121000 1.000000000 0.000000000 0.000000000 0.000094090 72.000000000 75.500000000 78.000000000 79.000000000
1750225686.200000048 31.276822103 120.906577153 1.755600000 4.000000000 0.000118810 1.000000000 0.000000000 0.000000000 0.000094090 77.000000000 79.000000000 79.000000000 81.000000000
1750225686.400000095 31.2768213775 120.906577176 1.756400000 4.000000000 0.000118810 1.000000000 0.000000000 0.000000000 0.000094090 77.000000000 79.000000000 79.000000000 81.000000000
1750225686.599999905 31.276820654999995 120.906577067 1.747900000 4.000000000 0.000096040 1.000000000 0.000000000 0.000000000 0.000077440 77.000000000 79.000000000 79.000000000 81.000000000
1750225686.799999952 31.276819922 120.906576940 1.749700000 4.000000000 0.000096040 1.000000000 0.000000000 0.000000000 0.000077440 77.000000000 79.000000000 79.000000000 81.000000000
1750225687.000000000 31.276819198166663 120.906576761 1.749600000 4.000000000 0.000096040 1.000000000 0.000000000 0.000000000 0.000077440 77.000000000 79.000000000 79.000000000 81.000000000
1750225687.200000048 31.2768185355 120.906576643 1.744400000 4.000000000 0.000096040 1.000000000 0.000000000 0.000000000 0.000077440 77.000000000 81.000000000 81.000000000 85.000000000
1750225687.400000095 31.276817764 120.906576489 1.744100000 4.000000000 0.000096040 1.000000000 0.000000000 0.000000000 0.000077440 77.000000000 81.000000000 81.000000000 85.000000000
1750225687.599999905 31.27681708766667 120.906576461 1.738700000 4.000000000 0.000079210 1.000000000 0.000000000 0.000000000 0.000067240 77.000000000 81.000000000 81.000000000 85.000000000
1750225687.799999952 31.276816411499993 120.906576094 1.735100000 4.000000000 0.000081000 1.000000000 0.000000000 0.000000000 0.000067240 77.000000000 81.000000000 81.000000000 85.000000000
1750225688.000000000 31.27681569016667 120.906575770 1.737300000 4.000000000 0.000081000 1.000000000 0.000000000 0.000000000 0.000067240 77.000000000 81.000000000 81.000000000 85.000000000
1750225688.200000048 31.27681498066667 120.906575788 1.735900000 4.000000000 0.000081000 1.000000000 0.000000000 0.000000000 0.000067240 81.000000000 83.000000000 81.000000000 85.000000000
1750225688.400000095 31.276814261333328 120.906575877 1.733200000 4.000000000 0.000081000 1.000000000 0.000000000 0.000000000 0.000067240 81.000000000 83.000000000 81.000000000 85.000000000
1750225688.599999905 31.27681346683333 120.906576023 1.737200000 4.000000000 0.000077440 1.000000000 0.000000000 0.000000000 0.000065610 81.000000000 83.000000000 81.000000000 85.000000000
1750225688.799999952 31.276812826833336 120.906576273 1.736600000 4.000000000 0.000079210 1.000000000 0.000000000 0.000000000 0.000065610 81.000000000 83.000000000 81.000000000 85.000000000
1750225689.000000000 31.276812167666662 120.906576590 1.728100000 4.000000000 0.000079210 1.000000000 0.000000000 0.000000000 0.000065610 81.000000000 83.000000000 81.000000000 85.000000000
1750225689.200000048 31.276811458833336 120.906576790 1.736300000 4.000000000 0.000077440 1.000000000 0.000000000 0.000000000 0.000065610 89.000000000 87.000000000 81.000000000 85.000000000
1750225689.400000095 31.276810722333337 120.906576684 1.726200000 4.000000000 0.000077440 1.000000000 0.000000000 0.000000000 0.000065610 89.000000000 87.000000000 81.000000000 85.000000000
1750225689.599999905 31.276810124833332 120.906576537 1.719200000 4.000000000 0.000075690 1.000000000 0.000000000 0.000000000 0.000065610 89.000000000 87.000000000 81.000000000 85.000000000
1750225689.799999952 31.276809425166675 120.906576239 1.722300000 4.000000000 0.000075690 1.000000000 0.000000000 0.000000000 0.000065610 89.000000000 87.000000000 81.000000000 85.000000000
1750225690.000000000 31.276808789499995 120.906575979 1.722700000 4.000000000 0.000075690 1.000000000 0.000000000 0.000000000 0.000065610 89.000000000 87.000000000 81.000000000 85.000000000
1750225690.200000048 31.27680811083333 120.906575976 1.731100000 4.000000000 0.000075690 1.000000000 0.000000000 0.000000000 0.000065610 87.000000000 85.000000000 80.000000000 83.000000000
1750225690.400000095 31.27680739733333 120.906576024 1.737900000 4.000000000 0.000075690 1.000000000 0.000000000 0.000000000 0.000065610 87.000000000 85.000000000 80.000000000 83.000000000
1750225690.599999905 31.276806681333326 120.906576238 1.742800000 4.000000000 0.000075690 1.000000000 0.000000000 0.000000000 0.000067240 87.000000000 85.000000000 80.000000000 83.000000000
1750225690.799999952 31.276805948333333 120.906576234 1.738200000 4.000000000 0.000075690 1.000000000 0.000000000 0.000000000 0.000067240 87.000000000 85.000000000 80.000000000 83.000000000
1750225691.000000000 31.27680538 120.906576214 1.733900000 4.000000000 0.000075690 1.000000000 0.000000000 0.000000000 0.000067240 87.000000000 85.000000000 80.000000000 83.000000000
1750225691.200000048 31.27680559383333 120.906576225 1.728000000 4.000000000 0.000075690 1.000000000 0.000000000 0.000000000 0.000067240 87.000000000 86.000000000 81.000000000 85.000000000
1750225691.400000095 31.276805569666664 120.906576232 1.727700000 4.000000000 0.000075690 1.000000000 0.000000000 0.000000000 0.000067240 87.000000000 86.000000000 81.000000000 85.000000000
1750225691.599999905 31.276805527166673 120.906576218 1.741600000 4.000000000 0.000072250 1.000000000 0.000000000 0.000000000 0.000062410 87.000000000 86.000000000 81.000000000 85.000000000
1750225691.799999952 31.276805512166675 120.906576232 1.741000000 4.000000000 0.000072250 1.000000000 0.000000000 0.000000000 0.000062410 87.000000000 86.000000000 81.000000000 85.000000000
1750225692.000000000 31.276805521499995 120.906576202 1.743200000 4.000000000 0.000072250 1.000000000 0.000000000 0.000000000 0.000062410 87.000000000 86.000000000 81.000000000 85.000000000
1750225692.200000048 31.276805510999992 120.906576211 1.740000000 4.000000000 0.000072250 1.000000000 0.000000000 0.000000000 0.000062410 89.000000000 89.000000000 83.000000000 89.000000000
1750225692.400000095 31.27680550533333 120.906576201 1.747700000 4.000000000 0.000072250 1.000000000 0.000000000 0.000000000 0.000062410 89.000000000 89.000000000 83.000000000 89.000000000
1750225692.599999905 31.276805289166674 120.906576238 1.751100000 4.000000000 0.000075690 1.000000000 0.000000000 0.000000000 0.000065610 89.000000000 89.000000000 83.000000000 89.000000000
1750225692.799999952 31.27680470833333 120.906576220 1.747900000 4.000000000 0.000075690 1.000000000 0.000000000 0.000000000 0.000065610 89.000000000 89.000000000 83.000000000 89.000000000
1750225693.000000000 31.276803974833342 120.906576194 1.745300000 4.000000000 0.000075690 1.000000000 0.000000000 0.000000000 0.000065610 89.000000000 89.000000000 83.000000000 89.000000000
1750225693.200000048 31.27680328466667 120.906576222 1.747900000 4.000000000 0.000075690 1.000000000 0.000000000 0.000000000 0.000065610 89.000000000 89.000000000 83.000000000 89.000000000
1750225693.400000095 31.276802597166665 120.906576177 1.744800000 4.000000000 0.000075690 1.000000000 0.000000000 0.000000000 0.000065610 89.000000000 89.000000000 83.000000000 89.000000000
1750225693.599999905 31.276801855499997 120.906576016 1.742200000 4.000000000 0.000079210 1.000000000 0.000000000 0.000000000 0.000068890 89.000000000 89.000000000 83.000000000 89.000000000
1750225693.799999952 31.276801149999997 120.906576067 1.752700000 4.000000000 0.000079210 1.000000000 0.000000000 0.000000000 0.000068890 89.000000000 89.000000000 83.000000000 89.000000000
1750225694.000000000 31.27680042033333 120.906575857 1.754200000 4.000000000 0.000079210 1.000000000 0.000000000 0.000000000 0.000070560 89.000000000 89.000000000 83.000000000 89.000000000
1750225694.200000048 31.276799731166676 120.906575556 1.755900000 4.000000000 0.000079210 1.000000000 0.000000000 0.000000000 0.000070560 89.000000000 89.000000000 83.000000000 89.000000000
1750225694.400000095 31.276798943166668 120.906575261 1.760800000 4.000000000 0.000079210 1.000000000 0.000000000 0.000000000 0.000068890 89.000000000 89.000000000 83.000000000 89.000000000
1750225694.599999905 31.276798242333328 120.906575240 1.764500000 4.000000000 0.000075690 1.000000000 0.000000000 0.000000000 0.000068890 89.000000000 89.000000000 83.000000000 89.000000000
1750225694.799999952 31.276797531 120.906575308 1.755400000 4.000000000 0.000075690 1.000000000 0.000000000 0.000000000 0.000068890 89.000000000 89.000000000 83.000000000 89.000000000
1750225695.000000000 31.2767968605 120.906575631 1.755700000 4.000000000 0.000075690 1.000000000 0.000000000 0.000000000 0.000068890 89.000000000 89.000000000 83.000000000 89.000000000
1750225695.200000048 31.276796225833323 120.906576009 1.756700000 4.000000000 0.000075690 1.000000000 0.000000000 0.000000000 0.000068890 87.000000000 88.000000000 83.000000000 89.000000000
1750225695.400000095 31.276795489666668 120.906576401 1.772700000 4.000000000 0.000075690 1.000000000 0.000000000 0.000000000 0.000068890 87.000000000 88.000000000 83.000000000 89.000000000
1750225695.599999905 31.276794768499997 120.906576465 1.778400000 4.000000000 0.000073960 1.000000000 0.000000000 0.000000000 0.000067240 87.000000000 88.000000000 83.000000000 89.000000000
1750225695.799999952 31.276794107833325 120.906576522 1.768200000 4.000000000 0.000073960 1.000000000 0.000000000 0.000000000 0.000067240 87.000000000 88.000000000 83.000000000 89.000000000
1750225696.000000000 31.27679340649999 120.906576626 1.770400000 4.000000000 0.000073960 1.000000000 0.000000000 0.000000000 0.000067240 87.000000000 88.000000000 83.000000000 89.000000000
1750225696.200000048 31.276792654333335 120.906576774 1.776300000 4.000000000 0.000073960 1.000000000 0.000000000 0.000000000 0.000067240 89.000000000 89.000000000 83.000000000 89.000000000
1750225696.400000095 31.276791931333335 120.906576828 1.778500000 4.000000000 0.000073960 1.000000000 0.000000000 0.000000000 0.000067240 89.000000000 89.000000000 83.000000000 89.000000000
1750225696.599999905 31.276791254499997 120.906576878 1.762100000 4.000000000 0.000072250 1.000000000 0.000000000 0.000000000 0.000064000 89.000000000 89.000000000 83.000000000 89.000000000
1750225696.799999952 31.276790549833322 120.906576926 1.763500000 4.000000000 0.000072250 1.000000000 0.000000000 0.000000000 0.000064000 89.000000000 89.000000000 83.000000000 89.000000000
1750225697.000000000 31.276789854166665 120.906576879 1.767500000 4.000000000 0.000072250 1.000000000 0.000000000 0.000000000 0.000064000 89.000000000 89.000000000 83.000000000 89.000000000
1750225697.200000048 31.27678915683333 120.906576716 1.774300000 4.000000000 0.000072250 1.000000000 0.000000000 0.000000000 0.000064000 89.000000000 89.000000000 83.000000000 89.000000000
1750225697.400000095 31.27678884066667 120.906576398 1.773500000 4.000000000 0.000072250 1.000000000 0.000000000 0.000000000 0.000064000 89.000000000 89.000000000 83.000000000 89.000000000
1750225697.599999905 31.276788712 120.906576143 1.781100000 4.000000000 0.000067240 1.000000000 0.000000000 0.000000000 0.000060840 89.000000000 89.000000000 83.000000000 89.000000000
1750225697.799999952 31.27678855900001 120.906575943 1.775700000 4.000000000 0.000067240 1.000000000 0.000000000 0.000000000 0.000060840 89.000000000 89.000000000 83.000000000 89.000000000
1750225698.000000000 31.276788368833337 120.906575721 1.777400000 4.000000000 0.000067240 1.000000000 0.000000000 0.000000000 0.000060840 89.000000000 89.000000000 83.000000000 89.000000000
1750225698.200000048 31.276788179500002 120.906575572 1.784000000 4.000000000 0.000068890 1.000000000 0.000000000 0.000000000 0.000060840 89.000000000 88.000000000 82.000000000 87.000000000
1750225698.400000095 31.276787959666663 120.906575402 1.786300000 4.000000000 0.000068890 1.000000000 0.000000000 0.000000000 0.000062410 89.000000000 88.000000000 82.000000000 87.000000000
1750225698.599999905 31.276787722833333 120.906575203 1.777900000 4.000000000 0.000068890 1.000000000 0.000000000 0.000000000 0.000062410 89.000000000 88.000000000 82.000000000 87.000000000
1750225698.799999952 31.276787459999994 120.906575123 1.789000000 4.000000000 0.000067240 1.000000000 0.000000000 0.000000000 0.000062410 89.000000000 88.000000000 82.000000000 87.000000000
1750225699.000000000 31.276787458499996 120.906575100 1.786600000 4.000000000 0.000067240 1.000000000 0.000000000 0.000000000 0.000062410 89.000000000 88.000000000 82.000000000 87.000000000
1750225699.200000048 31.276787461333328 120.906575106 1.788600000 4.000000000 0.000067240 1.000000000 0.000000000 0.000000000 0.000062410 87.000000000 87.000000000 82.000000000 87.000000000
1750225699.400000095 31.27678745883334 120.906575106 1.787400000 4.000000000 0.000067240 1.000000000 0.000000000 0.000000000 0.000062410 87.000000000 87.000000000 82.000000000 87.000000000
1750225699.599999905 31.27678746783333 120.906575096 1.784500000 4.000000000 0.000072250 1.000000000 0.000000000 0.000000000 0.000067240 87.000000000 87.000000000 82.000000000 87.000000000
1750225699.799999952 31.276787473333343 120.906575091 1.784700000 4.000000000 0.000072250 1.000000000 0.000000000 0.000000000 0.000067240 87.000000000 87.000000000 82.000000000 87.000000000
1750225700.000000000 31.276787501166666 120.906574977 1.788100000 4.000000000 0.000072250 1.000000000 0.000000000 0.000000000 0.000067240 87.000000000 87.000000000 82.000000000 87.000000000
1750225700.200000048 31.276787513000002 120.906574860 1.791700000 4.000000000 0.000073960 1.000000000 0.000000000 0.000000000 0.000068890 87.000000000 87.000000000 82.000000000 87.000000000
1750225700.400000095 31.276787524166664 120.906574757 1.793600000 4.000000000 0.000072250 1.000000000 0.000000000 0.000000000 0.000068890 87.000000000 87.000000000 82.000000000 87.000000000
1750225700.599999905 31.276787504333328 120.906574798 1.782500000 4.000000000 0.000072250 1.000000000 0.000000000 0.000000000 0.000067240 87.000000000 87.000000000 82.000000000 87.000000000
1750225700.799999952 31.276787506333335 120.906575098 1.777200000 4.000000000 0.000072250 1.000000000 0.000000000 0.000000000 0.000067240 87.000000000 87.000000000 82.000000000 87.000000000
1750225701.000000000 31.27678728716667 120.906575661 1.773400000 4.000000000 0.000072250 1.000000000 0.000000000 0.000000000 0.000067240 87.000000000 87.000000000 82.000000000 87.000000000
1750225701.200000048 31.27678696566666 120.906576479 1.779000000 4.000000000 0.000072250 1.000000000 0.000000000 0.000000000 0.000067240 85.000000000 86.000000000 82.000000000 87.000000000
1750225701.400000095 31.27678673183334 120.906577238 1.780000000 4.000000000 0.000072250 1.000000000 0.000000000 0.000000000 0.000067240 85.000000000 86.000000000 82.000000000 87.000000000
1750225701.599999905 31.276786459333337 120.906578126 1.797400000 4.000000000 0.000070560 1.000000000 0.000000000 0.000000000 0.000065610 85.000000000 86.000000000 82.000000000 87.000000000
1750225701.799999952 31.27678606699999 120.906578968 1.815100000 4.000000000 0.000070560 1.000000000 0.000000000 0.000000000 0.000065610 85.000000000 86.000000000 82.000000000 87.000000000
1750225702.000000000 31.276785735666664 120.906579840 1.820100000 4.000000000 0.000070560 1.000000000 0.000000000 0.000000000 0.000065610 85.000000000 86.000000000 82.000000000 87.000000000
1750225702.200000048 31.276785534333328 120.906580717 1.828300000 4.000000000 0.000070560 1.000000000 0.000000000 0.000000000 0.000067240 83.000000000 85.000000000 82.000000000 87.000000000
1750225702.400000095 31.276785282166657 120.906581614 1.828700000 4.000000000 0.000072250 1.000000000 0.000000000 0.000000000 0.000067240 83.000000000 85.000000000 82.000000000 87.000000000
1750225702.599999905 31.276785117833327 120.906582463 1.815900000 4.000000000 0.000079210 1.000000000 0.000000000 0.000000000 0.000070560 83.000000000 85.000000000 82.000000000 87.000000000
1750225702.799999952 31.2767851535 120.906583259 1.821700000 4.000000000 0.000079210 1.000000000 0.000000000 0.000000000 0.000070560 83.000000000 85.000000000 82.000000000 87.000000000
1750225703.000000000 31.2767851615 120.906584013 1.820500000 4.000000000 0.000077440 1.000000000 0.000000000 0.000000000 0.000070560 83.000000000 85.000000000 82.000000000 87.000000000
1750225703.200000048 31.27678515783333 120.906584796 1.809600000 4.000000000 0.000079210 1.000000000 0.000000000 0.000000000 0.000070560 83.000000000 84.000000000 81.000000000 85.000000000
1750225703.400000095 31.276785179166666 120.906585675 1.815100000 4.000000000 0.000079210 1.000000000 0.000000000 0.000000000 0.000070560 83.000000000 84.000000000 81.000000000 85.000000000
1750225703.599999905 31.276785229333342 120.906586382 1.807600000 4.000000000 0.000082810 1.000000000 0.000000000 0.000000000 0.000075690 83.000000000 84.000000000 81.000000000 85.000000000
1750225703.799999952 31.276785290166657 120.906587153 1.798700000 4.000000000 0.000084640 1.000000000 0.000000000 0.000000000 0.000075690 83.000000000 84.000000000 81.000000000 85.000000000
1750225704.000000000 31.276785288 120.906587907 1.794700000 4.000000000 0.000084640 1.000000000 0.000000000 0.000000000 0.000075690 83.000000000 84.000000000 81.000000000 85.000000000
1750225704.200000048 31.276785319666672 120.906588731 1.799700000 4.000000000 0.000084640 1.000000000 0.000000000 0.000000000 0.000075690 85.000000000 85.000000000 81.000000000 85.000000000
1750225704.400000095 31.2767853335 120.906589580 1.800900000 4.000000000 0.000090250 1.000000000 0.000000000 0.000000000 0.000079210 85.000000000 85.000000000 81.000000000 85.000000000
1750225704.599999905 31.276785336333333 120.906590379 1.794700000 4.000000000 0.000090250 1.000000000 0.000000000 0.000000000 0.000079210 85.000000000 85.000000000 81.000000000 85.000000000
1750225704.799999952 31.276785309666664 120.906591190 1.802000000 4.000000000 0.000090250 1.000000000 0.000000000 0.000000000 0.000079210 85.000000000 85.000000000 81.000000000 85.000000000
1750225705.000000000 31.276785273499996 120.906592049 1.806100000 4.000000000 0.000088360 1.000000000 0.000000000 0.000000000 0.000079210 85.000000000 85.000000000 81.000000000 85.000000000
1750225705.200000048 31.27678522966667 120.906592956 1.812700000 4.000000000 0.000090250 1.000000000 0.000000000 0.000000000 0.000079210 83.000000000 84.000000000 81.000000000 85.000000000
1750225705.400000095 31.27678522266666 120.906593813 1.804500000 4.000000000 0.000100000 1.000000000 0.000000000 0.000000000 0.000081000 83.000000000 84.000000000 81.000000000 85.000000000
1750225705.599999905 31.27678523033333 120.906594655 1.813200000 4.000000000 0.000100000 1.000000000 0.000000000 0.000000000 0.000081000 83.000000000 84.000000000 81.000000000 85.000000000
1750225705.799999952 31.276785318833333 120.906595415 1.818200000 4.000000000 0.000100000 1.000000000 0.000000000 0.000000000 0.000081000 83.000000000 84.000000000 81.000000000 85.000000000
1750225706.000000000 31.27678512866666 120.906595890 1.825200000 4.000000000 0.000100000 1.000000000 0.000000000 0.000000000 0.000081000 83.000000000 84.000000000 81.000000000 85.000000000
1750225706.200000048 31.276785013666668 120.906595958 1.822800000 4.000000000 0.000100000 1.000000000 0.000000000 0.000000000 0.000079210 85.000000000 86.000000000 82.000000000 87.000000000
1750225706.400000095 31.276784916833336 120.906596130 1.823000000 4.000000000 0.000100000 1.000000000 0.000000000 0.000000000 0.000079210 85.000000000 86.000000000 82.000000000 87.000000000
1750225706.599999905 31.276784564500005 120.906596736 1.830000000 4.000000000 0.000081000 1.000000000 0.000000000 0.000000000 0.000067240 85.000000000 86.000000000 82.000000000 87.000000000
1750225706.799999952 31.276784524666667 120.906597474 1.820900000 4.000000000 0.000081000 1.000000000 0.000000000 0.000000000 0.000067240 85.000000000 86.000000000 82.000000000 87.000000000
1750225707.000000000 31.276784796666675 120.906598231 1.819400000 4.000000000 0.000081000 1.000000000 0.000000000 0.000000000 0.000067240 85.000000000 86.000000000 82.000000000 87.000000000
1750225707.200000048 31.27678524866667 120.906599000 1.828000000 4.000000000 0.000081000 1.000000000 0.000000000 0.000000000 0.000067240 85.000000000 88.000000000 84.000000000 91.000000000
1750225707.400000095 31.27678574416666 120.906599678 1.835900000 4.000000000 0.000081000 1.000000000 0.000000000 0.000000000 0.000067240 85.000000000 88.000000000 84.000000000 91.000000000
1750225707.599999905 31.276786228666666 120.906600311 1.834700000 4.000000000 0.000073960 1.000000000 0.000000000 0.000000000 0.000064000 85.000000000 88.000000000 84.000000000 91.000000000
1750225707.799999952 31.276786763833343 120.906601042 1.827500000 4.000000000 0.000073960 1.000000000 0.000000000 0.000000000 0.000064000 85.000000000 88.000000000 84.000000000 91.000000000
1750225708.000000000 31.276787017666663 120.906601803 1.837600000 4.000000000 0.000073960 1.000000000 0.000000000 0.000000000 0.000064000 85.000000000 88.000000000 84.000000000 91.000000000
1750225708.200000048 31.27678710566667 120.906602639 1.833300000 4.000000000 0.000073960 1.000000000 0.000000000 0.000000000 0.000064000 91.000000000 92.000000000 85.000000000 93.000000000
1750225708.400000095 31.27678721866667 120.906603329 1.829500000 4.000000000 0.000073960 1.000000000 0.000000000 0.000000000 0.000064000 91.000000000 92.000000000 85.000000000 93.000000000
1750225708.599999905 31.276787358666667 120.906604062 1.810200000 4.000000000 0.000072250 1.000000000 0.000000000 0.000000000 0.000064000 91.000000000 92.000000000 85.000000000 93.000000000
1750225708.799999952 31.276787255333332 120.906604902 1.805700000 4.000000000 0.000072250 1.000000000 0.000000000 0.000000000 0.000064000 91.000000000 92.000000000 85.000000000 93.000000000
1750225709.000000000 31.276787159833333 120.906605867 1.807800000 4.000000000 0.000072250 1.000000000 0.000000000 0.000000000 0.000064000 91.000000000 92.000000000 85.000000000 93.000000000
1750225709.200000048 31.27678722666667 120.906606562 1.802800000 4.000000000 0.000072250 1.000000000 0.000000000 0.000000000 0.000064000 91.000000000 91.000000000 84.000000000 91.000000000
1750225709.400000095 31.276787187833335 120.906607379 1.808200000 4.000000000 0.000072250 1.000000000 0.000000000 0.000000000 0.000064000 91.000000000 91.000000000 84.000000000 91.000000000
1750225709.599999905 31.276787219833338 120.906608192 1.801700000 4.000000000 0.000065610 1.000000000 0.000000000 0.000000000 0.000059290 91.000000000 91.000000000 84.000000000 91.000000000
1750225709.799999952 31.276787297 120.906609049 1.801700000 4.000000000 0.000065610 1.000000000 0.000000000 0.000000000 0.000059290 91.000000000 91.000000000 84.000000000 91.000000000
1750225710.000000000 31.276787408833343 120.906609875 1.802900000 4.000000000 0.000065610 1.000000000 0.000000000 0.000000000 0.000059290 91.000000000 91.000000000 84.000000000 91.000000000
1750225710.200000048 31.276787556000002 120.906610653 1.810200000 4.000000000 0.000065610 1.000000000 0.000000000 0.000000000 0.000059290 93.000000000 92.000000000 84.000000000 91.000000000
1750225710.400000095 31.276787560000002 120.906611512 1.803300000 4.000000000 0.000065610 1.000000000 0.000000000 0.000000000 0.000059290 93.000000000 92.000000000 84.000000000 91.000000000
1750225710.599999905 31.276787447333334 120.906612485 1.803700000 4.000000000 0.000065610 1.000000000 0.000000000 0.000000000 0.000059290 93.000000000 92.000000000 84.000000000 91.000000000
1750225710.799999952 31.276787650499998 120.906613061 1.808500000 4.000000000 0.000065610 1.000000000 0.000000000 0.000000000 0.000059290 93.000000000 92.000000000 84.000000000 91.000000000
1750225711.000000000 31.276787772999995 120.906613899 1.818400000 4.000000000 0.000065610 1.000000000 0.000000000 0.000000000 0.000059290 93.000000000 92.000000000 84.000000000 91.000000000
1750225711.200000048 31.276787972666668 120.906614562 1.815600000 4.000000000 0.000065610 1.000000000 0.000000000 0.000000000 0.000059290 91.000000000 91.000000000 84.000000000 91.000000000
1750225711.400000095 31.276788126166664 120.906615407 1.816900000 4.000000000 0.000065610 1.000000000 0.000000000 0.000000000 0.000059290 91.000000000 91.000000000 84.000000000 91.000000000
1750225711.599999905 31.276788273333338 120.906616215 1.825000000 4.000000000 0.000062410 1.000000000 0.000000000 0.000000000 0.000059290 91.000000000 91.000000000 84.000000000 91.000000000
1750225711.799999952 31.276788544833337 120.906616977 1.828400000 4.000000000 0.000062410 1.000000000 0.000000000 0.000000000 0.000059290 91.000000000 91.000000000 84.000000000 91.000000000
1750225712.000000000 31.276788984333336 120.906617747 1.826800000 4.000000000 0.000064000 1.000000000 0.000000000 0.000000000 0.000059290 91.000000000 91.000000000 84.000000000 91.000000000
1750225712.200000048 31.2767893435 120.906618451 1.819200000 4.000000000 0.000064000 1.000000000 0.000000000 0.000000000 0.000059290 93.000000000 92.000000000 84.000000000 91.000000000
1750225712.400000095 31.276789437333335 120.906619269 1.823500000 4.000000000 0.000064000 1.000000000 0.000000000 0.000000000 0.000059290 93.000000000 92.000000000 84.000000000 91.000000000
1750225712.599999905 31.276789480666665 120.906620073 1.825500000 4.000000000 0.000065610 1.000000000 0.000000000 0.000000000 0.000060840 93.000000000 92.000000000 84.000000000 91.000000000
1750225712.799999952 31.276789438500003 120.906620927 1.830600000 4.000000000 0.000065610 1.000000000 0.000000000 0.000000000 0.000060840 93.000000000 92.000000000 84.000000000 91.000000000
1750225713.000000000 31.276789222999994 120.906621830 1.836200000 4.000000000 0.000065610 1.000000000 0.000000000 0.000000000 0.000060840 93.000000000 92.000000000 84.000000000 91.000000000
1750225713.200000048 31.276789120833342 120.906622686 1.833700000 4.000000000 0.000065610 1.000000000 0.000000000 0.000000000 0.000060840 93.000000000 93.000000000 85.000000000 93.000000000
1750225713.400000095 31.276789066999996 120.906623563 1.830500000 4.000000000 0.000065610 1.000000000 0.000000000 0.000000000 0.000060840 93.000000000 93.000000000 85.000000000 93.000000000
1750225713.599999905 31.27678904616667 120.906624374 1.824300000 4.000000000 0.000065610 1.000000000 0.000000000 0.000000000 0.000062410 93.000000000 93.000000000 85.000000000 93.000000000
1750225713.799999952 31.276789179000005 120.906625147 1.826900000 4.000000000 0.000065610 1.000000000 0.000000000 0.000000000 0.000062410 93.000000000 93.000000000 85.000000000 93.000000000
1750225714.000000000 31.276789424499995 120.906625855 1.823900000 4.000000000 0.000065610 1.000000000 0.000000000 0.000000000 0.000062410 93.000000000 93.000000000 85.000000000 93.000000000
1750225714.200000048 31.276789921833327 120.906626557 1.828300000 4.000000000 0.000065610 1.000000000 0.000000000 0.000000000 0.000062410 93.000000000 93.000000000 85.000000000 93.000000000
1750225714.400000095 31.276790148000003 120.906627423 1.823600000 4.000000000 0.000065610 1.000000000 0.000000000 0.000000000 0.000062410 93.000000000 93.000000000 85.000000000 93.000000000
1750225714.599999905 31.2767901255 120.906628323 1.826900000 4.000000000 0.000065610 1.000000000 0.000000000 0.000000000 0.000062410 93.000000000 93.000000000 85.000000000 93.000000000
1750225714.799999952 31.276790316166668 120.906628969 1.832500000 4.000000000 0.000067240 1.000000000 0.000000000 0.000000000 0.000062410 93.000000000 93.000000000 85.000000000 93.000000000
1750225715.000000000 31.27679056866667 120.906629790 1.837400000 4.000000000 0.000067240 1.000000000 0.000000000 0.000000000 0.000064000 93.000000000 93.000000000 85.000000000 93.000000000
1750225715.200000048 31.276790783500005 120.906630618 1.837400000 4.000000000 0.000067240 1.000000000 0.000000000 0.000000000 0.000064000 87.000000000 86.000000000 81.000000000 85.000000000
1750225715.400000095 31.27679092383333 120.906631487 1.838400000 4.000000000 0.000067240 1.000000000 0.000000000 0.000000000 0.000064000 87.000000000 86.000000000 81.000000000 85.000000000
1750225715.599999905 31.276791054833325 120.906632269 1.825000000 4.000000000 0.000077440 1.000000000 0.000000000 0.000000000 0.000075690 87.000000000 86.000000000 81.000000000 85.000000000
1750225715.799999952 31.276791370166663 120.906633038 1.829100000 4.000000000 0.000077440 1.000000000 0.000000000 0.000000000 0.000075690 87.000000000 86.000000000 81.000000000 85.000000000
1750225716.000000000 31.276791453499996 120.906633750 1.827500000 4.000000000 0.000077440 1.000000000 0.000000000 0.000000000 0.000075690 87.000000000 86.000000000 81.000000000 85.000000000
1750225716.200000048 31.276791622666664 120.906634567 1.828800000 4.000000000 0.000077440 1.000000000 0.000000000 0.000000000 0.000075690 91.000000000 87.000000000 80.000000000 83.000000000
1750225716.400000095 31.276791756166674 120.906635486 1.828800000 4.000000000 0.000077440 1.000000000 0.000000000 0.000000000 0.000075690 91.000000000 87.000000000 80.000000000 83.000000000
1750225716.599999905 31.276791812499994 120.906636248 1.811300000 4.000000000 0.000070560 1.000000000 0.000000000 0.000000000 0.000070560 91.000000000 87.000000000 80.000000000 83.000000000
1750225716.799999952 31.276791805166667 120.906637221 1.824500000 4.000000000 0.000070560 1.000000000 0.000000000 0.000000000 0.000070560 91.000000000 87.000000000 80.000000000 83.000000000
1750225717.000000000 31.276791867 120.906638074 1.817200000 4.000000000 0.000072250 1.000000000 0.000000000 0.000000000 0.000072250 91.000000000 87.000000000 80.000000000 83.000000000
1750225717.200000048 31.27679196533333 120.906638778 1.819000000 4.000000000 0.000072250 1.000000000 0.000000000 0.000000000 0.000072250 87.000000000 86.000000000 81.000000000 85.000000000
1750225717.400000095 31.276792041666667 120.906639572 1.822400000 4.000000000 0.000072250 1.000000000 0.000000000 0.000000000 0.000072250 87.000000000 86.000000000 81.000000000 85.000000000
1750225717.599999905 31.276792178833333 120.906640317 1.810200000 4.000000000 0.000086490 1.000000000 0.000000000 0.000000000 0.000079210 87.000000000 86.000000000 81.000000000 85.000000000
1750225717.799999952 31.27679234983333 120.906641015 1.802100000 4.000000000 0.000086490 1.000000000 0.000000000 0.000000000 0.000079210 87.000000000 86.000000000 81.000000000 85.000000000
1750225718.000000000 31.276792535666658 120.906641858 1.802000000 4.000000000 0.000086490 1.000000000 0.000000000 0.000000000 0.000079210 87.000000000 86.000000000 81.000000000 85.000000000
1750225718.200000048 31.2767926665 120.906642680 1.799500000 4.000000000 0.000086490 1.000000000 0.000000000 0.000000000 0.000079210 85.000000000 84.000000000 80.000000000 83.000000000
1750225718.400000095 31.27679273933333 120.906643513 1.801800000 4.000000000 0.000086490 1.000000000 0.000000000 0.000000000 0.000079210 85.000000000 84.000000000 80.000000000 83.000000000
1750225718.599999905 31.27679286766667 120.906644329 1.799600000 4.000000000 0.000094090 1.000000000 0.000000000 0.000000000 0.000086490 85.000000000 84.000000000 80.000000000 83.000000000
1750225718.799999952 31.276792986333334 120.906645132 1.802500000 4.000000000 0.000094090 1.000000000 0.000000000 0.000000000 0.000086490 85.000000000 84.000000000 80.000000000 83.000000000
1750225719.000000000 31.27679307966666 120.906645854 1.790800000 4.000000000 0.000094090 1.000000000 0.000000000 0.000000000 0.000086490 85.000000000 84.000000000 80.000000000 83.000000000
1750225719.200000048 31.27679324383334 120.906646685 1.789100000 4.000000000 0.000094090 1.000000000 0.000000000 0.000000000 0.000086490 83.000000000 84.000000000 81.000000000 85.000000000
1750225719.400000095 31.276793343999998 120.906647499 1.792300000 4.000000000 0.000096040 1.000000000 0.000000000 0.000000000 0.000088360 83.000000000 84.000000000 81.000000000 85.000000000
1750225719.599999905 31.27679333633334 120.906648357 1.795700000 4.000000000 0.000096040 1.000000000 0.000000000 0.000000000 0.000088360 83.000000000 84.000000000 81.000000000 85.000000000
1750225719.799999952 31.276793332833336 120.906649267 1.802200000 4.000000000 0.000096040 1.000000000 0.000000000 0.000000000 0.000088360 83.000000000 84.000000000 81.000000000 85.000000000
1750225720.000000000 31.276793422833336 120.906650044 1.797600000 4.000000000 0.000096040 1.000000000 0.000000000 0.000000000 0.000088360 83.000000000 84.000000000 81.000000000 85.000000000
1750225720.200000048 31.27679348683334 120.906650960 1.807900000 4.000000000 0.000096040 1.000000000 0.000000000 0.000000000 0.000090250 81.000000000 83.000000000 81.000000000 85.000000000
1750225720.400000095 31.276793525000002 120.906651717 1.799500000 4.000000000 0.000094090 1.000000000 0.000000000 0.000000000 0.000086490 81.000000000 83.000000000 81.000000000 85.000000000
1750225720.599999905 31.27679350833334 120.906652543 1.795200000 4.000000000 0.000094090 1.000000000 0.000000000 0.000000000 0.000086490 81.000000000 83.000000000 81.000000000 85.000000000
1750225720.799999952 31.276793521166667 120.906653259 1.799800000 4.000000000 0.000094090 1.000000000 0.000000000 0.000000000 0.000086490 81.000000000 83.000000000 81.000000000 85.000000000
1750225721.000000000 31.276793508833336 120.906654043 1.802000000 4.000000000 0.000094090 1.000000000 0.000000000 0.000000000 0.000086490 81.000000000 83.000000000 81.000000000 85.000000000
1750225721.200000048 31.276793606333328 120.906654860 1.795500000 4.000000000 0.000094090 1.000000000 0.000000000 0.000000000 0.000084640 81.000000000 82.000000000 80.000000000 83.000000000
1750225721.400000095 31.276793657833338 120.906655676 1.793000000 4.000000000 0.000094090 1.000000000 0.000000000 0.000000000 0.000084640 81.000000000 82.000000000 80.000000000 83.000000000
1750225721.599999905 31.276793754166675 120.906656446 1.802900000 4.000000000 0.000084640 1.000000000 0.000000000 0.000000000 0.000077440 81.000000000 82.000000000 80.000000000 83.000000000
1750225721.799999952 31.276793800500002 120.906657303 1.811900000 4.000000000 0.000084640 1.000000000 0.000000000 0.000000000 0.000077440 81.000000000 82.000000000 80.000000000 83.000000000
1750225722.000000000 31.27679384466667 120.906658162 1.811000000 4.000000000 0.000084640 1.000000000 0.000000000 0.000000000 0.000077440 81.000000000 82.000000000 80.000000000 83.000000000
1750225722.200000048 31.276793972999997 120.906658958 1.809900000 4.000000000 0.000082810 1.000000000 0.000000000 0.000000000 0.000077440 87.000000000 86.000000000 81.000000000 85.000000000
1750225722.400000095 31.276794016833335 120.906659828 1.811100000 4.000000000 0.000082810 1.000000000 0.000000000 0.000000000 0.000077440 87.000000000 86.000000000 81.000000000 85.000000000
1750225722.599999905 31.276793988500003 120.906660598 1.815400000 4.000000000 0.000072250 1.000000000 0.000000000 0.000000000 0.000067240 87.000000000 86.000000000 81.000000000 85.000000000
1750225722.799999952 31.276793999666666 120.906661369 1.818100000 4.000000000 0.000072250 1.000000000 0.000000000 0.000000000 0.000067240 87.000000000 86.000000000 81.000000000 85.000000000
1750225723.000000000 31.276793990499996 120.906662134 1.814400000 4.000000000 0.000072250 1.000000000 0.000000000 0.000000000 0.000067240 87.000000000 86.000000000 81.000000000 85.000000000
1750225723.200000048 31.276794049166668 120.906662957 1.820500000 4.000000000 0.000072250 1.000000000 0.000000000 0.000000000 0.000067240 85.000000000 86.000000000 82.000000000 87.000000000
1750225723.400000095 31.2767940505 120.906663798 1.817500000 4.000000000 0.000072250 1.000000000 0.000000000 0.000000000 0.000067240 85.000000000 86.000000000 82.000000000 87.000000000
1750225723.599999905 31.276794117666668 120.906664582 1.812700000 4.000000000 0.000068890 1.000000000 0.000000000 0.000000000 0.000065610 85.000000000 86.000000000 82.000000000 87.000000000
1750225723.799999952 31.276794195333338 120.906665534 1.817000000 4.000000000 0.000068890 1.000000000 0.000000000 0.000000000 0.000065610 85.000000000 86.000000000 82.000000000 87.000000000
1750225724.000000000 31.27679430966667 120.906666379 1.819300000 4.000000000 0.000068890 1.000000000 0.000000000 0.000000000 0.000065610 85.000000000 86.000000000 82.000000000 87.000000000
1750225724.200000048 31.276794494833325 120.906667200 1.820100000 4.000000000 0.000068890 1.000000000 0.000000000 0.000000000 0.000065610 87.000000000 89.000000000 84.000000000 91.000000000
1750225724.400000095 31.27679462666667 120.906668083 1.824700000 4.000000000 0.000068890 1.000000000 0.000000000 0.000000000 0.000065610 87.000000000 89.000000000 84.000000000 91.000000000
1750225724.599999905 31.2767948745 120.906668755 1.829300000 4.000000000 0.000070560 1.000000000 0.000000000 0.000000000 0.000065610 87.000000000 89.000000000 84.000000000 91.000000000
1750225724.799999952 31.276795019833344 120.906669669 1.826700000 4.000000000 0.000070560 1.000000000 0.000000000 0.000000000 0.000065610 87.000000000 89.000000000 84.000000000 91.000000000
1750225725.000000000 31.276795500666665 120.906670277 1.822900000 4.000000000 0.000070560 1.000000000 0.000000000 0.000000000 0.000065610 87.000000000 89.000000000 84.000000000 91.000000000
1750225725.200000048 31.276796014 120.906671010 1.827000000 4.000000000 0.000070560 1.000000000 0.000000000 0.000000000 0.000065610 87.000000000 88.000000000 83.000000000 89.000000000
1750225725.400000095 31.27679640466667 120.906671707 1.829500000 4.000000000 0.000070560 1.000000000 0.000000000 0.000000000 0.000065610 87.000000000 88.000000000 83.000000000 89.000000000
1750225725.599999905 31.27679660966666 120.906672579 1.837200000 4.000000000 0.000075690 1.000000000 0.000000000 0.000000000 0.000070560 87.000000000 88.000000000 83.000000000 89.000000000
1750225725.799999952 31.276796740166674 120.906673458 1.847200000 4.000000000 0.000075690 1.000000000 0.000000000 0.000000000 0.000070560 87.000000000 88.000000000 83.000000000 89.000000000
1750225726.000000000 31.27679682833333 120.906674334 1.843300000 4.000000000 0.000075690 1.000000000 0.000000000 0.000000000 0.000070560 87.000000000 88.000000000 83.000000000 89.000000000
1750225726.200000048 31.276796882666673 120.906675243 1.844300000 4.000000000 0.000075690 1.000000000 0.000000000 0.000000000 0.000070560 89.000000000 89.000000000 83.000000000 89.000000000
1750225726.400000095 31.276796916166674 120.906676040 1.838400000 4.000000000 0.000075690 1.000000000 0.000000000 0.000000000 0.000070560 89.000000000 89.000000000 83.000000000 89.000000000
1750225726.599999905 31.27679692550001 120.906676819 1.842100000 4.000000000 0.000075690 1.000000000 0.000000000 0.000000000 0.000068890 89.000000000 89.000000000 83.000000000 89.000000000
1750225726.799999952 31.276797012499998 120.906677623 1.844300000 4.000000000 0.000075690 1.000000000 0.000000000 0.000000000 0.000068890 89.000000000 89.000000000 83.000000000 89.000000000
1750225727.000000000 31.2767970875 120.906678445 1.845700000 4.000000000 0.000075690 1.000000000 0.000000000 0.000000000 0.000068890 89.000000000 89.000000000 83.000000000 89.000000000
1750225727.200000048 31.276797036666665 120.906679306 1.847900000 4.000000000 0.000075690 1.000000000 0.000000000 0.000000000 0.000068890 89.000000000 89.000000000 83.000000000 89.000000000
1750225727.400000095 31.276797015499994 120.906680144 1.846600000 4.000000000 0.000075690 1.000000000 0.000000000 0.000000000 0.000068890 89.000000000 89.000000000 83.000000000 89.000000000
1750225727.599999905 31.27679701133333 120.906681050 1.845100000 4.000000000 0.000077440 1.000000000 0.000000000 0.000000000 0.000067240 89.000000000 89.000000000 83.000000000 89.000000000
1750225727.799999952 31.27679692716667 120.906681881 1.852000000 4.000000000 0.000077440 1.000000000 0.000000000 0.000000000 0.000067240 89.000000000 89.000000000 83.000000000 89.000000000
1750225728.000000000 31.276796810166672 120.906682791 1.854800000 4.000000000 0.000077440 1.000000000 0.000000000 0.000000000 0.000067240 89.000000000 89.000000000 83.000000000 89.000000000
1750225728.200000048 31.27679673583333 120.906683773 1.849800000 4.000000000 0.000077440 1.000000000 0.000000000 0.000000000 0.000067240 91.000000000 90.000000000 83.000000000 89.000000000
1750225728.400000095 31.276796858833336 120.906684611 1.850000000 4.000000000 0.000077440 1.000000000 0.000000000 0.000000000 0.000068890 91.000000000 90.000000000 83.000000000 89.000000000
1750225728.599999905 31.276797200333334 120.906685429 1.847200000 4.000000000 0.000073960 1.000000000 0.000000000 0.000000000 0.000067240 91.000000000 90.000000000 83.000000000 89.000000000
1750225728.799999952 31.27679758166667 120.906686259 1.851200000 4.000000000 0.000073960 1.000000000 0.000000000 0.000000000 0.000067240 91.000000000 90.000000000 83.000000000 89.000000000
1750225729.000000000 31.27679787583334 120.906687058 1.855400000 4.000000000 0.000073960 1.000000000 0.000000000 0.000000000 0.000067240 91.000000000 90.000000000 83.000000000 89.000000000
1750225729.200000048 31.276797983833333 120.906687902 1.850500000 4.000000000 0.000073960 1.000000000 0.000000000 0.000000000 0.000067240 91.000000000 90.000000000 83.000000000 89.000000000
1750225729.400000095 31.276798059833325 120.906688684 1.854500000 4.000000000 0.000073960 1.000000000 0.000000000 0.000000000 0.000067240 91.000000000 90.000000000 83.000000000 89.000000000
1750225729.599999905 31.276798162666665 120.906689572 1.858900000 4.000000000 0.000068890 1.000000000 0.000000000 0.000000000 0.000060840 91.000000000 90.000000000 83.000000000 89.000000000
1750225729.799999952 31.27679821316667 120.906690314 1.856500000 4.000000000 0.000068890 1.000000000 0.000000000 0.000000000 0.000060840 91.000000000 90.000000000 83.000000000 89.000000000
1750225730.000000000 31.276798331166674 120.906691148 1.861600000 4.000000000 0.000068890 1.000000000 0.000000000 0.000000000 0.000060840 91.000000000 90.000000000 83.000000000 89.000000000
1750225730.200000048 31.27679842416667 120.906691927 1.850600000 4.000000000 0.000068890 1.000000000 0.000000000 0.000000000 0.000060840 91.000000000 91.000000000 84.000000000 91.000000000
1750225730.400000095 31.276798440333323 120.906692652 1.849400000 4.000000000 0.000068890 1.000000000 0.000000000 0.000000000 0.000060840 91.000000000 91.000000000 84.000000000 91.000000000
1750225730.599999905 31.276798491666668 120.906693527 1.840100000 4.000000000 0.000067240 1.000000000 0.000000000 0.000000000 0.000060840 91.000000000 91.000000000 84.000000000 91.000000000
1750225730.799999952 31.276798500333328 120.906694393 1.841800000 4.000000000 0.000067240 1.000000000 0.000000000 0.000000000 0.000060840 91.000000000 91.000000000 84.000000000 91.000000000
1750225731.000000000 31.276798478333333 120.906695277 1.841500000 4.000000000 0.000067240 1.000000000 0.000000000 0.000000000 0.000060840 91.000000000 91.000000000 84.000000000 91.000000000
1750225731.200000048 31.2767985105 120.906696190 1.839900000 4.000000000 0.000067240 1.000000000 0.000000000 0.000000000 0.000060840 91.000000000 91.000000000 84.000000000 91.000000000
1750225731.400000095 31.276798496333342 120.906697126 1.846300000 4.000000000 0.000068890 1.000000000 0.000000000 0.000000000 0.000060840 91.000000000 91.000000000 84.000000000 91.000000000
1750225731.599999905 31.27679854433333 120.906697870 1.833200000 4.000000000 0.000065610 1.000000000 0.000000000 0.000000000 0.000060840 91.000000000 91.000000000 84.000000000 91.000000000
1750225731.799999952 31.276798629666672 120.906698505 1.826300000 4.000000000 0.000065610 1.000000000 0.000000000 0.000000000 0.000060840 91.000000000 91.000000000 84.000000000 91.000000000
1750225732.000000000 31.276798787000004 120.906699294 1.829300000 4.000000000 0.000065610 1.000000000 0.000000000 0.000000000 0.000059290 91.000000000 91.000000000 84.000000000 91.000000000
1750225732.200000048 31.276798676 120.906699931 1.832900000 4.000000000 0.000065610 1.000000000 0.000000000 0.000000000 0.000060840 89.000000000 88.000000000 82.000000000 87.000000000
1750225732.400000095 31.276798496833337 120.906700237 1.834500000 4.000000000 0.000065610 1.000000000 0.000000000 0.000000000 0.000060840 89.000000000 88.000000000 82.000000000 87.000000000
1750225732.599999905 31.276798315666667 120.906700486 1.826500000 4.000000000 0.000067240 1.000000000 0.000000000 0.000000000 0.000060840 89.000000000 88.000000000 82.000000000 87.000000000
1750225732.799999952 31.27679835250001 120.906700945 1.824400000 4.000000000 0.000067240 1.000000000 0.000000000 0.000000000 0.000060840 89.000000000 88.000000000 82.000000000 87.000000000
1750225733.000000000 31.276798736666663 120.906701621 1.827500000 4.000000000 0.000067240 1.000000000 0.000000000 0.000000000 0.000060840 89.000000000 88.000000000 82.000000000 87.000000000
1750225733.200000048 31.276799406500004 120.906702275 1.829500000 4.000000000 0.000068890 1.000000000 0.000000000 0.000000000 0.000062410 89.000000000 88.000000000 82.000000000 87.000000000
1750225733.400000095 31.276800125333324 120.906702731 1.830700000 4.000000000 0.000068890 1.000000000 0.000000000 0.000000000 0.000062410 89.000000000 88.000000000 82.000000000 87.000000000
1750225733.599999905 31.27680083683333 120.906702826 1.810600000 4.000000000 0.000075690 1.000000000 0.000000000 0.000000000 0.000067240 89.000000000 88.000000000 82.000000000 87.000000000
1750225733.799999952 31.276801664999994 120.906703103 1.802700000 4.000000000 0.000075690 1.000000000 0.000000000 0.000000000 0.000067240 89.000000000 88.000000000 82.000000000 87.000000000
1750225734.000000000 31.276802400333338 120.906703026 1.801600000 4.000000000 0.000075690 1.000000000 0.000000000 0.000000000 0.000067240 89.000000000 88.000000000 82.000000000 87.000000000
1750225734.200000048 31.276802846500004 120.906702809 1.810000000 4.000000000 0.000075690 1.000000000 0.000000000 0.000000000 0.000068890 91.000000000 90.000000000 83.000000000 89.000000000
1750225734.400000095 31.276803238499994 120.906702647 1.810500000 4.000000000 0.000075690 1.000000000 0.000000000 0.000000000 0.000068890 91.000000000 90.000000000 83.000000000 89.000000000
1750225734.599999905 31.27680397649999 120.906702685 1.835800000 4.000000000 0.000075690 1.000000000 0.000000000 0.000000000 0.000067240 91.000000000 90.000000000 83.000000000 89.000000000
1750225734.799999952 31.276804690000006 120.906703260 1.840900000 4.000000000 0.000075690 1.000000000 0.000000000 0.000000000 0.000068890 91.000000000 90.000000000 83.000000000 89.000000000
1750225735.000000000 31.276805159666665 120.906703998 1.835400000 4.000000000 0.000075690 1.000000000 0.000000000 0.000000000 0.000067240 91.000000000 90.000000000 83.000000000 89.000000000
1750225735.200000048 31.27680563683333 120.906704605 1.845600000 4.000000000 0.000075690 1.000000000 0.000000000 0.000000000 0.000067240 85.000000000 86.000000000 82.000000000 87.000000000
1750225735.400000095 31.2768061285 120.906704954 1.842500000 4.000000000 0.000075690 1.000000000 0.000000000 0.000000000 0.000067240 85.000000000 86.000000000 82.000000000 87.000000000
1750225735.599999905 31.276806491499997 120.906705350 1.820000000 4.000000000 0.000077440 1.000000000 0.000000000 0.000000000 0.000068890 85.000000000 86.000000000 82.000000000 87.000000000
1750225735.799999952 31.276806964000002 120.906706082 1.820000000 4.000000000 0.000077440 1.000000000 0.000000000 0.000000000 0.000068890 85.000000000 86.000000000 82.000000000 87.000000000
1750225736.000000000 31.27680680816667 120.906706802 1.821300000 4.000000000 0.000079210 1.000000000 0.000000000 0.000000000 0.000070560 85.000000000 86.000000000 82.000000000 87.000000000
1750225736.200000048 31.276806481333324 120.906707572 1.826900000 4.000000000 0.000079210 1.000000000 0.000000000 0.000000000 0.000070560 85.000000000 85.000000000 81.000000000 85.000000000
1750225736.400000095 31.276806040833335 120.906708340 1.824000000 4.000000000 0.000081000 1.000000000 0.000000000 0.000000000 0.000070560 85.000000000 85.000000000 81.000000000 85.000000000
1750225736.599999905 31.27680562883333 120.906709099 1.830900000 4.000000000 0.000084640 1.000000000 0.000000000 0.000000000 0.000075690 85.000000000 85.000000000 81.000000000 85.000000000
1750225736.799999952 31.276805532333327 120.906709902 1.826500000 4.000000000 0.000084640 1.000000000 0.000000000 0.000000000 0.000075690 85.000000000 85.000000000 81.000000000 85.000000000
1750225737.000000000 31.27680568933333 120.906710690 1.827500000 4.000000000 0.000084640 1.000000000 0.000000000 0.000000000 0.000075690 85.000000000 85.000000000 81.000000000 85.000000000
1750225737.200000048 31.276805976666665 120.906711096 1.824200000 4.000000000 0.000084640 1.000000000 0.000000000 0.000000000 0.000075690 79.000000000 81.000000000 80.000000000 83.000000000
1750225737.400000095 31.276806237499997 120.906711290 1.822600000 4.000000000 0.000084640 1.000000000 0.000000000 0.000000000 0.000075690 79.000000000 81.000000000 80.000000000 83.000000000
1750225737.599999905 31.27680643166667 120.906711527 1.803200000 4.000000000 0.000098010 1.000000000 0.000000000 0.000000000 0.000092160 79.000000000 81.000000000 80.000000000 83.000000000
1750225737.799999952 31.276806629666666 120.906711696 1.790500000 4.000000000 0.000098010 1.000000000 0.000000000 0.000000000 0.000092160 79.000000000 81.000000000 80.000000000 83.000000000
1750225738.000000000 31.276806670499994 120.906711925 1.789900000 4.000000000 0.000098010 1.000000000 0.000000000 0.000000000 0.000092160 79.000000000 81.000000000 80.000000000 83.000000000
1750225738.200000048 31.27680665683333 120.906712637 1.789400000 4.000000000 0.000098010 1.000000000 0.000000000 0.000000000 0.000092160 81.000000000 82.000000000 80.000000000 83.000000000
1750225738.400000095 31.276806270166674 120.906713216 1.803600000 4.000000000 0.000104040 1.000000000 0.000000000 0.000000000 0.000096040 81.000000000 82.000000000 80.000000000 83.000000000
1750225738.599999905 31.276805679666666 120.906713626 1.811200000 4.000000000 0.000106090 1.000000000 0.000000000 0.000000000 0.000096040 81.000000000 82.000000000 80.000000000 83.000000000
1750225738.799999952 31.27680487666666 120.906713952 1.812200000 4.000000000 0.000106090 1.000000000 0.000000000 0.000000000 0.000096040 81.000000000 82.000000000 80.000000000 83.000000000
1750225739.000000000 31.276804221666666 120.906714206 1.807000000 4.000000000 0.000106090 1.000000000 0.000000000 0.000000000 0.000096040 81.000000000 82.000000000 80.000000000 83.000000000
1750225739.200000048 31.276803475166673 120.906714500 1.811700000 4.000000000 0.000106090 1.000000000 0.000000000 0.000000000 0.000096040 81.000000000 81.000000000 79.000000000 81.000000000
1750225739.400000095 31.27680296566666 120.906714435 1.822100000 4.000000000 0.000108160 1.000000000 0.000000000 0.000000000 0.000100000 81.000000000 81.000000000 79.000000000 81.000000000
1750225739.599999905 31.276802693666667 120.906714252 1.814800000 4.000000000 0.000108160 1.000000000 0.000000000 0.000000000 0.000100000 81.000000000 81.000000000 79.000000000 81.000000000
1750225739.799999952 31.276802554499994 120.906714037 1.810600000 4.000000000 0.000108160 1.000000000 0.000000000 0.000000000 0.000100000 81.000000000 81.000000000 79.000000000 81.000000000
1750225740.000000000 31.276802341999996 120.906713869 1.811500000 4.000000000 0.000108160 1.000000000 0.000000000 0.000000000 0.000100000 81.000000000 81.000000000 79.000000000 81.000000000
1750225740.200000048 31.276802164000003 120.906713767 1.818200000 4.000000000 0.000106090 1.000000000 0.000000000 0.000000000 0.000098010 85.000000000 85.000000000 81.000000000 85.000000000
1750225740.400000095 31.27680199416666 120.906713784 1.820100000 4.000000000 0.000106090 1.000000000 0.000000000 0.000000000 0.000098010 85.000000000 85.000000000 81.000000000 85.000000000
1750225740.599999905 31.27680164233334 120.906714025 1.820100000 4.000000000 0.000082810 1.000000000 0.000000000 0.000000000 0.000075690 85.000000000 85.000000000 81.000000000 85.000000000
1750225740.799999952 31.2768011335 120.906714807 1.813700000 4.000000000 0.000082810 1.000000000 0.000000000 0.000000000 0.000075690 85.000000000 85.000000000 81.000000000 85.000000000
1750225741.000000000 31.27680086433334 120.906715637 1.827900000 4.000000000 0.000082810 1.000000000 0.000000000 0.000000000 0.000075690 85.000000000 85.000000000 81.000000000 85.000000000
1750225741.200000048 31.27680058316666 120.906716514 1.813600000 4.000000000 0.000084640 1.000000000 0.000000000 0.000000000 0.000077440 85.000000000 86.000000000 82.000000000 87.000000000
1750225741.400000095 31.27680052316667 120.906717313 1.817100000 4.000000000 0.000084640 1.000000000 0.000000000 0.000000000 0.000077440 85.000000000 86.000000000 82.000000000 87.000000000
1750225741.599999905 31.276800371833332 120.906718225 1.829600000 4.000000000 0.000082810 1.000000000 0.000000000 0.000000000 0.000073960 85.000000000 86.000000000 82.000000000 87.000000000
1750225741.799999952 31.27680030816667 120.906718972 1.817200000 4.000000000 0.000082810 1.000000000 0.000000000 0.000000000 0.000073960 85.000000000 86.000000000 82.000000000 87.000000000
1750225742.000000000 31.276800416166665 120.906719745 1.826700000 4.000000000 0.000082810 1.000000000 0.000000000 0.000000000 0.000073960 85.000000000 86.000000000 82.000000000 87.000000000
1750225742.200000048 31.27680057016667 120.906720511 1.825400000 4.000000000 0.000082810 1.000000000 0.000000000 0.000000000 0.000073960 85.000000000 85.000000000 81.000000000 85.000000000
1750225742.400000095 31.27680112633334 120.906721093 1.807600000 4.000000000 0.000082810 1.000000000 0.000000000 0.000000000 0.000073960 85.000000000 85.000000000 81.000000000 85.000000000
1750225742.599999905 31.276801371000005 120.906721893 1.806400000 4.000000000 0.000082810 1.000000000 0.000000000 0.000000000 0.000072250 85.000000000 85.000000000 81.000000000 85.000000000
1750225742.799999952 31.276801532166658 120.906722788 1.811100000 4.000000000 0.000082810 1.000000000 0.000000000 0.000000000 0.000072250 85.000000000 85.000000000 81.000000000 85.000000000
1750225743.000000000 31.276801683333332 120.906723555 1.812700000 4.000000000 0.000082810 1.000000000 0.000000000 0.000000000 0.000072250 85.000000000 85.000000000 81.000000000 85.000000000
1750225743.200000048 31.276801794333323 120.906724255 1.797900000 4.000000000 0.000084640 1.000000000 0.000000000 0.000000000 0.000072250 83.000000000 85.000000000 82.000000000 87.000000000
1750225743.400000095 31.27680197316667 120.906725029 1.806000000 4.000000000 0.000084640 1.000000000 0.000000000 0.000000000 0.000072250 83.000000000 85.000000000 82.000000000 87.000000000
1750225743.599999905 31.276802057833336 120.906725857 1.821800000 4.000000000 0.000081000 1.000000000 0.000000000 0.000000000 0.000072250 83.000000000 85.000000000 82.000000000 87.000000000
1750225743.799999952 31.27680215533333 120.906726638 1.837400000 4.000000000 0.000081000 1.000000000 0.000000000 0.000000000 0.000072250 83.000000000 85.000000000 82.000000000 87.000000000
1750225744.000000000 31.276802333000006 120.906727476 1.829000000 4.000000000 0.000081000 1.000000000 0.000000000 0.000000000 0.000072250 83.000000000 85.000000000 82.000000000 87.000000000
1750225744.200000048 31.276802538833337 120.906728294 1.830500000 4.000000000 0.000081000 1.000000000 0.000000000 0.000000000 0.000072250 85.000000000 86.000000000 82.000000000 87.000000000
1750225744.400000095 31.27680276533333 120.906729076 1.835200000 4.000000000 0.000081000 1.000000000 0.000000000 0.000000000 0.000072250 85.000000000 86.000000000 82.000000000 87.000000000
1750225744.599999905 31.276802960166663 120.906729869 1.834700000 4.000000000 0.000079210 1.000000000 0.000000000 0.000000000 0.000075690 85.000000000 86.000000000 82.000000000 87.000000000
1750225744.799999952 31.276803150666666 120.906730676 1.831500000 4.000000000 0.000081000 1.000000000 0.000000000 0.000000000 0.000077440 85.000000000 86.000000000 82.000000000 87.000000000
1750225745.000000000 31.27680321316666 120.906731478 1.835400000 4.000000000 0.000081000 1.000000000 0.000000000 0.000000000 0.000077440 85.000000000 86.000000000 82.000000000 87.000000000
1750225745.200000048 31.276803413833335 120.906732303 1.834600000 4.000000000 0.000081000 1.000000000 0.000000000 0.000000000 0.000077440 79.000000000 80.000000000 79.000000000 81.000000000
1750225745.400000095 31.27680370066666 120.906733015 1.829900000 4.000000000 0.000081000 1.000000000 0.000000000 0.000000000 0.000077440 79.000000000 80.000000000 79.000000000 81.000000000
1750225745.599999905 31.27680386516667 120.906733839 1.839100000 4.000000000 0.000096040 1.000000000 0.000000000 0.000000000 0.000086490 79.000000000 80.000000000 79.000000000 81.000000000
1750225745.799999952 31.27680407733334 120.906734641 1.835700000 4.000000000 0.000098010 1.000000000 0.000000000 0.000000000 0.000086490 79.000000000 80.000000000 79.000000000 81.000000000
1750225746.000000000 31.276804218833334 120.906735365 1.824600000 4.000000000 0.000096040 1.000000000 0.000000000 0.000000000 0.000086490 79.000000000 80.000000000 79.000000000 81.000000000
1750225746.200000048 31.27680439833334 120.906736118 1.816800000 4.000000000 0.000098010 1.000000000 0.000000000 0.000000000 0.000088360 79.000000000 81.000000000 80.000000000 83.000000000
1750225746.400000095 31.276804607000003 120.906736922 1.815400000 4.000000000 0.000098010 1.000000000 0.000000000 0.000000000 0.000088360 79.000000000 81.000000000 80.000000000 83.000000000
1750225746.599999905 31.2768048545 120.906737674 1.830200000 4.000000000 0.000102010 1.000000000 0.000000000 0.000000000 0.000090250 79.000000000 81.000000000 80.000000000 83.000000000
1750225746.799999952 31.276805057999994 120.906738457 1.840100000 4.000000000 0.000102010 1.000000000 0.000000000 0.000000000 0.000090250 79.000000000 81.000000000 80.000000000 83.000000000
1750225747.000000000 31.27680528083333 120.906739202 1.825100000 4.000000000 0.000102010 1.000000000 0.000000000 0.000000000 0.000090250 79.000000000 81.000000000 80.000000000 83.000000000
1750225747.200000048 31.276805595166664 120.906739961 1.822000000 4.000000000 0.000102010 1.000000000 0.000000000 0.000000000 0.000090250 79.000000000 80.000000000 79.000000000 81.000000000
1750225747.400000095 31.27680591383333 120.906740744 1.833400000 4.000000000 0.000104040 1.000000000 0.000000000 0.000000000 0.000090250 79.000000000 80.000000000 79.000000000 81.000000000
1750225747.599999905 31.276806271833337 120.906741617 1.823200000 4.000000000 0.000108160 1.000000000 0.000000000 0.000000000 0.000088360 79.000000000 80.000000000 79.000000000 81.000000000
1750225747.799999952 31.276806465166672 120.906742427 1.832900000 4.000000000 0.000108160 1.000000000 0.000000000 0.000000000 0.000088360 79.000000000 80.000000000 79.000000000 81.000000000
1750225748.000000000 31.276806520999997 120.906743272 1.835300000 4.000000000 0.000108160 1.000000000 0.000000000 0.000000000 0.000088360 79.000000000 80.000000000 79.000000000 81.000000000
1750225748.200000048 31.276806451 120.906744120 1.831200000 4.000000000 0.000108160 1.000000000 0.000000000 0.000000000 0.000088360 77.000000000 79.000000000 79.000000000 81.000000000
1750225748.400000095 31.276806393166666 120.906744948 1.836700000 4.000000000 0.000106090 1.000000000 0.000000000 0.000000000 0.000086490 77.000000000 79.000000000 79.000000000 81.000000000
1750225748.599999905 31.27680627800001 120.906745711 1.825600000 4.000000000 0.000110250 1.000000000 0.000000000 0.000000000 0.000094090 77.000000000 79.000000000 79.000000000 81.000000000
1750225748.799999952 31.276806196500004 120.906746558 1.829200000 4.000000000 0.000110250 1.000000000 0.000000000 0.000000000 0.000094090 77.000000000 79.000000000 79.000000000 81.000000000
1750225749.000000000 31.276806147000002 120.906747351 1.828500000 4.000000000 0.000110250 1.000000000 0.000000000 0.000000000 0.000096040 77.000000000 79.000000000 79.000000000 81.000000000
1750225749.200000048 31.276806142499993 120.906748167 1.821300000 4.000000000 0.000108160 1.000000000 0.000000000 0.000000000 0.000092160 81.000000000 81.000000000 79.000000000 81.000000000
1750225749.400000095 31.276806112166668 120.906749020 1.824900000 4.000000000 0.000110250 1.000000000 0.000000000 0.000000000 0.000094090 81.000000000 81.000000000 79.000000000 81.000000000
1750225749.599999905 31.276806082500002 120.906749958 1.820400000 4.000000000 0.000086490 1.000000000 0.000000000 0.000000000 0.000079210 81.000000000 81.000000000 79.000000000 81.000000000
1750225749.799999952 31.276806094999998 120.906750819 1.826300000 4.000000000 0.000086490 1.000000000 0.000000000 0.000000000 0.000079210 81.000000000 81.000000000 79.000000000 81.000000000
1750225750.000000000 31.27680620533333 120.906751600 1.822700000 4.000000000 0.000086490 1.000000000 0.000000000 0.000000000 0.000079210 81.000000000 81.000000000 79.000000000 81.000000000
1750225750.200000048 31.276806376833335 120.906752417 1.819900000 4.000000000 0.000086490 1.000000000 0.000000000 0.000000000 0.000079210 85.000000000 86.000000000 82.000000000 87.000000000
1750225750.400000095 31.276806681500005 120.906753266 1.817500000 4.000000000 0.000086490 1.000000000 0.000000000 0.000000000 0.000079210 85.000000000 86.000000000 82.000000000 87.000000000
1750225750.599999905 31.27680678433333 120.906754079 1.819200000 4.000000000 0.000077440 1.000000000 0.000000000 0.000000000 0.000073960 85.000000000 86.000000000 82.000000000 87.000000000
1750225750.799999952 31.27680678116667 120.906754887 1.819500000 4.000000000 0.000077440 1.000000000 0.000000000 0.000000000 0.000073960 85.000000000 86.000000000 82.000000000 87.000000000
1750225751.000000000 31.276806829833333 120.906755631 1.820200000 4.000000000 0.000077440 1.000000000 0.000000000 0.000000000 0.000073960 85.000000000 86.000000000 82.000000000 87.000000000
1750225751.200000048 31.27680681966666 120.906756447 1.813800000 4.000000000 0.000077440 1.000000000 0.000000000 0.000000000 0.000072250 85.000000000 85.000000000 81.000000000 85.000000000
1750225751.400000095 31.27680688999999 120.906757179 1.811300000 4.000000000 0.000077440 1.000000000 0.000000000 0.000000000 0.000072250 85.000000000 85.000000000 81.000000000 85.000000000
1750225751.599999905 31.276806929166668 120.906758081 1.817900000 4.000000000 0.000073960 1.000000000 0.000000000 0.000000000 0.000068890 85.000000000 85.000000000 81.000000000 85.000000000
1750225751.799999952 31.276807040666668 120.906758896 1.813300000 4.000000000 0.000073960 1.000000000 0.000000000 0.000000000 0.000068890 85.000000000 85.000000000 81.000000000 85.000000000
1750225752.000000000 31.27680712 120.906759650 1.816700000 4.000000000 0.000073960 1.000000000 0.000000000 0.000000000 0.000068890 85.000000000 85.000000000 81.000000000 85.000000000
1750225752.200000048 31.276807178833337 120.906760531 1.819100000 4.000000000 0.000073960 1.000000000 0.000000000 0.000000000 0.000068890 85.000000000 87.000000000 83.000000000 89.000000000
1750225752.400000095 31.27680711233333 120.906761304 1.818500000 4.000000000 0.000073960 1.000000000 0.000000000 0.000000000 0.000068890 85.000000000 87.000000000 83.000000000 89.000000000
1750225752.599999905 31.276807178166678 120.906762054 1.815300000 4.000000000 0.000070560 1.000000000 0.000000000 0.000000000 0.000059290 85.000000000 87.000000000 83.000000000 89.000000000
1750225752.799999952 31.276807186833338 120.906762956 1.817000000 4.000000000 0.000070560 1.000000000 0.000000000 0.000000000 0.000059290 85.000000000 87.000000000 83.000000000 89.000000000
1750225753.000000000 31.27680717283333 120.906763849 1.820600000 4.000000000 0.000070560 1.000000000 0.000000000 0.000000000 0.000060840 85.000000000 87.000000000 83.000000000 89.000000000
1750225753.200000048 31.276807192666666 120.906764628 1.818400000 4.000000000 0.000070560 1.000000000 0.000000000 0.000000000 0.000060840 89.000000000 89.000000000 83.000000000 89.000000000
1750225753.400000095 31.2768072315 120.906765368 1.818700000 4.000000000 0.000070560 1.000000000 0.000000000 0.000000000 0.000060840 89.000000000 89.000000000 83.000000000 89.000000000
1750225753.599999905 31.276807333333338 120.906766166 1.815500000 4.000000000 0.000067240 1.000000000 0.000000000 0.000000000 0.000059290 89.000000000 89.000000000 83.000000000 89.000000000
1750225753.799999952 31.276807548166673 120.906767131 1.815400000 4.000000000 0.000067240 1.000000000 0.000000000 0.000000000 0.000059290 89.000000000 89.000000000 83.000000000 89.000000000
1750225754.000000000 31.27680761233333 120.906767886 1.808500000 4.000000000 0.000067240 1.000000000 0.000000000 0.000000000 0.000059290 89.000000000 89.000000000 83.000000000 89.000000000
1750225754.200000048 31.276807715666678 120.906768722 1.806500000 4.000000000 0.000068890 1.000000000 0.000000000 0.000000000 0.000059290 87.000000000 88.000000000 83.000000000 89.000000000
1750225754.400000095 31.27680787 120.906769467 1.807500000 4.000000000 0.000068890 1.000000000 0.000000000 0.000000000 0.000059290 87.000000000 88.000000000 83.000000000 89.000000000
1750225754.599999905 31.27680795399999 120.906770401 1.809300000 4.000000000 0.000068890 1.000000000 0.000000000 0.000000000 0.000060840 87.000000000 88.000000000 83.000000000 89.000000000
1750225754.799999952 31.27680791583333 120.906771276 1.822400000 4.000000000 0.000068890 1.000000000 0.000000000 0.000000000 0.000060840 87.000000000 88.000000000 83.000000000 89.000000000
1750225755.000000000 31.276807954166657 120.906772173 1.821100000 4.000000000 0.000068890 1.000000000 0.000000000 0.000000000 0.000060840 87.000000000 88.000000000 83.000000000 89.000000000
1750225755.200000048 31.27680797166667 120.906772961 1.824500000 4.000000000 0.000068890 1.000000000 0.000000000 0.000000000 0.000062410 87.000000000 88.000000000 83.000000000 89.000000000
1750225755.400000095 31.27680806316667 120.906773775 1.816700000 4.000000000 0.000068890 1.000000000 0.000000000 0.000000000 0.000062410 87.000000000 88.000000000 83.000000000 89.000000000
1750225755.599999905 31.276808199 120.906774633 1.810800000 4.000000000 0.000067240 1.000000000 0.000000000 0.000000000 0.000060840 87.000000000 88.000000000 83.000000000 89.000000000
1750225755.799999952 31.276808300166664 120.906775442 1.817800000 4.000000000 0.000067240 1.000000000 0.000000000 0.000000000 0.000060840 87.000000000 88.000000000 83.000000000 89.000000000
1750225756.000000000 31.276808415000005 120.906776303 1.815500000 4.000000000 0.000067240 1.000000000 0.000000000 0.000000000 0.000060840 87.000000000 88.000000000 83.000000000 89.000000000
1750225756.200000048 31.276808597833337 120.906777147 1.819200000 4.000000000 0.000067240 1.000000000 0.000000000 0.000000000 0.000060840 85.000000000 85.000000000 81.000000000 85.000000000
1750225756.400000095 31.276808704333334 120.906777918 1.822700000 4.000000000 0.000067240 1.000000000 0.000000000 0.000000000 0.000060840 85.000000000 85.000000000 81.000000000 85.000000000
1750225756.599999905 31.276808769166678 120.906778757 1.813500000 4.000000000 0.000067240 1.000000000 0.000000000 0.000000000 0.000062410 85.000000000 85.000000000 81.000000000 85.000000000
1750225756.799999952 31.276808873166672 120.906779529 1.808600000 4.000000000 0.000067240 1.000000000 0.000000000 0.000000000 0.000062410 85.000000000 85.000000000 81.000000000 85.000000000
1750225757.000000000 31.276808928333338 120.906780348 1.802400000 4.000000000 0.000067240 1.000000000 0.000000000 0.000000000 0.000062410 85.000000000 85.000000000 81.000000000 85.000000000
1750225757.200000048 31.276809093166662 120.906781132 1.800300000 4.000000000 0.000067240 1.000000000 0.000000000 0.000000000 0.000062410 85.000000000 85.000000000 81.000000000 85.000000000
1750225757.400000095 31.276809215166665 120.906781934 1.791800000 4.000000000 0.000067240 1.000000000 0.000000000 0.000000000 0.000062410 85.000000000 85.000000000 81.000000000 85.000000000
1750225757.599999905 31.27680919233333 120.906782718 1.792600000 4.000000000 0.000064000 1.000000000 0.000000000 0.000000000 0.000057760 85.000000000 85.000000000 81.000000000 85.000000000
1750225757.799999952 31.276809229666668 120.906783479 1.806600000 4.000000000 0.000064000 1.000000000 0.000000000 0.000000000 0.000057760 85.000000000 85.000000000 81.000000000 85.000000000
1750225758.000000000 31.276809320333342 120.906784232 1.808500000 4.000000000 0.000064000 1.000000000 0.000000000 0.000000000 0.000057760 85.000000000 85.000000000 81.000000000 85.000000000
1750225758.200000048 31.276809391 120.906785152 1.815100000 4.000000000 0.000064000 1.000000000 0.000000000 0.000000000 0.000057760 85.000000000 86.000000000 82.000000000 87.000000000
1750225758.400000095 31.27680954116667 120.906785894 1.814300000 4.000000000 0.000064000 1.000000000 0.000000000 0.000000000 0.000057760 85.000000000 86.000000000 82.000000000 87.000000000
1750225758.599999905 31.2768095965 120.906786777 1.812900000 4.000000000 0.000067240 1.000000000 0.000000000 0.000000000 0.000059290 85.000000000 86.000000000 82.000000000 87.000000000
1750225758.799999952 31.276809667166674 120.906787669 1.815600000 4.000000000 0.000067240 1.000000000 0.000000000 0.000000000 0.000059290 85.000000000 86.000000000 82.000000000 87.000000000
1750225759.000000000 31.27680969783333 120.906788476 1.816800000 4.000000000 0.000067240 1.000000000 0.000000000 0.000000000 0.000059290 85.000000000 86.000000000 82.000000000 87.000000000
1750225759.200000048 31.276809778499995 120.906789271 1.818500000 4.000000000 0.000067240 1.000000000 0.000000000 0.000000000 0.000059290 85.000000000 86.000000000 82.000000000 87.000000000
1750225759.400000095 31.276809925833334 120.906790003 1.814200000 4.000000000 0.000067240 1.000000000 0.000000000 0.000000000 0.000059290 85.000000000 86.000000000 82.000000000 87.000000000
1750225759.599999905 31.276810009000002 120.906790775 1.813700000 4.000000000 0.000068890 1.000000000 0.000000000 0.000000000 0.000059290 85.000000000 86.000000000 82.000000000 87.000000000
1750225759.799999952 31.276810097833334 120.906791530 1.817800000 4.000000000 0.000068890 1.000000000 0.000000000 0.000000000 0.000059290 85.000000000 86.000000000 82.000000000 87.000000000
1750225760.000000000 31.276810178000005 120.906792306 1.817900000 4.000000000 0.000070560 1.000000000 0.000000000 0.000000000 0.000059290 85.000000000 86.000000000 82.000000000 87.000000000
1750225760.200000048 31.27681035083333 120.906793074 1.819800000 4.000000000 0.000070560 1.000000000 0.000000000 0.000000000 0.000060840 85.000000000 86.000000000 82.000000000 87.000000000
1750225760.400000095 31.276810507999997 120.906793884 1.829900000 4.000000000 0.000070560 1.000000000 0.000000000 0.000000000 0.000060840 85.000000000 86.000000000 82.000000000 87.000000000
1750225760.599999905 31.27681067233334 120.906794753 1.830500000 4.000000000 0.000070560 1.000000000 0.000000000 0.000000000 0.000059290 85.000000000 86.000000000 82.000000000 87.000000000
1750225760.799999952 31.276810808833332 120.906795565 1.828100000 4.000000000 0.000070560 1.000000000 0.000000000 0.000000000 0.000059290 85.000000000 86.000000000 82.000000000 87.000000000
1750225761.000000000 31.276810931 120.906796439 1.828300000 4.000000000 0.000070560 1.000000000 0.000000000 0.000000000 0.000059290 85.000000000 86.000000000 82.000000000 87.000000000
1750225761.200000048 31.276811060499995 120.906797241 1.826900000 4.000000000 0.000070560 1.000000000 0.000000000 0.000000000 0.000057760 85.000000000 84.000000000 80.000000000 83.000000000
1750225761.400000095 31.276811221999992 120.906798025 1.831500000 4.000000000 0.000070560 1.000000000 0.000000000 0.000000000 0.000057760 85.000000000 84.000000000 80.000000000 83.000000000
1750225761.599999905 31.276811547166673 120.906798817 1.819600000 4.000000000 0.000077440 1.000000000 0.000000000 0.000000000 0.000065610 85.000000000 84.000000000 80.000000000 83.000000000
1750225761.799999952 31.276811669499992 120.906799725 1.819700000 4.000000000 0.000077440 1.000000000 0.000000000 0.000000000 0.000065610 85.000000000 84.000000000 80.000000000 83.000000000
1750225762.000000000 31.27681172316666 120.906800489 1.813600000 4.000000000 0.000077440 1.000000000 0.000000000 0.000000000 0.000065610 85.000000000 84.000000000 80.000000000 83.000000000
1750225762.200000048 31.27681174483334 120.906801342 1.823500000 4.000000000 0.000077440 1.000000000 0.000000000 0.000000000 0.000065610 87.000000000 87.000000000 82.000000000 87.000000000
1750225762.400000095 31.276811682166667 120.906802224 1.811000000 4.000000000 0.000077440 1.000000000 0.000000000 0.000000000 0.000067240 87.000000000 87.000000000 82.000000000 87.000000000
1750225762.599999905 31.276811873 120.906802924 1.833300000 4.000000000 0.000072250 1.000000000 0.000000000 0.000000000 0.000065610 87.000000000 87.000000000 82.000000000 87.000000000
1750225762.799999952 31.276811990666673 120.906803812 1.832200000 4.000000000 0.000070560 1.000000000 0.000000000 0.000000000 0.000065610 87.000000000 87.000000000 82.000000000 87.000000000
1750225763.000000000 31.276812122500004 120.906804561 1.836800000 4.000000000 0.000070560 1.000000000 0.000000000 0.000000000 0.000065610 87.000000000 87.000000000 82.000000000 87.000000000
1750225763.200000048 31.276812285000005 120.906805253 1.834900000 4.000000000 0.000072250 1.000000000 0.000000000 0.000000000 0.000065610 85.000000000 86.000000000 82.000000000 87.000000000
1750225763.400000095 31.276812357166662 120.906806077 1.842400000 4.000000000 0.000072250 1.000000000 0.000000000 0.000000000 0.000065610 85.000000000 86.000000000 82.000000000 87.000000000
1750225763.599999905 31.276812508333336 120.906806871 1.820900000 4.000000000 0.000072250 1.000000000 0.000000000 0.000000000 0.000070560 85.000000000 86.000000000 82.000000000 87.000000000
1750225763.799999952 31.276812734999993 120.906807688 1.824700000 4.000000000 0.000072250 1.000000000 0.000000000 0.000000000 0.000070560 85.000000000 86.000000000 82.000000000 87.000000000
1750225764.000000000 31.2768129815 120.906808467 1.827400000 4.000000000 0.000073960 1.000000000 0.000000000 0.000000000 0.000070560 85.000000000 86.000000000 82.000000000 87.000000000
1750225764.200000048 31.276813089 120.906809361 1.827400000 4.000000000 0.000073960 1.000000000 0.000000000 0.000000000 0.000072250 79.000000000 82.000000000 81.000000000 85.000000000
1750225764.400000095 31.27681316799999 120.906810169 1.836800000 4.000000000 0.000075690 1.000000000 0.000000000 0.000000000 0.000072250 79.000000000 82.000000000 81.000000000 85.000000000
1750225764.599999905 31.276813272666658 120.906811015 1.837800000 4.000000000 0.000082810 1.000000000 0.000000000 0.000000000 0.000079210 79.000000000 82.000000000 81.000000000 85.000000000
1750225764.799999952 31.276813326333325 120.906811763 1.849100000 4.000000000 0.000082810 1.000000000 0.000000000 0.000000000 0.000079210 79.000000000 82.000000000 81.000000000 85.000000000
1750225765.000000000 31.276813437666675 120.906812605 1.840100000 4.000000000 0.000082810 1.000000000 0.000000000 0.000000000 0.000081000 79.000000000 82.000000000 81.000000000 85.000000000
1750225765.200000048 31.276813435166673 120.906813361 1.829600000 4.000000000 0.000082810 1.000000000 0.000000000 0.000000000 0.000081000 77.000000000 79.000000000 79.000000000 81.000000000
1750225765.400000095 31.276813436499992 120.906814213 1.816600000 4.000000000 0.000100000 1.000000000 0.000000000 0.000000000 0.000096040 77.000000000 79.000000000 79.000000000 81.000000000
1750225765.599999905 31.27681353766667 120.906814994 1.819800000 4.000000000 0.000100000 1.000000000 0.000000000 0.000000000 0.000096040 77.000000000 79.000000000 79.000000000 81.000000000
1750225765.799999952 31.27681353716666 120.906815799 1.823400000 4.000000000 0.000100000 1.000000000 0.000000000 0.000000000 0.000096040 77.000000000 79.000000000 79.000000000 81.000000000
1750225766.000000000 31.2768135915 120.906816652 1.829500000 4.000000000 0.000100000 1.000000000 0.000000000 0.000000000 0.000096040 77.000000000 79.000000000 79.000000000 81.000000000
1750225766.200000048 31.276813656 120.906817448 1.832600000 4.000000000 0.000102010 1.000000000 0.000000000 0.000000000 0.000098010 79.000000000 80.000000000 79.000000000 81.000000000
1750225766.400000095 31.276813738166666 120.906818286 1.830500000 4.000000000 0.000102010 1.000000000 0.000000000 0.000000000 0.000098010 79.000000000 80.000000000 79.000000000 81.000000000
1750225766.599999905 31.27681388650001 120.906819088 1.825000000 4.000000000 0.000106090 1.000000000 0.000000000 0.000000000 0.000098010 79.000000000 80.000000000 79.000000000 81.000000000
1750225766.799999952 31.276813911666665 120.906819845 1.817100000 4.000000000 0.000106090 1.000000000 0.000000000 0.000000000 0.000098010 79.000000000 80.000000000 79.000000000 81.000000000
1750225767.000000000 31.276813991499992 120.906820691 1.824700000 4.000000000 0.000106090 1.000000000 0.000000000 0.000000000 0.000098010 79.000000000 80.000000000 79.000000000 81.000000000
1750225767.200000048 31.2768140645 120.906821480 1.820400000 4.000000000 0.000106090 1.000000000 0.000000000 0.000000000 0.000100000 81.000000000 80.000000000 78.000000000 79.000000000
1750225767.400000095 31.276814155833335 120.906822241 1.825100000 4.000000000 0.000106090 1.000000000 0.000000000 0.000000000 0.000100000 81.000000000 80.000000000 78.000000000 79.000000000
1750225767.599999905 31.276814208833343 120.906823147 1.836400000 4.000000000 0.000108160 1.000000000 0.000000000 0.000000000 0.000096040 81.000000000 80.000000000 78.000000000 79.000000000
1750225767.799999952 31.27681425666667 120.906823931 1.830400000 4.000000000 0.000108160 1.000000000 0.000000000 0.000000000 0.000096040 81.000000000 80.000000000 78.000000000 79.000000000
1750225768.000000000 31.276814356333333 120.906824795 1.837100000 4.000000000 0.000108160 1.000000000 0.000000000 0.000000000 0.000096040 81.000000000 80.000000000 78.000000000 79.000000000
1750225768.200000048 31.27681446700001 120.906825620 1.832500000 4.000000000 0.000108160 1.000000000 0.000000000 0.000000000 0.000096040 79.000000000 79.000000000 78.000000000 79.000000000
1750225768.400000095 31.276814605499993 120.906826426 1.847700000 4.000000000 0.000104040 1.000000000 0.000000000 0.000000000 0.000094090 79.000000000 79.000000000 78.000000000 79.000000000
1750225768.599999905 31.276814708000003 120.906827167 1.838800000 4.000000000 0.000104040 1.000000000 0.000000000 0.000000000 0.000094090 79.000000000 79.000000000 78.000000000 79.000000000
1750225768.799999952 31.27681486616666 120.906827998 1.841700000 4.000000000 0.000104040 1.000000000 0.000000000 0.000000000 0.000094090 79.000000000 79.000000000 78.000000000 79.000000000
1750225769.000000000 31.27681499083333 120.906828814 1.848700000 4.000000000 0.000104040 1.000000000 0.000000000 0.000000000 0.000094090 79.000000000 79.000000000 78.000000000 79.000000000
1750225769.200000048 31.276815168500008 120.906829568 1.848000000 4.000000000 0.000104040 1.000000000 0.000000000 0.000000000 0.000094090 81.000000000 81.000000000 79.000000000 81.000000000
1750225769.400000095 31.276815311000007 120.906830374 1.854000000 4.000000000 0.000106090 1.000000000 0.000000000 0.000000000 0.000100000 81.000000000 81.000000000 79.000000000 81.000000000
1750225769.599999905 31.276815387833338 120.906831122 1.866000000 4.000000000 0.000106090 1.000000000 0.000000000 0.000000000 0.000100000 81.000000000 81.000000000 79.000000000 81.000000000
1750225769.799999952 31.276815634000002 120.906831859 1.854600000 4.000000000 0.000106090 1.000000000 0.000000000 0.000000000 0.000100000 81.000000000 81.000000000 79.000000000 81.000000000
1750225770.000000000 31.276815930499993 120.906832607 1.859800000 4.000000000 0.000106090 1.000000000 0.000000000 0.000000000 0.000100000 81.000000000 81.000000000 79.000000000 81.000000000
1750225770.200000048 31.276816244499997 120.906833479 1.863000000 4.000000000 0.000104040 1.000000000 0.000000000 0.000000000 0.000098010 81.000000000 81.000000000 79.000000000 81.000000000
1750225770.400000095 31.27681630699999 120.906834302 1.855500000 4.000000000 0.000104040 1.000000000 0.000000000 0.000000000 0.000098010 81.000000000 81.000000000 79.000000000 81.000000000
1750225770.599999905 31.27681629833333 120.906835096 1.855500000 4.000000000 0.000098010 1.000000000 0.000000000 0.000000000 0.000088360 81.000000000 81.000000000 79.000000000 81.000000000
1750225770.799999952 31.27681627683333 120.906835975 1.855100000 4.000000000 0.000098010 1.000000000 0.000000000 0.000000000 0.000088360 81.000000000 81.000000000 79.000000000 81.000000000
1750225771.000000000 31.276816245999996 120.906836799 1.861100000 4.000000000 0.000098010 1.000000000 0.000000000 0.000000000 0.000088360 81.000000000 81.000000000 79.000000000 81.000000000
1750225771.200000048 31.276816180166662 120.906837669 1.868600000 4.000000000 0.000096040 1.000000000 0.000000000 0.000000000 0.000088360 81.000000000 81.000000000 79.000000000 81.000000000
1750225771.400000095 31.27681626116666 120.906838508 1.869200000 4.000000000 0.000096040 1.000000000 0.000000000 0.000000000 0.000088360 81.000000000 81.000000000 79.000000000 81.000000000
1750225771.599999905 31.27681626333333 120.906839321 1.863200000 4.000000000 0.000082810 1.000000000 0.000000000 0.000000000 0.000081000 81.000000000 81.000000000 79.000000000 81.000000000
1750225771.799999952 31.276816340166675 120.906840085 1.854600000 4.000000000 0.000082810 1.000000000 0.000000000 0.000000000 0.000081000 81.000000000 81.000000000 79.000000000 81.000000000
1750225772.000000000 31.276816416166668 120.906840981 1.856900000 4.000000000 0.000082810 1.000000000 0.000000000 0.000000000 0.000081000 81.000000000 81.000000000 79.000000000 81.000000000
1750225772.200000048 31.276816510833328 120.906841816 1.858100000 4.000000000 0.000082810 1.000000000 0.000000000 0.000000000 0.000081000 81.000000000 81.000000000 79.000000000 81.000000000
1750225772.400000095 31.276816605333337 120.906842551 1.849900000 4.000000000 0.000082810 1.000000000 0.000000000 0.000000000 0.000081000 81.000000000 81.000000000 79.000000000 81.000000000
1750225772.599999905 31.27681661033334 120.906843478 1.860500000 4.000000000 0.000079210 1.000000000 0.000000000 0.000000000 0.000079210 81.000000000 81.000000000 79.000000000 81.000000000
1750225772.799999952 31.276816557000004 120.906844263 1.861000000 4.000000000 0.000079210 1.000000000 0.000000000 0.000000000 0.000079210 81.000000000 81.000000000 79.000000000 81.000000000
1750225773.000000000 31.276816580499997 120.906845078 1.857600000 4.000000000 0.000079210 1.000000000 0.000000000 0.000000000 0.000079210 81.000000000 81.000000000 79.000000000 81.000000000
1750225773.200000048 31.2768165775 120.906845917 1.859500000 4.000000000 0.000079210 1.000000000 0.000000000 0.000000000 0.000079210 81.000000000 81.000000000 79.000000000 81.000000000
1750225773.400000095 31.27681663850001 120.906846776 1.858000000 4.000000000 0.000079210 1.000000000 0.000000000 0.000000000 0.000079210 81.000000000 81.000000000 79.000000000 81.000000000
1750225773.599999905 31.276816710666665 120.906847593 1.864000000 4.000000000 0.000077440 1.000000000 0.000000000 0.000000000 0.000077440 81.000000000 81.000000000 79.000000000 81.000000000
1750225773.799999952 31.276816724166665 120.906848452 1.856000000 4.000000000 0.000079210 1.000000000 0.000000000 0.000000000 0.000077440 81.000000000 81.000000000 79.000000000 81.000000000
1750225774.000000000 31.27681676666667 120.906849310 1.861400000 4.000000000 0.000079210 1.000000000 0.000000000 0.000000000 0.000077440 81.000000000 81.000000000 79.000000000 81.000000000
1750225774.200000048 31.276816892 120.906850105 1.857200000 4.000000000 0.000079210 1.000000000 0.000000000 0.000000000 0.000077440 81.000000000 81.000000000 79.000000000 81.000000000
1750225774.400000095 31.276817040166662 120.906850982 1.851400000 4.000000000 0.000079210 1.000000000 0.000000000 0.000000000 0.000077440 81.000000000 81.000000000 79.000000000 81.000000000
1750225774.599999905 31.2768172025 120.906851867 1.854700000 4.000000000 0.000081000 1.000000000 0.000000000 0.000000000 0.000077440 81.000000000 81.000000000 79.000000000 81.000000000
1750225774.799999952 31.27681713683333 120.906852747 1.851300000 4.000000000 0.000081000 1.000000000 0.000000000 0.000000000 0.000077440 81.000000000 81.000000000 79.000000000 81.000000000
1750225775.000000000 31.276817361500008 120.906853635 1.834900000 4.000000000 0.000081000 1.000000000 0.000000000 0.000000000 0.000077440 81.000000000 81.000000000 79.000000000 81.000000000
1750225775.200000048 31.276817439166663 120.906854470 1.821000000 4.000000000 0.000081000 1.000000000 0.000000000 0.000000000 0.000077440 85.000000000 83.000000000 79.000000000 81.000000000
1750225775.400000095 31.27681760183333 120.906855244 1.815900000 4.000000000 0.000081000 1.000000000 0.000000000 0.000000000 0.000079210 85.000000000 83.000000000 79.000000000 81.000000000
1750225775.599999905 31.276817821500003 120.906855883 1.834100000 4.000000000 0.000086490 1.000000000 0.000000000 0.000000000 0.000077440 85.000000000 83.000000000 79.000000000 81.000000000
1750225775.799999952 31.276818269333333 120.906856762 1.846900000 4.000000000 0.000086490 1.000000000 0.000000000 0.000000000 0.000077440 85.000000000 83.000000000 79.000000000 81.000000000
1750225776.000000000 31.276818558499997 120.906857372 1.838500000 4.000000000 0.000086490 1.000000000 0.000000000 0.000000000 0.000077440 85.000000000 83.000000000 79.000000000 81.000000000
1750225776.200000048 31.276818966500002 120.906858079 1.838500000 4.000000000 0.000086490 1.000000000 0.000000000 0.000000000 0.000077440 85.000000000 85.000000000 81.000000000 85.000000000
1750225776.400000095 31.276819478500002 120.906858712 1.840600000 4.000000000 0.000086490 1.000000000 0.000000000 0.000000000 0.000077440 85.000000000 85.000000000 81.000000000 85.000000000
1750225776.599999905 31.276820086833325 120.906859270 1.848400000 4.000000000 0.000082810 1.000000000 0.000000000 0.000000000 0.000070560 85.000000000 85.000000000 81.000000000 85.000000000
1750225776.799999952 31.276820663500004 120.906859895 1.844200000 4.000000000 0.000082810 1.000000000 0.000000000 0.000000000 0.000070560 85.000000000 85.000000000 81.000000000 85.000000000
1750225777.000000000 31.276821181166667 120.906860496 1.849200000 4.000000000 0.000082810 1.000000000 0.000000000 0.000000000 0.000070560 85.000000000 85.000000000 81.000000000 85.000000000
1750225777.200000048 31.276821876166665 120.906860818 1.842300000 4.000000000 0.000084640 1.000000000 0.000000000 0.000000000 0.000070560 85.000000000 85.000000000 81.000000000 85.000000000
1750225777.400000095 31.27682264016667 120.906861194 1.850700000 4.000000000 0.000084640 1.000000000 0.000000000 0.000000000 0.000070560 85.000000000 85.000000000 81.000000000 85.000000000
1750225777.599999905 31.2768232855 120.906861564 1.843600000 4.000000000 0.000081000 1.000000000 0.000000000 0.000000000 0.000068890 85.000000000 85.000000000 81.000000000 85.000000000
1750225777.799999952 31.276823970500004 120.906862055 1.852900000 4.000000000 0.000081000 1.000000000 0.000000000 0.000000000 0.000068890 85.000000000 85.000000000 81.000000000 85.000000000
1750225778.000000000 31.276824543333333 120.906862667 1.878100000 4.000000000 0.000082810 1.000000000 0.000000000 0.000000000 0.000068890 85.000000000 85.000000000 81.000000000 85.000000000
1750225778.200000048 31.27682491600001 120.906863294 1.878100000 4.000000000 0.000082810 1.000000000 0.000000000 0.000000000 0.000068890 85.000000000 84.000000000 80.000000000 83.000000000
1750225778.400000095 31.276825386833337 120.906864233 1.850500000 4.000000000 0.000082810 1.000000000 0.000000000 0.000000000 0.000068890 85.000000000 84.000000000 80.000000000 83.000000000
1750225778.599999905 31.276825688000002 120.906865085 1.837100000 4.000000000 0.000082810 1.000000000 0.000000000 0.000000000 0.000068890 85.000000000 84.000000000 80.000000000 83.000000000
1750225778.799999952 31.27682567566667 120.906865873 1.835800000 4.000000000 0.000082810 1.000000000 0.000000000 0.000000000 0.000070560 85.000000000 84.000000000 80.000000000 83.000000000
1750225779.000000000 31.276825511500007 120.906866579 1.840900000 4.000000000 0.000082810 1.000000000 0.000000000 0.000000000 0.000070560 85.000000000 84.000000000 80.000000000 83.000000000
1750225779.200000048 31.27682531316667 120.906867518 1.851200000 4.000000000 0.000082810 1.000000000 0.000000000 0.000000000 0.000070560 81.000000000 81.000000000 79.000000000 81.000000000
1750225779.400000095 31.276825228333337 120.906868412 1.863700000 4.000000000 0.000116640 1.000000000 0.000000000 0.000000000 0.000098010 81.000000000 81.000000000 79.000000000 81.000000000
1750225779.599999905 31.276824931666667 120.906869237 1.867000000 4.000000000 0.000116640 1.000000000 0.000000000 0.000000000 0.000098010 81.000000000 81.000000000 79.000000000 81.000000000
1750225779.799999952 31.27682471 120.906870076 1.864700000 4.000000000 0.000116640 1.000000000 0.000000000 0.000000000 0.000098010 81.000000000 81.000000000 79.000000000 81.000000000
1750225780.000000000 31.276824334166662 120.906870888 1.865500000 4.000000000 0.000116640 1.000000000 0.000000000 0.000000000 0.000098010 81.000000000 81.000000000 79.000000000 81.000000000
1750225780.200000048 31.27682387 120.906871679 1.875800000 4.000000000 0.000116640 1.000000000 0.000000000 0.000000000 0.000100000 77.000000000 79.000000000 79.000000000 81.000000000
1750225780.400000095 31.276823550166668 120.906872382 1.872400000 4.000000000 0.000116640 1.000000000 0.000000000 0.000000000 0.000098010 77.000000000 79.000000000 79.000000000 81.000000000
1750225780.599999905 31.27682323799999 120.906873196 1.857200000 4.000000000 0.000116640 1.000000000 0.000000000 0.000000000 0.000098010 77.000000000 79.000000000 79.000000000 81.000000000
1750225780.799999952 31.27682291283334 120.906874053 1.857600000 4.000000000 0.000116640 1.000000000 0.000000000 0.000000000 0.000098010 77.000000000 79.000000000 79.000000000 81.000000000
1750225781.000000000 31.276822797666668 120.906874849 1.848200000 4.000000000 0.000116640 1.000000000 0.000000000 0.000000000 0.000098010 77.000000000 79.000000000 79.000000000 81.000000000
1750225781.200000048 31.276823000666667 120.906875728 1.860800000 4.000000000 0.000116640 1.000000000 0.000000000 0.000000000 0.000098010 81.000000000 81.000000000 79.000000000 81.000000000
1750225781.400000095 31.276823279666672 120.906876507 1.860400000 4.000000000 0.000116640 1.000000000 0.000000000 0.000000000 0.000098010 81.000000000 81.000000000 79.000000000 81.000000000
1750225781.599999905 31.276823601999993 120.906877399 1.870100000 4.000000000 0.000108160 1.000000000 0.000000000 0.000000000 0.000100000 81.000000000 81.000000000 79.000000000 81.000000000
1750225781.799999952 31.27682356616667 120.906878297 1.875100000 4.000000000 0.000108160 1.000000000 0.000000000 0.000000000 0.000100000 81.000000000 81.000000000 79.000000000 81.000000000
1750225782.000000000 31.276823355999994 120.906879159 1.889000000 4.000000000 0.000108160 1.000000000 0.000000000 0.000000000 0.000098010 81.000000000 81.000000000 79.000000000 81.000000000
1750225782.200000048 31.276823208666656 120.906879966 1.894000000 4.000000000 0.000106090 1.000000000 0.000000000 0.000000000 0.000098010 83.000000000 83.000000000 80.000000000 83.000000000
1750225782.400000095 31.27682308050001 120.906880826 1.898800000 4.000000000 0.000106090 1.000000000 0.000000000 0.000000000 0.000098010 83.000000000 83.000000000 80.000000000 83.000000000
1750225782.599999905 31.276823000333337 120.906881505 1.897700000 4.000000000 0.000082810 1.000000000 0.000000000 0.000000000 0.000084640 83.000000000 83.000000000 80.000000000 83.000000000
1750225782.799999952 31.27682317883334 120.906882374 1.891400000 4.000000000 0.000082810 1.000000000 0.000000000 0.000000000 0.000084640 83.000000000 83.000000000 80.000000000 83.000000000
1750225783.000000000 31.27682327166667 120.906883210 1.900200000 4.000000000 0.000082810 1.000000000 0.000000000 0.000000000 0.000084640 83.000000000 83.000000000 80.000000000 83.000000000
1750225783.200000048 31.27682325116666 120.906884127 1.904300000 4.000000000 0.000082810 1.000000000 0.000000000 0.000000000 0.000084640 83.000000000 84.000000000 81.000000000 85.000000000
1750225783.400000095 31.27682316233333 120.906884974 1.897900000 4.000000000 0.000082810 1.000000000 0.000000000 0.000000000 0.000084640 83.000000000 84.000000000 81.000000000 85.000000000
1750225783.599999905 31.27682312616666 120.906885807 1.885900000 4.000000000 0.000081000 1.000000000 0.000000000 0.000000000 0.000077440 83.000000000 84.000000000 81.000000000 85.000000000
1750225783.799999952 31.276822986833338 120.906886615 1.888200000 4.000000000 0.000081000 1.000000000 0.000000000 0.000000000 0.000077440 83.000000000 84.000000000 81.000000000 85.000000000
1750225784.000000000 31.276822857166664 120.906887398 1.896700000 4.000000000 0.000081000 1.000000000 0.000000000 0.000000000 0.000077440 83.000000000 84.000000000 81.000000000 85.000000000
1750225784.200000048 31.27682283050001 120.906888274 1.891700000 4.000000000 0.000081000 1.000000000 0.000000000 0.000000000 0.000077440 81.000000000 83.000000000 81.000000000 85.000000000
1750225784.400000095 31.27682284783333 120.906889144 1.894500000 4.000000000 0.000081000 1.000000000 0.000000000 0.000000000 0.000077440 81.000000000 83.000000000 81.000000000 85.000000000
1750225784.599999905 31.276822864833335 120.906889545 1.877800000 4.000000000 0.000082810 1.000000000 0.000000000 0.000000000 0.000081000 81.000000000 83.000000000 81.000000000 85.000000000
1750225784.799999952 31.276822626166677 120.906890312 1.873400000 4.000000000 0.000082810 1.000000000 0.000000000 0.000000000 0.000081000 81.000000000 83.000000000 81.000000000 85.000000000
1750225785.000000000 31.27682262266667 120.906891201 1.881500000 4.000000000 0.000084640 1.000000000 0.000000000 0.000000000 0.000081000 81.000000000 83.000000000 81.000000000 85.000000000
1750225785.200000048 31.276822672999998 120.906892059 1.890000000 4.000000000 0.000084640 1.000000000 0.000000000 0.000000000 0.000081000 83.000000000 80.000000000 77.000000000 77.000000000
1750225785.400000095 31.276822646833324 120.906892941 1.906900000 4.000000000 0.000082810 1.000000000 0.000000000 0.000000000 0.000081000 83.000000000 80.000000000 77.000000000 77.000000000
1750225785.599999905 31.276822526999993 120.906893877 1.925100000 4.000000000 0.000082810 1.000000000 0.000000000 0.000000000 0.000084640 83.000000000 80.000000000 77.000000000 77.000000000
1750225785.799999952 31.27682259266666 120.906894791 1.916000000 4.000000000 0.000082810 1.000000000 0.000000000 0.000000000 0.000084640 83.000000000 80.000000000 77.000000000 77.000000000
1750225786.000000000 31.276822639499997 120.906895984 1.899000000 4.000000000 0.000082810 1.000000000 0.000000000 0.000000000 0.000084640 83.000000000 80.000000000 77.000000000 77.000000000
1750225786.200000048 31.276822646499994 120.906896818 1.903400000 4.000000000 0.000082810 1.000000000 0.000000000 0.000000000 0.000084640 83.000000000 81.000000000 78.000000000 79.000000000
1750225786.400000095 31.276822530333334 120.906897654 1.896800000 4.000000000 0.000082810 1.000000000 0.000000000 0.000000000 0.000084640 83.000000000 81.000000000 78.000000000 79.000000000
1750225786.599999905 31.276822059833336 120.906898352 1.884000000 4.000000000 0.000084640 1.000000000 0.000000000 0.000000000 0.000079210 83.000000000 81.000000000 78.000000000 79.000000000
1750225786.799999952 31.27682204850001 120.906899066 1.876300000 4.000000000 0.000084640 1.000000000 0.000000000 0.000000000 0.000081000 83.000000000 81.000000000 78.000000000 79.000000000
1750225787.000000000 31.276822043833334 120.906899887 1.842800000 4.000000000 0.000084640 1.000000000 0.000000000 0.000000000 0.000081000 83.000000000 81.000000000 78.000000000 79.000000000
1750225787.200000048 31.276822169 120.906900645 1.861600000 4.000000000 0.000084640 1.000000000 0.000000000 0.000000000 0.000081000 81.000000000 80.000000000 78.000000000 79.000000000
1750225787.400000095 31.27682223783333 120.906901519 1.845200000 4.000000000 0.000086490 1.000000000 0.000000000 0.000000000 0.000081000 81.000000000 80.000000000 78.000000000 79.000000000
1750225787.599999905 31.27682255416667 120.906902255 1.861500000 4.000000000 0.000086490 1.000000000 0.000000000 0.000000000 0.000079210 81.000000000 80.000000000 78.000000000 79.000000000
1750225787.799999952 31.276822804666665 120.906902975 1.868600000 4.000000000 0.000086490 1.000000000 0.000000000 0.000000000 0.000081000 81.000000000 80.000000000 78.000000000 79.000000000
1750225788.000000000 31.27682302466667 120.906903751 1.873900000 4.000000000 0.000086490 1.000000000 0.000000000 0.000000000 0.000081000 81.000000000 80.000000000 78.000000000 79.000000000
1750225788.200000048 31.27682335899999 120.906904602 1.874900000 4.000000000 0.000088360 1.000000000 0.000000000 0.000000000 0.000081000 81.000000000 81.000000000 79.000000000 81.000000000
1750225788.400000095 31.276823778666667 120.906905321 1.880100000 4.000000000 0.000088360 1.000000000 0.000000000 0.000000000 0.000081000 81.000000000 81.000000000 79.000000000 81.000000000
1750225788.599999905 31.27682417133333 120.906905697 1.862600000 4.000000000 0.000094090 1.000000000 0.000000000 0.000000000 0.000088360 81.000000000 81.000000000 79.000000000 81.000000000
1750225788.799999952 31.27682421866666 120.906905742 1.860700000 4.000000000 0.000094090 1.000000000 0.000000000 0.000000000 0.000088360 81.000000000 81.000000000 79.000000000 81.000000000
1750225789.000000000 31.27682430499999 120.906906031 1.866200000 4.000000000 0.000094090 1.000000000 0.000000000 0.000000000 0.000088360 81.000000000 81.000000000 79.000000000 81.000000000
1750225789.200000048 31.276824557833336 120.906906672 1.862000000 4.000000000 0.000096040 1.000000000 0.000000000 0.000000000 0.000088360 81.000000000 81.000000000 79.000000000 81.000000000
1750225789.400000095 31.27682446349999 120.906907464 1.862500000 4.000000000 0.000096040 1.000000000 0.000000000 0.000000000 0.000088360 81.000000000 81.000000000 79.000000000 81.000000000
1750225789.599999905 31.276824112166665 120.906908340 1.854200000 4.000000000 0.000100000 1.000000000 0.000000000 0.000000000 0.000086490 81.000000000 81.000000000 79.000000000 81.000000000
1750225789.799999952 31.276824009833334 120.906909170 1.841700000 4.000000000 0.000100000 1.000000000 0.000000000 0.000000000 0.000086490 81.000000000 81.000000000 79.000000000 81.000000000
1750225790.000000000 31.276823991333345 120.906910055 1.846700000 4.000000000 0.000100000 1.000000000 0.000000000 0.000000000 0.000086490 81.000000000 81.000000000 79.000000000 81.000000000
1750225790.200000048 31.27682390133333 120.906910885 1.850800000 4.000000000 0.000100000 1.000000000 0.000000000 0.000000000 0.000088360 81.000000000 81.000000000 79.000000000 81.000000000
1750225790.400000095 31.27682400399999 120.906911639 1.846600000 4.000000000 0.000100000 1.000000000 0.000000000 0.000000000 0.000088360 81.000000000 81.000000000 79.000000000 81.000000000
1750225790.599999905 31.276824023666677 120.906912612 1.846700000 4.000000000 0.000106090 1.000000000 0.000000000 0.000000000 0.000088360 81.000000000 81.000000000 79.000000000 81.000000000
1750225790.799999952 31.276824016666666 120.906913340 1.844300000 4.000000000 0.000106090 1.000000000 0.000000000 0.000000000 0.000088360 81.000000000 81.000000000 79.000000000 81.000000000
1750225791.000000000 31.276824027333333 120.906914198 1.869800000 4.000000000 0.000106090 1.000000000 0.000000000 0.000000000 0.000088360 81.000000000 81.000000000 79.000000000 81.000000000
1750225791.200000048 31.276824015166667 120.906915046 1.849300000 4.000000000 0.000106090 1.000000000 0.000000000 0.000000000 0.000088360 81.000000000 80.000000000 78.000000000 79.000000000
1750225791.400000095 31.276824137666665 120.906915885 1.844900000 4.000000000 0.000106090 1.000000000 0.000000000 0.000000000 0.000088360 81.000000000 80.000000000 78.000000000 79.000000000
1750225791.599999905 31.27682416016667 120.906916697 1.828200000 4.000000000 0.000116640 1.000000000 0.000000000 0.000000000 0.000092160 81.000000000 80.000000000 78.000000000 79.000000000
1750225791.799999952 31.276824256166663 120.906917509 1.830000000 4.000000000 0.000116640 1.000000000 0.000000000 0.000000000 0.000094090 81.000000000 80.000000000 78.000000000 79.000000000
1750225792.000000000 31.276824275500005 120.906918260 1.828200000 4.000000000 0.000116640 1.000000000 0.000000000 0.000000000 0.000094090 81.000000000 80.000000000 78.000000000 79.000000000
1750225792.200000048 31.27682430183333 120.906919049 1.807500000 4.000000000 0.000116640 1.000000000 0.000000000 0.000000000 0.000094090 81.000000000 82.000000000 80.000000000 83.000000000
1750225792.400000095 31.276824322333326 120.906919927 1.813600000 4.000000000 0.000112360 1.000000000 0.000000000 0.000000000 0.000088360 81.000000000 82.000000000 80.000000000 83.000000000
1750225792.599999905 31.276824324833342 120.906920737 1.817000000 4.000000000 0.000112360 1.000000000 0.000000000 0.000000000 0.000088360 81.000000000 82.000000000 80.000000000 83.000000000
1750225792.799999952 31.276824405833338 120.906921646 1.808900000 4.000000000 0.000112360 1.000000000 0.000000000 0.000000000 0.000088360 81.000000000 82.000000000 80.000000000 83.000000000
1750225793.000000000 31.276824460499995 120.906922402 1.805200000 4.000000000 0.000112360 1.000000000 0.000000000 0.000000000 0.000088360 81.000000000 82.000000000 80.000000000 83.000000000
1750225793.200000048 31.276824501999997 120.906923188 1.808400000 4.000000000 0.000112360 1.000000000 0.000000000 0.000000000 0.000088360 81.000000000 82.000000000 80.000000000 83.000000000
1750225793.400000095 31.276824542166665 120.906924040 1.807000000 4.000000000 0.000112360 1.000000000 0.000000000 0.000000000 0.000088360 81.000000000 82.000000000 80.000000000 83.000000000
1750225793.599999905 31.276824567999995 120.906924883 1.809700000 4.000000000 0.000098010 1.000000000 0.000000000 0.000000000 0.000079210 81.000000000 82.000000000 80.000000000 83.000000000
1750225793.799999952 31.276824699333332 120.906925715 1.813700000 4.000000000 0.000098010 1.000000000 0.000000000 0.000000000 0.000079210 81.000000000 82.000000000 80.000000000 83.000000000
1750225794.000000000 31.27682474316667 120.906926576 1.817200000 4.000000000 0.000100000 1.000000000 0.000000000 0.000000000 0.000079210 81.000000000 82.000000000 80.000000000 83.000000000
1750225794.200000048 31.276824841000007 120.906927371 1.819100000 4.000000000 0.000098010 1.000000000 0.000000000 0.000000000 0.000079210 79.000000000 81.000000000 80.000000000 83.000000000
1750225794.400000095 31.27682494683333 120.906928214 1.823600000 4.000000000 0.000098010 1.000000000 0.000000000 0.000000000 0.000079210 79.000000000 81.000000000 80.000000000 83.000000000
1750225794.599999905 31.276824929666674 120.906929186 1.841200000 4.000000000 0.000088360 1.000000000 0.000000000 0.000000000 0.000079210 79.000000000 81.000000000 80.000000000 83.000000000
1750225794.799999952 31.276824943999998 120.906929934 1.856600000 4.000000000 0.000088360 1.000000000 0.000000000 0.000000000 0.000081000 79.000000000 81.000000000 80.000000000 83.000000000
1750225795.000000000 31.27682506816666 120.906930750 1.845500000 4.000000000 0.000088360 1.000000000 0.000000000 0.000000000 0.000081000 79.000000000 81.000000000 80.000000000 83.000000000
1750225795.200000048 31.27682523766667 120.906931486 1.841500000 4.000000000 0.000088360 1.000000000 0.000000000 0.000000000 0.000081000 75.000000000 77.000000000 78.000000000 79.000000000
1750225795.400000095 31.27682550116667 120.906932243 1.853500000 4.000000000 0.000088360 1.000000000 0.000000000 0.000000000 0.000081000 75.000000000 77.000000000 78.000000000 79.000000000
1750225795.599999905 31.276825784833335 120.906933183 1.830300000 4.000000000 0.000098010 1.000000000 0.000000000 0.000000000 0.000092160 75.000000000 77.000000000 78.000000000 79.000000000
1750225795.799999952 31.27682576833334 120.906933982 1.839100000 4.000000000 0.000098010 1.000000000 0.000000000 0.000000000 0.000092160 75.000000000 77.000000000 78.000000000 79.000000000
1750225796.000000000 31.27682579816667 120.906934924 1.826300000 4.000000000 0.000098010 1.000000000 0.000000000 0.000000000 0.000092160 75.000000000 77.000000000 78.000000000 79.000000000
1750225796.200000048 31.276825856499997 120.906935649 1.839000000 4.000000000 0.000100000 1.000000000 0.000000000 0.000000000 0.000092160 79.000000000 79.000000000 78.000000000 79.000000000
1750225796.400000095 31.276825898500007 120.906936548 1.800500000 4.000000000 0.000100000 1.000000000 0.000000000 0.000000000 0.000094090 79.000000000 79.000000000 78.000000000 79.000000000
1750225796.599999905 31.27682583283334 120.906937352 1.844200000 4.000000000 0.000096040 1.000000000 0.000000000 0.000000000 0.000090250 79.000000000 79.000000000 78.000000000 79.000000000
1750225796.799999952 31.27682597016667 120.906938372 1.817300000 4.000000000 0.000100000 1.000000000 0.000000000 0.000000000 0.000090250 79.000000000 79.000000000 78.000000000 79.000000000
1750225797.000000000 31.27682614133333 120.906939046 1.836900000 4.000000000 0.000096040 1.000000000 0.000000000 0.000000000 0.000088360 79.000000000 79.000000000 78.000000000 79.000000000
1750225797.200000048 31.27682637833334 120.906939886 1.828000000 4.000000000 0.000096040 1.000000000 0.000000000 0.000000000 0.000090250 77.000000000 77.000000000 77.000000000 77.000000000
1750225797.400000095 31.2768265025 120.906940669 1.850600000 4.000000000 0.000096040 1.000000000 0.000000000 0.000000000 0.000090250 77.000000000 77.000000000 77.000000000 77.000000000
1750225797.599999905 31.276826708166666 120.906941402 1.859900000 4.000000000 0.000110250 1.000000000 0.000000000 0.000000000 0.000104040 77.000000000 77.000000000 77.000000000 77.000000000
1750225797.799999952 31.27682698166666 120.906942263 1.855900000 4.000000000 0.000112360 1.000000000 0.000000000 0.000000000 0.000104040 77.000000000 77.000000000 77.000000000 77.000000000
1750225798.000000000 31.276827211166662 120.906943062 1.851200000 4.000000000 0.000114490 1.000000000 0.000000000 0.000000000 0.000106090 77.000000000 77.000000000 77.000000000 77.000000000
1750225798.200000048 31.276827213666664 120.906943877 1.869200000 4.000000000 0.000116640 1.000000000 0.000000000 0.000000000 0.000106090 75.000000000 73.500000000 75.000000000 72.000000000
1750225798.400000095 31.276827299333334 120.906944651 1.866500000 4.000000000 0.000116640 1.000000000 0.000000000 0.000000000 0.000106090 75.000000000 73.500000000 75.000000000 72.000000000
1750225798.599999905 31.276827382833332 120.906945572 1.880000000 4.000000000 0.000129960 1.000000000 0.000000000 0.000000000 0.000121000 75.000000000 73.500000000 75.000000000 72.000000000
1750225798.799999952 31.276827515333338 120.906946430 1.851600000 4.000000000 0.000129960 1.000000000 0.000000000 0.000000000 0.000121000 75.000000000 73.500000000 75.000000000 72.000000000
1750225799.000000000 31.276827551833335 120.906947199 1.842700000 4.000000000 0.000132250 1.000000000 0.000000000 0.000000000 0.000121000 75.000000000 73.500000000 75.000000000 72.000000000
1750225799.200000048 31.276827446 120.906947960 1.859500000 4.000000000 0.000127690 1.000000000 0.000000000 0.000000000 0.000121000 66.000000000 69.000000000 75.000000000 72.000000000
1750225799.400000095 31.27682763516667 120.906948647 1.831200000 4.000000000 0.000151290 1.000000000 0.000000000 0.000000000 0.000136890 66.000000000 69.000000000 75.000000000 72.000000000
1750225799.599999905 31.27682773633333 120.906949479 1.844100000 4.000000000 0.000153760 1.000000000 0.000000000 0.000000000 0.000139240 66.000000000 69.000000000 75.000000000 72.000000000
1750225799.799999952 31.276827824166674 120.906950403 1.840700000 4.000000000 0.000151290 1.000000000 0.000000000 0.000000000 0.000136890 66.000000000 69.000000000 75.000000000 72.000000000
1750225800.000000000 31.276827901333334 120.906951178 1.849100000 4.000000000 0.000151290 1.000000000 0.000000000 0.000000000 0.000139240 66.000000000 69.000000000 75.000000000 72.000000000
1750225800.200000048 31.276827905000005 120.906951971 1.852000000 4.000000000 0.000153760 1.000000000 0.000000000 0.000000000 0.000136890 66.000000000 70.500000000 76.000000000 75.000000000
1750225800.400000095 31.27682802550001 120.906952877 1.864100000 4.000000000 0.000204490 1.000000000 0.000000000 0.000000000 0.000161290 66.000000000 70.500000000 76.000000000 75.000000000
1750225800.599999905 31.276828258500004 120.906953713 1.853800000 4.000000000 0.000210250 1.000000000 0.000000000 0.000000000 0.000169000 66.000000000 70.500000000 76.000000000 75.000000000
1750225800.799999952 31.27682824183333 120.906954458 1.860500000 4.000000000 0.000204490 1.000000000 0.000000000 0.000000000 0.000161290 66.000000000 70.500000000 76.000000000 75.000000000
1750225801.000000000 31.276828400499994 120.906955347 1.854300000 4.000000000 0.000204490 1.000000000 0.000000000 0.000000000 0.000161290 66.000000000 70.500000000 76.000000000 75.000000000
1750225801.200000048 31.276828358166668 120.906956118 1.832900000 4.000000000 0.000204490 1.000000000 0.000000000 0.000000000 0.000161290 64.000000000 69.500000000 76.000000000 75.000000000
1750225801.400000095 31.276828366000004 120.906956852 1.843100000 4.000000000 0.000198810 1.000000000 0.000000000 0.000000000 0.000166410 64.000000000 69.500000000 76.000000000 75.000000000
1750225801.599999905 31.27682836566666 120.906957617 1.856700000 4.000000000 0.000198810 1.000000000 0.000000000 0.000000000 0.000166410 64.000000000 69.500000000 76.000000000 75.000000000
1750225801.799999952 31.276828486166664 120.906958514 1.850700000 4.000000000 0.000198810 1.000000000 0.000000000 0.000000000 0.000166410 64.000000000 69.500000000 76.000000000 75.000000000
1750225802.000000000 31.276828568833338 120.906959401 1.857900000 4.000000000 0.000198810 1.000000000 0.000000000 0.000000000 0.000166410 64.000000000 69.500000000 76.000000000 75.000000000
1750225802.200000048 31.276828596166666 120.906960207 1.863100000 4.000000000 0.000198810 1.000000000 0.000000000 0.000000000 0.000166410 70.000000000 72.500000000 76.000000000 75.000000000
1750225802.400000095 31.276828799 120.906961041 1.881900000 4.000000000 0.000129960 1.000000000 0.000000000 0.000000000 0.000110250 70.000000000 72.500000000 76.000000000 75.000000000
1750225802.599999905 31.27682893633333 120.906961747 1.866900000 4.000000000 0.000129960 1.000000000 0.000000000 0.000000000 0.000112360 70.000000000 72.500000000 76.000000000 75.000000000
1750225802.799999952 31.27682902633333 120.906962571 1.847600000 4.000000000 0.000132250 1.000000000 0.000000000 0.000000000 0.000112360 70.000000000 72.500000000 76.000000000 75.000000000
1750225803.000000000 31.276829090999996 120.906963268 1.840500000 4.000000000 0.000132250 1.000000000 0.000000000 0.000000000 0.000112360 70.000000000 72.500000000 76.000000000 75.000000000
1750225803.200000048 31.276829212500004 120.906964111 1.840100000 4.000000000 0.000129960 1.000000000 0.000000000 0.000000000 0.000110250 70.000000000 70.000000000 74.000000000 70.000000000
1750225803.400000095 31.276829490166662 120.906965000 1.871900000 4.000000000 0.000123210 1.000000000 0.000000000 0.000000000 0.000110250 70.000000000 70.000000000 74.000000000 70.000000000
1750225803.599999905 31.27682952483333 120.906965720 1.895100000 4.000000000 0.000123210 1.000000000 0.000000000 0.000000000 0.000112360 70.000000000 70.000000000 74.000000000 70.000000000
1750225803.799999952 31.27682950900001 120.906966517 1.889700000 4.000000000 0.000123210 1.000000000 0.000000000 0.000000000 0.000116640 70.000000000 70.000000000 74.000000000 70.000000000
1750225804.000000000 31.276829601833327 120.906967367 1.889100000 4.000000000 0.000123210 1.000000000 0.000000000 0.000000000 0.000116640 70.000000000 70.000000000 74.000000000 70.000000000
1750225804.200000048 31.276829616499995 120.906968181 1.887100000 4.000000000 0.000123210 1.000000000 0.000000000 0.000000000 0.000116640 66.000000000 68.000000000 74.000000000 70.000000000
1750225804.400000095 31.276829683333332 120.906969014 1.901700000 4.000000000 0.000123210 1.000000000 0.000000000 0.000000000 0.000123210 66.000000000 68.000000000 74.000000000 70.000000000
1750225804.599999905 31.27682966883333 120.906969741 1.921900000 4.000000000 0.000123210 1.000000000 0.000000000 0.000000000 0.000123210 66.000000000 68.000000000 74.000000000 70.000000000
1750225804.799999952 31.27682971833333 120.906970611 1.919000000 4.000000000 0.000123210 1.000000000 0.000000000 0.000000000 0.000123210 66.000000000 68.000000000 74.000000000 70.000000000
1750225805.000000000 31.27682990066667 120.906971418 1.870900000 4.000000000 0.000123210 1.000000000 0.000000000 0.000000000 0.000125440 66.000000000 68.000000000 74.000000000 70.000000000
1750225805.200000048 31.27683007333333 120.906972194 1.889500000 4.000000000 0.000123210 1.000000000 0.000000000 0.000000000 0.000118810 70.000000000 68.000000000 72.000000000 66.000000000
1750225805.400000095 31.27683032916667 120.906972966 1.872000000 4.000000000 0.000121000 1.000000000 0.000000000 0.000000000 0.000114490 70.000000000 68.000000000 72.000000000 66.000000000
1750225805.599999905 31.276830458666666 120.906973735 1.886300000 4.000000000 0.000121000 1.000000000 0.000000000 0.000000000 0.000114490 70.000000000 68.000000000 72.000000000 66.000000000
1750225805.799999952 31.276830719499998 120.906974545 1.885500000 4.000000000 0.000121000 1.000000000 0.000000000 0.000000000 0.000114490 70.000000000 68.000000000 72.000000000 66.000000000
1750225806.000000000 31.276831056666666 120.906975358 1.886200000 4.000000000 0.000121000 1.000000000 0.000000000 0.000000000 0.000114490 70.000000000 68.000000000 72.000000000 66.000000000
1750225806.200000048 31.27683132466666 120.906976067 1.881600000 4.000000000 0.000121000 1.000000000 0.000000000 0.000000000 0.000114490 70.000000000 73.500000000 77.000000000 77.000000000
1750225806.400000095 31.27683151283334 120.906976980 1.890800000 4.000000000 0.000118810 1.000000000 0.000000000 0.000000000 0.000108160 70.000000000 73.500000000 77.000000000 77.000000000
1750225806.599999905 31.276831647999998 120.906977940 1.875700000 4.000000000 0.000118810 1.000000000 0.000000000 0.000000000 0.000112360 70.000000000 73.500000000 77.000000000 77.000000000
1750225806.799999952 31.276831776833333 120.906978644 1.895600000 4.000000000 0.000118810 1.000000000 0.000000000 0.000000000 0.000112360 70.000000000 73.500000000 77.000000000 77.000000000
1750225807.000000000 31.27683183633333 120.906979411 1.874400000 4.000000000 0.000118810 1.000000000 0.000000000 0.000000000 0.000110250 70.000000000 73.500000000 77.000000000 77.000000000
1750225807.200000048 31.276831833666662 120.906980327 1.867400000 4.000000000 0.000118810 1.000000000 0.000000000 0.000000000 0.000108160 72.000000000 72.000000000 75.000000000 72.000000000
1750225807.400000095 31.27683154616666 120.906981148 1.870100000 4.000000000 0.000129960 1.000000000 0.000000000 0.000000000 0.000116640 72.000000000 72.000000000 75.000000000 72.000000000
1750225807.599999905 31.276831442499997 120.906981986 1.866400000 4.000000000 0.000129960 1.000000000 0.000000000 0.000000000 0.000118810 72.000000000 72.000000000 75.000000000 72.000000000
1750225807.799999952 31.276831398166678 120.906982833 1.874000000 4.000000000 0.000129960 1.000000000 0.000000000 0.000000000 0.000116640 72.000000000 72.000000000 75.000000000 72.000000000
1750225808.000000000 31.27683143050001 120.906983639 1.890600000 4.000000000 0.000129960 1.000000000 0.000000000 0.000000000 0.000118810 72.000000000 72.000000000 75.000000000 72.000000000
1750225808.200000048 31.276831216666665 120.906984247 1.879000000 4.000000000 0.000129960 1.000000000 0.000000000 0.000000000 0.000118810 77.000000000 78.000000000 78.000000000 79.000000000
1750225808.400000095 31.27683096766667 120.906984443 1.880200000 4.000000000 0.000121000 1.000000000 0.000000000 0.000000000 0.000110250 77.000000000 78.000000000 78.000000000 79.000000000
1750225808.599999905 31.276830819333327 120.906984556 1.863500000 4.000000000 0.000121000 1.000000000 0.000000000 0.000000000 0.000110250 77.000000000 78.000000000 78.000000000 79.000000000
1750225808.799999952 31.276830643333327 120.906984663 1.868500000 4.000000000 0.000121000 1.000000000 0.000000000 0.000000000 0.000112360 77.000000000 78.000000000 78.000000000 79.000000000
1750225809.000000000 31.276830521999997 120.906984956 1.862900000 4.000000000 0.000121000 1.000000000 0.000000000 0.000000000 0.000112360 77.000000000 78.000000000 78.000000000 79.000000000
1750225809.200000048 31.276830464499994 120.906985682 1.868500000 4.000000000 0.000121000 1.000000000 0.000000000 0.000000000 0.000110250 83.000000000 81.000000000 78.000000000 79.000000000
1750225809.400000095 31.276830773166665 120.906986618 1.873900000 4.000000000 0.000121000 1.000000000 0.000000000 0.000000000 0.000112360 83.000000000 81.000000000 78.000000000 79.000000000
1750225809.599999905 31.276830840833327 120.906987609 1.892100000 4.000000000 0.000116640 1.000000000 0.000000000 0.000000000 0.000123210 83.000000000 81.000000000 78.000000000 79.000000000
1750225809.799999952 31.276830943999997 120.906988070 1.899900000 4.000000000 0.000116640 1.000000000 0.000000000 0.000000000 0.000123210 83.000000000 81.000000000 78.000000000 79.000000000
1750225810.000000000 31.276830872999994 120.906988309 1.917000000 4.000000000 0.000116640 1.000000000 0.000000000 0.000000000 0.000123210 83.000000000 81.000000000 78.000000000 79.000000000
1750225810.200000048 31.276830980833324 120.906988578 1.921400000 4.000000000 0.000116640 1.000000000 0.000000000 0.000000000 0.000121000 75.000000000 77.000000000 78.000000000 79.000000000
1750225810.400000095 31.276831441500008 120.906989055 1.941900000 4.000000000 0.000116640 1.000000000 0.000000000 0.000000000 0.000121000 75.000000000 77.000000000 78.000000000 79.000000000
1750225810.599999905 31.276832172 120.906989282 1.905200000 4.000000000 0.000110250 1.000000000 0.000000000 0.000000000 0.000116640 75.000000000 77.000000000 78.000000000 79.000000000
1750225810.799999952 31.276832840833336 120.906989267 1.927500000 4.000000000 0.000112360 1.000000000 0.000000000 0.000000000 0.000118810 75.000000000 77.000000000 78.000000000 79.000000000
1750225811.000000000 31.276833626166663 120.906989214 1.939100000 4.000000000 0.000112360 1.000000000 0.000000000 0.000000000 0.000118810 75.000000000 77.000000000 78.000000000 79.000000000
1750225811.200000048 31.276834296999994 120.906989053 1.937300000 4.000000000 0.000112360 1.000000000 0.000000000 0.000000000 0.000121000 75.000000000 77.000000000 78.000000000 79.000000000
1750225811.400000095 31.276835042666676 120.906988944 1.966600000 4.000000000 0.000114490 1.000000000 0.000000000 0.000000000 0.000123210 75.000000000 77.000000000 78.000000000 79.000000000
1750225811.599999905 31.27683586166667 120.906989004 1.927900000 4.000000000 0.000114490 1.000000000 0.000000000 0.000000000 0.000132250 75.000000000 77.000000000 78.000000000 79.000000000
1750225811.799999952 31.2768363525 120.906988790 1.943300000 4.000000000 0.000114490 1.000000000 0.000000000 0.000000000 0.000132250 75.000000000 77.000000000 78.000000000 79.000000000
1750225812.000000000 31.276837098499996 120.906988513 1.943800000 4.000000000 0.000114490 1.000000000 0.000000000 0.000000000 0.000132250 75.000000000 77.000000000 78.000000000 79.000000000
1750225812.200000048 31.276837784833333 120.906988441 1.961000000 4.000000000 0.000112360 1.000000000 0.000000000 0.000000000 0.000132250 70.000000000 70.000000000 74.000000000 70.000000000
1750225812.400000095 31.276838671500002 120.906988420 1.936300000 4.000000000 0.000114490 1.000000000 0.000000000 0.000000000 0.000134560 70.000000000 70.000000000 74.000000000 70.000000000
1750225812.599999905 31.27683954466667 120.906988340 1.924300000 4.000000000 0.000163840 1.000000000 0.000000000 0.000000000 0.000184960 70.000000000 70.000000000 74.000000000 70.000000000
1750225812.799999952 31.276840296999993 120.906988276 1.946700000 4.000000000 0.000163840 1.000000000 0.000000000 0.000000000 0.000184960 70.000000000 70.000000000 74.000000000 70.000000000
1750225813.000000000 31.276840967166663 120.906988081 1.941100000 4.000000000 0.000166410 1.000000000 0.000000000 0.000000000 0.000184960 70.000000000 70.000000000 74.000000000 70.000000000
1750225813.200000048 31.27684159666667 120.906987996 1.941500000 4.000000000 0.000163840 1.000000000 0.000000000 0.000000000 0.000184960 70.000000000 68.000000000 72.000000000 66.000000000
1750225813.400000095 31.276842233833335 120.906987675 1.943400000 4.000000000 0.000184960 1.000000000 0.000000000 0.000000000 0.000190440 70.000000000 68.000000000 72.000000000 66.000000000
1750225813.599999905 31.276842994666666 120.906987356 1.944300000 4.000000000 0.000184960 1.000000000 0.000000000 0.000000000 0.000193210 70.000000000 68.000000000 72.000000000 66.000000000
1750225813.799999952 31.27684368616667 120.906987424 1.930700000 4.000000000 0.000187690 1.000000000 0.000000000 0.000000000 0.000190440 70.000000000 68.000000000 72.000000000 66.000000000
1750225814.000000000 31.276844453833334 120.906987450 1.961300000 4.000000000 0.000190440 1.000000000 0.000000000 0.000000000 0.000193210 70.000000000 68.000000000 72.000000000 66.000000000
1750225814.200000048 31.276845091166663 120.906987474 1.938700000 4.000000000 0.000187690 1.000000000 0.000000000 0.000000000 0.000187690 64.000000000 63.000000000 70.000000000 62.000000000
1750225814.400000095 31.276845805833332 120.906987750 1.924000000 4.000000000 0.000204490 1.000000000 0.000000000 0.000000000 0.000182250 64.000000000 63.000000000 70.000000000 62.000000000
1750225814.599999905 31.276846673666668 120.906987798 1.922400000 4.000000000 0.000207360 1.000000000 0.000000000 0.000000000 0.000184960 64.000000000 63.000000000 70.000000000 62.000000000
1750225814.799999952 31.276847294999996 120.906987712 1.901500000 4.000000000 0.000207360 1.000000000 0.000000000 0.000000000 0.000187690 64.000000000 63.000000000 70.000000000 62.000000000
1750225815.000000000 31.27684803049999 120.906987593 1.930800000 4.000000000 0.000207360 1.000000000 0.000000000 0.000000000 0.000190440 64.000000000 63.000000000 70.000000000 62.000000000
1750225815.200000048 31.27684862966666 120.906987513 1.920200000 4.000000000 0.000204490 0.000000000 0.000000000 0.000000000 0.000187690 64.000000000 62.000000000 69.000000000 60.000000000
1750225815.400000095 31.276849373000005 120.906987449 1.925600000 4.000000000 0.000219040 0.000000000 0.000000000 0.000000000 0.000262440 64.000000000 62.000000000 69.000000000 60.000000000
1750225815.599999905 31.27685023383333 120.906987316 1.889100000 4.000000000 0.000222010 0.000000000 0.000000000 0.000000000 0.000262440 64.000000000 62.000000000 69.000000000 60.000000000
1750225815.799999952 31.276850939833338 120.906987217 1.905100000 4.000000000 0.000222010 0.000000000 0.000000000 0.000000000 0.000262440 64.000000000 62.000000000 69.000000000 60.000000000
1750225816.000000000 31.276851640333334 120.906987159 1.934200000 4.000000000 0.000222010 0.000000000 0.000000000 0.000000000 0.000262440 64.000000000 62.000000000 69.000000000 60.000000000
1750225816.200000048 31.27685239916667 120.906986832 1.947700000 4.000000000 0.000222010 0.000000000 0.000000000 0.000000000 0.000262440 56.000000000 59.000000000 70.000000000 62.000000000
1750225816.400000095 31.276852942999994 120.906986678 1.917700000 4.000000000 0.000228010 0.000000000 0.000000000 0.000000000 0.000265690 56.000000000 59.000000000 70.000000000 62.000000000
1750225816.599999905 31.276853710333327 120.906986428 1.948500000 4.000000000 0.000228010 0.000000000 0.000000000 0.000000000 0.000265690 56.000000000 59.000000000 70.000000000 62.000000000
1750225816.799999952 31.27685441216667 120.906986046 1.930100000 4.000000000 0.000231040 0.000000000 0.000000000 0.000000000 0.000265690 56.000000000 59.000000000 70.000000000 62.000000000
1750225817.000000000 31.276855208 120.906985839 1.966900000 4.000000000 0.000240250 0.000000000 0.000000000 0.000000000 0.000268960 56.000000000 59.000000000 70.000000000 62.000000000
1750225817.200000048 31.27685583750001 120.906985570 1.980200000 4.000000000 0.000225000 0.000000000 0.000000000 0.000000000 0.000262440 54.000000000 54.000000000 66.000000000 54.000000000
1750225817.400000095 31.276856413833343 120.906985771 2.001100000 4.000000000 0.000292410 0.000000000 0.000000000 0.000000000 0.000256000 54.000000000 54.000000000 66.000000000 54.000000000
1750225817.599999905 31.276857081499998 120.906985650 1.992200000 4.000000000 0.000292410 0.000000000 0.000000000 0.000000000 0.000256000 54.000000000 54.000000000 66.000000000 54.000000000
1750225817.799999952 31.276857791666657 120.906985520 1.991300000 4.000000000 0.000295840 0.000000000 0.000000000 0.000000000 0.000259210 54.000000000 54.000000000 66.000000000 54.000000000
1750225818.000000000 31.276858496999992 120.906985459 1.978100000 4.000000000 0.000295840 0.000000000 0.000000000 0.000000000 0.000256000 54.000000000 54.000000000 66.000000000 54.000000000
1750225818.200000048 31.276859227666662 120.906985349 1.986300000 4.000000000 0.000292410 0.000000000 0.000000000 0.000000000 0.000252810 60.000000000 60.000000000 69.000000000 60.000000000
1750225818.400000095 31.276860311333337 120.906984978 1.918800000 4.000000000 0.000278890 0.000000000 0.000000000 0.000000000 0.000210250 60.000000000 60.000000000 69.000000000 60.000000000
1750225818.599999905 31.276860940000006 120.906984984 1.929000000 4.000000000 0.000278890 0.000000000 0.000000000 0.000000000 0.000213160 60.000000000 60.000000000 69.000000000 60.000000000
1750225818.799999952 31.27686165033333 120.906984862 1.931100000 4.000000000 0.000278890 0.000000000 0.000000000 0.000000000 0.000213160 60.000000000 60.000000000 69.000000000 60.000000000
1750225819.000000000 31.276862477999998 120.906984712 1.933500000 4.000000000 0.000282240 0.000000000 0.000000000 0.000000000 0.000219040 60.000000000 60.000000000 69.000000000 60.000000000
1750225819.200000048 31.27686311016666 120.906984515 1.950300000 4.000000000 0.000278890 0.000000000 0.000000000 0.000000000 0.000213160 60.000000000 57.000000000 66.000000000 54.000000000
1750225819.400000095 31.27686350100001 120.906984513 1.978100000 4.000000000 0.000268960 0.000000000 0.000000000 0.000000000 0.000219040 60.000000000 57.000000000 66.000000000 54.000000000
1750225819.599999905 31.276864256833335 120.906984459 1.989900000 4.000000000 0.000268960 0.000000000 0.000000000 0.000000000 0.000219040 60.000000000 57.000000000 66.000000000 54.000000000
1750225819.799999952 31.276865013833344 120.906984463 2.002500000 4.000000000 0.000272250 0.000000000 0.000000000 0.000000000 0.000222010 60.000000000 57.000000000 66.000000000 54.000000000
1750225820.000000000 31.27686562783333 120.906984484 2.015300000 4.000000000 0.000278890 0.000000000 0.000000000 0.000000000 0.000225000 60.000000000 57.000000000 66.000000000 54.000000000
1750225820.200000048 31.276866404499998 120.906984349 2.038800000 4.000000000 0.000272250 0.000000000 0.000000000 0.000000000 0.000222010 56.000000000 54.000000000 65.000000000 52.000000000
1750225820.400000095 31.276867279499996 120.906984106 2.033700000 4.000000000 0.000262440 0.000000000 0.000000000 0.000000000 0.000225000 56.000000000 54.000000000 65.000000000 52.000000000
1750225820.599999905 31.276867975166667 120.906984080 2.023800000 4.000000000 0.000262440 0.000000000 0.000000000 0.000000000 0.000225000 56.000000000 54.000000000 65.000000000 52.000000000
1750225820.799999952 31.27686862183333 120.906983975 2.023400000 4.000000000 0.000265690 0.000000000 0.000000000 0.000000000 0.000225000 56.000000000 54.000000000 65.000000000 52.000000000
1750225821.000000000 31.27686945116666 120.906983786 2.000800000 4.000000000 0.000285610 0.000000000 0.000000000 0.000000000 0.000231040 56.000000000 54.000000000 65.000000000 52.000000000
1750225821.200000048 31.276870207499996 120.906983711 2.014200000 4.000000000 0.000262440 0.000000000 0.000000000 0.000000000 0.000219040 50.000000000 46.500000000 60.000000000 43.000000000
1750225821.400000095 31.276870749833336 120.906983615 2.037400000 4.000000000 0.000320410 0.000000000 0.000000000 0.000000000 0.000316840 50.000000000 46.500000000 60.000000000 43.000000000
1750225821.599999905 31.276871190666668 120.906983512 2.094900000 4.000000000 0.000324000 0.000000000 0.000000000 0.000000000 0.000331240 50.000000000 46.500000000 60.000000000 43.000000000
1750225821.799999952 31.27687200966666 120.906983240 2.053800000 4.000000000 0.000334890 0.000000000 0.000000000 0.000000000 0.000320410 50.000000000 46.500000000 60.000000000 43.000000000
1750225822.000000000 31.2768727685 120.906982859 2.023400000 4.000000000 0.000334890 0.000000000 0.000000000 0.000000000 0.000324000 50.000000000 46.500000000 60.000000000 43.000000000
1750225822.200000048 31.27687331766667 120.906983059 2.055900000 4.000000000 0.000327610 0.000000000 0.000000000 0.000000000 0.000320410 54.000000000 52.000000000 64.000000000 50.000000000
1750225822.400000095 31.27687404783333 120.906983203 2.034500000 4.000000000 0.000324000 0.000000000 0.000000000 0.000000000 0.000289000 54.000000000 52.000000000 64.000000000 50.000000000
1750225822.599999905 31.276874660666664 120.906983120 2.054800000 4.000000000 0.000324000 0.000000000 0.000000000 0.000000000 0.000285610 54.000000000 52.000000000 64.000000000 50.000000000
1750225822.799999952 31.2768754665 120.906983128 2.026500000 4.000000000 0.000320410 0.000000000 0.000000000 0.000000000 0.000282240 54.000000000 52.000000000 64.000000000 50.000000000
1750225823.000000000 31.276876146000006 120.906983202 2.028700000 4.000000000 0.000324000 0.000000000 0.000000000 0.000000000 0.000285610 54.000000000 52.000000000 64.000000000 50.000000000
1750225823.200000048 31.27687677916667 120.906983128 2.040500000 4.000000000 0.000320410 0.000000000 0.000000000 0.000000000 0.000278890 50.000000000 51.000000000 65.000000000 52.000000000
1750225823.400000095 31.276877384333332 120.906982885 2.023400000 4.000000000 0.000428490 0.000000000 0.000000000 0.000000000 0.000384160 50.000000000 51.000000000 65.000000000 52.000000000
1750225823.599999905 31.276878312666668 120.906982814 2.004900000 4.000000000 0.000436810 0.000000000 0.000000000 0.000000000 0.000404010 50.000000000 51.000000000 65.000000000 52.000000000
1750225823.799999952 31.2768789295 120.906982759 2.006900000 4.000000000 0.000436810 0.000000000 0.000000000 0.000000000 0.000400000 50.000000000 51.000000000 65.000000000 52.000000000
1750225824.000000000 31.276879502166665 120.906982737 2.036000000 4.000000000 0.000436810 0.000000000 0.000000000 0.000000000 0.000400000 50.000000000 51.000000000 65.000000000 52.000000000
1750225824.200000048 31.276880127499993 120.906982544 2.032200000 4.000000000 0.000428490 0.000000000 0.000000000 0.000000000 0.000392040 52.000000000 51.000000000 64.000000000 50.000000000
1750225824.400000095 31.276880863499997 120.906982232 1.982300000 4.000000000 0.000519840 0.000000000 0.000000000 0.000000000 0.000519840 52.000000000 51.000000000 64.000000000 50.000000000
1750225824.599999905 31.276881417 120.906982231 2.009500000 4.000000000 0.000501760 0.000000000 0.000000000 0.000000000 0.000519840 52.000000000 51.000000000 64.000000000 50.000000000
1750225824.799999952 31.276882164666674 120.906982080 1.999200000 4.000000000 0.000515290 0.000000000 0.000000000 0.000000000 0.000524410 52.000000000 51.000000000 64.000000000 50.000000000
1750225825.000000000 31.27688278316667 120.906981592 1.996100000 4.000000000 0.000506250 0.000000000 0.000000000 0.000000000 0.000552250 52.000000000 51.000000000 64.000000000 50.000000000
1750225825.200000048 31.276883709000003 120.906981209 1.979400000 4.000000000 0.000501760 0.000000000 0.000000000 0.000000000 0.000524410 47.000000000 45.000000000 60.000000000 43.000000000
1750225825.400000095 31.27688409616667 120.906980669 1.988300000 4.000000000 0.000510760 0.000000000 0.000000000 0.000000000 0.000524410 47.000000000 45.000000000 60.000000000 43.000000000
1750225825.599999905 31.276884791833325 120.906980520 1.994700000 4.000000000 0.000529000 0.000000000 0.000000000 0.000000000 0.000529000 47.000000000 45.000000000 60.000000000 43.000000000
1750225825.799999952 31.276885273333335 120.906980706 1.925900000 4.000000000 0.000519840 0.000000000 0.000000000 0.000000000 0.000533610 47.000000000 45.000000000 60.000000000 43.000000000
1750225826.000000000 31.276886496166668 120.906980664 2.042700000 4.000000000 0.000515290 0.000000000 0.000000000 0.000000000 0.000542890 47.000000000 45.000000000 60.000000000 43.000000000
1750225826.200000048 31.276886984166666 120.906980494 2.032300000 4.000000000 0.000501760 0.000000000 0.000000000 0.000000000 0.000510760 41.000000000 42.000000000 60.000000000 43.000000000
1750225826.400000095 31.27688775083334 120.906980334 2.037500000 4.000000000 0.000501760 0.000000000 0.000000000 0.000000000 0.000515290 41.000000000 42.000000000 60.000000000 43.000000000
1750225826.599999905 31.2768883465 120.906980563 2.053800000 4.000000000 0.000506250 0.000000000 0.000000000 0.000000000 0.000529000 41.000000000 42.000000000 60.000000000 43.000000000
1750225826.799999952 31.276889038666667 120.906980990 2.068600000 4.000000000 0.000510760 0.000000000 0.000000000 0.000000000 0.000538240 41.000000000 42.000000000 60.000000000 43.000000000
1750225827.000000000 31.27688929766667 120.906981427 2.086900000 4.000000000 0.000510760 0.000000000 0.000000000 0.000000000 0.000519840 41.000000000 42.000000000 60.000000000 43.000000000
1750225827.200000048 31.276889245000007 120.906981712 2.072900000 5.000000000 0.000501760 0.000000000 0.000000000 0.000000000 0.000506250 50.000000000 46.500000000 60.000000000 43.000000000
1750225827.400000095 31.276889225333335 120.906981653 2.083100000 5.000000000 0.000501760 0.000000000 0.000000000 0.000000000 0.000506250 50.000000000 46.500000000 60.000000000 43.000000000
1750225827.599999905 31.27688925033334 120.906981671 2.076900000 5.000000000 0.000506250 0.000000000 0.000000000 0.000000000 0.000506250 50.000000000 46.500000000 60.000000000 43.000000000
1750225827.799999952 31.2768892525 120.906981658 2.073200000 5.000000000 0.000506250 0.000000000 0.000000000 0.000000000 0.000506250 50.000000000 46.500000000 60.000000000 43.000000000
1750225828.000000000 31.27688926083333 120.906981682 2.075500000 5.000000000 0.000506250 0.000000000 0.000000000 0.000000000 0.000506250 50.000000000 46.500000000 60.000000000 43.000000000
1750225828.200000048 31.276889266500007 120.906981672 2.069900000 5.000000000 0.000492840 0.000000000 0.000000000 0.000000000 0.000497290 54.000000000 43.200000000 66.000000000 54.000000000
1750225828.400000095 31.276889253500002 120.906981659 2.070500000 5.000000000 0.000492840 0.000000000 0.000000000 0.000000000 0.000497290 54.000000000 43.200000000 66.000000000 54.000000000
1750225828.599999905 31.276889258833336 120.906981669 2.073900000 5.000000000 0.000492840 0.000000000 0.000000000 0.000000000 0.000497290 54.000000000 43.200000000 66.000000000 54.000000000
1750225828.799999952 31.27688926966667 120.906981688 2.076400000 5.000000000 0.000492840 0.000000000 0.000000000 0.000000000 0.000497290 54.000000000 43.200000000 66.000000000 54.000000000
1750225829.000000000 31.27688926333333 120.906981641 2.069800000 5.000000000 0.000492840 0.000000000 0.000000000 0.000000000 0.000497290 54.000000000 43.200000000 66.000000000 54.000000000
1750225829.200000048 31.276889221999994 120.906981673 2.069600000 5.000000000 0.000497290 0.000000000 0.000000000 0.000000000 0.000497290 56.000000000 46.400000000 69.000000000 60.000000000
1750225829.400000095 31.276889204166665 120.906981682 2.088500000 5.000000000 0.000501760 0.000000000 0.000000000 0.000000000 0.000515290 56.000000000 46.400000000 69.000000000 60.000000000
1750225829.599999905 31.276889228 120.906981667 2.080700000 5.000000000 0.000506250 0.000000000 0.000000000 0.000000000 0.000519840 56.000000000 46.400000000 69.000000000 60.000000000
1750225829.799999952 31.276889240666662 120.906981670 2.078600000 5.000000000 0.000506250 0.000000000 0.000000000 0.000000000 0.000519840 56.000000000 46.400000000 69.000000000 60.000000000
1750225830.000000000 31.276889229666665 120.906981658 2.073200000 5.000000000 0.000501760 0.000000000 0.000000000 0.000000000 0.000519840 56.000000000 46.400000000 69.000000000 60.000000000
1750225830.200000048 31.276889223166677 120.906981681 2.079300000 5.000000000 0.000497290 0.000000000 0.000000000 0.000000000 0.000506250 52.000000000 41.600000000 65.000000000 52.000000000
1750225830.400000095 31.276889223833336 120.906981683 2.085700000 5.000000000 0.000497290 0.000000000 0.000000000 0.000000000 0.000506250 52.000000000 41.600000000 65.000000000 52.000000000
1750225830.599999905 31.276889234833334 120.906981666 2.085200000 5.000000000 0.000497290 0.000000000 0.000000000 0.000000000 0.000506250 52.000000000 41.600000000 65.000000000 52.000000000
1750225830.799999952 31.276889236166667 120.906981677 2.076600000 5.000000000 0.000497290 0.000000000 0.000000000 0.000000000 0.000506250 52.000000000 41.600000000 65.000000000 52.000000000
1750225831.000000000 31.276889263833326 120.906981712 2.079100000 5.000000000 0.000497290 0.000000000 0.000000000 0.000000000 0.000506250 52.000000000 41.600000000 65.000000000 52.000000000
1750225831.200000048 31.276889261999997 120.906981750 2.074500000 5.000000000 0.000492840 0.000000000 0.000000000 0.000000000 0.000497290 52.000000000 44.000000000 68.000000000 58.000000000
1750225831.400000095 31.276889301166662 120.906981669 2.064000000 5.000000000 0.000492840 0.000000000 0.000000000 0.000000000 0.000501760 52.000000000 44.000000000 68.000000000 58.000000000
1750225831.599999905 31.276889287166668 120.906981685 2.074100000 5.000000000 0.000497290 0.000000000 0.000000000 0.000000000 0.000501760 52.000000000 44.000000000 68.000000000 58.000000000
1750225831.799999952 31.27688930316667 120.906981708 2.061100000 5.000000000 0.000497290 0.000000000 0.000000000 0.000000000 0.000506250 52.000000000 44.000000000 68.000000000 58.000000000
1750225832.000000000 31.276889324500004 120.906981729 2.078500000 5.000000000 0.000497290 0.000000000 0.000000000 0.000000000 0.000506250 52.000000000 44.000000000 68.000000000 58.000000000
1750225832.200000048 31.276889390666668 120.906981635 2.082600000 5.000000000 0.000497290 0.000000000 0.000000000 0.000000000 0.000506250 45.000000000 42.000000000 69.000000000 60.000000000
1750225832.400000095 31.276889493166664 120.906981567 2.078200000 5.000000000 0.000501760 0.000000000 0.000000000 0.000000000 0.000506250 45.000000000 42.000000000 69.000000000 60.000000000
1750225832.599999905 31.276889619166667 120.906981552 2.053900000 5.000000000 0.000506250 0.000000000 0.000000000 0.000000000 0.000510760 45.000000000 42.000000000 69.000000000 60.000000000
1750225832.799999952 31.276889628999996 120.906981559 2.071700000 5.000000000 0.000506250 0.000000000 0.000000000 0.000000000 0.000515290 45.000000000 42.000000000 69.000000000 60.000000000
1750225833.000000000 31.27689002416666 120.906981707 2.006600000 5.000000000 0.000519840 0.000000000 0.000000000 0.000000000 0.000556960 45.000000000 42.000000000 69.000000000 60.000000000
1750225833.200000048 31.276890737333332 120.906981533 2.055400000 5.000000000 0.000515290 0.000000000 0.000000000 0.000000000 0.000519840 45.000000000 34.400000000 59.000000000 41.000000000
1750225833.400000095 31.276891140833328 120.906981265 2.054800000 5.000000000 0.000524410 0.000000000 0.000000000 0.000000000 0.000556960 45.000000000 34.400000000 59.000000000 41.000000000
1750225833.599999905 31.27689174416666 120.906981794 1.963400000 5.000000000 0.000590490 0.000000000 0.000000000 0.000000000 0.000547560 45.000000000 34.400000000 59.000000000 41.000000000
1750225833.799999952 31.276892609166666 120.906980939 2.103000000 5.000000000 0.000718240 0.000000000 0.000000000 0.000000000 0.000817960 45.000000000 34.400000000 59.000000000 41.000000000
1750225834.000000000 31.276892426666677 120.906980886 2.106800000 5.000000000 0.000729000 0.000000000 0.000000000 0.000000000 0.000823690 45.000000000 34.400000000 59.000000000 41.000000000
1750225834.200000048 31.276892501333336 120.906980891 2.113100000 5.000000000 0.000630010 0.000000000 0.000000000 0.000000000 0.000739840 29.000000000 24.000000000 54.000000000 31.000000000
1750225834.400000095 31.27689253133333 120.906981813 2.087400000 5.000000000 0.001632160 0.000000000 0.000000000 0.000000000 0.001030410 29.000000000 24.000000000 54.000000000 31.000000000
1750225834.599999905 31.276893102999992 120.906981881 2.105600000 5.000000000 0.001656490 0.000000000 0.000000000 0.000000000 0.001036840 29.000000000 24.000000000 54.000000000 31.000000000
1750225834.799999952 31.276893898833336 120.906981975 2.131400000 5.000000000 0.001806250 0.000000000 0.000000000 0.000000000 0.001156000 29.000000000 24.000000000 54.000000000 31.000000000
1750225835.000000000 31.276894059 120.906982143 2.143000000 5.000000000 0.001600000 0.000000000 0.000000000 0.000000000 0.000973440 29.000000000 24.000000000 54.000000000 31.000000000
1750225835.200000048 31.276894251499996 120.906982333 2.159800000 5.000000000 0.001600000 0.000000000 0.000000000 0.000000000 0.000973440 22.000000000 25.200000000 59.000000000 41.000000000
1750225835.400000095 31.276894346666666 120.906982388 2.147900000 5.000000000 0.002171560 0.000000000 0.000000000 0.000000000 0.001383840 22.000000000 25.200000000 59.000000000 41.000000000
1750225835.599999905 31.276894319500002 120.906982370 2.152000000 5.000000000 0.002190240 0.000000000 0.000000000 0.000000000 0.001383840 22.000000000 25.200000000 59.000000000 41.000000000
1750225835.799999952 31.276894192666674 120.906982220 2.145000000 5.000000000 0.002180890 0.000000000 0.000000000 0.000000000 0.001383840 22.000000000 25.200000000 59.000000000 41.000000000
1750225836.000000000 31.276894021333334 120.906981999 2.137100000 5.000000000 0.002171560 0.000000000 0.000000000 0.000000000 0.001383840 22.000000000 25.200000000 59.000000000 41.000000000
1750225836.200000048 31.276893899166666 120.906981800 2.114400000 5.000000000 0.002143690 0.000000000 0.000000000 0.000000000 0.001369000 25.000000000 26.400000000 59.000000000 41.000000000
1750225836.400000095 31.276893931666677 120.906981586 2.113000000 5.000000000 0.001918440 0.000000000 0.000000000 0.000000000 0.001303210 25.000000000 26.400000000 59.000000000 41.000000000
1750225836.599999905 31.27689415333333 120.906980943 2.132600000 5.000000000 0.001909690 0.000000000 0.000000000 0.000000000 0.001317690 25.000000000 26.400000000 59.000000000 41.000000000
1750225836.799999952 31.276894624833332 120.906980387 2.134200000 5.000000000 0.001927210 0.000000000 0.000000000 0.000000000 0.001317690 25.000000000 26.400000000 59.000000000 41.000000000
1750225837.000000000 31.276895299833342 120.906980081 2.122500000 5.000000000 0.001918440 0.000000000 0.000000000 0.000000000 0.001317690 25.000000000 26.400000000 59.000000000 41.000000000
1750225837.200000048 31.276896152000006 120.906980213 2.119600000 5.000000000 0.001909690 0.000000000 0.000000000 0.000000000 0.001346890 22.000000000 25.200000000 59.000000000 41.000000000
1750225837.400000095 31.276896893166665 120.906980188 2.098500000 5.000000000 0.001600000 0.000000000 0.000000000 0.000000000 0.001274490 22.000000000 25.200000000 59.000000000 41.000000000
1750225837.599999905 31.27689736166667 120.906980206 2.110100000 5.000000000 0.001608010 0.000000000 0.000000000 0.000000000 0.001296000 22.000000000 25.200000000 59.000000000 41.000000000
1750225837.799999952 31.276898115999998 120.906980225 2.110600000 5.000000000 0.001640250 0.000000000 0.000000000 0.000000000 0.001521000 22.000000000 25.200000000 59.000000000 41.000000000
1750225838.000000000 31.276898985999992 120.906980081 2.120600000 5.000000000 0.001640250 0.000000000 0.000000000 0.000000000 0.001536640 22.000000000 25.200000000 59.000000000 41.000000000
1750225838.200000048 31.276899753833334 120.906980036 2.111100000 5.000000000 0.001656490 0.000000000 0.000000000 0.000000000 0.001383840 33.000000000 27.200000000 56.000000000 35.000000000
1750225838.400000095 31.27690055683334 120.906980012 2.077500000 5.000000000 0.001544490 0.000000000 0.000000000 0.000000000 0.001656490 33.000000000 27.200000000 56.000000000 35.000000000
1750225838.599999905 31.276901477500004 120.906980154 2.029200000 5.000000000 0.001497690 0.000000000 0.000000000 0.000000000 0.001513210 33.000000000 27.200000000 56.000000000 35.000000000
1750225838.799999952 31.276902269999994 120.906980415 2.000300000 5.000000000 0.001466890 0.000000000 0.000000000 0.000000000 0.001317690 33.000000000 27.200000000 56.000000000 35.000000000
1750225839.000000000 31.27690290383333 120.906980512 1.972200000 5.000000000 0.001466890 0.000000000 0.000000000 0.000000000 0.001310440 33.000000000 27.200000000 56.000000000 35.000000000
1750225839.200000048 31.2769036375 120.906980485 1.925700000 5.000000000 0.001466890 0.000000000 0.000000000 0.000000000 0.001197160 35.000000000 29.600000000 58.000000000 39.000000000
1750225839.400000095 31.2769035515 120.906980507 2.036800000 5.000000000 0.002672890 0.000000000 0.000000000 0.000000000 0.003981610 35.000000000 29.600000000 58.000000000 39.000000000
1750225839.599999905 31.276904166500003 120.906980437 2.011200000 5.000000000 0.002510010 0.000000000 0.000000000 0.000000000 0.002034010 35.000000000 29.600000000 58.000000000 39.000000000
1750225839.799999952 31.276905054333326 120.906980172 1.985300000 5.000000000 0.002520040 0.000000000 0.000000000 0.000000000 0.002043040 35.000000000 29.600000000 58.000000000 39.000000000
1750225840.000000000 31.276905793833336 120.906980141 1.947600000 5.000000000 0.002601000 0.000000000 0.000000000 0.000000000 0.002034010 35.000000000 29.600000000 58.000000000 39.000000000
1750225840.200000048 31.276906407 120.906980155 1.960400000 5.000000000 0.002809000 0.000000000 0.000000000 0.000000000 0.002265760 33.000000000 28.000000000 57.000000000 37.000000000
1750225840.400000095 31.276907015000006 120.906980194 1.958400000 5.000000000 0.002809000 0.000000000 0.000000000 0.000000000 0.002275290 33.000000000 28.000000000 57.000000000 37.000000000
1750225840.599999905 31.276907982500006 120.906979476 1.826500000 5.000000000 0.003375610 0.000000000 0.000000000 0.000000000 0.002872960 33.000000000 28.000000000 57.000000000 37.000000000
1750225840.799999952 31.276908696000007 120.906979496 1.841200000 5.000000000 0.002809000 0.000000000 0.000000000 0.000000000 0.002275290 33.000000000 28.000000000 57.000000000 37.000000000
1750225841.000000000 31.276909429499995 120.906979585 1.853900000 5.000000000 0.002851560 0.000000000 0.000000000 0.000000000 0.002256250 33.000000000 28.000000000 57.000000000 37.000000000
1750225841.200000048 31.276910009999995 120.906979649 1.866900000 5.000000000 0.003036010 0.000000000 0.000000000 0.000000000 0.002256250 33.000000000 27.200000000 56.000000000 35.000000000
1750225841.400000095 31.27691080016666 120.906979805 1.885100000 5.000000000 20.890384674 0.000000000 0.000000000 0.000000000 4.194304466 33.000000000 27.200000000 56.000000000 35.000000000
1750225841.599999905 31.276911447666663 120.906979910 1.943900000 5.000000000 20.889469147 0.000000000 0.000000000 0.000000000 4.194304466 33.000000000 27.200000000 56.000000000 35.000000000
1750225841.799999952 31.276912320333338 120.906979581 1.980200000 5.000000000 20.906843185 0.000000000 0.000000000 0.000000000 4.194304466 33.000000000 27.200000000 56.000000000 35.000000000
1750225842.000000000 31.276912917000004 120.906979688 1.981200000 5.000000000 20.913244247 0.000000000 0.000000000 0.000000000 4.194304466 33.000000000 27.200000000 56.000000000 35.000000000
1750225842.200000048 31.276913223333338 120.906979892 1.961400000 5.000000000 20.915071487 0.000000000 0.000000000 0.000000000 4.194713593 29.000000000 23.200000000 53.000000000 29.000000000
1750225842.400000095 31.276913372500005 120.906980112 1.977100000 5.000000000 19.056715012 0.000000000 0.000000000 0.000000000 4.139597416 29.000000000 23.200000000 53.000000000 29.000000000
1750225842.599999905 31.276913593666677 120.906980245 1.969300000 5.000000000 19.056715012 0.000000000 0.000000000 0.000000000 4.139597416 29.000000000 23.200000000 53.000000000 29.000000000
1750225842.799999952 31.27691383199999 120.906980348 1.948500000 5.000000000 19.056715012 0.000000000 0.000000000 0.000000000 4.140003681 29.000000000 23.200000000 53.000000000 29.000000000
1750225843.000000000 31.276914056833334 120.906980530 1.933700000 5.000000000 19.056715012 0.000000000 0.000000000 0.000000000 4.140003681 29.000000000 23.200000000 53.000000000 29.000000000
1750225843.200000048 31.276914200500002 120.906980457 1.933400000 5.000000000 19.056715012 0.000000000 0.000000000 0.000000000 4.140003681 31.000000000 23.200000000 52.000000000 27.000000000
1750225843.400000095 31.276914527000002 120.906980198 1.931700000 5.000000000 17.818529129 0.000000000 0.000000000 0.000000000 3.892334461 31.000000000 23.200000000 52.000000000 27.000000000
1750225843.599999905 31.276914985999994 120.906979929 1.961600000 5.000000000 17.818529129 0.000000000 0.000000000 0.000000000 3.892334461 31.000000000 23.200000000 52.000000000 27.000000000
1750225843.799999952 31.276915633166666 120.906979825 1.906300000 5.000000000 17.821062088 0.000000000 0.000000000 0.000000000 3.892729282 31.000000000 23.200000000 52.000000000 27.000000000
1750225844.000000000 31.2769158495 120.906979718 1.906100000 5.000000000 17.826972961 0.000000000 0.000000000 0.000000000 3.893123388 31.000000000 23.200000000 52.000000000 27.000000000
1750225844.200000048 31.276916227166666 120.906979534 1.915600000 5.000000000 17.816843033 0.000000000 0.000000000 0.000000000 3.893123388 31.000000000 23.200000000 52.000000000 27.000000000
1750225844.400000095 31.276916447999994 120.906979468 1.925300000 5.000000000 17.612291336 0.000000000 0.000000000 0.000000000 3.869482517 31.000000000 23.200000000 52.000000000 27.000000000
1750225844.599999905 31.276916603833342 120.906979383 1.934200000 5.000000000 17.612291336 0.000000000 0.000000000 0.000000000 3.869482517 31.000000000 23.200000000 52.000000000 27.000000000
1750225844.799999952 31.276916625500007 120.906979011 1.941200000 5.000000000 17.613132477 0.000000000 0.000000000 0.000000000 3.869482517 31.000000000 23.200000000 52.000000000 27.000000000
1750225845.000000000 31.276916479166673 120.906977857 1.905200000 5.000000000 17.628240585 0.000000000 0.000000000 0.000000000 3.870662689 31.000000000 23.200000000 52.000000000 27.000000000
1750225845.200000048 31.276915969166666 120.906977097 1.945900000 5.000000000 17.619009018 0.000000000 0.000000000 0.000000000 3.870269537 27.000000000 20.800000000 51.000000000 25.000000000
1750225845.400000095 31.2769155715 120.906976593 1.971600000 5.000000000 17.678659439 0.000000000 0.000000000 0.000000000 3.872236967 27.000000000 20.800000000 51.000000000 25.000000000
1750225845.599999905 31.276915538166662 120.906976294 1.940400000 5.000000000 17.627403259 0.000000000 0.000000000 0.000000000 3.869482517 27.000000000 20.800000000 51.000000000 25.000000000
1750225845.799999952 31.276915637166667 120.906976094 1.947300000 5.000000000 17.635801315 0.000000000 0.000000000 0.000000000 3.867908716 27.000000000 20.800000000 51.000000000 25.000000000
1750225846.000000000 31.276915715 120.906975911 1.976200000 5.000000000 17.620685577 0.000000000 0.000000000 0.000000000 3.867908716 27.000000000 20.800000000 51.000000000 25.000000000
1750225846.200000048 31.276915766499997 120.906975813 2.004000000 5.000000000 17.619844437 0.000000000 0.000000000 0.000000000 3.867908716 25.000000000 20.800000000 52.000000000 27.000000000
1750225846.400000095 31.276915791166672 120.906975562 2.008200000 5.000000000 17.105669022 0.000000000 0.000000000 0.000000000 3.765152216 25.000000000 20.800000000 52.000000000 27.000000000
1750225846.599999905 31.27691570183333 120.906975522 2.074000000 5.000000000 17.115598679 0.000000000 0.000000000 0.000000000 3.766704559 25.000000000 20.800000000 52.000000000 27.000000000
1750225846.799999952 31.276915404333337 120.906975125 2.012500000 5.000000000 17.200096130 0.000000000 0.000000000 0.000000000 3.777581215 25.000000000 20.800000000 52.000000000 27.000000000
1750225847.000000000 31.276914699166667 120.906975052 2.064200000 5.000000000 17.197607040 0.000000000 0.000000000 0.000000000 3.777192354 25.000000000 20.800000000 52.000000000 27.000000000
1750225847.200000048 31.27691393883333 120.906974667 2.025400000 5.000000000 17.199268341 0.000000000 0.000000000 0.000000000 3.777192354 21.000000000 16.000000000 47.000000000 19.000000000
1750225847.400000095 31.276913316333335 120.906974981 2.010300000 5.000000000 17.200925827 0.000000000 0.000000000 0.000000000 3.776803732 21.000000000 16.000000000 47.000000000 19.000000000
1750225847.599999905 31.276912596333332 120.906975334 2.044500000 5.000000000 17.190975189 0.000000000 0.000000000 0.000000000 3.774860144 21.000000000 16.000000000 47.000000000 19.000000000
1750225847.799999952 31.27691202566666 120.906975172 1.985800000 5.000000000 17.192632675 0.000000000 0.000000000 0.000000000 3.774471998 21.000000000 16.000000000 47.000000000 19.000000000
1750225848.000000000 31.276911363833335 120.906975330 1.991600000 5.000000000 17.191802979 0.000000000 0.000000000 0.000000000 3.774083376 21.000000000 16.000000000 47.000000000 19.000000000
1750225848.200000048 31.27691057466666 120.906975377 2.011900000 5.000000000 17.193462372 0.000000000 0.000000000 0.000000000 3.774083376 26.000000000 18.800000000 48.000000000 21.000000000
1750225848.400000095 31.276909945499995 120.906975720 2.050200000 5.000000000 17.157821655 0.000000000 0.000000000 0.000000000 3.767092705 26.000000000 18.800000000 48.000000000 21.000000000
1750225848.599999905 31.27690902500001 120.906975610 2.056400000 5.000000000 17.156991959 0.000000000 0.000000000 0.000000000 3.767092705 26.000000000 18.800000000 48.000000000 21.000000000
1750225848.799999952 31.276908339000002 120.906975338 2.054200000 5.000000000 17.170249939 0.000000000 0.000000000 0.000000000 3.768645763 26.000000000 18.800000000 48.000000000 21.000000000
1750225849.000000000 31.27690766483333 120.906975785 2.102400000 5.000000000 17.214202881 0.000000000 0.000000000 0.000000000 3.767869234 26.000000000 18.800000000 48.000000000 21.000000000
1750225849.200000048 31.276907011333336 120.906975768 2.095100000 5.000000000 17.212539673 0.000000000 0.000000000 0.000000000 3.769034147 21.000000000 16.800000000 48.000000000 21.000000000
1750225849.400000095 31.276906281833334 120.906976025 2.132700000 5.000000000 17.212539673 0.000000000 0.000000000 0.000000000 3.768645763 21.000000000 16.800000000 48.000000000 21.000000000
1750225849.599999905 31.276905579499996 120.906976295 2.151300000 5.000000000 17.209220886 0.000000000 0.000000000 0.000000000 3.767869234 21.000000000 16.800000000 48.000000000 21.000000000
1750225849.799999952 31.276904854833333 120.906976312 2.175200000 5.000000000 17.215028763 0.000000000 0.000000000 0.000000000 3.768257618 21.000000000 16.800000000 48.000000000 21.000000000
1750225850.000000000 31.276904061500005 120.906976534 2.182400000 5.000000000 17.211713791 0.000000000 0.000000000 0.000000000 3.768257618 21.000000000 16.800000000 48.000000000 21.000000000
1750225850.200000048 31.276903375333333 120.906976975 2.231300000 5.000000000 17.172737122 0.000000000 0.000000000 0.000000000 3.767869234 20.000000000 16.800000000 47.000000000 22.000000000
1750225850.400000095 31.276902655499995 120.906977478 2.251800000 5.000000000 17.171907425 0.000000000 0.000000000 0.000000000 3.767869234 20.000000000 16.800000000 47.000000000 22.000000000
1750225850.599999905 31.276902074000006 120.906977792 2.282300000 5.000000000 17.212539673 0.000000000 0.000000000 0.000000000 3.769422054 20.000000000 16.800000000 47.000000000 22.000000000
1750225850.799999952 31.276901366000004 120.906978408 2.284100000 5.000000000 17.212539673 0.000000000 0.000000000 0.000000000 3.770975590 20.000000000 16.800000000 47.000000000 22.000000000
1750225851.000000000 31.276900660833334 120.906978862 2.279300000 5.000000000 17.212539673 0.000000000 0.000000000 0.000000000 3.771364212 20.000000000 16.800000000 47.000000000 22.000000000
1750225851.200000048 31.27689998533333 120.906979048 2.267200000 5.000000000 17.083343506 0.000000000 0.000000000 0.000000000 3.770587206 22.000000000 17.600000000 47.000000000 22.000000000
1750225851.400000095 31.27689921933333 120.906979315 2.270900000 5.000000000 17.078380585 0.000000000 0.000000000 0.000000000 3.770198822 22.000000000 17.600000000 47.000000000 22.000000000
1750225851.599999905 31.276898598833327 120.906979504 2.259500000 5.000000000 17.063507080 0.000000000 0.000000000 0.000000000 3.774860144 22.000000000 17.600000000 47.000000000 22.000000000
1750225851.799999952 31.276897845666667 120.906979771 2.280900000 5.000000000 17.064334869 0.000000000 0.000000000 0.000000000 3.775248766 22.000000000 17.600000000 47.000000000 22.000000000
1750225852.000000000 31.276897225666673 120.906979971 2.311200000 5.000000000 17.063507080 0.000000000 0.000000000 0.000000000 3.775248766 22.000000000 17.600000000 47.000000000 22.000000000
1750225852.200000048 31.27689672416666 120.906980286 2.287900000 5.000000000 17.063507080 0.000000000 0.000000000 0.000000000 3.775248766 22.000000000 19.200000000 49.000000000 26.000000000
1750225852.400000095 31.276896339000004 120.906980422 2.294400000 5.000000000 17.068466187 0.000000000 0.000000000 0.000000000 3.775248766 22.000000000 19.200000000 49.000000000 26.000000000
1750225852.599999905 31.27689583833333 120.906980493 2.281200000 5.000000000 17.065160751 0.000000000 0.000000000 0.000000000 3.767869234 22.000000000 19.200000000 49.000000000 26.000000000
1750225852.799999952 31.276895066999998 120.906980092 2.293800000 5.000000000 17.063507080 0.000000000 0.000000000 0.000000000 3.767480850 22.000000000 19.200000000 49.000000000 26.000000000
1750225853.000000000 31.276894465666672 120.906979306 2.275900000 5.000000000 17.064334869 0.000000000 0.000000000 0.000000000 3.767869234 22.000000000 19.200000000 49.000000000 26.000000000
1750225853.200000048 31.276894083833326 120.906978575 2.284400000 5.000000000 17.064334869 0.000000000 0.000000000 0.000000000 3.767869234 26.000000000 22.400000000 52.000000000 30.000000000
1750225853.400000095 31.27689399083333 120.906977543 2.258900000 5.000000000 17.065160751 0.000000000 0.000000000 0.000000000 3.768257618 26.000000000 22.400000000 52.000000000 30.000000000
1750225853.599999905 31.276893897833332 120.906976531 2.273900000 5.000000000 17.119733810 0.000000000 0.000000000 0.000000000 3.768257618 26.000000000 22.400000000 52.000000000 30.000000000
1750225853.799999952 31.276893716666677 120.906975709 2.297000000 5.000000000 17.119733810 0.000000000 0.000000000 0.000000000 3.768645763 26.000000000 22.400000000 52.000000000 30.000000000
1750225854.000000000 31.276893619666666 120.906974834 2.276200000 5.000000000 17.120561600 0.000000000 0.000000000 0.000000000 3.769034147 26.000000000 22.400000000 52.000000000 30.000000000
1750225854.200000048 31.276893491833334 120.906974192 2.290600000 5.000000000 17.082515717 0.000000000 0.000000000 0.000000000 3.769422054 22.000000000 20.000000000 50.000000000 28.000000000
1750225854.400000095 31.276893512666675 120.906973524 2.315000000 5.000000000 17.082515717 0.000000000 0.000000000 0.000000000 3.769810438 22.000000000 20.000000000 50.000000000 28.000000000
1750225854.599999905 31.276893164166665 120.906973381 2.322100000 5.000000000 17.122215271 0.000000000 0.000000000 0.000000000 3.771752596 22.000000000 20.000000000 50.000000000 28.000000000
1750225854.799999952 31.276893388333335 120.906972535 2.237100000 5.000000000 17.082515717 0.000000000 0.000000000 0.000000000 3.784192085 22.000000000 20.000000000 50.000000000 28.000000000
1750225855.000000000 31.276893243833342 120.906971753 2.232400000 5.000000000 17.056900024 0.000000000 0.000000000 0.000000000 3.777969599 22.000000000 20.000000000 50.000000000 28.000000000
1750225855.200000048 31.27689316516667 120.906970909 2.264700000 5.000000000 17.065988541 0.000000000 0.000000000 0.000000000 3.779524803 19.000000000 19.200000000 53.000000000 29.000000000
1750225855.400000095 31.276892491333342 120.906971022 2.309300000 5.000000000 17.079208374 0.000000000 0.000000000 0.000000000 3.791977167 19.000000000 19.200000000 53.000000000 29.000000000
1750225855.599999905 31.27689251416666 120.906970402 2.308300000 5.000000000 17.032955170 0.000000000 0.000000000 0.000000000 3.775637627 19.000000000 19.200000000 53.000000000 29.000000000
1750225855.799999952 31.27689247783333 120.906969471 2.284600000 5.000000000 17.033781052 0.000000000 0.000000000 0.000000000 3.784192085 19.000000000 19.200000000 53.000000000 29.000000000
1750225856.000000000 31.276892360666665 120.906968849 2.295100000 5.000000000 17.033781052 0.000000000 0.000000000 0.000000000 3.784192085 19.000000000 19.200000000 53.000000000 29.000000000
1750225856.200000048 31.27689227933334 120.906968307 2.286700000 5.000000000 17.034603119 0.000000000 0.000000000 0.000000000 3.784581184 20.000000000 21.200000000 55.000000000 33.000000000
1750225856.400000095 31.27689250366666 120.906967099 2.303000000 5.000000000 17.034603119 0.000000000 0.000000000 0.000000000 3.784581184 20.000000000 21.200000000 55.000000000 33.000000000
1750225856.599999905 31.276892424833335 120.906966386 2.280800000 5.000000000 17.034603119 0.000000000 0.000000000 0.000000000 3.784581184 20.000000000 21.200000000 55.000000000 33.000000000
1750225856.799999952 31.276892256833335 120.906965588 2.276200000 5.000000000 17.034603119 0.000000000 0.000000000 0.000000000 3.784581184 20.000000000 21.200000000 55.000000000 33.000000000
1750225857.000000000 31.276892476166665 120.906964769 2.234800000 5.000000000 17.033781052 0.000000000 0.000000000 0.000000000 3.784581184 20.000000000 21.200000000 55.000000000 33.000000000
1750225857.200000048 31.276892478500002 120.906963827 2.250100000 5.000000000 17.034603119 0.000000000 0.000000000 0.000000000 3.784581184 29.000000000 24.000000000 54.000000000 31.000000000
1750225857.400000095 31.276892357666668 120.906963049 2.244600000 5.000000000 17.034603119 0.000000000 0.000000000 0.000000000 3.784581184 29.000000000 24.000000000 54.000000000 31.000000000
1750225857.599999905 31.276892479333327 120.906962227 2.193800000 5.000000000 17.034603119 0.000000000 0.000000000 0.000000000 3.784581184 29.000000000 24.000000000 54.000000000 31.000000000
1750225857.799999952 31.27689256233333 120.906961382 2.180500000 5.000000000 17.034603119 0.000000000 0.000000000 0.000000000 3.784581184 29.000000000 24.000000000 54.000000000 31.000000000
1750225858.000000000 31.276891851166667 120.906960586 2.249200000 5.000000000 17.034603119 0.000000000 0.000000000 0.000000000 3.784581184 29.000000000 24.000000000 54.000000000 31.000000000
1750225858.200000048 31.276891700333337 120.906959755 2.257900000 5.000000000 17.034603119 0.000000000 0.000000000 0.000000000 3.784581184 33.000000000 24.800000000 53.000000000 29.000000000
1750225858.400000095 31.276891705166662 120.906958848 2.242300000 5.000000000 17.034603119 0.000000000 0.000000000 0.000000000 3.784581184 33.000000000 24.800000000 53.000000000 29.000000000
1750225858.599999905 31.276891648499998 120.906958092 2.221600000 5.000000000 17.034603119 0.000000000 0.000000000 0.000000000 3.784581184 33.000000000 24.800000000 53.000000000 29.000000000
1750225858.799999952 31.27689142366667 120.906957344 2.249500000 5.000000000 17.034603119 0.000000000 0.000000000 0.000000000 3.784581184 33.000000000 24.800000000 53.000000000 29.000000000
1750225859.000000000 31.2768914225 120.906956543 2.239600000 5.000000000 17.034603119 0.000000000 0.000000000 0.000000000 3.784581184 33.000000000 24.800000000 53.000000000 29.000000000
1750225859.200000048 31.27689108466666 120.906955779 2.282800000 5.000000000 17.034603119 0.000000000 0.000000000 0.000000000 3.784581184 35.000000000 27.200000000 55.000000000 33.000000000
1750225859.400000095 31.276890509833336 120.906955054 2.344300000 5.000000000 17.034603119 0.000000000 0.000000000 0.000000000 3.784581184 35.000000000 27.200000000 55.000000000 33.000000000
1750225859.599999905 31.276890213833326 120.906954216 2.346000000 5.000000000 17.034603119 0.000000000 0.000000000 0.000000000 3.784581184 35.000000000 27.200000000 55.000000000 33.000000000
1750225859.799999952 31.27689035099999 120.906953428 2.306400000 5.000000000 17.035430908 0.000000000 0.000000000 0.000000000 3.784581184 35.000000000 27.200000000 55.000000000 33.000000000
1750225860.000000000 31.276890336833333 120.906952517 2.296300000 5.000000000 17.034603119 0.000000000 0.000000000 0.000000000 3.784581184 35.000000000 27.200000000 55.000000000 33.000000000
1750225860.200000048 31.276890379500003 120.906951691 2.320200000 5.000000000 17.035430908 0.000000000 0.000000000 0.000000000 3.784581184 37.000000000 30.400000000 58.000000000 39.000000000
1750225860.400000095 31.276890451666674 120.906950754 2.316800000 5.000000000 17.035430908 0.000000000 0.000000000 0.000000000 3.784581184 37.000000000 30.400000000 58.000000000 39.000000000
1750225860.599999905 31.276890720833336 120.906950047 2.219400000 5.000000000 17.035430908 0.000000000 0.000000000 0.000000000 3.784581184 37.000000000 30.400000000 58.000000000 39.000000000
1750225860.799999952 31.276890611166664 120.906949172 2.225100000 5.000000000 17.035430908 0.000000000 0.000000000 0.000000000 3.784581184 37.000000000 30.400000000 58.000000000 39.000000000
1750225861.000000000 31.2768905235 120.906948143 2.229700000 5.000000000 17.035430908 0.000000000 0.000000000 0.000000000 3.784581184 37.000000000 30.400000000 58.000000000 39.000000000
1750225861.200000048 31.27689040749999 120.906947404 2.228400000 5.000000000 17.035430908 0.000000000 0.000000000 0.000000000 3.784970284 31.000000000 26.400000000 56.000000000 35.000000000
1750225861.400000095 31.27689048233333 120.906946466 2.220300000 5.000000000 17.035430908 0.000000000 0.000000000 0.000000000 3.784970284 31.000000000 26.400000000 56.000000000 35.000000000
1750225861.599999905 31.27689029066667 120.906945584 2.221300000 5.000000000 17.035430908 0.000000000 0.000000000 0.000000000 3.784970284 31.000000000 26.400000000 56.000000000 35.000000000
1750225861.799999952 31.276890302833337 120.906944914 2.171400000 5.000000000 17.035430908 0.000000000 0.000000000 0.000000000 3.784970284 31.000000000 26.400000000 56.000000000 35.000000000
1750225862.000000000 31.276890065833328 120.906944181 2.189300000 5.000000000 17.035430908 0.000000000 0.000000000 0.000000000 3.784970284 31.000000000 26.400000000 56.000000000 35.000000000
1750225862.200000048 31.276890201 120.906943392 2.154500000 5.000000000 17.035430908 0.000000000 0.000000000 0.000000000 3.784970284 35.000000000 24.800000000 52.000000000 27.000000000
1750225862.400000095 31.2768901325 120.906942611 2.157200000 5.000000000 17.035430908 0.000000000 0.000000000 0.000000000 3.784970284 35.000000000 24.800000000 52.000000000 27.000000000
1750225862.599999905 31.276889975666677 120.906941771 2.143600000 5.000000000 17.035430908 0.000000000 0.000000000 0.000000000 3.784970284 35.000000000 24.800000000 52.000000000 27.000000000
1750225862.799999952 31.276889874000005 120.906940942 2.192000000 5.000000000 17.035430908 0.000000000 0.000000000 0.000000000 3.784970284 35.000000000 24.800000000 52.000000000 27.000000000
1750225863.000000000 31.276889994166666 120.906939758 2.239900000 5.000000000 17.035430908 0.000000000 0.000000000 0.000000000 3.784970284 35.000000000 24.800000000 52.000000000 27.000000000
1750225863.200000048 31.276889805666656 120.906939145 2.267900000 5.000000000 17.036256790 0.000000000 0.000000000 0.000000000 3.784970284 25.000000000 20.800000000 52.000000000 27.000000000
1750225863.400000095 31.276889274333328 120.906938971 2.319800000 5.000000000 17.036256790 0.000000000 0.000000000 0.000000000 3.784970284 25.000000000 20.800000000 52.000000000 27.000000000
1750225863.599999905 31.27688939666666 120.906939036 2.293100000 5.000000000 17.036256790 0.000000000 0.000000000 0.000000000 3.784970284 25.000000000 20.800000000 52.000000000 27.000000000
1750225863.799999952 31.276889456000006 120.906939032 2.277900000 5.000000000 17.036256790 0.000000000 0.000000000 0.000000000 3.784970284 25.000000000 20.800000000 52.000000000 27.000000000
1750225864.000000000 31.276889355999998 120.906939037 2.289500000 5.000000000 17.036256790 0.000000000 0.000000000 0.000000000 3.784970284 25.000000000 20.800000000 52.000000000 27.000000000
1750225864.200000048 31.276889471333334 120.906939040 2.283100000 5.000000000 17.036256790 0.000000000 0.000000000 0.000000000 3.784970284 22.000000000 21.200000000 54.000000000 31.000000000
1750225864.400000095 31.276889383833336 120.906939055 2.285100000 5.000000000 17.036256790 0.000000000 0.000000000 0.000000000 3.784970284 22.000000000 21.200000000 54.000000000 31.000000000
1750225864.599999905 31.276889426833336 120.906939004 2.288100000 5.000000000 17.036256790 0.000000000 0.000000000 0.000000000 3.784970284 22.000000000 21.200000000 54.000000000 31.000000000
1750225864.799999952 31.27688936300001 120.906938979 2.292600000 5.000000000 17.036256790 0.000000000 0.000000000 0.000000000 3.784970284 22.000000000 21.200000000 54.000000000 31.000000000
1750225865.000000000 31.276889331999996 120.906938995 2.295200000 5.000000000 17.036256790 0.000000000 0.000000000 0.000000000 3.784970284 22.000000000 21.200000000 54.000000000 31.000000000
1750225865.200000048 31.2768893155 120.906938992 2.306600000 5.000000000 17.036256790 0.000000000 0.000000000 0.000000000 3.784970284 25.000000000 20.800000000 52.000000000 27.000000000
1750225865.400000095 31.276889303666664 120.906938987 2.300800000 5.000000000 17.036256790 0.000000000 0.000000000 0.000000000 3.784970284 25.000000000 20.800000000 52.000000000 27.000000000
1750225865.599999905 31.276889281833334 120.906938988 2.302900000 5.000000000 17.036256790 0.000000000 0.000000000 0.000000000 3.784970284 25.000000000 20.800000000 52.000000000 27.000000000
1750225865.799999952 31.276889323333336 120.906939008 2.295800000 5.000000000 17.036256790 0.000000000 0.000000000 0.000000000 3.784970284 25.000000000 20.800000000 52.000000000 27.000000000
1750225866.000000000 31.276889329833324 120.906938971 2.302000000 5.000000000 17.036256790 0.000000000 0.000000000 0.000000000 3.784970284 25.000000000 20.800000000 52.000000000 27.000000000
1750225866.200000048 31.276889275499997 120.906938730 2.303200000 5.000000000 17.036256790 0.000000000 0.000000000 0.000000000 3.785359383 31.000000000 24.800000000 54.000000000 31.000000000
1750225866.400000095 31.276889235833323 120.906938103 2.330200000 5.000000000 17.037082672 0.000000000 0.000000000 0.000000000 3.785359383 31.000000000 24.800000000 54.000000000 31.000000000
1750225866.599999905 31.276889296833332 120.906937047 2.292400000 5.000000000 17.037082672 0.000000000 0.000000000 0.000000000 3.785359383 31.000000000 24.800000000 54.000000000 31.000000000
1750225866.799999952 31.276889507666667 120.906936241 2.270600000 5.000000000 17.037082672 0.000000000 0.000000000 0.000000000 3.785359383 31.000000000 24.800000000 54.000000000 31.000000000
1750225867.000000000 31.276889620333336 120.906935361 2.282100000 5.000000000 17.037082672 0.000000000 0.000000000 0.000000000 3.785359383 31.000000000 24.800000000 54.000000000 31.000000000
1750225867.200000048 31.276889478166666 120.906934999 2.318100000 5.000000000 17.037082672 0.000000000 0.000000000 0.000000000 3.785359383 16.000000000 14.400000000 49.000000000 20.000000000
1750225867.400000095 31.276889576333332 120.906934839 2.333900000 5.000000000 17.037082672 0.000000000 0.000000000 0.000000000 3.785359383 16.000000000 14.400000000 49.000000000 20.000000000
1750225867.599999905 31.27688955683334 120.906934775 2.348300000 5.000000000 17.037082672 0.000000000 0.000000000 0.000000000 3.785359383 16.000000000 14.400000000 49.000000000 20.000000000
1750225867.799999952 31.276889602166662 120.906934658 2.357900000 5.000000000 17.037082672 0.000000000 0.000000000 0.000000000 3.785359383 16.000000000 14.400000000 49.000000000 20.000000000
1750225868.000000000 31.276889625166675 120.906934640 2.360800000 5.000000000 17.037082672 0.000000000 0.000000000 0.000000000 3.785359383 16.000000000 14.400000000 49.000000000 20.000000000
1750225868.200000048 31.27688951516666 120.906934593 2.367100000 5.000000000 17.037082672 0.000000000 0.000000000 0.000000000 3.785359383 18.000000000 18.800000000 53.000000000 29.000000000
1750225868.400000095 31.276889447000002 120.906934088 2.345200000 5.000000000 17.037082672 0.000000000 0.000000000 0.000000000 3.785359383 18.000000000 18.800000000 53.000000000 29.000000000
1750225868.599999905 31.27688937966667 120.906933250 2.322900000 5.000000000 17.037082672 0.000000000 0.000000000 0.000000000 3.785359383 18.000000000 18.800000000 53.000000000 29.000000000
1750225868.799999952 31.27688944533334 120.906933305 2.306900000 5.000000000 17.037082672 0.000000000 0.000000000 0.000000000 3.785359383 18.000000000 18.800000000 53.000000000 29.000000000
1750225869.000000000 31.276889423499995 120.906933204 2.336000000 5.000000000 17.037082672 0.000000000 0.000000000 0.000000000 3.785359383 18.000000000 18.800000000 53.000000000 29.000000000
1750225869.200000048 31.276889409333336 120.906933188 2.332500000 5.000000000 17.037906647 0.000000000 0.000000000 0.000000000 3.785359383 16.000000000 17.200000000 52.000000000 27.000000000
1750225869.400000095 31.27688922499999 120.906932920 2.322300000 5.000000000 17.037906647 0.000000000 0.000000000 0.000000000 3.785359383 16.000000000 17.200000000 52.000000000 27.000000000
1750225869.599999905 31.276888837166666 120.906932279 2.333700000 5.000000000 17.037906647 0.000000000 0.000000000 0.000000000 3.785359383 16.000000000 17.200000000 52.000000000 27.000000000
1750225869.799999952 31.276888207666673 120.906931609 2.303700000 5.000000000 17.037906647 0.000000000 0.000000000 0.000000000 3.785359383 16.000000000 17.200000000 52.000000000 27.000000000
1750225870.000000000 31.276887528000003 120.906931264 2.295800000 5.000000000 17.037906647 0.000000000 0.000000000 0.000000000 3.785359383 16.000000000 17.200000000 52.000000000 27.000000000
1750225870.200000048 31.276886938999994 120.906930937 2.305200000 5.000000000 17.037906647 0.000000000 0.000000000 0.000000000 3.785359383 16.000000000 16.400000000 51.000000000 25.000000000
1750225870.400000095 31.276886357166674 120.906930440 2.311500000 5.000000000 17.037906647 0.000000000 0.000000000 0.000000000 3.785359383 16.000000000 16.400000000 51.000000000 25.000000000
1750225870.599999905 31.27688587516667 120.906929726 2.331000000 5.000000000 17.037906647 0.000000000 0.000000000 0.000000000 3.785359383 16.000000000 16.400000000 51.000000000 25.000000000
1750225870.799999952 31.276885752666658 120.906929758 2.331800000 5.000000000 17.037906647 0.000000000 0.000000000 0.000000000 3.785359383 16.000000000 16.400000000 51.000000000 25.000000000
1750225871.000000000 31.276885746333335 120.906929778 2.335800000 5.000000000 17.037906647 0.000000000 0.000000000 0.000000000 3.785359383 16.000000000 16.400000000 51.000000000 25.000000000
1750225871.200000048 31.276885611833336 120.906929650 2.338200000 5.000000000 17.037906647 0.000000000 0.000000000 0.000000000 3.785748720 29.000000000 26.400000000 57.000000000 37.000000000
1750225871.400000095 31.276885562000004 120.906929584 2.323100000 5.000000000 17.037906647 0.000000000 0.000000000 0.000000000 3.785748720 29.000000000 26.400000000 57.000000000 37.000000000
1750225871.599999905 31.276885501333325 120.906929501 2.325600000 5.000000000 17.037906647 0.000000000 0.000000000 0.000000000 3.785748720 29.000000000 26.400000000 57.000000000 37.000000000
1750225871.799999952 31.276885385666674 120.906929260 2.289400000 5.000000000 17.037906647 0.000000000 0.000000000 0.000000000 3.785748720 29.000000000 26.400000000 57.000000000 37.000000000
1750225872.000000000 31.276884947666673 120.906928807 2.263300000 5.000000000 17.037906647 0.000000000 0.000000000 0.000000000 3.785748720 29.000000000 26.400000000 57.000000000 37.000000000
1750225872.200000048 31.276884384833338 120.906928260 2.269800000 5.000000000 17.037906647 0.000000000 0.000000000 0.000000000 3.785748720 33.000000000 28.800000000 58.000000000 39.000000000
1750225872.400000095 31.276884075333328 120.906928015 2.264500000 5.000000000 17.037906647 0.000000000 0.000000000 0.000000000 3.785748720 33.000000000 28.800000000 58.000000000 39.000000000
1750225872.599999905 31.276884183166658 120.906928137 2.270000000 5.000000000 17.037906647 0.000000000 0.000000000 0.000000000 3.785748720 33.000000000 28.800000000 58.000000000 39.000000000
1750225872.799999952 31.276884157833337 120.906928123 2.268100000 5.000000000 17.037906647 0.000000000 0.000000000 0.000000000 3.785748720 33.000000000 28.800000000 58.000000000 39.000000000
1750225873.000000000 31.276884133833335 120.906928068 2.277200000 5.000000000 17.037906647 0.000000000 0.000000000 0.000000000 3.785748720 33.000000000 28.800000000 58.000000000 39.000000000
1750225873.200000048 31.276884125500004 120.906928064 2.277400000 5.000000000 17.037906647 0.000000000 0.000000000 0.000000000 3.785748720 43.000000000 33.600000000 59.000000000 41.000000000
1750225873.400000095 31.276884143666663 120.906928106 2.266500000 5.000000000 17.037906647 0.000000000 0.000000000 0.000000000 3.785748720 43.000000000 33.600000000 59.000000000 41.000000000
1750225873.599999905 31.276884102833336 120.906928037 2.271000000 5.000000000 17.037906647 0.000000000 0.000000000 0.000000000 3.785748720 43.000000000 33.600000000 59.000000000 41.000000000
1750225873.799999952 31.276883756333334 120.906927809 2.298300000 5.000000000 17.037906647 0.000000000 0.000000000 0.000000000 3.785748720 43.000000000 33.600000000 59.000000000 41.000000000
1750225874.000000000 31.27688353416667 120.906927768 2.289300000 5.000000000 17.037906647 0.000000000 0.000000000 0.000000000 3.785748720 43.000000000 33.600000000 59.000000000 41.000000000
1750225874.200000048 31.276883259166667 120.906927952 2.297200000 5.000000000 17.038732529 0.000000000 0.000000000 0.000000000 3.785748720 47.000000000 41.200000000 67.000000000 56.000000000
1750225874.400000095 31.276882924000006 120.906928071 2.297700000 5.000000000 17.038732529 0.000000000 0.000000000 0.000000000 3.785748720 47.000000000 41.200000000 67.000000000 56.000000000
1750225874.599999905 31.27688257183334 120.906928444 2.271400000 5.000000000 17.038732529 0.000000000 0.000000000 0.000000000 3.785748720 47.000000000 41.200000000 67.000000000 56.000000000
1750225874.799999952 31.276882530833333 120.906928702 2.270500000 5.000000000 17.038732529 0.000000000 0.000000000 0.000000000 3.785748720 47.000000000 41.200000000 67.000000000 56.000000000
1750225875.000000000 31.276882174833332 120.906928319 2.262600000 5.000000000 17.038732529 0.000000000 0.000000000 0.000000000 3.785748720 47.000000000 41.200000000 67.000000000 56.000000000
1750225875.200000048 31.27688186883333 120.906927909 2.208600000 5.000000000 17.038732529 0.000000000 0.000000000 0.000000000 3.785748720 41.000000000 31.200000000 57.000000000 37.000000000
1750225875.400000095 31.276881476 120.906927458 2.226200000 5.000000000 17.038732529 0.000000000 0.000000000 0.000000000 3.785748720 41.000000000 31.200000000 57.000000000 37.000000000
1750225875.599999905 31.276880914166668 120.906926152 2.363300000 5.000000000 17.038732529 0.000000000 0.000000000 0.000000000 3.785748720 41.000000000 31.200000000 57.000000000 37.000000000
1750225875.799999952 31.276880668333334 120.906926637 2.272500000 5.000000000 17.038732529 0.000000000 0.000000000 0.000000000 3.785748720 41.000000000 31.200000000 57.000000000 37.000000000
1750225876.000000000 31.276880391666666 120.906926633 2.275600000 5.000000000 17.038732529 0.000000000 0.000000000 0.000000000 3.785748720 41.000000000 31.200000000 57.000000000 37.000000000
1750225876.200000048 31.27688014783334 120.906926415 2.270900000 5.000000000 17.038732529 0.000000000 0.000000000 0.000000000 3.785748720 56.000000000 36.400000000 56.000000000 35.000000000
1750225876.400000095 31.2768800085 120.906926033 2.263500000 5.000000000 17.038732529 0.000000000 0.000000000 0.000000000 3.785748720 56.000000000 36.400000000 56.000000000 35.000000000
1750225876.599999905 31.276880068833336 120.906925433 2.319200000 5.000000000 17.038732529 0.000000000 0.000000000 0.000000000 3.785748720 56.000000000 36.400000000 56.000000000 35.000000000
1750225876.799999952 31.2768802935 120.906925094 2.339000000 5.000000000 17.038732529 0.000000000 0.000000000 0.000000000 3.785748720 56.000000000 36.400000000 56.000000000 35.000000000
1750225877.000000000 31.276880745166665 120.906924881 2.310400000 5.000000000 17.038732529 0.000000000 0.000000000 0.000000000 3.785748720 56.000000000 36.400000000 56.000000000 35.000000000
1750225877.200000048 31.276881120166664 120.906924533 2.285400000 5.000000000 17.039560318 0.000000000 0.000000000 0.000000000 3.785748720 56.000000000 36.400000000 56.000000000 35.000000000
1750225877.400000095 31.2768812705 120.906923994 2.255400000 5.000000000 17.039560318 0.000000000 0.000000000 0.000000000 3.785748720 56.000000000 36.400000000 56.000000000 35.000000000
1750225877.599999905 31.276881468833338 120.906923188 2.271900000 5.000000000 17.039560318 0.000000000 0.000000000 0.000000000 3.785748720 56.000000000 36.400000000 56.000000000 35.000000000
1750225877.799999952 31.27688187166666 120.906922221 2.333500000 5.000000000 17.039560318 0.000000000 0.000000000 0.000000000 3.785748720 56.000000000 36.400000000 56.000000000 35.000000000
1750225878.000000000 31.276882277 120.906921606 2.341800000 5.000000000 17.039560318 0.000000000 0.000000000 0.000000000 3.785748720 56.000000000 36.400000000 56.000000000 35.000000000
1750225878.200000048 31.276882565333338 120.906920880 2.345400000 5.000000000 17.039560318 0.000000000 0.000000000 0.000000000 3.785748720 62.000000000 44.800000000 64.000000000 50.000000000
1750225878.400000095 31.276882783333335 120.906920057 2.361800000 5.000000000 17.039560318 0.000000000 0.000000000 0.000000000 3.785748720 62.000000000 44.800000000 64.000000000 50.000000000
1750225878.599999905 31.27688279666667 120.906920079 2.341000000 5.000000000 17.039560318 0.000000000 0.000000000 0.000000000 3.785748720 62.000000000 44.800000000 64.000000000 50.000000000
1750225878.799999952 31.276882797 120.906919948 2.361800000 5.000000000 17.039560318 0.000000000 0.000000000 0.000000000 3.785748720 62.000000000 44.800000000 64.000000000 50.000000000
1750225879.000000000 31.276882487166674 120.906919678 2.355800000 5.000000000 17.039560318 0.000000000 0.000000000 0.000000000 3.785748720 62.000000000 44.800000000 64.000000000 50.000000000
1750225879.200000048 31.276882268666668 120.906919411 2.341100000 5.000000000 17.039560318 0.000000000 0.000000000 0.000000000 3.786137342 60.000000000 44.000000000 64.000000000 50.000000000
1750225879.400000095 31.27688224883333 120.906919455 2.329000000 5.000000000 17.039560318 0.000000000 0.000000000 0.000000000 3.786137342 60.000000000 44.000000000 64.000000000 50.000000000
1750225879.599999905 31.276882137499996 120.906919097 2.344100000 5.000000000 17.039560318 0.000000000 0.000000000 0.000000000 3.786137342 60.000000000 44.000000000 64.000000000 50.000000000
1750225879.799999952 31.27688224116666 120.906919379 2.355100000 5.000000000 17.039560318 0.000000000 0.000000000 0.000000000 3.786137342 60.000000000 44.000000000 64.000000000 50.000000000
1750225880.000000000 31.276882107333336 120.906919401 2.346300000 5.000000000 17.039560318 0.000000000 0.000000000 0.000000000 3.786137342 60.000000000 44.000000000 64.000000000 50.000000000
1750225880.200000048 31.276882083000004 120.906919236 2.358700000 5.000000000 17.039560318 0.000000000 0.000000000 0.000000000 3.786137342 45.000000000 40.400000000 67.000000000 56.000000000
1750225880.400000095 31.27688208633333 120.906919047 2.344600000 5.000000000 17.039560318 0.000000000 0.000000000 0.000000000 3.786137342 45.000000000 40.400000000 67.000000000 56.000000000
1750225880.599999905 31.276882071833327 120.906918925 2.331100000 5.000000000 17.039560318 0.000000000 0.000000000 0.000000000 3.786137342 45.000000000 40.400000000 67.000000000 56.000000000
1750225880.799999952 31.276882057500003 120.906918760 2.340300000 5.000000000 17.039560318 0.000000000 0.000000000 0.000000000 3.786137342 45.000000000 40.400000000 67.000000000 56.000000000
1750225881.000000000 31.276882102499997 120.906918635 2.332100000 5.000000000 17.039560318 0.000000000 0.000000000 0.000000000 3.786137342 45.000000000 40.400000000 67.000000000 56.000000000
1750225881.200000048 31.276882123333337 120.906918432 2.332300000 5.000000000 17.039560318 0.000000000 0.000000000 0.000000000 3.786137342 62.000000000 48.000000000 68.000000000 58.000000000
1750225881.400000095 31.276882097166663 120.906918458 2.328100000 5.000000000 17.039560318 0.000000000 0.000000000 0.000000000 3.786137342 62.000000000 48.000000000 68.000000000 58.000000000
1750225881.599999905 31.276882134333334 120.906918490 2.321700000 5.000000000 17.039560318 0.000000000 0.000000000 0.000000000 3.786137342 62.000000000 48.000000000 68.000000000 58.000000000
1750225881.799999952 31.276882118833328 120.906918474 2.330800000 5.000000000 17.039560318 0.000000000 0.000000000 0.000000000 3.786137342 62.000000000 48.000000000 68.000000000 58.000000000
1750225882.000000000 31.27688207733334 120.906918444 2.342100000 5.000000000 17.039560318 0.000000000 0.000000000 0.000000000 3.786137342 62.000000000 48.000000000 68.000000000 58.000000000
1750225882.200000048 31.276882056000005 120.906918407 2.340700000 5.000000000 17.040382385 0.000000000 0.000000000 0.000000000 3.786137342 64.000000000 52.000000000 72.000000000 66.000000000
1750225882.400000095 31.276882115999996 120.906918385 2.340600000 5.000000000 17.040382385 0.000000000 0.000000000 0.000000000 3.786137342 64.000000000 52.000000000 72.000000000 66.000000000
1750225882.599999905 31.276882079833328 120.906918367 2.338000000 5.000000000 17.040382385 0.000000000 0.000000000 0.000000000 3.786137342 64.000000000 52.000000000 72.000000000 66.000000000
1750225882.799999952 31.276882088833332 120.906918347 2.341800000 5.000000000 17.040382385 0.000000000 0.000000000 0.000000000 3.786137342 64.000000000 52.000000000 72.000000000 66.000000000
1750225883.000000000 31.27688206966667 120.906918334 2.343700000 5.000000000 17.040382385 0.000000000 0.000000000 0.000000000 3.786137342 64.000000000 52.000000000 72.000000000 66.000000000
1750225883.200000048 31.276882298999993 120.906918011 2.343100000 5.000000000 17.040382385 0.000000000 0.000000000 0.000000000 3.786137342 68.000000000 54.400000000 73.000000000 68.000000000
1750225883.400000095 31.2768827285 120.906917302 2.372400000 5.000000000 17.040382385 0.000000000 0.000000000 0.000000000 3.786137342 68.000000000 54.400000000 73.000000000 68.000000000
1750225883.599999905 31.27688276283334 120.906917512 2.357200000 5.000000000 17.040382385 0.000000000 0.000000000 0.000000000 3.786137342 68.000000000 54.400000000 73.000000000 68.000000000
1750225883.799999952 31.276882701999995 120.906917522 2.350000000 5.000000000 17.040382385 0.000000000 0.000000000 0.000000000 3.786137342 68.000000000 54.400000000 73.000000000 68.000000000
1750225884.000000000 31.2768827445 120.906917541 2.339900000 5.000000000 17.040382385 0.000000000 0.000000000 0.000000000 3.786137342 68.000000000 54.400000000 73.000000000 68.000000000
1750225884.200000048 31.276882778499996 120.906917449 2.346500000 5.000000000 17.040382385 0.000000000 0.000000000 0.000000000 3.786137342 56.000000000 48.000000000 71.000000000 64.000000000
1750225884.400000095 31.276882727166665 120.906917394 2.368300000 5.000000000 17.040382385 0.000000000 0.000000000 0.000000000 3.786137342 56.000000000 48.000000000 71.000000000 64.000000000
1750225884.599999905 31.276882687500006 120.906917266 2.331400000 5.000000000 17.040382385 0.000000000 0.000000000 0.000000000 3.786137342 56.000000000 48.000000000 71.000000000 64.000000000
1750225884.799999952 31.276882731499995 120.906917513 2.298600000 5.000000000 17.040382385 0.000000000 0.000000000 0.000000000 3.786137342 56.000000000 48.000000000 71.000000000 64.000000000
1750225885.000000000 31.276882719 120.906917619 2.332000000 5.000000000 17.040382385 0.000000000 0.000000000 0.000000000 3.786137342 56.000000000 48.000000000 71.000000000 64.000000000
1750225885.200000048 31.276882724666663 120.906917662 2.315600000 5.000000000 17.040382385 0.000000000 0.000000000 0.000000000 3.786137342 60.000000000 47.200000000 68.000000000 58.000000000
1750225885.400000095 31.27688274483333 120.906917649 2.331300000 5.000000000 17.040382385 0.000000000 0.000000000 0.000000000 3.786137342 60.000000000 47.200000000 68.000000000 58.000000000
1750225885.599999905 31.27688271283334 120.906917658 2.333200000 5.000000000 17.040382385 0.000000000 0.000000000 0.000000000 3.786137342 60.000000000 47.200000000 68.000000000 58.000000000
1750225885.799999952 31.27688269166667 120.906917708 2.339600000 5.000000000 17.040382385 0.000000000 0.000000000 0.000000000 3.786137342 60.000000000 47.200000000 68.000000000 58.000000000
1750225886.000000000 31.276882686833332 120.906917697 2.343400000 5.000000000 17.040382385 0.000000000 0.000000000 0.000000000 3.786137342 60.000000000 47.200000000 68.000000000 58.000000000
1750225886.200000048 31.276882707833337 120.906917660 2.349300000 5.000000000 17.040382385 0.000000000 0.000000000 0.000000000 3.786137342 52.000000000 43.200000000 67.000000000 56.000000000
1750225886.400000095 31.276882694833333 120.906917648 2.346600000 5.000000000 17.040382385 0.000000000 0.000000000 0.000000000 3.786137342 52.000000000 43.200000000 67.000000000 56.000000000
1750225886.599999905 31.276882693999994 120.906917687 2.347200000 5.000000000 17.040382385 0.000000000 0.000000000 0.000000000 3.786137342 52.000000000 43.200000000 67.000000000 56.000000000
1750225886.799999952 31.276882696166666 120.906917658 2.351600000 5.000000000 17.040382385 0.000000000 0.000000000 0.000000000 3.786137342 52.000000000 43.200000000 67.000000000 56.000000000
1750225887.000000000 31.276882651333338 120.906917631 2.354700000 5.000000000 17.040382385 0.000000000 0.000000000 0.000000000 3.786137342 52.000000000 43.200000000 67.000000000 56.000000000
1750225887.200000048 31.27688273433334 120.906917661 2.365400000 5.000000000 17.041208267 0.000000000 0.000000000 0.000000000 3.786137342 52.000000000 43.200000000 67.000000000 56.000000000
1750225887.400000095 31.27688272583333 120.906917658 2.362900000 5.000000000 17.041208267 0.000000000 0.000000000 0.000000000 3.786137342 52.000000000 43.200000000 67.000000000 56.000000000
1750225887.599999905 31.27688267133334 120.906917671 2.363900000 5.000000000 17.041208267 0.000000000 0.000000000 0.000000000 3.786137342 52.000000000 43.200000000 67.000000000 56.000000000
1750225887.799999952 31.276882626333332 120.906917726 2.356100000 5.000000000 17.041208267 0.000000000 0.000000000 0.000000000 3.786137342 52.000000000 43.200000000 67.000000000 56.000000000
1750225888.000000000 31.27688271283334 120.906917677 2.355200000 5.000000000 17.041208267 0.000000000 0.000000000 0.000000000 3.786137342 52.000000000 43.200000000 67.000000000 56.000000000
1750225888.200000048 31.276882850666667 120.906917734 2.317200000 5.000000000 17.041208267 0.000000000 0.000000000 0.000000000 3.786137342 37.000000000 33.600000000 62.000000000 47.000000000
1750225888.400000095 31.276882723166665 120.906917677 2.378900000 5.000000000 17.041208267 0.000000000 0.000000000 0.000000000 3.786137342 37.000000000 33.600000000 62.000000000 47.000000000
1750225888.599999905 31.276882905999997 120.906917671 2.376500000 5.000000000 17.041208267 0.000000000 0.000000000 0.000000000 3.786137342 37.000000000 33.600000000 62.000000000 47.000000000
1750225888.799999952 31.27688284766667 120.906917672 2.395300000 5.000000000 17.041208267 0.000000000 0.000000000 0.000000000 3.786137342 37.000000000 33.600000000 62.000000000 47.000000000
1750225889.000000000 31.276882880000002 120.906917638 2.336000000 5.000000000 17.041208267 0.000000000 0.000000000 0.000000000 3.786137342 37.000000000 33.600000000 62.000000000 47.000000000
1750225889.200000048 31.276882760999996 120.906917396 2.373600000 5.000000000 17.041208267 0.000000000 0.000000000 0.000000000 3.786137342 34.000000000 28.000000000 56.000000000 36.000000000
1750225889.400000095 31.276882856 120.906917409 2.390400000 5.000000000 17.041208267 0.000000000 0.000000000 0.000000000 3.786137342 34.000000000 28.000000000 56.000000000 36.000000000
1750225889.599999905 31.276882884166668 120.906917685 2.353400000 5.000000000 17.041208267 0.000000000 0.000000000 0.000000000 3.786137342 34.000000000 28.000000000 56.000000000 36.000000000
1750225889.799999952 31.276882908000005 120.906917741 2.342000000 5.000000000 17.041208267 0.000000000 0.000000000 0.000000000 3.786137342 34.000000000 28.000000000 56.000000000 36.000000000
1750225890.000000000 31.276882950166666 120.906917790 2.344800000 5.000000000 17.041208267 0.000000000 0.000000000 0.000000000 3.786137342 34.000000000 28.000000000 56.000000000 36.000000000
1750225890.200000048 31.276882981 120.906917724 2.338200000 5.000000000 17.041208267 0.000000000 0.000000000 0.000000000 3.786526680 41.000000000 35.200000000 62.000000000 47.000000000
1750225890.400000095 31.276882877333335 120.906917623 2.335700000 5.000000000 17.041208267 0.000000000 0.000000000 0.000000000 3.786526680 41.000000000 35.200000000 62.000000000 47.000000000
1750225890.599999905 31.276882762666673 120.906917558 2.377100000 5.000000000 17.041208267 0.000000000 0.000000000 0.000000000 3.786526680 41.000000000 35.200000000 62.000000000 47.000000000
1750225890.799999952 31.27688286033333 120.906917778 2.383600000 5.000000000 17.041208267 0.000000000 0.000000000 0.000000000 3.786526680 41.000000000 35.200000000 62.000000000 47.000000000
1750225891.000000000 31.276882822666664 120.906917803 2.368400000 5.000000000 17.041208267 0.000000000 0.000000000 0.000000000 3.786526680 41.000000000 35.200000000 62.000000000 47.000000000
1750225891.200000048 31.276882755166667 120.906917806 2.376400000 5.000000000 17.041208267 0.000000000 0.000000000 0.000000000 3.786526680 41.000000000 38.800000000 67.000000000 56.000000000
1750225891.400000095 31.27688296849999 120.906917663 2.402100000 5.000000000 17.041208267 0.000000000 0.000000000 0.000000000 3.786526680 41.000000000 38.800000000 67.000000000 56.000000000
1750225891.599999905 31.276883610499993 120.906917214 2.426700000 5.000000000 17.041208267 0.000000000 0.000000000 0.000000000 3.786526680 41.000000000 38.800000000 67.000000000 56.000000000
1750225891.799999952 31.276884264499998 120.906916653 2.417500000 5.000000000 17.041208267 0.000000000 0.000000000 0.000000000 3.786526680 41.000000000 38.800000000 67.000000000 56.000000000
1750225892.000000000 31.27688421483333 120.906916067 2.397600000 5.000000000 17.041208267 0.000000000 0.000000000 0.000000000 3.786526680 41.000000000 38.800000000 67.000000000 56.000000000
1750225892.200000048 31.276884170666676 120.906915791 2.379700000 5.000000000 17.042036057 0.000000000 0.000000000 0.000000000 3.786526680 45.000000000 34.400000000 59.000000000 41.000000000
1750225892.400000095 31.276884138666674 120.906915499 2.367000000 5.000000000 17.042036057 0.000000000 0.000000000 0.000000000 3.786526680 45.000000000 34.400000000 59.000000000 41.000000000
1750225892.599999905 31.27688407400001 120.906915093 2.357900000 5.000000000 17.042036057 0.000000000 0.000000000 0.000000000 3.786526680 45.000000000 34.400000000 59.000000000 41.000000000
1750225892.799999952 31.27688429950001 120.906914546 2.392600000 5.000000000 17.042036057 0.000000000 0.000000000 0.000000000 3.786526680 45.000000000 34.400000000 59.000000000 41.000000000
1750225893.000000000 31.27688504433334 120.906914050 2.407900000 5.000000000 17.042036057 0.000000000 0.000000000 0.000000000 3.786526680 45.000000000 34.400000000 59.000000000 41.000000000
1750225893.200000048 31.27688560583333 120.906913927 2.421200000 5.000000000 17.042036057 0.000000000 0.000000000 0.000000000 3.786526680 39.000000000 30.400000000 57.000000000 37.000000000
1750225893.400000095 31.276886088833336 120.906914080 2.431400000 5.000000000 17.042036057 0.000000000 0.000000000 0.000000000 3.786526680 39.000000000 30.400000000 57.000000000 37.000000000
1750225893.599999905 31.276886775166673 120.906914363 2.396800000 5.000000000 17.042036057 0.000000000 0.000000000 0.000000000 3.786526680 39.000000000 30.400000000 57.000000000 37.000000000
1750225893.799999952 31.27688752266667 120.906914342 2.437600000 5.000000000 17.042036057 0.000000000 0.000000000 0.000000000 3.786526680 39.000000000 30.400000000 57.000000000 37.000000000
1750225894.000000000 31.2768881385 120.906914551 2.409100000 5.000000000 17.042036057 0.000000000 0.000000000 0.000000000 3.786526680 39.000000000 30.400000000 57.000000000 37.000000000
1750225894.200000048 31.276888780999997 120.906914816 2.369400000 5.000000000 17.042036057 0.000000000 0.000000000 0.000000000 3.786526680 41.000000000 30.400000000 56.000000000 35.000000000
1750225894.400000095 31.276889282499994 120.906914984 2.392300000 5.000000000 17.042036057 0.000000000 0.000000000 0.000000000 3.786526680 41.000000000 30.400000000 56.000000000 35.000000000
1750225894.599999905 31.276889792666665 120.906915130 2.404800000 5.000000000 17.042036057 0.000000000 0.000000000 0.000000000 3.786526680 41.000000000 30.400000000 56.000000000 35.000000000
1750225894.799999952 31.276890397499997 120.906915484 2.382000000 5.000000000 17.042036057 0.000000000 0.000000000 0.000000000 3.786526680 41.000000000 30.400000000 56.000000000 35.000000000
1750225895.000000000 31.276890906000006 120.906915650 2.391500000 5.000000000 17.042036057 0.000000000 0.000000000 0.000000000 3.786526680 41.000000000 30.400000000 56.000000000 35.000000000
1750225895.200000048 31.27689131183334 120.906915836 2.411700000 5.000000000 17.042036057 0.000000000 0.000000000 0.000000000 3.786526680 53.000000000 43.200000000 66.000000000 55.000000000
1750225895.400000095 31.276891525666656 120.906916200 2.400200000 5.000000000 17.042036057 0.000000000 0.000000000 0.000000000 3.786526680 53.000000000 43.200000000 66.000000000 55.000000000
1750225895.599999905 31.276891400500006 120.906916453 2.401300000 5.000000000 17.042036057 0.000000000 0.000000000 0.000000000 3.786526680 53.000000000 43.200000000 66.000000000 55.000000000
1750225895.799999952 31.276891223166672 120.906916964 2.391600000 5.000000000 17.042036057 0.000000000 0.000000000 0.000000000 3.786526680 53.000000000 43.200000000 66.000000000 55.000000000
1750225896.000000000 31.276891155833326 120.906917243 2.396800000 5.000000000 17.042036057 0.000000000 0.000000000 0.000000000 3.786526680 53.000000000 43.200000000 66.000000000 55.000000000
1750225896.200000048 31.2768911135 120.906917528 2.396300000 5.000000000 17.042861938 0.000000000 0.000000000 0.000000000 3.786526680 56.000000000 44.800000000 67.000000000 56.000000000
1750225896.400000095 31.276891147333345 120.906917866 2.390300000 5.000000000 17.042861938 0.000000000 0.000000000 0.000000000 3.786526680 56.000000000 44.800000000 67.000000000 56.000000000
1750225896.599999905 31.276891173500005 120.906918106 2.384700000 5.000000000 17.042861938 0.000000000 0.000000000 0.000000000 3.786526680 56.000000000 44.800000000 67.000000000 56.000000000
1750225896.799999952 31.27689119516667 120.906918085 2.375900000 5.000000000 17.042861938 0.000000000 0.000000000 0.000000000 3.786526680 56.000000000 44.800000000 67.000000000 56.000000000
1750225897.000000000 31.27689111833334 120.906917953 2.417700000 5.000000000 17.042861938 0.000000000 0.000000000 0.000000000 3.786526680 56.000000000 44.800000000 67.000000000 56.000000000
1750225897.200000048 31.27689116799999 120.906917744 2.439100000 5.000000000 17.042861938 0.000000000 0.000000000 0.000000000 3.786526680 42.000000000 36.000000000 62.000000000 48.000000000
1750225897.400000095 31.27689151366667 120.906917902 2.409700000 5.000000000 17.042861938 0.000000000 0.000000000 0.000000000 3.786526680 42.000000000 36.000000000 62.000000000 48.000000000
1750225897.599999905 31.276891401499995 120.906917698 2.422500000 5.000000000 17.042861938 0.000000000 0.000000000 0.000000000 3.786526680 42.000000000 36.000000000 62.000000000 48.000000000
1750225897.799999952 31.27689138316667 120.906917779 2.418700000 5.000000000 17.042861938 0.000000000 0.000000000 0.000000000 3.786526680 42.000000000 36.000000000 62.000000000 48.000000000
1750225898.000000000 31.27689141966667 120.906917852 2.416800000 5.000000000 17.042861938 0.000000000 0.000000000 0.000000000 3.786526680 42.000000000 36.000000000 62.000000000 48.000000000
1750225898.200000048 31.276891463 120.906917824 2.408800000 5.000000000 17.042861938 0.000000000 0.000000000 0.000000000 3.786526680 56.000000000 44.000000000 66.000000000 54.000000000
1750225898.400000095 31.276891470833334 120.906917859 2.407200000 5.000000000 17.042861938 0.000000000 0.000000000 0.000000000 3.786526680 56.000000000 44.000000000 66.000000000 54.000000000
1750225898.599999905 31.276891465666665 120.906917831 2.413600000 5.000000000 17.042861938 0.000000000 0.000000000 0.000000000 3.786526680 56.000000000 44.000000000 66.000000000 54.000000000
1750225898.799999952 31.27689144516667 120.906917779 2.425300000 5.000000000 17.042861938 0.000000000 0.000000000 0.000000000 3.786526680 56.000000000 44.000000000 66.000000000 54.000000000
1750225899.000000000 31.276891429166668 120.906917807 2.421400000 5.000000000 17.042861938 0.000000000 0.000000000 0.000000000 3.786526680 56.000000000 44.000000000 66.000000000 54.000000000
1750225899.200000048 31.276891392333326 120.906917794 2.424400000 5.000000000 17.042861938 0.000000000 0.000000000 0.000000000 3.786526680 47.000000000 38.800000000 64.000000000 50.000000000
1750225899.400000095 31.276891403666667 120.906917833 2.411900000 5.000000000 17.042861938 0.000000000 0.000000000 0.000000000 3.786526680 47.000000000 38.800000000 64.000000000 50.000000000
1750225899.599999905 31.276891398833328 120.906917823 2.420500000 5.000000000 17.042861938 0.000000000 0.000000000 0.000000000 3.786526680 47.000000000 38.800000000 64.000000000 50.000000000
1750225899.799999952 31.276891425000002 120.906917871 2.402600000 5.000000000 17.042861938 0.000000000 0.000000000 0.000000000 3.786526680 47.000000000 38.800000000 64.000000000 50.000000000
1750225900.000000000 31.2768914225 120.906917831 2.416700000 5.000000000 17.042861938 0.000000000 0.000000000 0.000000000 3.786526680 47.000000000 38.800000000 64.000000000 50.000000000
1750225900.200000048 31.27689141883333 120.906917855 2.413200000 5.000000000 17.043685913 0.000000000 0.000000000 0.000000000 3.786526680 47.000000000 37.600000000 62.000000000 47.000000000
1750225900.400000095 31.27689141083333 120.906917806 2.417200000 5.000000000 17.043685913 0.000000000 0.000000000 0.000000000 3.786526680 47.000000000 37.600000000 62.000000000 47.000000000
1750225900.599999905 31.276891408500006 120.906917862 2.411300000 5.000000000 17.043685913 0.000000000 0.000000000 0.000000000 3.786526680 47.000000000 37.600000000 62.000000000 47.000000000
1750225900.799999952 31.27689141333333 120.906917834 2.416100000 5.000000000 17.043685913 0.000000000 0.000000000 0.000000000 3.786526680 47.000000000 37.600000000 62.000000000 47.000000000
1750225901.000000000 31.276891425499997 120.906917874 2.409700000 5.000000000 17.043685913 0.000000000 0.000000000 0.000000000 3.786526680 47.000000000 37.600000000 62.000000000 47.000000000
1750225901.200000048 31.27689143666666 120.906917889 2.410900000 5.000000000 17.043685913 0.000000000 0.000000000 0.000000000 3.786526680 44.000000000 36.800000000 62.000000000 48.000000000
1750225901.400000095 31.276891420166663 120.906917856 2.413400000 5.000000000 17.043685913 0.000000000 0.000000000 0.000000000 3.786526680 44.000000000 36.800000000 62.000000000 48.000000000
1750225901.599999905 31.27689144116667 120.906917864 2.416500000 5.000000000 17.043685913 0.000000000 0.000000000 0.000000000 3.786526680 44.000000000 36.800000000 62.000000000 48.000000000
1750225901.799999952 31.276891413166666 120.906917863 2.410100000 5.000000000 17.043685913 0.000000000 0.000000000 0.000000000 3.786526680 44.000000000 36.800000000 62.000000000 48.000000000
1750225902.000000000 31.276891435500005 120.906917874 2.410800000 5.000000000 17.043685913 0.000000000 0.000000000 0.000000000 3.786526680 44.000000000 36.800000000 62.000000000 48.000000000
1750225902.200000048 31.276891403666667 120.906917860 2.415700000 5.000000000 17.043685913 0.000000000 0.000000000 0.000000000 3.786916018 43.000000000 37.200000000 64.000000000 50.000000000
1750225902.400000095 31.276891434000007 120.906917856 2.412100000 5.000000000 17.043685913 0.000000000 0.000000000 0.000000000 3.786916018 43.000000000 37.200000000 64.000000000 50.000000000
1750225902.599999905 31.276891442500002 120.906917866 2.414500000 5.000000000 17.043685913 0.000000000 0.000000000 0.000000000 3.786916018 43.000000000 37.200000000 64.000000000 50.000000000
1750225902.799999952 31.276891424499993 120.906917857 2.413700000 5.000000000 17.043685913 0.000000000 0.000000000 0.000000000 3.786916018 43.000000000 37.200000000 64.000000000 50.000000000
1750225903.000000000 31.2768914185 120.906917854 2.414300000 5.000000000 17.043685913 0.000000000 0.000000000 0.000000000 3.786916018 43.000000000 37.200000000 64.000000000 50.000000000
1750225903.200000048 31.276891395999996 120.906917829 2.417100000 5.000000000 17.043685913 0.000000000 0.000000000 0.000000000 3.786916018 43.000000000 37.200000000 64.000000000 50.000000000
1750225903.400000095 31.276891407999997 120.906917856 2.413400000 5.000000000 17.043685913 0.000000000 0.000000000 0.000000000 3.786916018 43.000000000 37.200000000 64.000000000 50.000000000
1750225903.599999905 31.27689140616667 120.906917839 2.416100000 5.000000000 17.043685913 0.000000000 0.000000000 0.000000000 3.786916018 43.000000000 37.200000000 64.000000000 50.000000000
1750225903.799999952 31.276891404166662 120.906917834 2.419400000 5.000000000 17.043685913 0.000000000 0.000000000 0.000000000 3.786916018 43.000000000 37.200000000 64.000000000 50.000000000
1750225904.000000000 31.27689140166666 120.906917848 2.420000000 5.000000000 17.043685913 0.000000000 0.000000000 0.000000000 3.786916018 43.000000000 37.200000000 64.000000000 50.000000000
1750225904.200000048 31.276891402000004 120.906917812 2.412000000 5.000000000 17.043685913 0.000000000 0.000000000 0.000000000 3.786916018 45.000000000 38.000000000 64.000000000 50.000000000
